SurveyResponseKey,TicketKey,SurveyResponseDate,AgentCourtesyRating,ResolutionQualityRating,WaitTimeRating,FirstContactResolution,NPS_Score,CustomerComment,ResponseTimeHours
1,2,2025-04-07,5,4,4,1,9,"Polite and knowledgeable support, thank you.",30.23
2,3,2025-10-12,4,4,4,1,3,Quick response and clear explanation.,13.53
3,4,2026-01-26,5,5,5,1,6,"Great service, very professional and helpful.",11.41
4,8,2025-09-08,5,4,4,0,3,"Polite and knowledgeable support, thank you.",4.44
5,9,2025-02-04,4,3,1,1,3,Issue was resolved but it took a while.,39.5
6,10,2026-02-12,2,3,3,1,4,Got what I needed eventually.,32.51
7,11,2026-01-07,5,4,3,1,8,"Great service, very professional and helpful.",21.44
8,13,2025-04-30,3,3,4,1,6,"Support was okay, nothing exceptional.",11.84
9,14,2025-09-29,5,4,5,1,8,Quick response and clear explanation.,22.87
10,19,2025-05-05,5,4,3,0,5,"Great service, very professional and helpful.",27.86
11,20,2025-03-04,4,5,4,1,9,"Polite and knowledgeable support, thank you.",34.07
12,21,2025-05-17,4,4,4,1,6,Agent was friendly and solved my issue quickly.,6.05
13,22,2026-03-20,3,2,3,0,6,The agent was fine but I had to wait.,20.48
14,29,2026-02-19,3,3,3,1,3,The agent was fine but I had to wait.,4.52
15,31,2026-08-01,5,5,5,1,6,Quick response and clear explanation.,16.75
16,34,2025-06-10,5,5,5,1,10,"Great service, very professional and helpful.",21.24
17,35,2025-04-08,5,3,4,1,7,"Great service, very professional and helpful.",26.29
18,36,2026-03-31,4,5,5,1,4,Quick response and clear explanation.,5.11
19,38,2025-09-15,3,2,2,0,2,Issue was resolved but it took a while.,11.29
20,39,2025-07-03,5,5,4,1,10,"Great service, very professional and helpful.",35.22
21,41,2025-01-26,5,5,4,1,8,Quick response and clear explanation.,4.23
22,43,2026-03-23,3,3,4,1,6,Got what I needed eventually.,39.0
23,44,2026-03-23,1,2,1,1,0,Waited far too long and the problem is still not fixed.,10.83
24,45,2025-03-16,5,4,5,1,6,Agent was friendly and solved my issue quickly.,37.68
25,46,2025-12-05,5,4,5,1,10,"Great service, very professional and helpful.",64.59
26,47,2025-11-07,5,4,5,1,10,"Polite and knowledgeable support, thank you.",30.58
27,48,2026-03-31,3,2,1,0,6,"Support was okay, nothing exceptional.",3.17
28,50,2025-03-19,4,4,4,1,7,Agent was friendly and solved my issue quickly.,30.09
29,51,2025-01-07,3,4,5,1,10,"Great service, very professional and helpful.",33.75
30,53,2026-06-04,4,4,2,1,5,The agent was fine but I had to wait.,26.09
31,54,2025-10-13,5,5,4,1,7,"Polite and knowledgeable support, thank you.",41.89
32,55,2025-03-26,5,5,4,1,10,Agent was friendly and solved my issue quickly.,23.67
33,56,2026-03-04,3,3,3,1,5,The agent was fine but I had to wait.,20.03
34,58,2025-10-09,5,2,2,1,9,"Resolved on the first call, very satisfied.",25.88
35,60,2025-09-26,5,5,5,1,6,"Resolved on the first call, very satisfied.",21.8
36,61,2026-04-27,5,4,3,1,9,Agent was friendly and solved my issue quickly.,4.74
37,62,2025-07-26,5,5,4,0,9,"Polite and knowledgeable support, thank you.",34.5
38,65,2025-11-07,5,5,5,1,6,"Resolved on the first call, very satisfied.",28.18
39,66,2025-03-15,4,3,2,0,8,"Support was okay, nothing exceptional.",48.95
40,67,2025-06-07,1,2,1,1,5,Agent was not helpful and seemed rushed.,10.67
41,71,2025-04-01,4,4,3,1,6,Average experience overall.,52.21
42,76,2025-05-11,3,3,2,0,5,Average experience overall.,14.34
43,81,2026-07-22,5,3,4,1,9,"Resolved on the first call, very satisfied.",23.03
44,84,2026-08-08,4,2,3,0,4,Got what I needed eventually.,27.97
45,86,2025-01-24,4,3,3,0,5,The agent was fine but I had to wait.,14.68
46,88,2026-03-01,5,4,3,1,4,Quick response and clear explanation.,32.78
47,90,2026-04-21,5,3,3,0,6,Issue was resolved but it took a while.,46.35
48,91,2026-07-19,4,4,4,1,5,"Great service, very professional and helpful.",32.92
49,93,2026-05-28,3,2,3,1,3,Got what I needed eventually.,4.58
50,94,2026-01-30,5,3,4,1,4,"Great service, very professional and helpful.",28.49
51,95,2025-10-01,5,3,5,1,5,Agent was friendly and solved my issue quickly.,11.36
52,99,2026-04-15,3,4,4,1,6,Agent was friendly and solved my issue quickly.,44.68
53,100,2026-02-15,4,2,3,1,2,Issue was resolved but it took a while.,40.73
54,104,2026-01-28,5,4,3,1,2,Agent was friendly and solved my issue quickly.,10.06
55,105,2025-01-13,5,4,5,0,8,Quick response and clear explanation.,43.49
56,106,2025-09-15,5,5,4,1,9,"Great service, very professional and helpful.",9.2
57,108,2026-05-26,3,2,3,0,6,The agent was fine but I had to wait.,25.83
58,110,2025-04-06,5,4,4,1,6,"Resolved on the first call, very satisfied.",42.41
59,112,2025-04-29,5,5,3,1,10,Quick response and clear explanation.,12.34
60,113,2025-04-04,3,5,4,1,9,"Polite and knowledgeable support, thank you.",11.74
61,114,2025-04-23,3,2,3,1,3,Average experience overall.,6.46
62,115,2026-04-24,5,5,3,0,4,Quick response and clear explanation.,15.9
63,116,2025-08-30,4,3,3,1,6,Got what I needed eventually.,15.25
64,118,2026-04-03,3,2,1,0,0,"Very frustrating experience, poor communication.",40.41
65,121,2026-07-23,2,4,4,1,10,"Great service, very professional and helpful.",6.79
66,123,2025-01-18,3,4,4,1,5,"Great service, very professional and helpful.",3.96
67,125,2025-02-03,2,3,1,0,0,Had to contact you multiple times for the same issue.,26.12
68,126,2025-06-02,4,5,4,1,8,"Great service, very professional and helpful.",19.55
69,127,2026-03-18,5,4,5,1,10,Quick response and clear explanation.,16.87
70,129,2026-05-04,4,3,4,1,4,"Polite and knowledgeable support, thank you.",53.69
71,130,2026-07-31,4,3,3,1,2,Got what I needed eventually.,19.5
72,131,2025-11-16,1,3,1,1,3,Had to contact you multiple times for the same issue.,2.81
73,135,2026-04-13,5,5,4,1,9,"Great service, very professional and helpful.",58.8
74,136,2025-02-21,5,5,5,1,5,Quick response and clear explanation.,3.19
75,137,2025-12-21,4,3,3,0,2,Average experience overall.,14.79
76,139,2026-03-19,2,4,3,1,4,Got what I needed eventually.,50.81
77,141,2026-03-05,4,5,5,1,6,Agent was friendly and solved my issue quickly.,22.45
78,142,2025-04-21,5,4,5,0,8,"Polite and knowledgeable support, thank you.",13.33
79,143,2025-06-23,3,3,2,0,3,"Resolved on the first call, very satisfied.",19.37
80,144,2025-05-31,4,2,3,0,1,"Support was okay, nothing exceptional.",15.09
81,146,2025-03-11,5,5,5,1,8,"Resolved on the first call, very satisfied.",1.45
82,148,2026-07-24,5,4,3,1,6,"Great service, very professional and helpful.",19.91
83,152,2025-06-05,4,5,3,1,7,"Polite and knowledgeable support, thank you.",27.08
84,153,2025-03-30,4,3,3,1,10,Agent was friendly and solved my issue quickly.,41.13
85,156,2025-05-18,4,4,3,1,5,The agent was fine but I had to wait.,43.94
86,157,2025-02-16,4,5,4,1,6,"Great service, very professional and helpful.",18.91
87,160,2026-05-11,2,1,2,1,5,Issue was resolved but it took a while.,52.52
88,161,2026-06-12,2,3,2,0,6,Average experience overall.,15.05
89,162,2026-02-13,4,2,3,1,6,"Resolved on the first call, very satisfied.",42.8
90,165,2025-10-23,5,5,5,1,10,Agent was friendly and solved my issue quickly.,5.85
91,169,2025-04-20,4,4,4,1,4,Quick response and clear explanation.,34.09
92,171,2025-02-14,3,4,1,1,3,Issue was resolved but it took a while.,32.88
93,174,2025-03-23,4,3,5,1,5,"Resolved on the first call, very satisfied.",9.23
94,175,2026-03-16,4,4,2,1,10,"Polite and knowledgeable support, thank you.",24.51
95,176,2025-03-01,5,5,4,1,3,"Resolved on the first call, very satisfied.",30.79
96,177,2026-03-26,4,3,2,0,3,"Support was okay, nothing exceptional.",15.84
97,178,2026-04-08,5,4,4,1,9,"Great service, very professional and helpful.",48.83
98,179,2025-01-29,4,4,3,1,9,"Great service, very professional and helpful.",19.7
99,180,2025-10-24,5,4,3,1,4,"Polite and knowledgeable support, thank you.",52.3
100,181,2025-11-25,5,4,3,1,5,Quick response and clear explanation.,10.18
101,183,2025-05-14,5,5,4,1,10,"Great service, very professional and helpful.",9.01
102,186,2025-10-21,5,4,5,1,7,"Polite and knowledgeable support, thank you.",42.78
103,187,2025-06-23,5,4,5,1,8,Agent was friendly and solved my issue quickly.,0.29
104,189,2026-07-15,4,3,4,1,4,"Great service, very professional and helpful.",38.32
105,190,2025-06-12,5,4,4,1,7,Quick response and clear explanation.,11.47
106,192,2025-10-03,5,4,5,1,8,Agent was friendly and solved my issue quickly.,20.75
107,193,2025-11-18,4,3,4,0,7,Agent was friendly and solved my issue quickly.,26.08
108,194,2026-06-04,3,3,2,1,6,"Resolved on the first call, very satisfied.",9.88
109,196,2026-07-31,3,4,2,1,3,"Support was okay, nothing exceptional.",10.59
110,197,2026-02-10,5,4,4,1,5,"Polite and knowledgeable support, thank you.",30.96
111,199,2025-11-24,4,4,2,1,6,Got what I needed eventually.,12.11
112,200,2025-11-05,5,4,5,1,6,"Resolved on the first call, very satisfied.",13.97
113,201,2025-10-03,5,4,5,1,8,"Polite and knowledgeable support, thank you.",63.26
114,210,2026-07-01,4,4,3,1,6,"Great service, very professional and helpful.",54.46
115,212,2025-10-22,4,2,2,1,6,Got what I needed eventually.,23.38
116,213,2025-07-01,5,5,5,1,9,Quick response and clear explanation.,12.21
117,218,2025-09-29,5,3,4,1,3,"Great service, very professional and helpful.",58.87
118,220,2025-10-31,5,3,3,1,7,Agent was friendly and solved my issue quickly.,5.3
119,223,2025-06-06,3,4,3,1,4,Agent was friendly and solved my issue quickly.,43.03
120,224,2025-02-28,3,3,4,0,5,Agent was friendly and solved my issue quickly.,46.05
121,225,2026-02-14,3,4,3,1,5,Agent was friendly and solved my issue quickly.,82.34
122,226,2025-03-13,3,2,1,1,1,The problem was not resolved and no follow-up.,2.3
123,227,2026-04-06,3,3,2,1,4,Issue was resolved but it took a while.,13.36
124,230,2025-07-17,4,3,4,1,1,Got what I needed eventually.,62.73
125,231,2025-03-11,3,2,1,1,3,Agent was not helpful and seemed rushed.,35.7
126,233,2026-08-15,3,3,3,0,4,The agent was fine but I had to wait.,33.58
127,236,2026-07-07,5,3,2,1,4,Quick response and clear explanation.,29.09
128,238,2026-07-06,3,4,3,1,6,Agent was friendly and solved my issue quickly.,35.4
129,241,2025-10-19,2,4,3,1,4,Issue was resolved but it took a while.,37.41
130,242,2026-04-29,4,2,3,1,6,The agent was fine but I had to wait.,37.74
131,243,2026-07-24,5,2,3,0,6,"Polite and knowledgeable support, thank you.",43.32
132,244,2025-12-14,5,5,4,1,7,"Great service, very professional and helpful.",14.86
133,247,2026-06-04,3,4,2,0,4,The agent was fine but I had to wait.,4.82
134,248,2026-06-30,3,3,2,1,6,"Support was okay, nothing exceptional.",8.41
135,249,2025-04-11,5,3,4,1,4,"Resolved on the first call, very satisfied.",18.28
136,251,2025-02-02,5,5,5,1,6,Agent was friendly and solved my issue quickly.,17.31
137,255,2026-08-05,4,4,5,1,8,"Polite and knowledgeable support, thank you.",15.33
138,258,2025-11-01,5,5,4,1,7,"Polite and knowledgeable support, thank you.",18.4
139,260,2026-07-25,5,5,4,1,10,Quick response and clear explanation.,36.48
140,261,2025-10-28,4,5,5,1,9,"Great service, very professional and helpful.",11.78
141,263,2026-03-10,5,3,4,1,9,Agent was friendly and solved my issue quickly.,20.49
142,264,2025-05-21,3,2,3,1,5,Got what I needed eventually.,37.25
143,267,2025-07-06,5,5,5,1,10,"Polite and knowledgeable support, thank you.",20.58
144,268,2026-02-25,4,3,3,1,4,The agent was fine but I had to wait.,31.46
145,269,2026-05-07,4,4,3,1,7,"Great service, very professional and helpful.",20.31
146,271,2025-04-21,4,4,3,1,6,"Support was okay, nothing exceptional.",40.35
147,272,2026-02-08,5,3,5,1,8,"Resolved on the first call, very satisfied.",64.54
148,273,2025-03-31,4,2,2,1,4,Got what I needed eventually.,26.7
149,275,2025-01-27,5,5,4,1,6,"Polite and knowledgeable support, thank you.",39.4
150,276,2025-12-07,5,3,4,1,5,Quick response and clear explanation.,33.72
151,277,2025-07-24,3,3,3,0,2,Issue was resolved but it took a while.,18.04
152,278,2026-07-06,5,5,5,1,7,"Polite and knowledgeable support, thank you.",14.93
153,279,2026-02-08,3,4,3,1,3,"Resolved on the first call, very satisfied.",40.1
154,280,2025-03-30,5,5,5,1,8,Quick response and clear explanation.,30.3
155,281,2025-05-24,3,3,2,1,5,The agent was fine but I had to wait.,32.0
156,282,2026-05-18,4,3,4,1,8,Quick response and clear explanation.,12.28
157,283,2025-07-21,5,5,5,1,9,Agent was friendly and solved my issue quickly.,37.55
158,284,2025-03-28,5,5,5,1,6,"Great service, very professional and helpful.",32.38
159,285,2026-05-24,5,5,5,1,5,"Resolved on the first call, very satisfied.",13.19
160,286,2026-07-15,3,3,2,0,2,"Support was okay, nothing exceptional.",8.86
161,288,2026-03-17,4,4,2,1,10,Agent was friendly and solved my issue quickly.,5.41
162,289,2025-06-22,5,4,5,1,6,Quick response and clear explanation.,5.9
163,290,2026-02-26,4,3,4,0,6,"Great service, very professional and helpful.",7.53
164,291,2026-02-10,5,4,4,0,8,Quick response and clear explanation.,42.59
165,292,2025-10-15,4,5,4,1,7,"Great service, very professional and helpful.",39.37
166,293,2026-01-03,3,5,4,1,8,"Polite and knowledgeable support, thank you.",19.55
167,297,2026-01-18,4,5,4,1,2,"Polite and knowledgeable support, thank you.",14.06
168,299,2026-04-03,4,5,5,1,10,Quick response and clear explanation.,17.27
169,301,2025-05-30,3,4,3,1,2,Got what I needed eventually.,44.16
170,302,2026-04-01,2,3,3,1,4,"Support was okay, nothing exceptional.",17.36
171,306,2026-08-07,5,5,4,1,8,"Resolved on the first call, very satisfied.",20.81
172,309,2026-06-10,5,5,5,1,10,"Polite and knowledgeable support, thank you.",45.8
173,310,2026-03-26,4,4,4,0,7,"Resolved on the first call, very satisfied.",9.61
174,311,2025-07-01,4,4,4,1,6,"Polite and knowledgeable support, thank you.",19.73
175,313,2025-03-08,5,4,4,1,7,"Polite and knowledgeable support, thank you.",14.22
176,315,2025-09-10,5,5,4,1,10,Quick response and clear explanation.,17.74
177,318,2026-07-24,4,5,2,1,2,"Resolved on the first call, very satisfied.",55.81
178,319,2026-05-22,4,4,3,1,6,"Resolved on the first call, very satisfied.",14.63
179,323,2026-06-02,5,5,5,1,6,Agent was friendly and solved my issue quickly.,2.0
180,324,2025-09-27,3,4,4,1,7,"Resolved on the first call, very satisfied.",12.5
181,326,2025-11-13,4,3,3,1,7,Got what I needed eventually.,4.72
182,332,2025-02-23,4,3,2,1,0,Got what I needed eventually.,40.91
183,334,2026-07-21,2,4,2,1,6,"Great service, very professional and helpful.",45.75
184,335,2025-01-22,5,4,4,1,5,"Polite and knowledgeable support, thank you.",47.18
185,337,2025-08-27,4,5,4,1,4,Agent was friendly and solved my issue quickly.,0.66
186,339,2026-01-05,5,4,3,1,4,"Great service, very professional and helpful.",16.43
187,343,2026-02-12,4,4,4,1,9,"Great service, very professional and helpful.",28.64
188,345,2025-10-31,2,3,1,0,0,"Very frustrating experience, poor communication.",14.35
189,346,2025-11-24,5,5,5,1,8,"Resolved on the first call, very satisfied.",31.96
190,349,2026-03-08,4,4,5,1,7,"Great service, very professional and helpful.",24.15
191,355,2026-05-08,5,4,5,1,9,Agent was friendly and solved my issue quickly.,17.21
192,356,2026-04-29,4,3,3,1,3,"Support was okay, nothing exceptional.",3.29
193,358,2025-12-21,5,5,5,1,10,Quick response and clear explanation.,7.96
194,360,2026-06-16,4,4,4,1,6,"Polite and knowledgeable support, thank you.",4.15
195,365,2026-05-16,5,4,3,1,7,Quick response and clear explanation.,46.82
196,368,2025-11-27,4,5,5,1,9,"Great service, very professional and helpful.",27.41
197,369,2026-06-15,5,5,5,1,10,"Great service, very professional and helpful.",22.7
198,371,2025-10-10,5,4,4,1,4,"Great service, very professional and helpful.",19.81
199,372,2026-04-04,5,5,3,1,5,Agent was friendly and solved my issue quickly.,28.89
200,373,2026-02-03,5,5,4,1,9,Quick response and clear explanation.,47.0
201,374,2026-02-26,4,5,4,1,10,"Resolved on the first call, very satisfied.",33.47
202,376,2025-12-26,1,2,1,1,0,Agent was not helpful and seemed rushed.,27.89
203,379,2025-09-04,3,2,4,1,0,Got what I needed eventually.,8.37
204,380,2025-11-01,4,4,3,1,8,The agent was fine but I had to wait.,37.82
205,381,2025-08-19,5,3,3,0,0,The agent was fine but I had to wait.,28.16
206,382,2025-07-07,5,5,4,1,6,"Great service, very professional and helpful.",36.62
207,383,2025-04-02,5,5,3,1,8,Agent was friendly and solved my issue quickly.,2.3
208,385,2026-01-28,4,5,3,1,5,Quick response and clear explanation.,37.84
209,387,2025-11-20,5,5,4,1,9,Quick response and clear explanation.,35.71
210,388,2025-04-04,4,5,5,1,6,"Great service, very professional and helpful.",60.32
211,390,2025-12-20,4,5,5,1,8,Quick response and clear explanation.,4.63
212,393,2025-08-07,5,5,4,1,5,Quick response and clear explanation.,1.12
213,395,2026-01-26,5,3,4,1,5,"Polite and knowledgeable support, thank you.",6.01
214,396,2025-04-16,3,2,1,0,4,The problem was not resolved and no follow-up.,27.65
215,397,2025-04-22,3,2,3,1,6,"Support was okay, nothing exceptional.",29.77
216,398,2025-02-12,4,4,4,1,6,"Great service, very professional and helpful.",33.75
217,399,2026-05-23,5,3,5,1,6,"Resolved on the first call, very satisfied.",32.19
218,402,2025-06-25,5,3,5,1,4,"Resolved on the first call, very satisfied.",19.57
219,405,2026-03-26,5,5,4,0,8,"Great service, very professional and helpful.",19.87
220,406,2025-04-27,5,4,5,1,10,"Resolved on the first call, very satisfied.",12.73
221,407,2026-06-18,4,3,5,0,6,"Resolved on the first call, very satisfied.",29.27
222,409,2025-09-06,3,4,2,0,5,Got what I needed eventually.,57.16
223,414,2025-12-31,5,5,3,1,5,Agent was friendly and solved my issue quickly.,1.42
224,415,2026-02-28,5,5,5,1,10,"Great service, very professional and helpful.",59.61
225,416,2025-04-22,5,3,3,0,6,Agent was friendly and solved my issue quickly.,13.03
226,417,2026-06-04,5,5,5,1,10,"Polite and knowledgeable support, thank you.",33.68
227,419,2026-03-09,5,4,4,1,9,Agent was friendly and solved my issue quickly.,64.17
228,420,2026-03-03,5,5,5,0,7,Quick response and clear explanation.,77.09
229,421,2025-10-27,5,4,3,1,6,"Resolved on the first call, very satisfied.",10.09
230,422,2025-12-28,4,4,3,1,3,The agent was fine but I had to wait.,13.76
231,428,2025-07-23,5,5,4,1,7,"Great service, very professional and helpful.",24.42
232,429,2026-03-16,5,4,4,1,5,"Resolved on the first call, very satisfied.",18.05
233,431,2025-11-24,5,5,4,1,10,"Resolved on the first call, very satisfied.",46.44
234,432,2025-08-19,5,4,3,1,9,"Polite and knowledgeable support, thank you.",68.71
235,433,2025-01-10,3,2,2,1,5,"Support was okay, nothing exceptional.",2.1
236,436,2026-07-06,3,2,2,1,2,The agent was fine but I had to wait.,21.25
237,437,2026-07-07,3,1,2,1,4,Agent was not helpful and seemed rushed.,36.11
238,438,2025-12-08,3,1,3,1,5,Average experience overall.,27.53
239,439,2026-02-05,5,4,4,1,3,Quick response and clear explanation.,36.33
240,440,2025-02-18,3,3,4,1,10,"Polite and knowledgeable support, thank you.",38.35
241,443,2026-07-24,2,4,3,1,0,Average experience overall.,25.9
242,444,2025-12-20,5,5,3,1,10,"Great service, very professional and helpful.",16.06
243,446,2025-03-17,2,2,1,0,1,Waited far too long and the problem is still not fixed.,24.51
244,448,2025-06-09,4,4,3,1,6,"Great service, very professional and helpful.",44.09
245,449,2026-03-25,5,5,5,1,10,Agent was friendly and solved my issue quickly.,28.01
246,450,2026-07-19,3,5,4,1,4,"Great service, very professional and helpful.",8.47
247,451,2025-03-21,5,5,5,1,10,Quick response and clear explanation.,9.38
248,453,2025-08-19,4,3,3,1,6,Quick response and clear explanation.,33.73
249,454,2025-06-20,4,4,5,0,5,"Polite and knowledgeable support, thank you.",10.9
250,455,2026-05-13,5,4,5,1,5,"Polite and knowledgeable support, thank you.",20.0
251,459,2026-05-16,2,4,1,1,5,Issue was resolved but it took a while.,15.67
252,460,2025-07-13,3,5,3,1,6,Agent was friendly and solved my issue quickly.,36.37
253,467,2025-04-12,4,3,4,1,9,Quick response and clear explanation.,32.4
254,468,2025-05-18,3,2,2,0,2,Issue was resolved but it took a while.,63.41
255,469,2026-06-28,4,4,3,0,1,Average experience overall.,14.84
256,472,2026-02-25,3,4,3,1,5,Quick response and clear explanation.,35.09
257,474,2025-12-21,5,3,4,1,4,"Great service, very professional and helpful.",22.13
258,477,2025-03-25,5,5,4,1,6,"Great service, very professional and helpful.",9.46
259,479,2025-02-08,4,5,4,1,8,"Polite and knowledgeable support, thank you.",22.71
260,480,2026-02-22,5,5,4,1,7,Quick response and clear explanation.,20.94
261,484,2025-01-31,2,2,2,1,1,Waited far too long and the problem is still not fixed.,40.75
262,485,2025-12-29,5,5,5,1,6,Quick response and clear explanation.,6.25
263,488,2025-04-21,4,3,3,0,4,The agent was fine but I had to wait.,9.83
264,491,2026-02-11,5,5,3,1,9,"Great service, very professional and helpful.",30.06
265,492,2025-08-05,4,5,4,0,5,"Great service, very professional and helpful.",11.26
266,493,2025-12-19,5,5,4,0,8,"Polite and knowledgeable support, thank you.",20.56
267,494,2025-07-06,3,3,3,1,4,The agent was fine but I had to wait.,5.1
268,500,2025-06-25,3,3,1,1,1,Had to contact you multiple times for the same issue.,64.77
269,503,2025-03-26,5,5,4,1,10,"Polite and knowledgeable support, thank you.",24.65
270,505,2026-03-31,3,3,3,0,5,"Polite and knowledgeable support, thank you.",4.12
271,507,2026-08-02,5,5,3,1,8,"Resolved on the first call, very satisfied.",7.98
272,508,2026-01-14,5,3,3,0,5,"Polite and knowledgeable support, thank you.",46.89
273,509,2026-07-04,2,4,2,1,5,"Support was okay, nothing exceptional.",45.71
274,510,2025-01-09,5,4,4,1,4,"Resolved on the first call, very satisfied.",2.23
275,511,2025-09-29,4,3,1,1,3,The problem was not resolved and no follow-up.,40.56
276,513,2026-05-22,5,5,5,1,10,"Resolved on the first call, very satisfied.",37.66
277,516,2026-02-08,3,5,4,0,4,"Polite and knowledgeable support, thank you.",25.25
278,517,2025-09-15,5,4,4,1,7,"Resolved on the first call, very satisfied.",36.8
279,519,2025-11-04,5,5,5,1,10,"Resolved on the first call, very satisfied.",27.12
280,520,2025-06-22,5,4,5,1,9,"Polite and knowledgeable support, thank you.",9.48
281,525,2026-07-24,4,5,5,0,9,"Polite and knowledgeable support, thank you.",38.9
282,529,2026-05-15,3,3,4,1,5,The agent was fine but I had to wait.,19.27
283,530,2025-08-18,3,3,2,1,0,Issue was resolved but it took a while.,34.27
284,536,2026-03-18,3,3,4,1,4,"Polite and knowledgeable support, thank you.",0.29
285,538,2025-08-17,5,4,3,0,7,"Resolved on the first call, very satisfied.",16.18
286,539,2026-04-19,3,4,3,0,7,"Resolved on the first call, very satisfied.",32.88
287,540,2026-02-16,4,3,3,0,4,Agent was friendly and solved my issue quickly.,8.5
288,542,2026-03-22,5,3,4,1,2,Average experience overall.,12.84
289,543,2026-01-27,3,4,4,0,5,Agent was friendly and solved my issue quickly.,9.27
290,544,2026-02-09,5,5,5,1,7,"Polite and knowledgeable support, thank you.",27.64
291,545,2025-03-28,5,5,3,1,6,"Resolved on the first call, very satisfied.",23.31
292,546,2026-07-29,5,5,4,0,8,"Great service, very professional and helpful.",35.39
293,548,2025-12-25,4,4,4,1,4,Quick response and clear explanation.,14.31
294,550,2025-02-28,3,3,3,1,4,Issue was resolved but it took a while.,51.88
295,551,2026-04-29,5,4,4,1,9,"Resolved on the first call, very satisfied.",14.28
296,553,2025-07-26,4,4,4,1,9,"Resolved on the first call, very satisfied.",3.66
297,556,2026-06-29,5,4,5,1,9,Quick response and clear explanation.,35.51
298,558,2025-12-17,5,5,5,1,7,"Great service, very professional and helpful.",0.54
299,560,2025-05-24,3,3,2,1,6,"Support was okay, nothing exceptional.",22.67
300,562,2025-06-01,5,4,5,1,6,"Polite and knowledgeable support, thank you.",35.57
301,563,2025-07-13,3,3,3,1,3,Average experience overall.,13.63
302,564,2025-08-26,5,5,4,1,7,Quick response and clear explanation.,17.98
303,568,2026-01-29,3,3,3,0,2,"Support was okay, nothing exceptional.",51.36
304,569,2026-04-09,4,4,3,1,5,Issue was resolved but it took a while.,6.57
305,571,2025-11-01,4,2,2,1,6,"Support was okay, nothing exceptional.",29.22
306,576,2025-07-06,5,4,4,1,9,Quick response and clear explanation.,22.28
307,577,2025-07-29,5,3,5,0,7,"Resolved on the first call, very satisfied.",33.22
308,579,2026-07-26,4,5,4,1,9,"Polite and knowledgeable support, thank you.",3.09
309,580,2025-02-22,3,3,2,1,5,The agent was fine but I had to wait.,30.06
310,581,2026-01-05,4,3,2,1,4,Agent was friendly and solved my issue quickly.,26.03
311,582,2025-10-29,2,3,3,1,5,"Support was okay, nothing exceptional.",28.08
312,586,2026-03-04,4,3,3,1,6,Got what I needed eventually.,50.01
313,590,2025-01-22,3,3,5,1,6,"Polite and knowledgeable support, thank you.",30.0
314,592,2025-05-04,5,4,3,1,8,"Resolved on the first call, very satisfied.",59.42
315,593,2025-11-07,4,4,3,1,4,"Great service, very professional and helpful.",3.85
316,594,2025-01-28,4,5,5,1,10,Quick response and clear explanation.,35.61
317,595,2025-04-14,5,4,5,1,1,"Polite and knowledgeable support, thank you.",28.9
318,597,2025-11-19,5,4,3,1,5,"Great service, very professional and helpful.",41.09
319,598,2025-10-09,4,4,3,1,5,"Great service, very professional and helpful.",16.85
320,601,2026-03-15,5,4,5,1,9,"Polite and knowledgeable support, thank you.",31.36
321,603,2025-04-07,2,4,3,1,7,Got what I needed eventually.,1.08
322,605,2025-03-10,3,4,2,1,2,Average experience overall.,21.86
323,606,2026-02-21,5,4,4,1,3,The agent was fine but I had to wait.,0.42
324,608,2025-12-18,3,3,3,1,5,The agent was fine but I had to wait.,8.3
325,611,2025-01-02,5,3,5,1,8,Agent was friendly and solved my issue quickly.,23.86
326,615,2026-02-10,5,5,5,1,6,Quick response and clear explanation.,32.69
327,616,2026-07-25,4,4,5,0,8,Quick response and clear explanation.,33.22
328,617,2025-03-16,5,5,3,1,5,"Great service, very professional and helpful.",3.88
329,618,2026-03-04,4,3,2,1,5,Issue was resolved but it took a while.,22.71
330,619,2026-02-01,3,4,4,1,5,"Resolved on the first call, very satisfied.",42.08
331,620,2026-01-13,5,5,5,1,10,"Resolved on the first call, very satisfied.",56.35
332,621,2026-06-26,5,4,5,1,4,Agent was friendly and solved my issue quickly.,24.77
333,622,2026-07-08,5,5,5,1,9,Quick response and clear explanation.,22.04
334,623,2025-12-09,5,5,5,1,5,"Great service, very professional and helpful.",54.78
335,628,2025-06-09,5,4,4,1,9,Agent was friendly and solved my issue quickly.,21.59
336,629,2025-12-22,4,5,5,1,6,Agent was friendly and solved my issue quickly.,45.62
337,631,2026-01-31,5,5,5,1,7,Quick response and clear explanation.,36.28
338,633,2025-07-21,5,5,5,0,10,Quick response and clear explanation.,23.82
339,637,2025-07-11,5,4,4,0,8,Agent was friendly and solved my issue quickly.,55.94
340,640,2026-03-20,3,4,3,1,8,Agent was friendly and solved my issue quickly.,22.26
341,642,2025-12-06,3,3,3,1,7,Issue was resolved but it took a while.,40.05
342,645,2025-10-27,4,3,4,1,5,"Great service, very professional and helpful.",20.73
343,646,2026-01-04,4,5,4,1,3,Agent was friendly and solved my issue quickly.,18.3
344,651,2026-04-16,5,5,4,1,7,Agent was friendly and solved my issue quickly.,29.12
345,654,2025-10-09,5,4,3,1,7,Quick response and clear explanation.,39.28
346,657,2026-02-28,5,4,3,1,6,Quick response and clear explanation.,41.13
347,659,2026-07-08,3,4,4,0,8,Issue was resolved but it took a while.,2.89
348,661,2026-03-24,4,4,3,1,8,"Great service, very professional and helpful.",21.08
349,664,2025-08-16,3,5,4,1,6,Agent was friendly and solved my issue quickly.,30.42
350,665,2026-01-18,5,4,4,1,10,Agent was friendly and solved my issue quickly.,3.07
351,667,2025-06-28,2,2,1,1,1,Agent was not helpful and seemed rushed.,51.08
352,668,2026-04-21,5,5,3,1,7,Quick response and clear explanation.,44.22
353,669,2026-08-13,4,5,3,1,6,Quick response and clear explanation.,32.06
354,670,2025-04-14,5,5,4,1,4,"Polite and knowledgeable support, thank you.",43.4
355,671,2025-10-31,4,5,4,1,8,"Resolved on the first call, very satisfied.",18.94
356,672,2025-05-25,4,4,3,0,9,Issue was resolved but it took a while.,24.13
357,673,2025-12-10,5,5,5,1,5,"Polite and knowledgeable support, thank you.",46.56
358,674,2025-12-11,4,5,2,1,3,"Resolved on the first call, very satisfied.",6.34
359,676,2026-07-10,5,3,4,1,7,"Polite and knowledgeable support, thank you.",61.33
360,678,2026-05-30,4,4,4,1,6,"Polite and knowledgeable support, thank you.",22.1
361,679,2025-03-12,5,5,5,1,10,Agent was friendly and solved my issue quickly.,33.14
362,680,2025-10-12,3,3,2,1,2,Issue was resolved but it took a while.,21.43
363,681,2026-07-11,5,4,4,1,7,"Polite and knowledgeable support, thank you.",48.33
364,682,2025-12-11,5,4,5,1,7,"Support was okay, nothing exceptional.",10.56
365,683,2026-08-07,4,2,3,1,3,The agent was fine but I had to wait.,52.26
366,684,2025-12-29,5,5,5,1,5,Quick response and clear explanation.,0.58
367,685,2025-06-09,3,3,5,1,8,Agent was friendly and solved my issue quickly.,35.1
368,687,2026-05-30,4,4,3,1,7,"Resolved on the first call, very satisfied.",51.04
369,689,2025-04-29,4,4,3,0,8,"Polite and knowledgeable support, thank you.",39.95
370,690,2025-04-06,4,3,5,1,3,"Great service, very professional and helpful.",9.96
371,691,2025-03-31,5,5,5,0,10,"Polite and knowledgeable support, thank you.",34.07
372,694,2026-04-02,5,5,5,0,3,"Polite and knowledgeable support, thank you.",68.75
373,696,2026-02-25,3,4,3,1,5,"Polite and knowledgeable support, thank you.",0.48
374,697,2026-01-28,5,4,2,1,6,Agent was friendly and solved my issue quickly.,37.25
375,700,2026-01-09,2,3,3,1,4,Average experience overall.,35.54
376,702,2025-05-21,4,5,5,1,10,"Resolved on the first call, very satisfied.",41.33
377,704,2025-11-07,5,5,4,1,7,Agent was friendly and solved my issue quickly.,15.75
378,705,2025-10-19,5,3,4,1,9,Agent was friendly and solved my issue quickly.,35.61
379,706,2026-06-26,3,4,4,1,4,Average experience overall.,42.21
380,708,2025-11-11,4,5,4,1,7,Agent was friendly and solved my issue quickly.,41.45
381,709,2025-05-15,5,3,3,1,4,"Great service, very professional and helpful.",24.75
382,713,2025-03-12,4,2,5,1,9,Quick response and clear explanation.,23.82
383,716,2025-04-25,5,3,4,1,7,"Polite and knowledgeable support, thank you.",17.59
384,718,2025-07-14,5,4,3,1,7,Quick response and clear explanation.,30.91
385,721,2026-02-19,4,2,5,1,5,"Resolved on the first call, very satisfied.",19.24
386,727,2026-04-18,4,2,2,1,5,The agent was fine but I had to wait.,40.39
387,728,2025-11-18,4,4,4,1,5,"Resolved on the first call, very satisfied.",23.17
388,729,2025-06-12,2,4,3,1,3,Agent was friendly and solved my issue quickly.,25.71
389,732,2025-11-11,2,3,2,0,0,"Very frustrating experience, poor communication.",18.1
390,733,2026-04-27,3,4,2,0,6,The agent was fine but I had to wait.,0.99
391,735,2025-03-22,3,2,3,1,2,"Support was okay, nothing exceptional.",41.18
392,737,2026-06-04,5,1,3,1,3,The agent was fine but I had to wait.,57.4
393,738,2026-07-18,5,3,4,1,8,Quick response and clear explanation.,44.05
394,740,2026-01-10,3,4,4,0,3,Average experience overall.,10.58
395,741,2025-07-31,5,4,5,1,9,Quick response and clear explanation.,31.27
396,743,2025-10-08,4,3,1,1,6,The agent was fine but I had to wait.,10.53
397,746,2026-06-24,2,2,2,1,1,Average experience overall.,52.1
398,747,2025-09-01,4,4,5,1,7,Quick response and clear explanation.,29.29
399,754,2025-09-26,3,3,2,1,2,Got what I needed eventually.,21.61
400,756,2025-11-21,5,4,2,1,8,Agent was friendly and solved my issue quickly.,49.04
401,761,2026-05-24,4,3,3,0,3,"Polite and knowledgeable support, thank you.",23.14
402,765,2026-03-13,5,2,2,1,4,Quick response and clear explanation.,47.97
403,766,2025-02-17,3,5,4,1,9,"Resolved on the first call, very satisfied.",11.63
404,768,2025-05-02,3,4,4,1,6,"Resolved on the first call, very satisfied.",12.84
405,770,2026-03-28,5,5,5,1,7,"Polite and knowledgeable support, thank you.",7.71
406,775,2025-11-30,4,4,2,0,7,The agent was fine but I had to wait.,40.59
407,776,2025-01-08,5,4,3,1,10,Quick response and clear explanation.,40.72
408,781,2026-03-13,4,4,3,1,3,"Resolved on the first call, very satisfied.",70.16
409,784,2026-07-19,5,4,4,1,5,Agent was friendly and solved my issue quickly.,6.75
410,785,2025-03-26,4,3,4,1,6,Quick response and clear explanation.,24.5
411,786,2025-11-02,3,3,2,1,7,"Support was okay, nothing exceptional.",13.03
412,788,2025-05-01,1,2,1,1,0,Waited far too long and the problem is still not fixed.,23.93
413,791,2026-04-22,5,5,4,1,7,"Polite and knowledgeable support, thank you.",40.73
414,792,2026-04-09,3,4,5,0,3,"Support was okay, nothing exceptional.",31.64
415,793,2026-03-20,4,3,4,0,6,The agent was fine but I had to wait.,6.03
416,795,2025-03-05,5,4,4,1,6,Agent was friendly and solved my issue quickly.,19.4
417,796,2025-12-23,5,5,4,1,8,Agent was friendly and solved my issue quickly.,13.84
418,797,2025-12-15,4,4,5,1,6,Quick response and clear explanation.,16.84
419,799,2025-07-26,5,5,5,1,9,"Polite and knowledgeable support, thank you.",12.3
420,800,2025-01-20,5,5,5,1,9,Agent was friendly and solved my issue quickly.,17.67
421,801,2026-03-18,5,4,3,0,5,Agent was friendly and solved my issue quickly.,25.56
422,804,2026-06-06,5,3,5,1,10,Agent was friendly and solved my issue quickly.,34.45
423,806,2026-05-03,5,4,5,1,10,"Great service, very professional and helpful.",34.06
424,807,2026-06-28,5,5,3,1,8,"Resolved on the first call, very satisfied.",6.97
425,808,2025-06-01,3,5,4,0,8,"Great service, very professional and helpful.",32.28
426,809,2026-02-09,3,4,3,0,7,Quick response and clear explanation.,39.98
427,810,2026-07-23,5,5,4,1,6,"Great service, very professional and helpful.",48.33
428,811,2026-04-05,2,1,3,1,6,Issue was resolved but it took a while.,34.43
429,812,2025-03-29,2,1,1,0,1,The problem was not resolved and no follow-up.,16.36
430,813,2026-06-10,4,3,3,1,3,"Polite and knowledgeable support, thank you.",27.26
431,814,2025-11-10,5,3,4,0,6,"Polite and knowledgeable support, thank you.",4.0
432,816,2025-10-21,3,2,3,0,5,Average experience overall.,28.23
433,817,2026-06-14,4,5,4,0,4,"Polite and knowledgeable support, thank you.",15.7
434,818,2025-03-06,4,5,4,1,3,Quick response and clear explanation.,14.03
435,821,2025-02-05,4,2,2,1,2,Average experience overall.,39.36
436,822,2025-10-26,2,3,2,0,3,Issue was resolved but it took a while.,39.21
437,824,2025-12-26,1,3,2,1,2,Agent was not helpful and seemed rushed.,22.62
438,825,2025-05-18,2,3,1,1,2,Waited far too long and the problem is still not fixed.,36.13
439,827,2025-06-22,3,4,4,1,5,Quick response and clear explanation.,54.98
440,829,2025-05-07,4,5,3,1,1,Agent was friendly and solved my issue quickly.,23.03
441,830,2025-11-28,5,5,4,1,4,Quick response and clear explanation.,34.14
442,832,2026-02-24,4,4,3,1,5,"Polite and knowledgeable support, thank you.",14.44
443,833,2025-05-28,3,3,4,1,8,"Great service, very professional and helpful.",15.33
444,834,2025-09-01,5,4,2,1,5,Quick response and clear explanation.,10.34
445,836,2026-07-27,5,5,5,1,10,"Great service, very professional and helpful.",50.16
446,837,2026-07-11,5,5,4,1,7,Quick response and clear explanation.,40.74
447,839,2025-08-09,4,2,2,1,5,"Polite and knowledgeable support, thank you.",32.76
448,841,2025-11-25,3,3,2,0,5,Got what I needed eventually.,36.79
449,843,2025-01-06,5,4,3,1,6,The agent was fine but I had to wait.,0.44
450,846,2025-08-17,5,3,3,1,6,Agent was friendly and solved my issue quickly.,10.12
451,848,2025-04-25,5,2,2,1,6,Average experience overall.,24.04
452,852,2026-06-14,5,4,4,1,6,"Great service, very professional and helpful.",5.41
453,853,2025-12-10,5,5,4,1,7,Quick response and clear explanation.,10.6
454,854,2025-06-21,5,5,5,1,4,Agent was friendly and solved my issue quickly.,33.15
455,857,2025-11-19,4,4,5,1,5,"Resolved on the first call, very satisfied.",0.82
456,859,2026-04-22,5,5,4,0,5,"Great service, very professional and helpful.",20.17
457,863,2025-05-31,5,5,5,1,9,Quick response and clear explanation.,16.15
458,864,2026-06-06,5,5,5,0,10,"Polite and knowledgeable support, thank you.",25.73
459,865,2026-05-04,4,4,5,1,9,Agent was friendly and solved my issue quickly.,0.66
460,867,2026-04-25,5,4,5,1,9,Quick response and clear explanation.,8.56
461,872,2025-09-06,5,5,5,1,10,Quick response and clear explanation.,46.59
462,873,2025-05-04,5,3,2,1,5,Issue was resolved but it took a while.,50.9
463,874,2025-09-10,5,3,4,1,4,Agent was friendly and solved my issue quickly.,48.88
464,876,2026-04-28,5,5,5,1,9,Quick response and clear explanation.,2.13
465,879,2026-01-22,4,4,3,1,8,Agent was friendly and solved my issue quickly.,52.96
466,881,2025-08-31,5,5,4,1,10,"Resolved on the first call, very satisfied.",43.83
467,882,2025-04-13,5,5,4,1,10,"Polite and knowledgeable support, thank you.",31.29
468,886,2025-12-16,5,4,3,0,10,"Resolved on the first call, very satisfied.",16.44
469,888,2026-03-08,4,3,4,1,5,"Support was okay, nothing exceptional.",16.99
470,889,2025-05-24,3,4,2,1,3,"Support was okay, nothing exceptional.",7.12
471,890,2025-03-10,5,5,5,1,10,Quick response and clear explanation.,52.53
472,891,2025-04-20,4,2,2,1,6,Average experience overall.,41.0
473,893,2025-06-11,3,2,3,1,5,Got what I needed eventually.,8.25
474,894,2025-11-16,3,4,4,0,5,Got what I needed eventually.,21.44
475,897,2025-12-24,5,5,3,1,9,"Polite and knowledgeable support, thank you.",20.31
476,898,2026-03-20,4,5,4,1,8,"Resolved on the first call, very satisfied.",18.35
477,901,2026-06-05,3,3,3,1,4,Issue was resolved but it took a while.,45.52
478,906,2025-02-22,2,2,1,1,2,The problem was not resolved and no follow-up.,62.3
479,907,2025-01-07,4,3,4,1,9,Quick response and clear explanation.,19.12
480,908,2025-01-30,4,3,3,1,9,"Support was okay, nothing exceptional.",12.82
481,911,2025-03-11,5,5,3,1,7,Agent was friendly and solved my issue quickly.,19.44
482,913,2025-12-02,2,4,4,1,7,"Resolved on the first call, very satisfied.",27.51
483,915,2025-05-11,5,3,5,1,7,"Resolved on the first call, very satisfied.",49.26
484,917,2025-11-24,3,3,3,1,2,Issue was resolved but it took a while.,43.87
485,918,2025-12-07,3,5,3,0,6,Quick response and clear explanation.,3.67
486,920,2025-02-25,5,5,4,1,7,"Great service, very professional and helpful.",22.92
487,921,2025-03-24,2,4,3,0,5,Average experience overall.,20.42
488,923,2026-03-30,4,4,4,1,8,Quick response and clear explanation.,33.66
489,924,2025-03-29,4,4,3,1,6,Quick response and clear explanation.,43.56
490,926,2026-01-22,5,5,3,1,7,Quick response and clear explanation.,20.16
491,932,2026-03-12,5,4,5,1,5,"Resolved on the first call, very satisfied.",16.66
492,935,2026-03-06,4,5,4,1,8,Quick response and clear explanation.,26.52
493,936,2025-07-09,5,4,5,1,10,Agent was friendly and solved my issue quickly.,40.19
494,938,2025-12-18,4,3,2,1,10,"Polite and knowledgeable support, thank you.",24.57
495,939,2025-02-14,2,2,1,0,2,The problem was not resolved and no follow-up.,28.59
496,946,2025-10-29,2,1,2,0,3,The problem was not resolved and no follow-up.,20.22
497,949,2025-02-01,5,5,4,1,4,"Resolved on the first call, very satisfied.",50.47
498,950,2025-05-23,3,4,3,1,4,The agent was fine but I had to wait.,46.5
499,951,2026-01-23,3,4,3,0,2,The agent was fine but I had to wait.,7.05
500,952,2025-09-24,5,5,5,1,7,Agent was friendly and solved my issue quickly.,30.11
501,953,2025-05-12,4,5,5,1,9,Agent was friendly and solved my issue quickly.,12.24
502,957,2026-08-14,5,4,4,1,9,"Polite and knowledgeable support, thank you.",56.75
503,958,2025-08-05,5,5,4,1,6,"Resolved on the first call, very satisfied.",2.91
504,960,2026-05-01,5,2,3,1,5,"Great service, very professional and helpful.",9.32
505,965,2025-06-04,5,5,3,1,8,Agent was friendly and solved my issue quickly.,16.44
506,967,2026-04-04,5,5,5,1,7,Agent was friendly and solved my issue quickly.,30.99
507,968,2026-08-12,5,5,4,1,10,"Resolved on the first call, very satisfied.",3.0
508,969,2025-05-11,5,4,2,1,5,The agent was fine but I had to wait.,24.58
509,970,2026-07-06,4,3,4,0,3,The agent was fine but I had to wait.,47.73
510,971,2025-05-04,3,3,4,1,6,"Polite and knowledgeable support, thank you.",40.63
511,972,2025-08-02,5,3,3,1,6,"Great service, very professional and helpful.",27.3
512,974,2026-04-03,4,3,4,1,6,"Polite and knowledgeable support, thank you.",39.01
513,976,2025-10-14,4,4,5,1,5,"Great service, very professional and helpful.",35.47
514,978,2025-10-06,3,3,4,0,4,"Support was okay, nothing exceptional.",35.92
515,982,2025-11-13,3,3,4,1,6,Issue was resolved but it took a while.,59.73
516,984,2025-05-12,5,4,5,1,7,"Great service, very professional and helpful.",17.74
517,988,2025-02-28,4,5,5,1,7,"Polite and knowledgeable support, thank you.",3.67
518,992,2025-02-24,3,4,3,1,7,Average experience overall.,25.68
519,993,2026-05-11,2,3,2,1,4,Had to contact you multiple times for the same issue.,0.65
520,994,2026-05-18,4,3,4,1,5,"Polite and knowledgeable support, thank you.",37.9
521,995,2025-01-12,5,5,5,1,9,"Polite and knowledgeable support, thank you.",25.96
522,996,2025-09-15,5,5,3,1,10,"Great service, very professional and helpful.",25.4
523,1001,2025-12-18,4,3,3,1,8,Agent was friendly and solved my issue quickly.,2.11
524,1002,2025-06-08,5,5,5,1,8,"Resolved on the first call, very satisfied.",10.3
525,1003,2025-07-25,4,3,3,0,4,The agent was fine but I had to wait.,35.92
526,1005,2025-07-25,4,2,3,1,5,"Polite and knowledgeable support, thank you.",43.41
527,1007,2025-09-12,4,5,4,1,7,Quick response and clear explanation.,10.98
528,1009,2025-05-17,4,3,3,1,3,Got what I needed eventually.,48.38
529,1013,2025-09-17,3,5,4,1,2,"Great service, very professional and helpful.",4.73
530,1014,2026-06-01,4,5,4,1,9,Agent was friendly and solved my issue quickly.,14.03
531,1017,2025-01-12,4,4,5,1,5,Agent was friendly and solved my issue quickly.,27.13
532,1018,2025-06-27,3,4,3,0,5,"Resolved on the first call, very satisfied.",32.54
533,1019,2025-09-14,5,5,5,1,8,"Polite and knowledgeable support, thank you.",55.24
534,1022,2026-01-28,3,4,5,0,6,Quick response and clear explanation.,13.62
535,1023,2026-02-12,5,3,4,1,9,"Great service, very professional and helpful.",41.6
536,1025,2025-07-13,3,3,3,1,7,"Support was okay, nothing exceptional.",24.27
537,1027,2025-05-19,4,4,5,1,4,"Resolved on the first call, very satisfied.",43.32
538,1028,2025-12-15,2,2,1,1,3,Agent was not helpful and seemed rushed.,11.23
539,1029,2025-06-09,4,3,3,1,7,Quick response and clear explanation.,26.26
540,1031,2025-10-23,5,3,4,0,1,"Support was okay, nothing exceptional.",42.61
541,1032,2025-08-19,5,5,4,1,9,Quick response and clear explanation.,19.81
542,1033,2025-06-06,5,5,5,1,8,Agent was friendly and solved my issue quickly.,25.12
543,1034,2025-12-23,5,5,4,0,10,"Resolved on the first call, very satisfied.",7.29
544,1035,2025-06-03,3,2,1,1,0,Agent was not helpful and seemed rushed.,38.35
545,1037,2026-03-02,5,3,4,1,5,"Polite and knowledgeable support, thank you.",24.45
546,1038,2026-07-08,5,5,5,1,10,"Great service, very professional and helpful.",39.09
547,1041,2025-05-31,5,4,4,1,10,"Resolved on the first call, very satisfied.",44.42
548,1043,2025-06-12,5,5,5,1,6,"Great service, very professional and helpful.",18.21
549,1044,2025-07-08,4,4,4,1,7,"Polite and knowledgeable support, thank you.",29.51
550,1045,2025-01-16,4,5,5,1,3,"Resolved on the first call, very satisfied.",24.26
551,1050,2025-04-24,5,4,3,1,3,"Resolved on the first call, very satisfied.",29.78
552,1055,2025-02-11,5,5,5,1,10,"Polite and knowledgeable support, thank you.",53.1
553,1056,2025-05-27,2,3,2,1,4,The agent was fine but I had to wait.,15.21
554,1064,2026-07-31,3,2,2,1,2,Waited far too long and the problem is still not fixed.,41.41
555,1066,2026-03-21,4,2,3,1,5,Quick response and clear explanation.,21.45
556,1069,2025-01-27,5,3,2,1,6,"Resolved on the first call, very satisfied.",42.34
557,1070,2026-04-10,4,4,4,0,5,Agent was friendly and solved my issue quickly.,30.4
558,1077,2026-05-31,4,3,2,1,2,Issue was resolved but it took a while.,7.36
559,1078,2025-12-12,3,3,3,1,3,Issue was resolved but it took a while.,29.91
560,1079,2026-03-26,5,5,3,1,8,Quick response and clear explanation.,18.25
561,1080,2025-01-20,4,3,2,0,8,The agent was fine but I had to wait.,47.96
562,1081,2025-02-04,4,3,4,1,6,The agent was fine but I had to wait.,16.8
563,1084,2025-01-06,5,5,4,1,10,"Great service, very professional and helpful.",32.31
564,1087,2025-05-11,4,3,4,1,3,"Resolved on the first call, very satisfied.",0.87
565,1088,2025-04-07,5,5,4,1,9,Quick response and clear explanation.,18.3
566,1091,2025-10-10,5,4,2,1,8,"Polite and knowledgeable support, thank you.",19.57
567,1094,2026-03-10,5,4,4,0,6,"Great service, very professional and helpful.",76.13
568,1098,2025-04-06,4,5,3,1,4,Quick response and clear explanation.,16.66
569,1100,2026-05-17,5,5,5,1,9,Agent was friendly and solved my issue quickly.,27.75
570,1102,2025-09-21,4,1,1,1,1,"Very frustrating experience, poor communication.",42.68
571,1104,2025-01-12,4,4,4,1,7,Agent was friendly and solved my issue quickly.,17.79
572,1106,2026-03-11,5,5,4,1,10,Quick response and clear explanation.,45.46
573,1108,2026-08-14,3,3,2,1,4,"Support was okay, nothing exceptional.",11.32
574,1110,2026-07-26,5,5,4,1,6,"Great service, very professional and helpful.",12.24
575,1112,2026-03-24,3,3,2,0,6,Average experience overall.,10.84
576,1116,2026-05-18,4,4,3,1,4,Quick response and clear explanation.,16.67
577,1118,2025-08-06,4,4,5,1,9,Agent was friendly and solved my issue quickly.,6.06
578,1119,2026-04-13,5,3,4,1,5,"Resolved on the first call, very satisfied.",46.03
579,1120,2025-07-29,4,5,5,1,6,"Resolved on the first call, very satisfied.",35.92
580,1121,2025-04-23,4,4,3,1,6,"Great service, very professional and helpful.",49.3
581,1124,2026-06-28,3,3,3,1,4,The agent was fine but I had to wait.,12.44
582,1127,2025-10-24,3,1,1,1,3,The agent was fine but I had to wait.,9.01
583,1132,2025-12-11,5,5,4,1,4,"Polite and knowledgeable support, thank you.",22.94
584,1133,2025-11-07,2,1,1,1,3,"Very frustrating experience, poor communication.",33.64
585,1134,2026-06-17,3,5,4,0,7,Quick response and clear explanation.,12.91
586,1139,2025-06-06,4,4,3,0,5,"Great service, very professional and helpful.",43.9
587,1141,2025-12-30,5,4,4,0,10,"Resolved on the first call, very satisfied.",23.21
588,1146,2026-01-04,3,1,1,1,4,Waited far too long and the problem is still not fixed.,8.4
589,1147,2025-05-26,2,3,4,1,2,Got what I needed eventually.,7.23
590,1149,2025-10-05,3,2,3,1,1,"Support was okay, nothing exceptional.",15.95
591,1150,2026-06-11,2,1,3,0,6,Agent was not helpful and seemed rushed.,49.87
592,1151,2025-06-11,5,2,3,1,4,Agent was friendly and solved my issue quickly.,58.0
593,1155,2026-07-15,2,2,3,0,0,Waited far too long and the problem is still not fixed.,19.59
594,1156,2025-04-22,5,5,4,1,4,Quick response and clear explanation.,8.99
595,1157,2025-02-05,5,4,4,1,6,"Resolved on the first call, very satisfied.",1.78
596,1158,2026-04-18,3,2,3,1,4,Issue was resolved but it took a while.,42.49
597,1163,2025-08-28,3,3,3,0,5,Got what I needed eventually.,1.1
598,1166,2025-10-21,3,2,1,0,2,The problem was not resolved and no follow-up.,6.54
599,1167,2025-04-11,3,4,4,1,4,"Great service, very professional and helpful.",26.72
600,1168,2026-06-27,3,2,3,1,1,Issue was resolved but it took a while.,21.68
601,1169,2026-03-16,4,5,5,1,7,Quick response and clear explanation.,13.13
602,1171,2025-03-13,5,5,4,1,9,Quick response and clear explanation.,45.85
603,1172,2025-03-02,4,4,4,1,8,"Resolved on the first call, very satisfied.",30.15
604,1174,2025-12-05,5,3,3,1,6,"Polite and knowledgeable support, thank you.",16.42
605,1176,2026-05-27,5,5,3,1,1,Agent was friendly and solved my issue quickly.,36.46
606,1184,2025-11-26,5,5,4,1,9,"Polite and knowledgeable support, thank you.",49.86
607,1185,2025-07-30,3,1,3,0,5,Got what I needed eventually.,25.72
608,1188,2025-02-16,5,4,5,1,6,"Great service, very professional and helpful.",11.07
609,1189,2025-12-12,2,3,4,1,5,The agent was fine but I had to wait.,0.32
610,1193,2026-01-08,4,4,4,1,6,Quick response and clear explanation.,27.91
611,1196,2025-09-23,5,5,4,1,9,Quick response and clear explanation.,3.1
612,1199,2025-12-26,4,2,3,1,6,"Resolved on the first call, very satisfied.",27.99
613,1200,2025-03-17,5,3,4,1,3,"Resolved on the first call, very satisfied.",15.22
614,1201,2026-04-30,5,5,5,1,10,Quick response and clear explanation.,32.63
615,1204,2026-08-14,5,3,5,1,8,Quick response and clear explanation.,15.33
616,1205,2026-06-23,5,5,4,1,5,"Great service, very professional and helpful.",8.8
617,1207,2026-06-03,3,4,3,0,5,The agent was fine but I had to wait.,23.28
618,1209,2026-06-04,5,4,5,1,9,"Resolved on the first call, very satisfied.",25.11
619,1210,2026-03-06,5,5,3,1,7,Quick response and clear explanation.,15.22
620,1212,2026-02-20,5,5,5,1,7,"Polite and knowledgeable support, thank you.",47.14
621,1215,2026-01-16,2,3,3,1,3,Issue was resolved but it took a while.,28.19
622,1217,2025-11-26,4,5,4,1,9,"Resolved on the first call, very satisfied.",50.69
623,1218,2025-11-20,4,4,2,1,5,"Support was okay, nothing exceptional.",36.62
624,1219,2025-04-21,5,5,4,1,8,"Polite and knowledgeable support, thank you.",28.44
625,1220,2026-07-09,5,4,5,1,7,Agent was friendly and solved my issue quickly.,32.16
626,1225,2025-01-13,5,5,4,1,7,Quick response and clear explanation.,62.23
627,1227,2025-03-13,5,5,5,1,10,Agent was friendly and solved my issue quickly.,36.44
628,1228,2025-09-01,3,3,2,1,6,The agent was fine but I had to wait.,12.93
629,1232,2026-02-24,4,3,3,1,1,"Support was okay, nothing exceptional.",25.62
630,1233,2025-02-27,3,4,4,1,5,"Great service, very professional and helpful.",27.51
631,1235,2026-01-25,5,5,3,1,6,"Resolved on the first call, very satisfied.",10.62
632,1237,2026-01-20,4,4,4,0,5,Agent was friendly and solved my issue quickly.,22.79
633,1238,2026-05-13,5,5,5,1,9,"Polite and knowledgeable support, thank you.",4.39
634,1240,2026-07-10,3,2,4,0,3,Average experience overall.,4.71
635,1241,2026-06-11,5,5,4,1,5,"Polite and knowledgeable support, thank you.",5.34
636,1242,2026-03-18,4,5,5,1,10,"Resolved on the first call, very satisfied.",14.9
637,1246,2026-06-23,5,4,3,1,8,"Great service, very professional and helpful.",27.01
638,1247,2025-11-29,3,3,4,1,5,"Resolved on the first call, very satisfied.",21.86
639,1248,2025-11-18,4,4,3,0,4,Quick response and clear explanation.,12.01
640,1249,2025-03-22,5,5,4,1,6,Agent was friendly and solved my issue quickly.,13.83
641,1250,2026-05-26,5,4,5,1,10,"Resolved on the first call, very satisfied.",40.23
642,1254,2026-04-29,5,5,5,1,6,Agent was friendly and solved my issue quickly.,38.74
643,1255,2026-04-28,5,2,5,1,5,Quick response and clear explanation.,30.43
644,1256,2026-03-15,5,4,4,1,9,"Resolved on the first call, very satisfied.",13.67
645,1260,2026-03-29,5,3,3,1,5,Agent was friendly and solved my issue quickly.,44.52
646,1261,2026-05-02,3,4,4,1,7,"Resolved on the first call, very satisfied.",8.92
647,1264,2025-07-05,5,4,4,1,10,"Polite and knowledgeable support, thank you.",1.72
648,1265,2026-06-01,4,3,3,1,5,"Great service, very professional and helpful.",31.63
649,1269,2025-03-07,4,4,4,1,4,"Polite and knowledgeable support, thank you.",31.81
650,1273,2026-07-31,4,5,3,1,3,"Polite and knowledgeable support, thank you.",39.55
651,1274,2025-07-07,5,5,2,1,4,Quick response and clear explanation.,5.74
652,1275,2026-01-22,5,5,5,1,6,Agent was friendly and solved my issue quickly.,41.68
653,1276,2025-05-19,4,2,5,1,6,Agent was friendly and solved my issue quickly.,57.59
654,1277,2025-07-25,5,4,4,1,7,Quick response and clear explanation.,3.74
655,1278,2026-04-08,5,4,4,1,4,"Polite and knowledgeable support, thank you.",4.99
656,1279,2025-12-23,5,5,5,1,7,"Resolved on the first call, very satisfied.",1.39
657,1280,2025-08-08,3,3,2,1,4,The agent was fine but I had to wait.,56.94
658,1283,2026-04-26,3,3,3,1,4,The agent was fine but I had to wait.,10.84
659,1284,2026-05-02,5,5,5,1,9,"Great service, very professional and helpful.",35.65
660,1286,2026-06-22,5,4,3,1,7,Agent was friendly and solved my issue quickly.,11.68
661,1289,2025-06-14,5,3,4,1,4,"Great service, very professional and helpful.",8.83
662,1290,2025-09-08,3,4,3,1,6,"Great service, very professional and helpful.",15.32
663,1291,2026-03-12,3,4,5,1,5,"Resolved on the first call, very satisfied.",16.99
664,1292,2025-09-01,4,4,4,0,3,Quick response and clear explanation.,32.82
665,1293,2025-05-25,5,4,2,1,3,"Resolved on the first call, very satisfied.",55.22
666,1294,2025-11-17,5,5,4,1,5,"Great service, very professional and helpful.",30.78
667,1295,2025-04-20,3,3,2,1,6,Issue was resolved but it took a while.,1.96
668,1296,2025-05-15,4,4,4,1,6,"Great service, very professional and helpful.",38.67
669,1297,2026-03-14,2,2,1,1,0,Waited far too long and the problem is still not fixed.,16.81
670,1298,2026-07-02,5,4,4,1,6,"Great service, very professional and helpful.",2.25
671,1300,2025-02-12,4,5,5,0,5,"Resolved on the first call, very satisfied.",21.12
672,1301,2025-11-03,5,4,3,1,1,"Resolved on the first call, very satisfied.",62.75
673,1304,2025-12-02,3,4,5,1,5,"Polite and knowledgeable support, thank you.",14.23
674,1305,2025-11-08,4,3,2,1,7,Quick response and clear explanation.,28.48
675,1306,2025-07-18,4,4,3,1,6,"Great service, very professional and helpful.",41.66
676,1307,2026-05-01,4,5,3,1,8,"Polite and knowledgeable support, thank you.",16.54
677,1308,2025-07-06,4,3,4,1,7,Agent was friendly and solved my issue quickly.,12.59
678,1309,2025-11-23,4,5,4,1,6,Agent was friendly and solved my issue quickly.,39.14
679,1311,2026-04-03,5,3,4,1,3,"Polite and knowledgeable support, thank you.",30.89
680,1312,2026-08-09,5,5,5,1,7,"Polite and knowledgeable support, thank you.",4.98
681,1313,2025-11-23,5,4,3,1,4,"Resolved on the first call, very satisfied.",44.96
682,1314,2025-01-26,5,5,3,0,8,"Resolved on the first call, very satisfied.",25.94
683,1316,2025-12-29,5,5,3,1,4,Quick response and clear explanation.,31.45
684,1317,2026-07-02,4,5,4,1,10,Quick response and clear explanation.,28.94
685,1318,2025-10-26,5,5,5,1,9,"Great service, very professional and helpful.",29.64
686,1320,2026-02-25,3,4,3,1,6,"Great service, very professional and helpful.",19.93
687,1321,2026-02-05,4,1,2,0,3,"Support was okay, nothing exceptional.",15.56
688,1325,2026-03-07,2,2,2,1,0,The problem was not resolved and no follow-up.,38.37
689,1327,2026-06-10,4,5,5,1,8,"Polite and knowledgeable support, thank you.",16.74
690,1328,2026-01-13,5,5,5,1,7,"Polite and knowledgeable support, thank you.",16.08
691,1329,2025-03-19,5,5,4,1,8,"Great service, very professional and helpful.",20.42
692,1331,2025-10-29,4,4,3,1,5,Quick response and clear explanation.,42.04
693,1333,2025-11-08,4,4,3,0,5,"Support was okay, nothing exceptional.",11.98
694,1334,2025-06-25,4,4,5,1,8,"Great service, very professional and helpful.",20.24
695,1336,2025-11-14,3,2,1,1,3,"Very frustrating experience, poor communication.",4.34
696,1338,2026-01-09,2,3,1,1,4,Issue was resolved but it took a while.,4.03
697,1339,2026-08-06,4,5,3,1,5,Agent was friendly and solved my issue quickly.,34.7
698,1340,2026-04-14,4,5,4,0,5,"Polite and knowledgeable support, thank you.",33.21
699,1341,2025-11-07,5,4,4,1,8,"Great service, very professional and helpful.",10.3
700,1342,2025-03-17,5,5,5,1,8,"Great service, very professional and helpful.",18.35
701,1344,2026-04-15,4,5,5,1,7,Quick response and clear explanation.,41.95
702,1347,2025-04-09,5,3,4,1,2,"Great service, very professional and helpful.",19.36
703,1349,2026-08-10,3,1,2,1,0,The problem was not resolved and no follow-up.,13.19
704,1357,2025-04-26,5,5,5,1,6,"Polite and knowledgeable support, thank you.",23.75
705,1358,2025-11-06,5,4,4,1,8,"Great service, very professional and helpful.",53.36
706,1359,2025-10-29,5,5,5,1,6,"Polite and knowledgeable support, thank you.",26.19
707,1363,2025-10-19,5,4,4,1,2,"Polite and knowledgeable support, thank you.",28.54
708,1365,2026-04-09,3,4,3,1,3,Got what I needed eventually.,3.62
709,1367,2025-06-07,3,5,1,0,3,Issue was resolved but it took a while.,56.68
710,1368,2025-06-08,5,5,4,1,7,Agent was friendly and solved my issue quickly.,37.76
711,1369,2025-12-25,5,5,5,1,7,Agent was friendly and solved my issue quickly.,37.45
712,1371,2026-04-02,4,4,2,0,5,"Great service, very professional and helpful.",5.05
713,1372,2025-04-06,5,3,3,1,6,Agent was friendly and solved my issue quickly.,3.95
714,1373,2026-01-05,5,3,3,0,4,Agent was friendly and solved my issue quickly.,29.38
715,1374,2026-04-14,5,5,4,0,9,Agent was friendly and solved my issue quickly.,33.81
716,1376,2025-11-28,5,2,4,1,5,Quick response and clear explanation.,13.5
717,1378,2025-07-07,2,4,3,1,4,The agent was fine but I had to wait.,35.21
718,1379,2025-11-27,4,4,5,1,7,Quick response and clear explanation.,45.67
719,1382,2026-04-27,5,5,5,1,7,Agent was friendly and solved my issue quickly.,23.85
720,1383,2026-08-10,5,4,5,1,7,"Great service, very professional and helpful.",43.12
721,1386,2025-02-08,4,4,4,1,7,"Great service, very professional and helpful.",34.04
722,1387,2025-09-03,5,4,3,0,7,"Great service, very professional and helpful.",39.98
723,1388,2026-04-12,3,3,4,0,3,The agent was fine but I had to wait.,33.68
724,1390,2025-03-07,4,4,3,1,10,Quick response and clear explanation.,6.82
725,1393,2025-06-07,4,2,3,1,3,The agent was fine but I had to wait.,19.15
726,1394,2025-04-15,3,4,3,1,3,The agent was fine but I had to wait.,36.74
727,1396,2025-11-28,3,3,3,1,3,Issue was resolved but it took a while.,5.27
728,1402,2026-05-16,3,2,3,1,7,Average experience overall.,33.45
729,1404,2025-10-13,4,2,2,1,5,Issue was resolved but it took a while.,60.54
730,1405,2026-05-14,4,5,3,1,5,"Polite and knowledgeable support, thank you.",28.06
731,1407,2025-05-04,2,4,2,1,3,Got what I needed eventually.,46.16
732,1408,2026-03-30,4,5,3,1,3,"Polite and knowledgeable support, thank you.",45.75
733,1409,2025-08-11,3,4,4,0,5,"Resolved on the first call, very satisfied.",19.12
734,1411,2025-09-29,5,3,3,1,7,"Polite and knowledgeable support, thank you.",24.47
735,1412,2025-04-05,5,4,5,1,10,"Polite and knowledgeable support, thank you.",54.38
736,1415,2025-11-15,4,3,2,1,6,Average experience overall.,5.62
737,1419,2026-03-28,5,5,5,1,10,"Resolved on the first call, very satisfied.",3.1
738,1420,2026-07-26,4,3,4,0,3,The agent was fine but I had to wait.,35.96
739,1421,2026-01-10,5,4,3,1,4,"Resolved on the first call, very satisfied.",32.15
740,1424,2026-08-14,5,4,5,1,8,"Great service, very professional and helpful.",37.68
741,1425,2026-07-30,4,4,3,0,6,"Great service, very professional and helpful.",32.59
742,1429,2025-03-08,5,4,3,1,7,Agent was friendly and solved my issue quickly.,3.5
743,1430,2026-05-24,3,2,2,1,2,"Very frustrating experience, poor communication.",20.69
744,1432,2025-07-10,3,3,2,1,7,"Support was okay, nothing exceptional.",30.19
745,1433,2025-01-22,5,4,5,0,9,Agent was friendly and solved my issue quickly.,3.45
746,1438,2025-12-27,4,3,1,1,6,The agent was fine but I had to wait.,44.28
747,1440,2025-07-14,1,2,2,1,2,The problem was not resolved and no follow-up.,31.85
748,1441,2025-11-28,5,4,3,1,9,"Resolved on the first call, very satisfied.",43.05
749,1443,2026-05-14,5,5,4,1,5,Agent was friendly and solved my issue quickly.,43.46
750,1444,2025-07-14,4,3,1,1,4,Issue was resolved but it took a while.,22.57
751,1449,2025-08-25,5,5,5,1,7,Quick response and clear explanation.,43.03
752,1450,2026-08-11,5,5,5,1,9,"Resolved on the first call, very satisfied.",30.47
753,1451,2025-01-13,4,4,4,1,7,"Polite and knowledgeable support, thank you.",11.68
754,1452,2026-02-09,3,1,4,1,6,Average experience overall.,6.17
755,1454,2025-10-23,4,3,2,1,2,Average experience overall.,20.21
756,1456,2025-03-13,3,3,3,0,5,"Support was okay, nothing exceptional.",23.34
757,1458,2026-04-20,3,4,5,1,10,Quick response and clear explanation.,19.18
758,1459,2025-07-22,5,4,2,0,4,"Polite and knowledgeable support, thank you.",45.22
759,1463,2026-02-02,5,5,4,1,7,Agent was friendly and solved my issue quickly.,28.39
760,1467,2026-04-23,5,5,5,1,7,Quick response and clear explanation.,37.78
761,1468,2026-01-09,5,5,5,1,5,"Resolved on the first call, very satisfied.",13.29
762,1471,2025-08-03,4,4,3,1,6,Agent was friendly and solved my issue quickly.,31.1
763,1472,2025-06-06,2,3,1,1,2,Agent was not helpful and seemed rushed.,34.03
764,1474,2025-06-06,3,4,4,1,6,The agent was fine but I had to wait.,41.37
765,1475,2025-07-02,3,4,4,1,4,Quick response and clear explanation.,24.09
766,1476,2026-02-25,4,4,3,1,5,"Resolved on the first call, very satisfied.",19.17
767,1477,2025-06-02,3,3,3,1,3,Got what I needed eventually.,14.72
768,1478,2026-01-10,5,5,5,1,10,"Resolved on the first call, very satisfied.",38.23
769,1479,2026-01-14,5,5,5,1,7,Agent was friendly and solved my issue quickly.,5.51
770,1480,2025-10-30,4,2,2,1,4,"Polite and knowledgeable support, thank you.",39.17
771,1482,2025-06-21,5,4,3,1,8,"Polite and knowledgeable support, thank you.",11.41
772,1483,2026-04-18,5,4,3,1,9,"Resolved on the first call, very satisfied.",14.16
773,1484,2025-07-26,4,3,3,1,7,Got what I needed eventually.,28.73
774,1490,2025-08-29,3,2,2,1,4,Got what I needed eventually.,30.14
775,1491,2025-07-11,5,5,4,1,10,Quick response and clear explanation.,2.99
776,1492,2025-07-24,4,5,4,0,5,"Polite and knowledgeable support, thank you.",18.47
777,1493,2025-11-27,2,2,4,0,1,"Support was okay, nothing exceptional.",23.32
778,1494,2025-09-16,5,5,5,1,7,"Resolved on the first call, very satisfied.",42.54
779,1498,2025-06-26,4,2,3,1,5,"Support was okay, nothing exceptional.",25.41
780,1500,2025-06-04,5,4,5,1,4,Agent was friendly and solved my issue quickly.,17.18
781,1501,2025-01-19,3,3,3,1,3,Average experience overall.,20.99
782,1504,2026-05-20,3,4,2,1,8,Got what I needed eventually.,41.69
783,1505,2026-06-28,5,3,5,1,3,Agent was friendly and solved my issue quickly.,5.12
784,1506,2026-04-06,5,5,3,1,8,"Great service, very professional and helpful.",61.65
785,1507,2025-10-17,2,1,2,0,0,Agent was not helpful and seemed rushed.,22.65
786,1509,2025-03-28,3,5,5,1,8,"Polite and knowledgeable support, thank you.",48.26
787,1510,2025-07-18,3,3,2,1,3,"Support was okay, nothing exceptional.",18.78
788,1511,2026-05-12,5,5,3,1,10,Agent was friendly and solved my issue quickly.,19.16
789,1512,2025-05-05,4,3,3,0,5,Agent was friendly and solved my issue quickly.,2.81
790,1514,2026-04-23,5,5,5,1,10,"Resolved on the first call, very satisfied.",14.18
791,1517,2025-11-29,5,2,2,1,7,Average experience overall.,9.67
792,1519,2026-01-05,4,4,3,1,4,Got what I needed eventually.,17.24
793,1520,2025-06-09,5,3,4,1,4,Quick response and clear explanation.,9.66
794,1521,2025-02-28,4,3,3,1,2,"Support was okay, nothing exceptional.",4.53
795,1522,2025-08-28,5,5,4,1,8,"Great service, very professional and helpful.",17.27
796,1524,2026-05-20,2,3,2,1,4,The agent was fine but I had to wait.,10.32
797,1529,2025-02-28,4,4,5,0,3,Quick response and clear explanation.,31.24
798,1532,2025-04-23,4,1,1,0,3,Agent was not helpful and seemed rushed.,50.77
799,1533,2026-08-06,2,1,3,1,6,The problem was not resolved and no follow-up.,21.48
800,1534,2026-03-07,4,5,3,1,8,"Great service, very professional and helpful.",43.54
801,1537,2026-04-25,4,3,3,1,7,"Great service, very professional and helpful.",37.26
802,1538,2026-05-08,4,5,5,1,8,"Great service, very professional and helpful.",49.14
803,1539,2025-02-17,4,3,4,1,6,"Polite and knowledgeable support, thank you.",14.64
804,1541,2025-12-25,3,4,3,1,8,"Great service, very professional and helpful.",30.09
805,1542,2026-02-24,4,5,3,1,3,Quick response and clear explanation.,24.94
806,1543,2026-07-09,5,5,5,1,10,Quick response and clear explanation.,19.65
807,1544,2025-06-14,4,4,2,1,6,Got what I needed eventually.,19.51
808,1545,2025-02-14,3,4,4,0,8,"Polite and knowledgeable support, thank you.",1.99
809,1546,2025-12-11,4,2,3,1,3,Average experience overall.,36.49
810,1551,2026-03-11,4,5,3,1,7,"Great service, very professional and helpful.",27.6
811,1552,2026-05-06,4,4,3,0,6,Quick response and clear explanation.,4.83
812,1553,2026-05-01,5,3,5,1,9,"Resolved on the first call, very satisfied.",29.84
813,1554,2025-02-11,5,5,3,1,10,Quick response and clear explanation.,17.83
814,1556,2025-04-10,3,5,3,1,7,"Resolved on the first call, very satisfied.",33.22
815,1558,2026-05-19,4,3,2,0,4,"Polite and knowledgeable support, thank you.",28.46
816,1559,2025-03-22,5,5,3,1,9,"Polite and knowledgeable support, thank you.",19.28
817,1561,2026-04-05,5,4,5,1,7,"Resolved on the first call, very satisfied.",48.91
818,1563,2025-10-16,5,3,3,1,6,"Polite and knowledgeable support, thank you.",37.58
819,1565,2025-07-12,5,4,4,1,5,"Polite and knowledgeable support, thank you.",19.08
820,1567,2025-01-14,4,5,3,1,5,"Resolved on the first call, very satisfied.",30.52
821,1568,2025-08-09,4,5,4,1,8,Quick response and clear explanation.,25.59
822,1571,2026-02-10,4,5,4,1,10,"Great service, very professional and helpful.",19.73
823,1574,2026-02-07,4,4,3,1,6,"Resolved on the first call, very satisfied.",8.11
824,1578,2026-06-17,5,3,3,1,5,Average experience overall.,26.65
825,1579,2025-07-15,3,4,4,1,4,"Polite and knowledgeable support, thank you.",24.63
826,1580,2025-10-28,3,3,3,1,5,The agent was fine but I had to wait.,13.67
827,1582,2025-03-17,4,3,4,0,4,Agent was friendly and solved my issue quickly.,28.81
828,1583,2026-07-20,4,3,3,1,6,Agent was friendly and solved my issue quickly.,23.83
829,1584,2026-05-05,5,4,4,1,9,Quick response and clear explanation.,21.94
830,1585,2025-10-14,2,1,1,1,2,Waited far too long and the problem is still not fixed.,33.05
831,1586,2026-08-05,4,2,3,1,4,The agent was fine but I had to wait.,32.45
832,1587,2026-08-10,5,4,5,1,7,"Great service, very professional and helpful.",25.73
833,1589,2025-04-09,3,4,5,1,6,"Polite and knowledgeable support, thank you.",14.84
834,1590,2025-01-06,5,4,3,0,7,The agent was fine but I had to wait.,19.75
835,1591,2026-02-25,3,3,2,1,4,Average experience overall.,3.51
836,1592,2025-10-08,3,3,3,1,3,Average experience overall.,19.58
837,1594,2025-08-02,4,4,4,1,9,"Polite and knowledgeable support, thank you.",21.23
838,1595,2026-08-01,3,4,5,1,3,"Polite and knowledgeable support, thank you.",3.54
839,1597,2025-10-05,5,5,5,1,7,"Great service, very professional and helpful.",21.15
840,1598,2026-01-11,3,4,5,1,7,Quick response and clear explanation.,32.96
841,1599,2026-06-25,4,1,2,1,4,Got what I needed eventually.,41.22
842,1601,2026-04-29,4,5,5,0,7,"Polite and knowledgeable support, thank you.",25.55
843,1602,2025-07-06,4,5,1,1,6,Quick response and clear explanation.,28.0
844,1605,2026-04-11,3,5,5,1,5,"Polite and knowledgeable support, thank you.",0.9
845,1615,2026-06-08,4,3,2,1,3,Got what I needed eventually.,33.25
846,1617,2026-06-12,4,3,4,1,4,Got what I needed eventually.,16.07
847,1620,2026-03-06,5,5,3,1,7,"Resolved on the first call, very satisfied.",25.21
848,1622,2026-01-19,5,4,4,1,4,"Great service, very professional and helpful.",37.16
849,1623,2026-06-18,4,3,4,1,9,Quick response and clear explanation.,7.46
850,1626,2026-06-05,5,4,4,1,7,Agent was friendly and solved my issue quickly.,16.75
851,1627,2025-11-20,3,5,3,1,7,Quick response and clear explanation.,33.35
852,1629,2025-08-30,5,4,4,1,7,"Polite and knowledgeable support, thank you.",22.38
853,1631,2026-05-01,4,2,2,0,6,"Support was okay, nothing exceptional.",44.26
854,1634,2026-06-24,4,3,4,1,7,"Resolved on the first call, very satisfied.",1.65
855,1637,2025-08-06,5,5,4,1,6,Quick response and clear explanation.,23.67
856,1638,2025-05-11,5,5,5,1,8,Agent was friendly and solved my issue quickly.,13.63
857,1640,2026-01-10,5,5,4,1,10,"Resolved on the first call, very satisfied.",20.35
858,1641,2026-04-23,3,4,4,1,7,Agent was friendly and solved my issue quickly.,34.94
859,1643,2025-05-25,5,4,5,0,6,Quick response and clear explanation.,8.81
860,1644,2026-01-07,5,5,5,1,7,"Polite and knowledgeable support, thank you.",19.89
861,1645,2025-12-11,2,3,1,1,0,"Very frustrating experience, poor communication.",47.42
862,1646,2025-02-12,5,5,4,1,4,Quick response and clear explanation.,29.99
863,1647,2025-03-09,4,4,5,1,6,"Polite and knowledgeable support, thank you.",51.75
864,1649,2025-09-21,5,5,5,1,6,Quick response and clear explanation.,26.15
865,1651,2025-02-24,4,4,3,1,0,Average experience overall.,47.56
866,1652,2025-12-05,4,4,4,1,7,"Resolved on the first call, very satisfied.",34.6
867,1653,2025-05-16,4,5,5,1,10,"Great service, very professional and helpful.",53.97
868,1655,2025-05-06,4,5,5,1,8,"Polite and knowledgeable support, thank you.",26.49
869,1656,2025-05-06,4,4,5,1,6,Quick response and clear explanation.,0.26
870,1657,2025-04-07,3,4,3,1,6,Quick response and clear explanation.,16.54
871,1658,2025-06-02,2,2,1,0,3,Waited far too long and the problem is still not fixed.,46.89
872,1660,2025-03-12,1,1,1,0,1,The problem was not resolved and no follow-up.,20.79
873,1661,2026-01-15,5,4,4,1,1,Agent was friendly and solved my issue quickly.,24.32
874,1663,2026-06-19,3,4,4,1,6,Quick response and clear explanation.,11.1
875,1664,2025-02-06,4,2,3,0,4,Average experience overall.,43.34
876,1665,2025-05-23,5,4,5,1,10,"Resolved on the first call, very satisfied.",21.4
877,1666,2025-03-21,4,4,3,1,8,Agent was friendly and solved my issue quickly.,12.24
878,1669,2026-07-16,5,5,5,1,9,Agent was friendly and solved my issue quickly.,15.59
879,1671,2026-01-08,3,4,3,1,6,Got what I needed eventually.,37.79
880,1674,2025-07-15,4,3,4,1,6,"Resolved on the first call, very satisfied.",61.58
881,1675,2026-02-20,3,3,3,1,1,The agent was fine but I had to wait.,6.46
882,1676,2026-05-25,4,5,4,0,6,"Polite and knowledgeable support, thank you.",2.35
883,1679,2025-12-18,5,4,5,1,5,"Polite and knowledgeable support, thank you.",27.4
884,1680,2026-06-18,5,4,5,0,7,Quick response and clear explanation.,13.84
885,1681,2025-09-09,5,5,5,1,8,"Resolved on the first call, very satisfied.",38.26
886,1683,2026-06-28,2,2,3,0,6,Average experience overall.,15.65
887,1684,2025-10-06,5,4,5,1,10,Agent was friendly and solved my issue quickly.,32.52
888,1685,2026-06-08,3,3,3,1,1,Average experience overall.,14.7
889,1688,2025-12-03,4,2,3,0,4,Got what I needed eventually.,11.54
890,1692,2025-02-16,4,4,4,1,10,Agent was friendly and solved my issue quickly.,24.08
891,1695,2026-07-08,5,4,4,1,6,Agent was friendly and solved my issue quickly.,39.17
892,1698,2025-07-19,4,4,3,0,6,"Polite and knowledgeable support, thank you.",23.24
893,1700,2025-11-05,4,5,4,0,4,Quick response and clear explanation.,5.19
894,1702,2025-06-10,3,3,2,1,5,Issue was resolved but it took a while.,45.65
895,1706,2026-07-02,5,2,4,1,2,The agent was fine but I had to wait.,26.49
896,1707,2026-07-09,5,4,3,1,6,Agent was friendly and solved my issue quickly.,36.15
897,1710,2026-07-15,5,3,4,1,8,"Great service, very professional and helpful.",18.92
898,1711,2025-01-15,4,5,3,1,5,Quick response and clear explanation.,34.46
899,1714,2025-06-15,3,1,3,1,3,Issue was resolved but it took a while.,47.53
900,1715,2025-10-25,5,5,4,1,7,Agent was friendly and solved my issue quickly.,36.04
901,1718,2025-11-29,5,4,4,1,4,"Polite and knowledgeable support, thank you.",46.1
902,1723,2026-01-26,5,4,4,1,8,Agent was friendly and solved my issue quickly.,27.5
903,1725,2025-06-13,3,3,2,1,3,Average experience overall.,29.79
904,1727,2026-01-20,4,3,3,0,7,"Polite and knowledgeable support, thank you.",0.73
905,1730,2025-04-23,5,2,3,0,5,"Resolved on the first call, very satisfied.",28.32
906,1731,2025-03-06,3,4,4,1,3,Quick response and clear explanation.,5.24
907,1733,2025-04-04,4,4,3,1,6,"Great service, very professional and helpful.",27.76
908,1734,2025-09-07,5,3,5,1,7,"Great service, very professional and helpful.",58.97
909,1736,2025-04-09,3,4,3,1,4,The agent was fine but I had to wait.,21.56
910,1738,2026-01-23,5,5,5,0,7,Agent was friendly and solved my issue quickly.,14.93
911,1739,2025-01-05,3,2,4,1,4,The agent was fine but I had to wait.,16.98
912,1740,2025-03-15,3,4,4,0,8,Agent was friendly and solved my issue quickly.,13.02
913,1741,2026-05-06,3,2,3,0,6,Average experience overall.,37.16
914,1743,2025-10-31,4,5,5,1,8,Agent was friendly and solved my issue quickly.,26.24
915,1744,2026-02-10,4,5,5,0,7,"Great service, very professional and helpful.",28.87
916,1746,2026-04-13,5,3,5,1,9,Agent was friendly and solved my issue quickly.,28.91
917,1748,2026-08-01,4,3,4,0,5,"Resolved on the first call, very satisfied.",19.73
918,1749,2025-11-09,5,5,3,0,9,Agent was friendly and solved my issue quickly.,1.26
919,1752,2025-03-11,5,4,4,1,8,"Great service, very professional and helpful.",16.35
920,1755,2026-08-05,4,3,2,1,4,Got what I needed eventually.,49.61
921,1761,2026-03-23,4,3,3,1,3,The agent was fine but I had to wait.,24.46
922,1762,2025-10-02,3,4,4,1,4,"Polite and knowledgeable support, thank you.",20.95
923,1764,2026-08-12,2,2,3,1,1,"Support was okay, nothing exceptional.",39.84
924,1767,2026-02-03,5,4,5,1,10,Quick response and clear explanation.,17.38
925,1769,2026-02-23,5,4,4,1,8,"Polite and knowledgeable support, thank you.",8.0
926,1770,2026-01-15,3,2,3,1,3,"Support was okay, nothing exceptional.",31.88
927,1771,2026-04-07,5,5,3,1,8,"Great service, very professional and helpful.",37.02
928,1772,2026-05-22,5,5,5,1,9,"Resolved on the first call, very satisfied.",39.44
929,1773,2026-02-14,4,2,4,1,8,Quick response and clear explanation.,41.76
930,1775,2025-07-31,3,4,5,1,4,Quick response and clear explanation.,34.69
931,1777,2026-07-15,4,3,5,1,7,"Great service, very professional and helpful.",22.19
932,1778,2025-11-01,5,5,3,1,5,"Resolved on the first call, very satisfied.",31.91
933,1783,2025-07-04,5,5,3,1,9,"Resolved on the first call, very satisfied.",47.78
934,1785,2025-09-01,5,5,2,1,4,"Polite and knowledgeable support, thank you.",37.57
935,1787,2026-01-13,4,5,4,1,6,Quick response and clear explanation.,81.48
936,1788,2026-06-22,4,3,3,0,7,"Polite and knowledgeable support, thank you.",22.74
937,1789,2026-07-27,5,5,4,1,10,Quick response and clear explanation.,20.53
938,1791,2025-09-18,4,4,2,1,5,Average experience overall.,61.86
939,1792,2025-10-21,5,5,5,1,8,"Polite and knowledgeable support, thank you.",41.08
940,1793,2025-07-03,5,5,5,1,8,"Great service, very professional and helpful.",6.4
941,1794,2026-04-11,5,5,3,1,4,Quick response and clear explanation.,46.47
942,1795,2026-07-01,5,4,5,0,5,Quick response and clear explanation.,35.48
943,1798,2026-02-06,5,4,4,1,9,"Polite and knowledgeable support, thank you.",15.49
944,1799,2025-07-02,5,5,4,1,10,"Polite and knowledgeable support, thank you.",7.64
945,1800,2025-12-29,5,4,3,1,9,Agent was friendly and solved my issue quickly.,7.89
946,1802,2025-03-26,4,4,3,1,5,"Great service, very professional and helpful.",62.96
947,1804,2026-06-02,5,5,4,1,10,"Great service, very professional and helpful.",27.66
948,1805,2025-11-30,2,2,3,1,3,Average experience overall.,4.41
949,1807,2026-05-13,3,3,3,1,4,Average experience overall.,41.79
950,1808,2025-08-05,5,5,4,1,7,"Resolved on the first call, very satisfied.",21.19
951,1811,2025-04-02,2,1,1,1,2,Had to contact you multiple times for the same issue.,51.26
952,1812,2025-05-16,4,3,3,1,3,Issue was resolved but it took a while.,13.05
953,1817,2025-05-22,4,2,3,1,7,"Great service, very professional and helpful.",55.21
954,1820,2025-10-19,3,3,3,1,6,"Support was okay, nothing exceptional.",23.15
955,1821,2025-08-17,5,5,5,1,10,Quick response and clear explanation.,23.37
956,1823,2025-06-30,4,4,5,1,7,"Polite and knowledgeable support, thank you.",45.92
957,1824,2025-01-10,4,5,4,1,8,Agent was friendly and solved my issue quickly.,8.95
958,1825,2026-05-18,3,2,3,1,3,The problem was not resolved and no follow-up.,12.04
959,1826,2025-04-02,5,3,3,1,0,Got what I needed eventually.,24.15
960,1828,2026-04-13,4,2,1,1,3,Got what I needed eventually.,46.5
961,1830,2025-07-12,3,3,3,1,3,Issue was resolved but it took a while.,23.16
962,1831,2026-03-15,3,3,3,1,6,Quick response and clear explanation.,6.45
963,1832,2026-01-11,5,5,4,1,8,"Polite and knowledgeable support, thank you.",26.42
964,1833,2025-05-08,5,3,3,1,4,Average experience overall.,2.46
965,1836,2025-06-15,4,4,4,1,5,"Great service, very professional and helpful.",14.26
966,1839,2025-10-02,3,3,4,1,5,Issue was resolved but it took a while.,47.45
967,1842,2025-03-11,5,5,4,1,7,"Great service, very professional and helpful.",4.61
968,1843,2025-06-03,2,4,3,1,4,"Support was okay, nothing exceptional.",10.97
969,1845,2025-01-08,3,4,3,0,4,Got what I needed eventually.,20.15
970,1846,2025-02-20,5,4,4,1,6,"Polite and knowledgeable support, thank you.",6.54
971,1847,2025-05-25,3,5,4,1,2,"Resolved on the first call, very satisfied.",40.88
972,1848,2025-02-14,5,5,5,1,6,"Polite and knowledgeable support, thank you.",26.2
973,1850,2025-11-07,5,5,5,1,6,"Polite and knowledgeable support, thank you.",8.84
974,1853,2025-01-03,5,4,5,1,8,Agent was friendly and solved my issue quickly.,27.0
975,1854,2026-04-12,4,4,3,0,7,"Polite and knowledgeable support, thank you.",20.52
976,1855,2025-05-17,4,5,5,1,7,"Polite and knowledgeable support, thank you.",30.48
977,1857,2025-03-31,5,4,4,1,6,"Great service, very professional and helpful.",22.84
978,1858,2025-09-27,5,2,3,0,9,"Polite and knowledgeable support, thank you.",26.64
979,1859,2025-03-04,4,4,4,1,8,"Resolved on the first call, very satisfied.",30.85
980,1860,2025-11-13,5,3,4,1,8,Agent was friendly and solved my issue quickly.,6.18
981,1861,2025-09-17,3,3,4,1,5,Agent was friendly and solved my issue quickly.,23.95
982,1864,2026-01-12,4,5,5,1,6,"Great service, very professional and helpful.",0.4
983,1865,2025-07-22,3,3,2,1,4,"Support was okay, nothing exceptional.",12.9
984,1866,2026-01-07,5,5,5,1,10,Quick response and clear explanation.,13.62
985,1868,2026-03-19,4,4,4,1,6,"Polite and knowledgeable support, thank you.",37.19
986,1870,2026-06-24,5,5,5,1,10,Agent was friendly and solved my issue quickly.,25.33
987,1871,2025-04-16,4,4,2,1,3,"Resolved on the first call, very satisfied.",42.81
988,1872,2025-05-10,4,3,5,1,5,"Resolved on the first call, very satisfied.",36.47
989,1873,2025-10-06,5,5,4,1,9,"Great service, very professional and helpful.",3.1
990,1874,2026-05-30,5,5,5,0,8,"Polite and knowledgeable support, thank you.",10.64
991,1875,2026-05-23,4,3,3,0,7,Agent was friendly and solved my issue quickly.,56.03
992,1876,2026-07-26,5,5,3,1,7,"Polite and knowledgeable support, thank you.",12.44
993,1877,2026-05-11,4,4,2,0,8,Agent was friendly and solved my issue quickly.,59.64
994,1878,2025-04-29,4,4,4,1,4,Quick response and clear explanation.,21.3
995,1879,2025-01-28,3,3,4,0,0,Issue was resolved but it took a while.,13.75
996,1880,2025-06-14,5,3,4,1,9,Agent was friendly and solved my issue quickly.,14.66
997,1883,2026-02-15,2,2,3,0,0,"Very frustrating experience, poor communication.",26.82
998,1886,2026-08-02,4,2,1,1,1,Got what I needed eventually.,25.87
999,1892,2026-03-17,5,4,4,1,5,"Polite and knowledgeable support, thank you.",9.75
1000,1895,2026-02-10,3,4,4,1,6,Agent was friendly and solved my issue quickly.,18.53
1001,1896,2025-03-18,5,4,3,1,8,"Polite and knowledgeable support, thank you.",14.39
1002,1898,2025-11-27,3,2,4,0,2,"Support was okay, nothing exceptional.",21.23
1003,1901,2026-06-14,5,4,3,1,9,"Great service, very professional and helpful.",29.53
1004,1902,2026-07-19,2,2,2,0,0,Had to contact you multiple times for the same issue.,0.97
1005,1904,2026-02-13,4,3,4,1,4,"Polite and knowledgeable support, thank you.",27.45
1006,1905,2025-09-26,5,4,3,1,8,"Great service, very professional and helpful.",10.54
1007,1907,2025-03-08,5,5,4,1,8,"Great service, very professional and helpful.",50.54
1008,1909,2026-08-11,4,3,5,0,6,Quick response and clear explanation.,6.34
1009,1910,2025-10-10,3,5,2,1,2,Issue was resolved but it took a while.,10.07
1010,1914,2025-10-25,5,3,3,1,4,"Support was okay, nothing exceptional.",10.17
1011,1915,2026-03-16,5,5,4,1,7,"Great service, very professional and helpful.",49.57
1012,1916,2026-05-04,5,5,4,1,8,"Polite and knowledgeable support, thank you.",30.1
1013,1920,2025-10-08,5,5,4,0,6,Agent was friendly and solved my issue quickly.,11.46
1014,1921,2025-04-27,5,4,5,1,9,Agent was friendly and solved my issue quickly.,50.55
1015,1924,2025-02-03,5,5,4,1,9,Quick response and clear explanation.,2.95
1016,1926,2025-03-30,4,2,2,1,6,Quick response and clear explanation.,16.72
1017,1927,2025-02-04,3,4,3,1,7,Quick response and clear explanation.,60.56
1018,1929,2025-09-20,5,5,5,1,5,"Polite and knowledgeable support, thank you.",16.78
1019,1932,2026-03-15,4,2,3,0,2,Issue was resolved but it took a while.,31.22
1020,1933,2025-08-05,5,4,3,1,6,"Great service, very professional and helpful.",15.49
1021,1934,2025-11-27,3,3,3,1,7,The agent was fine but I had to wait.,34.99
1022,1935,2026-02-02,4,4,3,1,8,Got what I needed eventually.,36.68
1023,1937,2025-09-19,1,2,1,0,0,Agent was not helpful and seemed rushed.,10.86
1024,1938,2025-07-01,5,4,3,1,8,"Great service, very professional and helpful.",51.79
1025,1941,2025-08-26,3,4,3,1,6,"Support was okay, nothing exceptional.",23.7
1026,1944,2026-07-22,5,5,5,1,7,Agent was friendly and solved my issue quickly.,3.29
1027,1945,2026-03-10,5,5,4,1,6,"Great service, very professional and helpful.",11.34
1028,1946,2025-07-25,4,5,5,1,8,Agent was friendly and solved my issue quickly.,28.22
1029,1947,2026-01-27,4,5,4,1,9,"Great service, very professional and helpful.",50.54
1030,1950,2025-02-14,4,5,4,0,5,Agent was friendly and solved my issue quickly.,30.11
1031,1951,2025-05-26,4,3,4,1,4,Quick response and clear explanation.,13.21
1032,1952,2026-07-08,3,4,4,1,6,Quick response and clear explanation.,12.89
1033,1954,2025-09-02,5,3,3,1,5,"Great service, very professional and helpful.",18.21
1034,1955,2025-11-07,4,5,4,1,10,"Great service, very professional and helpful.",19.75
1035,1957,2025-04-04,4,4,3,1,7,Quick response and clear explanation.,14.06
1036,1965,2025-09-05,4,3,1,1,2,Waited far too long and the problem is still not fixed.,31.47
1037,1967,2026-08-14,4,4,3,1,6,Agent was friendly and solved my issue quickly.,53.82
1038,1969,2025-05-22,3,2,3,1,0,The agent was fine but I had to wait.,18.28
1039,1970,2025-03-31,2,4,4,0,2,"Support was okay, nothing exceptional.",15.46
1040,1973,2026-07-07,4,5,3,1,8,"Polite and knowledgeable support, thank you.",19.4
1041,1976,2026-07-15,5,4,5,1,9,"Polite and knowledgeable support, thank you.",20.52
1042,1978,2026-07-10,5,5,5,1,7,Agent was friendly and solved my issue quickly.,6.91
1043,1983,2025-01-28,5,5,5,1,8,Quick response and clear explanation.,60.92
1044,1987,2025-12-15,4,4,5,1,6,"Resolved on the first call, very satisfied.",43.84
1045,1988,2026-07-19,5,4,4,1,4,Quick response and clear explanation.,13.42
1046,1989,2025-03-11,5,4,4,1,7,"Great service, very professional and helpful.",46.08
1047,1991,2026-06-07,4,5,4,1,5,"Polite and knowledgeable support, thank you.",50.5
1048,1992,2025-12-12,4,3,4,1,7,"Great service, very professional and helpful.",15.55
1049,1993,2025-12-19,5,5,4,1,6,"Resolved on the first call, very satisfied.",67.49
1050,1996,2025-07-21,1,1,1,0,2,"Very frustrating experience, poor communication.",45.8
1051,1998,2026-05-23,5,3,3,1,7,Quick response and clear explanation.,34.62
1052,2001,2026-01-02,5,5,4,1,6,Agent was friendly and solved my issue quickly.,34.63
1053,2002,2025-05-01,4,5,4,1,5,Agent was friendly and solved my issue quickly.,10.65
1054,2005,2025-12-29,5,5,4,1,9,Quick response and clear explanation.,2.26
1055,2009,2026-03-24,5,5,3,1,5,"Great service, very professional and helpful.",12.53
1056,2011,2026-07-04,5,4,3,1,5,"Great service, very professional and helpful.",32.72
1057,2013,2025-02-26,3,3,2,1,4,Average experience overall.,4.45
1058,2014,2025-06-09,5,4,3,1,5,"Resolved on the first call, very satisfied.",10.84
1059,2015,2025-04-25,5,4,4,1,10,Agent was friendly and solved my issue quickly.,21.53
1060,2019,2025-01-04,4,3,2,1,5,The agent was fine but I had to wait.,3.83
1061,2021,2026-03-05,2,4,3,0,6,Issue was resolved but it took a while.,44.48
1062,2022,2026-06-30,5,5,4,1,9,Agent was friendly and solved my issue quickly.,42.56
1063,2023,2026-02-03,4,4,3,1,1,"Great service, very professional and helpful.",23.27
1064,2025,2025-02-12,5,5,3,1,9,"Resolved on the first call, very satisfied.",5.25
1065,2027,2025-11-12,4,2,4,0,7,Quick response and clear explanation.,20.47
1066,2031,2025-04-14,4,5,4,0,10,"Great service, very professional and helpful.",42.24
1067,2032,2026-08-10,4,5,5,1,5,"Polite and knowledgeable support, thank you.",24.33
1068,2033,2026-01-13,4,4,4,1,7,Quick response and clear explanation.,51.49
1069,2034,2025-03-22,4,3,4,1,7,Agent was friendly and solved my issue quickly.,13.81
1070,2035,2026-02-07,3,3,4,0,4,Issue was resolved but it took a while.,33.72
1071,2036,2025-12-11,5,5,5,1,8,Agent was friendly and solved my issue quickly.,10.61
1072,2039,2025-12-17,5,5,5,1,10,Agent was friendly and solved my issue quickly.,21.92
1073,2041,2025-05-04,5,5,5,0,8,Agent was friendly and solved my issue quickly.,29.77
1074,2042,2025-07-21,4,4,3,1,6,"Great service, very professional and helpful.",6.78
1075,2044,2025-05-08,4,5,4,1,3,"Resolved on the first call, very satisfied.",27.57
1076,2045,2025-10-16,5,3,4,1,6,Quick response and clear explanation.,13.98
1077,2046,2025-09-25,5,4,5,1,8,Agent was friendly and solved my issue quickly.,4.87
1078,2047,2025-01-29,5,3,4,1,4,"Great service, very professional and helpful.",40.86
1079,2048,2025-05-18,5,3,4,1,6,Agent was friendly and solved my issue quickly.,26.43
1080,2049,2025-02-18,3,4,3,0,3,Agent was friendly and solved my issue quickly.,5.55
1081,2052,2025-11-06,3,2,3,1,3,"Support was okay, nothing exceptional.",6.24
1082,2053,2025-02-07,5,4,5,1,8,Agent was friendly and solved my issue quickly.,46.66
1083,2057,2025-08-18,2,3,2,0,1,Agent was not helpful and seemed rushed.,43.03
1084,2058,2025-02-21,2,2,3,0,1,Waited far too long and the problem is still not fixed.,2.54
1085,2059,2025-02-10,4,3,3,1,4,Issue was resolved but it took a while.,15.7
1086,2061,2025-09-27,4,3,4,1,4,Got what I needed eventually.,14.97
1087,2063,2025-10-28,3,5,3,1,6,Issue was resolved but it took a while.,20.46
1088,2068,2025-03-02,5,5,5,1,10,Agent was friendly and solved my issue quickly.,19.35
1089,2071,2025-12-18,5,4,5,1,9,"Polite and knowledgeable support, thank you.",12.41
1090,2072,2026-04-11,5,5,5,1,10,"Great service, very professional and helpful.",57.24
1091,2074,2025-03-19,4,5,4,1,8,Quick response and clear explanation.,48.92
1092,2075,2026-08-05,5,5,3,1,8,Agent was friendly and solved my issue quickly.,25.61
1093,2076,2026-02-06,3,3,4,1,7,"Support was okay, nothing exceptional.",42.52
1094,2077,2026-03-08,2,4,4,0,5,"Support was okay, nothing exceptional.",17.27
1095,2078,2025-04-06,5,5,4,1,6,Agent was friendly and solved my issue quickly.,41.18
1096,2081,2026-03-09,4,5,4,0,8,Agent was friendly and solved my issue quickly.,27.49
1097,2082,2026-04-08,5,5,4,1,10,"Resolved on the first call, very satisfied.",38.29
1098,2083,2025-02-04,5,4,3,1,7,Agent was friendly and solved my issue quickly.,24.97
1099,2088,2026-03-03,5,4,5,1,8,"Resolved on the first call, very satisfied.",40.53
1100,2090,2025-09-23,4,4,3,1,8,"Great service, very professional and helpful.",20.58
1101,2091,2026-07-30,5,5,4,0,10,"Polite and knowledgeable support, thank you.",18.55
1102,2092,2026-08-16,3,3,2,1,6,Average experience overall.,30.09
1103,2094,2025-12-03,4,3,1,1,2,Issue was resolved but it took a while.,19.73
1104,2095,2025-05-18,3,4,2,1,3,Agent was not helpful and seemed rushed.,63.78
1105,2096,2025-08-18,5,4,2,1,5,Agent was friendly and solved my issue quickly.,7.22
1106,2101,2025-05-21,5,4,4,1,8,"Resolved on the first call, very satisfied.",43.86
1107,2102,2025-08-27,4,4,4,1,5,Agent was friendly and solved my issue quickly.,6.6
1108,2104,2025-02-23,5,5,5,1,10,"Great service, very professional and helpful.",40.1
1109,2106,2025-06-17,3,3,4,0,4,Got what I needed eventually.,0.37
1110,2108,2026-02-17,3,4,4,1,6,"Polite and knowledgeable support, thank you.",22.36
1111,2109,2025-03-13,5,4,5,0,5,"Resolved on the first call, very satisfied.",26.81
1112,2110,2025-05-28,3,4,2,1,5,Got what I needed eventually.,32.96
1113,2112,2025-08-31,4,5,4,1,7,"Resolved on the first call, very satisfied.",23.23
1114,2114,2026-03-01,5,5,4,0,6,"Resolved on the first call, very satisfied.",25.51
1115,2115,2026-05-25,5,4,5,1,9,"Polite and knowledgeable support, thank you.",40.88
1116,2116,2026-02-01,3,3,4,1,2,"Support was okay, nothing exceptional.",6.47
1117,2117,2025-12-17,3,3,3,1,5,Average experience overall.,32.01
1118,2120,2025-05-04,5,4,5,1,8,"Great service, very professional and helpful.",16.38
1119,2121,2026-04-11,5,4,5,1,7,"Polite and knowledgeable support, thank you.",1.05
1120,2122,2025-09-16,5,4,3,1,2,"Great service, very professional and helpful.",12.0
1121,2123,2025-05-27,3,3,2,0,3,Average experience overall.,11.95
1122,2124,2025-05-30,5,4,4,1,5,"Great service, very professional and helpful.",30.64
1123,2125,2025-01-03,5,4,3,0,9,"Resolved on the first call, very satisfied.",2.72
1124,2126,2026-06-18,4,5,4,1,7,"Great service, very professional and helpful.",20.8
1125,2127,2026-01-23,3,3,3,1,3,Average experience overall.,7.34
1126,2129,2025-07-10,5,4,3,1,5,"Resolved on the first call, very satisfied.",19.49
1127,2130,2025-03-26,5,4,4,1,8,Agent was friendly and solved my issue quickly.,17.79
1128,2140,2026-05-31,5,4,4,1,8,Quick response and clear explanation.,12.65
1129,2146,2026-06-13,4,5,4,0,9,"Resolved on the first call, very satisfied.",12.51
1130,2148,2025-07-14,5,5,4,1,6,"Resolved on the first call, very satisfied.",29.3
1131,2150,2026-02-13,5,4,4,1,5,"Polite and knowledgeable support, thank you.",14.11
1132,2151,2025-08-03,2,3,1,1,1,Waited far too long and the problem is still not fixed.,48.76
1133,2154,2026-06-04,4,3,3,1,7,"Polite and knowledgeable support, thank you.",31.65
1134,2156,2026-05-24,4,4,3,0,7,Quick response and clear explanation.,54.54
1135,2157,2026-07-07,5,5,5,0,9,"Polite and knowledgeable support, thank you.",4.74
1136,2160,2026-01-22,5,5,5,1,9,"Polite and knowledgeable support, thank you.",14.57
1137,2161,2026-04-07,5,5,5,1,8,Quick response and clear explanation.,36.01
1138,2162,2026-03-24,4,5,5,1,6,Quick response and clear explanation.,18.1
1139,2163,2026-05-04,5,3,3,1,6,"Resolved on the first call, very satisfied.",35.26
1140,2164,2026-02-12,3,3,3,0,1,Average experience overall.,23.57
1141,2166,2026-04-20,3,4,3,1,4,The agent was fine but I had to wait.,0.84
1142,2167,2026-07-03,5,4,4,0,8,"Great service, very professional and helpful.",22.47
1143,2171,2025-11-13,4,3,3,1,5,"Polite and knowledgeable support, thank you.",39.85
1144,2175,2026-08-07,3,4,5,1,4,Agent was friendly and solved my issue quickly.,6.15
1145,2176,2025-02-08,5,4,4,1,7,"Great service, very professional and helpful.",54.96
1146,2179,2025-05-12,5,4,4,1,7,"Polite and knowledgeable support, thank you.",22.43
1147,2180,2025-07-07,3,5,3,1,3,The agent was fine but I had to wait.,34.34
1148,2183,2026-05-17,5,4,4,0,6,Quick response and clear explanation.,23.19
1149,2184,2025-09-17,5,5,5,1,8,Agent was friendly and solved my issue quickly.,45.06
1150,2186,2026-07-26,5,5,5,1,9,"Great service, very professional and helpful.",34.53
1151,2188,2025-02-27,3,3,3,1,2,"Support was okay, nothing exceptional.",14.71
1152,2193,2025-09-06,5,5,4,0,10,Quick response and clear explanation.,43.5
1153,2195,2025-03-08,5,3,3,1,8,Quick response and clear explanation.,23.64
1154,2196,2026-05-11,2,3,3,1,7,Average experience overall.,4.32
1155,2197,2026-01-27,3,2,1,0,1,Had to contact you multiple times for the same issue.,4.81
1156,2198,2025-11-16,2,4,4,1,5,"Support was okay, nothing exceptional.",36.67
1157,2201,2025-03-31,4,5,5,1,9,"Resolved on the first call, very satisfied.",14.67
1158,2204,2025-04-26,4,2,3,1,5,The agent was fine but I had to wait.,33.0
1159,2207,2026-02-07,4,4,4,1,6,"Polite and knowledgeable support, thank you.",26.09
1160,2208,2025-04-29,5,5,4,1,7,"Polite and knowledgeable support, thank you.",38.34
1161,2209,2025-01-26,5,5,5,1,6,"Polite and knowledgeable support, thank you.",14.98
1162,2210,2026-04-27,3,2,2,1,6,Average experience overall.,26.32
1163,2211,2025-04-04,4,5,3,1,7,"Polite and knowledgeable support, thank you.",10.55
1164,2212,2025-11-24,5,4,3,1,9,"Great service, very professional and helpful.",21.05
1165,2214,2025-09-09,4,3,2,1,6,Got what I needed eventually.,29.89
1166,2216,2026-06-30,5,5,5,1,8,Agent was friendly and solved my issue quickly.,20.68
1167,2220,2025-10-27,3,4,3,1,3,"Support was okay, nothing exceptional.",37.22
1168,2221,2026-04-13,5,5,5,1,10,Agent was friendly and solved my issue quickly.,8.61
1169,2222,2025-10-31,4,5,3,1,6,"Resolved on the first call, very satisfied.",16.4
1170,2224,2025-02-14,5,4,5,1,6,Agent was friendly and solved my issue quickly.,4.53
1171,2225,2025-05-28,4,4,3,1,4,Quick response and clear explanation.,7.88
1172,2227,2026-03-06,3,2,4,1,2,Issue was resolved but it took a while.,5.17
1173,2230,2025-05-09,2,5,3,0,2,"Support was okay, nothing exceptional.",29.77
1174,2231,2026-01-30,5,5,3,1,5,Agent was friendly and solved my issue quickly.,26.33
1175,2232,2025-07-31,5,5,5,1,8,Agent was friendly and solved my issue quickly.,20.23
1176,2239,2025-11-15,5,3,3,1,3,Got what I needed eventually.,41.05
1177,2242,2025-04-14,4,3,3,1,7,"Polite and knowledgeable support, thank you.",5.89
1178,2243,2025-08-10,5,5,5,1,9,Agent was friendly and solved my issue quickly.,29.97
1179,2244,2025-12-11,4,5,3,1,10,"Great service, very professional and helpful.",9.4
1180,2245,2025-02-02,5,4,3,1,6,"Resolved on the first call, very satisfied.",8.03
1181,2246,2025-01-14,4,4,4,1,10,"Great service, very professional and helpful.",21.84
1182,2247,2025-04-07,2,3,2,1,0,Average experience overall.,37.05
1183,2248,2026-05-25,5,3,3,0,3,Average experience overall.,40.99
1184,2249,2025-04-26,2,1,2,1,3,Had to contact you multiple times for the same issue.,3.1
1185,2252,2025-01-19,5,5,5,1,9,Quick response and clear explanation.,4.29
1186,2253,2025-08-05,5,3,4,1,4,Quick response and clear explanation.,46.89
1187,2263,2025-06-04,5,5,4,0,6,"Great service, very professional and helpful.",40.61
1188,2264,2025-12-05,3,5,4,1,5,Agent was friendly and solved my issue quickly.,29.41
1189,2265,2026-02-20,5,4,5,1,5,Quick response and clear explanation.,40.1
1190,2266,2025-05-04,4,5,3,1,2,"Resolved on the first call, very satisfied.",1.2
1191,2267,2026-05-23,4,3,2,1,6,Got what I needed eventually.,21.64
1192,2268,2025-02-17,5,5,5,1,7,"Resolved on the first call, very satisfied.",26.41
1193,2269,2026-05-10,4,3,3,1,9,Quick response and clear explanation.,38.45
1194,2271,2025-11-23,4,4,4,1,6,"Great service, very professional and helpful.",19.28
1195,2273,2025-09-05,5,5,4,1,5,"Great service, very professional and helpful.",36.51
1196,2277,2025-05-26,5,5,3,1,7,"Polite and knowledgeable support, thank you.",18.68
1197,2278,2026-01-05,5,4,4,1,8,"Resolved on the first call, very satisfied.",1.22
1198,2281,2025-03-07,4,4,3,1,6,"Resolved on the first call, very satisfied.",38.84
1199,2282,2026-06-21,4,3,3,1,9,"Resolved on the first call, very satisfied.",36.77
1200,2283,2026-03-15,5,4,3,1,2,"Polite and knowledgeable support, thank you.",33.83
1201,2284,2026-03-18,3,4,4,1,9,Quick response and clear explanation.,19.91
1202,2286,2025-11-07,5,3,3,0,9,"Great service, very professional and helpful.",35.72
1203,2287,2026-05-22,5,4,4,1,5,Agent was friendly and solved my issue quickly.,56.15
1204,2291,2026-05-02,4,4,3,1,4,The agent was fine but I had to wait.,29.81
1205,2292,2026-06-08,4,4,4,1,7,"Great service, very professional and helpful.",11.45
1206,2294,2025-04-01,5,4,5,1,5,Agent was friendly and solved my issue quickly.,26.84
1207,2297,2026-03-18,5,5,3,1,6,"Polite and knowledgeable support, thank you.",45.37
1208,2298,2026-06-26,3,4,3,0,5,The agent was fine but I had to wait.,7.5
1209,2299,2025-04-16,3,2,2,1,3,"Support was okay, nothing exceptional.",34.11
1210,2300,2025-07-12,4,4,3,1,5,Quick response and clear explanation.,50.12
1211,2301,2026-05-26,3,2,3,1,3,Average experience overall.,20.43
1212,2302,2025-07-26,3,2,3,1,2,Average experience overall.,2.9
1213,2304,2026-04-26,5,4,3,1,9,Quick response and clear explanation.,41.08
1214,2305,2025-02-24,5,5,4,1,8,Quick response and clear explanation.,33.43
1215,2306,2025-05-04,4,3,3,1,9,"Polite and knowledgeable support, thank you.",7.75
1216,2307,2026-06-28,3,1,2,1,5,The problem was not resolved and no follow-up.,10.55
1217,2308,2026-04-27,2,1,1,0,1,Agent was not helpful and seemed rushed.,28.27
1218,2309,2025-07-30,3,3,2,1,3,"Support was okay, nothing exceptional.",35.94
1219,2310,2026-05-15,5,3,2,0,9,Agent was friendly and solved my issue quickly.,36.9
1220,2312,2025-09-24,5,4,3,0,7,"Polite and knowledgeable support, thank you.",16.93
1221,2314,2026-04-13,5,5,5,1,9,"Great service, very professional and helpful.",21.54
1222,2316,2025-02-28,5,3,3,1,10,Agent was friendly and solved my issue quickly.,31.18
1223,2317,2025-07-24,5,2,3,1,7,Quick response and clear explanation.,34.62
1224,2321,2026-02-05,5,5,4,1,7,Quick response and clear explanation.,44.27
1225,2326,2026-01-24,4,4,4,1,8,Agent was friendly and solved my issue quickly.,41.29
1226,2328,2026-04-20,5,4,4,0,7,"Resolved on the first call, very satisfied.",17.82
1227,2329,2026-02-01,5,2,5,0,7,"Polite and knowledgeable support, thank you.",43.53
1228,2330,2026-05-15,2,1,1,1,7,Waited far too long and the problem is still not fixed.,4.12
1229,2331,2025-12-02,4,4,4,1,6,Agent was friendly and solved my issue quickly.,30.81
1230,2334,2025-08-01,4,5,5,0,5,Agent was friendly and solved my issue quickly.,5.59
1231,2335,2025-08-13,5,4,4,0,2,Agent was friendly and solved my issue quickly.,14.86
1232,2336,2026-06-22,4,3,4,1,3,"Great service, very professional and helpful.",28.66
1233,2338,2025-12-04,5,5,5,1,6,Quick response and clear explanation.,12.03
1234,2339,2025-03-02,3,3,4,1,5,Agent was friendly and solved my issue quickly.,2.57
1235,2341,2026-02-20,5,3,3,1,7,Quick response and clear explanation.,36.47
1236,2343,2025-06-19,4,2,3,0,3,Issue was resolved but it took a while.,23.01
1237,2347,2025-01-21,5,4,3,1,7,"Resolved on the first call, very satisfied.",6.53
1238,2348,2025-02-05,2,2,3,1,8,"Support was okay, nothing exceptional.",43.87
1239,2349,2025-08-21,4,3,4,1,5,"Resolved on the first call, very satisfied.",53.49
1240,2351,2026-07-20,4,5,3,1,7,"Polite and knowledgeable support, thank you.",34.38
1241,2352,2026-07-10,4,4,4,0,7,"Great service, very professional and helpful.",27.86
1242,2353,2025-03-05,5,3,1,1,4,Average experience overall.,43.56
1243,2355,2026-06-05,4,2,2,0,3,Average experience overall.,57.14
1244,2361,2025-02-06,3,3,1,1,2,"Very frustrating experience, poor communication.",35.3
1245,2362,2025-09-11,5,5,5,1,4,"Resolved on the first call, very satisfied.",24.71
1246,2365,2025-05-30,4,4,3,1,4,Agent was friendly and solved my issue quickly.,31.9
1247,2368,2025-05-13,5,4,4,1,10,Quick response and clear explanation.,1.72
1248,2370,2025-06-16,5,5,4,0,8,"Resolved on the first call, very satisfied.",63.44
1249,2373,2026-04-19,3,4,2,1,6,The agent was fine but I had to wait.,7.2
1250,2374,2026-05-31,4,3,4,0,5,Issue was resolved but it took a while.,8.3
1251,2376,2026-08-16,3,5,3,1,8,"Resolved on the first call, very satisfied.",63.95
1252,2378,2026-01-05,4,4,2,1,4,Average experience overall.,10.67
1253,2381,2025-06-15,3,3,3,1,4,Average experience overall.,50.79
1254,2382,2025-11-05,5,5,4,1,6,"Resolved on the first call, very satisfied.",10.66
1255,2385,2025-09-28,5,3,3,1,6,Agent was friendly and solved my issue quickly.,40.82
1256,2386,2025-02-11,5,4,4,1,7,"Polite and knowledgeable support, thank you.",7.5
1257,2390,2025-12-30,4,5,3,1,8,Quick response and clear explanation.,23.93
1258,2391,2025-06-02,5,4,4,1,5,"Great service, very professional and helpful.",19.62
1259,2394,2025-02-04,4,3,3,1,5,"Great service, very professional and helpful.",26.5
1260,2395,2025-03-15,1,1,1,1,1,The problem was not resolved and no follow-up.,19.19
1261,2398,2025-12-11,5,4,5,1,10,Quick response and clear explanation.,3.6
1262,2399,2026-07-05,3,3,4,1,4,Got what I needed eventually.,37.67
1263,2400,2025-06-28,4,5,4,0,6,Quick response and clear explanation.,18.06
1264,2401,2025-08-23,5,5,4,1,6,Quick response and clear explanation.,30.16
1265,2406,2026-07-22,3,1,1,0,0,"Very frustrating experience, poor communication.",19.34
1266,2407,2026-04-10,5,5,5,1,9,"Polite and knowledgeable support, thank you.",14.48
1267,2409,2026-03-16,4,3,1,0,3,Average experience overall.,27.57
1268,2410,2026-02-12,4,4,4,1,4,"Polite and knowledgeable support, thank you.",20.98
1269,2411,2025-07-11,1,3,2,0,1,The problem was not resolved and no follow-up.,43.59
1270,2412,2026-06-10,5,5,4,1,10,"Polite and knowledgeable support, thank you.",12.01
1271,2413,2025-08-01,2,4,2,0,1,The agent was fine but I had to wait.,4.45
1272,2415,2025-03-03,4,5,3,1,5,"Polite and knowledgeable support, thank you.",10.06
1273,2416,2026-04-01,4,3,4,1,5,Quick response and clear explanation.,44.99
1274,2417,2025-01-18,5,5,4,1,8,"Great service, very professional and helpful.",34.5
1275,2418,2026-07-05,5,2,3,1,2,Got what I needed eventually.,35.62
1276,2420,2025-06-27,5,5,5,1,9,"Resolved on the first call, very satisfied.",14.45
1277,2430,2025-12-04,5,5,5,1,5,Quick response and clear explanation.,61.6
1278,2431,2026-04-26,3,4,5,1,5,Quick response and clear explanation.,34.96
1279,2433,2025-05-05,5,5,3,1,9,"Polite and knowledgeable support, thank you.",32.2
1280,2434,2025-08-13,3,3,3,1,2,Issue was resolved but it took a while.,17.53
1281,2435,2025-07-03,4,4,4,1,7,Agent was friendly and solved my issue quickly.,21.81
1282,2436,2025-01-21,3,3,5,1,9,"Resolved on the first call, very satisfied.",11.05
1283,2437,2026-02-21,3,3,2,1,3,"Great service, very professional and helpful.",24.86
1284,2439,2026-03-13,5,4,4,1,6,"Great service, very professional and helpful.",9.66
1285,2441,2026-04-09,5,5,4,1,5,"Great service, very professional and helpful.",0.95
1286,2442,2026-03-17,3,3,2,1,4,The agent was fine but I had to wait.,40.84
1287,2443,2025-05-15,5,5,5,1,9,"Resolved on the first call, very satisfied.",29.45
1288,2444,2025-02-21,5,5,5,0,10,"Polite and knowledgeable support, thank you.",5.78
1289,2451,2026-04-24,4,4,3,1,6,"Polite and knowledgeable support, thank you.",15.05
1290,2455,2025-08-29,2,3,3,1,5,Average experience overall.,58.53
1291,2457,2026-02-17,4,3,3,1,8,"Resolved on the first call, very satisfied.",8.19
1292,2458,2026-02-25,4,3,4,1,3,"Support was okay, nothing exceptional.",28.36
1293,2460,2025-11-22,4,4,5,1,6,Agent was friendly and solved my issue quickly.,18.98
1294,2462,2025-03-16,5,5,3,1,6,Quick response and clear explanation.,15.68
1295,2463,2025-10-11,2,3,4,1,4,"Resolved on the first call, very satisfied.",21.58
1296,2466,2025-09-04,5,5,5,1,8,Quick response and clear explanation.,25.06
1297,2468,2025-09-26,4,5,4,1,7,"Resolved on the first call, very satisfied.",26.15
1298,2469,2026-05-21,5,5,4,1,10,Agent was friendly and solved my issue quickly.,9.73
1299,2471,2026-07-08,3,4,4,1,6,Agent was friendly and solved my issue quickly.,15.23
1300,2472,2026-01-18,5,5,4,1,7,Quick response and clear explanation.,38.97
1301,2473,2025-01-14,4,5,5,1,9,"Great service, very professional and helpful.",10.63
1302,2476,2025-06-23,5,3,5,1,8,"Polite and knowledgeable support, thank you.",27.6
1303,2478,2025-12-14,5,4,4,1,4,"Polite and knowledgeable support, thank you.",54.79
1304,2479,2025-04-28,5,3,3,1,8,Agent was friendly and solved my issue quickly.,21.95
1305,2480,2025-11-21,5,5,3,1,6,Quick response and clear explanation.,35.77
1306,2482,2026-02-06,4,4,5,1,8,Quick response and clear explanation.,20.01
1307,2487,2026-03-17,5,4,4,1,8,"Great service, very professional and helpful.",21.83
1308,2489,2025-07-26,3,3,2,0,5,Issue was resolved but it took a while.,23.91
1309,2492,2026-07-28,5,4,5,1,6,Agent was friendly and solved my issue quickly.,36.05
1310,2493,2025-05-06,5,3,3,0,1,The agent was fine but I had to wait.,26.66
1311,2494,2026-02-21,5,5,5,1,8,"Resolved on the first call, very satisfied.",22.15
1312,2496,2026-07-10,5,4,4,1,7,"Resolved on the first call, very satisfied.",18.19
1313,2497,2025-07-23,4,5,5,1,4,Quick response and clear explanation.,30.07
1314,2499,2026-03-29,5,4,5,1,2,Agent was friendly and solved my issue quickly.,34.75
1315,2500,2026-08-05,5,5,3,1,6,"Resolved on the first call, very satisfied.",13.95
1316,2501,2025-02-27,5,5,4,1,9,"Polite and knowledgeable support, thank you.",38.02
1317,2502,2025-11-06,5,5,4,1,9,"Great service, very professional and helpful.",20.35
1318,2503,2026-05-24,5,5,5,1,10,"Polite and knowledgeable support, thank you.",39.89
1319,2504,2025-07-11,4,3,3,0,9,"Great service, very professional and helpful.",14.26
1320,2505,2025-04-14,3,3,3,0,3,Average experience overall.,17.63
1321,2507,2025-05-18,5,5,4,1,8,Agent was friendly and solved my issue quickly.,14.38
1322,2508,2025-07-13,5,3,5,1,4,"Resolved on the first call, very satisfied.",51.42
1323,2509,2025-02-18,5,3,5,0,5,Quick response and clear explanation.,15.96
1324,2510,2025-07-16,4,5,4,1,10,"Great service, very professional and helpful.",8.84
1325,2511,2026-06-25,4,5,3,1,3,"Great service, very professional and helpful.",35.05
1326,2512,2025-12-19,2,4,4,1,2,Issue was resolved but it took a while.,32.08
1327,2513,2025-08-17,3,5,5,1,5,"Polite and knowledgeable support, thank you.",20.5
1328,2516,2026-05-06,5,5,4,1,8,Agent was friendly and solved my issue quickly.,32.5
1329,2522,2026-08-10,2,3,4,0,2,"Support was okay, nothing exceptional.",28.48
1330,2523,2026-06-06,4,5,5,1,6,"Polite and knowledgeable support, thank you.",16.41
1331,2524,2025-08-02,5,4,1,1,5,"Resolved on the first call, very satisfied.",21.76
1332,2527,2025-03-17,2,3,2,1,5,"Very frustrating experience, poor communication.",26.62
1333,2530,2026-07-15,5,5,2,1,6,"Great service, very professional and helpful.",10.7
1334,2531,2025-03-22,4,2,3,0,5,The agent was fine but I had to wait.,18.63
1335,2532,2025-12-02,4,5,3,1,4,Agent was friendly and solved my issue quickly.,30.09
1336,2534,2026-03-05,5,2,3,1,6,"Resolved on the first call, very satisfied.",12.01
1337,2535,2026-02-23,5,3,3,0,9,"Great service, very professional and helpful.",43.94
1338,2536,2025-04-14,3,4,4,1,4,"Great service, very professional and helpful.",16.86
1339,2537,2026-06-29,5,5,4,1,8,Quick response and clear explanation.,13.75
1340,2538,2025-09-21,4,2,2,1,5,The agent was fine but I had to wait.,8.94
1341,2540,2025-02-13,5,5,4,1,6,Quick response and clear explanation.,2.16
1342,2543,2026-05-14,5,5,4,1,9,"Great service, very professional and helpful.",26.0
1343,2544,2026-02-05,4,4,3,0,5,"Resolved on the first call, very satisfied.",20.53
1344,2548,2026-04-27,4,2,3,1,7,Got what I needed eventually.,47.68
1345,2549,2026-07-01,4,5,4,1,9,"Polite and knowledgeable support, thank you.",14.28
1346,2552,2025-08-17,3,3,4,1,5,"Great service, very professional and helpful.",69.74
1347,2558,2025-08-25,3,5,4,1,5,Quick response and clear explanation.,16.82
1348,2561,2025-02-14,4,5,3,1,4,Agent was friendly and solved my issue quickly.,63.82
1349,2562,2025-11-08,4,3,3,1,6,"Resolved on the first call, very satisfied.",46.64
1350,2564,2025-06-05,5,5,5,1,8,Quick response and clear explanation.,13.97
1351,2568,2025-05-18,4,4,3,1,7,"Polite and knowledgeable support, thank you.",47.08
1352,2569,2026-06-09,5,5,4,1,8,"Resolved on the first call, very satisfied.",14.65
1353,2572,2025-12-05,3,3,4,0,5,The agent was fine but I had to wait.,13.34
1354,2573,2025-04-08,4,4,4,1,8,"Polite and knowledgeable support, thank you.",24.49
1355,2576,2026-02-08,3,2,2,1,4,Had to contact you multiple times for the same issue.,13.5
1356,2577,2025-05-28,3,3,2,1,5,Average experience overall.,21.09
1357,2578,2026-08-15,5,3,5,1,7,Agent was friendly and solved my issue quickly.,45.33
1358,2579,2025-03-10,3,5,4,1,9,"Polite and knowledgeable support, thank you.",26.16
1359,2582,2026-01-16,5,4,4,1,5,"Polite and knowledgeable support, thank you.",42.07
1360,2583,2026-01-19,4,5,2,1,7,"Polite and knowledgeable support, thank you.",41.3
1361,2585,2026-08-11,5,3,3,1,3,Average experience overall.,3.71
1362,2587,2025-04-10,2,3,3,1,1,Got what I needed eventually.,52.24
1363,2588,2026-05-08,3,4,3,1,2,Got what I needed eventually.,22.14
1364,2589,2025-01-29,3,3,3,0,2,"Support was okay, nothing exceptional.",20.72
1365,2590,2025-02-02,5,5,3,1,5,"Great service, very professional and helpful.",51.33
1366,2597,2026-01-21,4,5,4,1,4,Agent was friendly and solved my issue quickly.,5.93
1367,2598,2026-01-30,4,3,4,1,3,Got what I needed eventually.,67.93
1368,2599,2025-04-08,4,3,2,0,7,The agent was fine but I had to wait.,17.31
1369,2600,2025-12-10,5,5,5,1,7,"Polite and knowledgeable support, thank you.",9.91
1370,2602,2025-03-11,5,4,3,1,8,"Great service, very professional and helpful.",29.4
1371,2603,2025-07-23,3,4,4,1,4,Got what I needed eventually.,21.65
1372,2604,2025-08-07,4,3,4,1,2,The agent was fine but I had to wait.,5.54
1373,2606,2026-07-04,3,2,1,1,7,Average experience overall.,15.3
1374,2607,2026-05-12,5,5,4,1,9,"Polite and knowledgeable support, thank you.",39.94
1375,2608,2025-04-12,5,2,3,1,4,"Resolved on the first call, very satisfied.",37.99
1376,2609,2026-07-19,5,3,2,1,5,The agent was fine but I had to wait.,44.07
1377,2611,2025-07-10,1,3,4,1,3,The problem was not resolved and no follow-up.,11.11
1378,2612,2025-05-26,5,4,4,1,9,Quick response and clear explanation.,79.17
1379,2613,2025-11-20,5,3,5,1,6,Quick response and clear explanation.,16.71
1380,2615,2025-05-14,5,4,3,1,5,"Resolved on the first call, very satisfied.",0.74
1381,2616,2025-08-03,4,4,3,1,8,"Great service, very professional and helpful.",33.61
1382,2617,2026-01-24,4,5,4,1,4,Agent was friendly and solved my issue quickly.,1.56
1383,2618,2025-12-11,3,2,3,1,7,Agent was friendly and solved my issue quickly.,40.38
1384,2619,2025-06-29,5,4,2,1,6,"Polite and knowledgeable support, thank you.",47.61
1385,2620,2026-04-12,4,4,3,1,4,"Great service, very professional and helpful.",12.49
1386,2622,2026-01-17,5,5,4,1,8,"Great service, very professional and helpful.",12.56
1387,2623,2026-06-10,5,4,3,1,6,"Polite and knowledgeable support, thank you.",56.32
1388,2624,2026-02-22,4,5,4,1,7,"Polite and knowledgeable support, thank you.",19.15
1389,2625,2025-11-23,5,4,2,1,2,Average experience overall.,6.8
1390,2628,2026-07-16,3,3,2,0,4,Issue was resolved but it took a while.,5.38
1391,2629,2025-01-28,3,5,4,1,4,"Polite and knowledgeable support, thank you.",2.25
1392,2633,2025-01-21,4,5,3,1,7,"Resolved on the first call, very satisfied.",4.07
1393,2634,2025-07-23,4,5,5,1,7,"Polite and knowledgeable support, thank you.",19.82
1394,2640,2025-10-09,4,4,3,1,6,Agent was friendly and solved my issue quickly.,38.68
1395,2644,2025-11-19,4,5,3,1,7,"Resolved on the first call, very satisfied.",34.19
1396,2646,2025-07-26,2,1,2,0,2,Had to contact you multiple times for the same issue.,14.71
1397,2649,2025-07-28,3,4,1,1,1,The problem was not resolved and no follow-up.,10.15
1398,2652,2026-06-10,4,3,2,1,6,Got what I needed eventually.,53.49
1399,2653,2026-05-28,4,5,4,1,5,Agent was friendly and solved my issue quickly.,6.74
1400,2655,2025-08-13,4,4,4,1,7,"Great service, very professional and helpful.",7.52
1401,2656,2025-12-20,3,4,5,0,4,"Great service, very professional and helpful.",28.78
1402,2657,2026-01-09,2,3,3,1,6,Got what I needed eventually.,17.89
1403,2658,2026-01-04,4,5,5,1,5,"Resolved on the first call, very satisfied.",11.84
1404,2660,2026-01-10,3,4,2,1,4,The agent was fine but I had to wait.,13.24
1405,2661,2026-02-20,4,5,4,0,2,"Great service, very professional and helpful.",34.53
1406,2664,2026-02-27,5,4,4,1,5,"Resolved on the first call, very satisfied.",17.03
1407,2666,2025-05-29,4,5,4,1,8,Agent was friendly and solved my issue quickly.,11.86
1408,2673,2026-06-08,3,3,2,0,4,The agent was fine but I had to wait.,12.58
1409,2676,2026-02-19,4,4,3,1,5,"Resolved on the first call, very satisfied.",18.79
1410,2678,2026-03-21,5,5,5,1,3,"Great service, very professional and helpful.",42.46
1411,2679,2025-03-12,3,5,3,1,6,"Polite and knowledgeable support, thank you.",10.28
1412,2682,2025-01-23,5,4,3,1,9,"Resolved on the first call, very satisfied.",32.5
1413,2683,2025-11-07,4,5,4,1,7,"Great service, very professional and helpful.",14.84
1414,2685,2026-04-13,4,4,4,1,5,Quick response and clear explanation.,10.62
1415,2689,2026-07-07,5,3,3,1,10,"Great service, very professional and helpful.",33.73
1416,2690,2025-04-06,3,3,1,1,3,Average experience overall.,45.9
1417,2691,2026-02-23,5,4,3,1,7,"Great service, very professional and helpful.",10.36
1418,2692,2025-08-06,5,5,4,1,7,"Resolved on the first call, very satisfied.",52.91
1419,2693,2025-08-28,5,4,4,1,7,"Polite and knowledgeable support, thank you.",33.75
1420,2695,2026-05-16,5,5,3,1,2,"Polite and knowledgeable support, thank you.",53.32
1421,2696,2026-01-22,4,3,3,1,4,Got what I needed eventually.,5.47
1422,2697,2026-01-13,5,5,5,1,8,"Great service, very professional and helpful.",5.88
1423,2704,2025-04-29,4,5,4,1,9,"Resolved on the first call, very satisfied.",12.03
1424,2705,2025-07-30,4,5,5,1,7,"Resolved on the first call, very satisfied.",4.27
1425,2708,2025-09-10,3,2,1,1,2,Had to contact you multiple times for the same issue.,11.92
1426,2709,2025-09-25,3,4,4,1,3,Agent was friendly and solved my issue quickly.,38.62
1427,2711,2025-12-19,5,5,2,0,6,Quick response and clear explanation.,35.44
1428,2712,2025-06-18,5,4,4,1,4,Agent was friendly and solved my issue quickly.,4.83
1429,2715,2026-03-15,4,2,4,1,6,Average experience overall.,54.28
1430,2717,2025-02-28,3,5,1,1,3,The agent was fine but I had to wait.,34.22
1431,2718,2025-01-25,4,5,5,1,6,"Polite and knowledgeable support, thank you.",22.44
1432,2722,2025-02-26,4,4,5,1,6,"Resolved on the first call, very satisfied.",50.83
1433,2723,2026-04-04,4,4,4,0,2,"Great service, very professional and helpful.",19.09
1434,2726,2026-06-16,3,4,4,1,8,Quick response and clear explanation.,2.17
1435,2727,2025-08-10,5,5,5,1,7,"Great service, very professional and helpful.",52.88
1436,2730,2025-06-02,5,5,5,1,5,"Polite and knowledgeable support, thank you.",36.88
1437,2731,2025-03-23,5,4,5,1,9,Quick response and clear explanation.,34.05
1438,2734,2026-06-22,5,4,4,0,6,Issue was resolved but it took a while.,45.2
1439,2736,2026-05-15,3,5,3,1,7,Quick response and clear explanation.,3.75
1440,2737,2026-02-22,4,4,4,1,3,"Resolved on the first call, very satisfied.",45.08
1441,2738,2026-06-14,5,5,5,1,7,"Polite and knowledgeable support, thank you.",16.37
1442,2742,2026-02-05,3,5,3,0,9,"Great service, very professional and helpful.",34.07
1443,2744,2025-01-07,5,4,3,1,3,"Resolved on the first call, very satisfied.",35.92
1444,2745,2026-01-30,4,5,5,1,10,"Great service, very professional and helpful.",6.06
1445,2746,2025-05-10,5,3,4,1,6,Quick response and clear explanation.,0.4
1446,2747,2026-08-04,5,4,3,0,10,"Polite and knowledgeable support, thank you.",32.04
1447,2749,2025-05-15,4,5,3,1,6,Agent was friendly and solved my issue quickly.,30.57
1448,2751,2025-02-25,3,1,3,0,3,The agent was fine but I had to wait.,22.04
1449,2754,2025-07-21,2,3,3,1,6,Issue was resolved but it took a while.,50.02
1450,2755,2026-01-26,4,4,2,1,6,"Great service, very professional and helpful.",33.57
1451,2756,2025-03-20,5,4,2,1,8,"Resolved on the first call, very satisfied.",25.96
1452,2757,2025-04-29,5,5,5,1,5,"Great service, very professional and helpful.",6.85
1453,2759,2025-08-05,3,3,3,0,1,"Support was okay, nothing exceptional.",32.08
1454,2761,2026-05-01,4,4,4,1,8,"Polite and knowledgeable support, thank you.",25.92
1455,2763,2025-05-25,4,5,4,1,4,Quick response and clear explanation.,29.75
1456,2764,2025-06-25,5,4,3,1,3,"Great service, very professional and helpful.",76.14
1457,2765,2026-02-07,3,1,1,0,1,Waited far too long and the problem is still not fixed.,12.31
1458,2767,2025-07-23,4,4,3,1,7,Issue was resolved but it took a while.,18.97
1459,2768,2025-03-03,4,5,3,0,8,Quick response and clear explanation.,55.6
1460,2769,2025-01-07,5,5,2,1,8,Agent was friendly and solved my issue quickly.,45.39
1461,2771,2025-08-18,4,3,4,1,4,Quick response and clear explanation.,45.51
1462,2776,2025-05-27,5,5,3,1,7,Quick response and clear explanation.,30.62
1463,2777,2026-02-22,5,4,3,1,7,"Polite and knowledgeable support, thank you.",25.94
1464,2778,2026-07-11,4,5,1,0,3,Got what I needed eventually.,26.19
1465,2780,2026-06-14,2,3,1,0,6,"Very frustrating experience, poor communication.",30.33
1466,2782,2025-09-06,5,5,5,0,10,"Polite and knowledgeable support, thank you.",16.9
1467,2784,2025-03-17,5,5,5,0,7,Agent was friendly and solved my issue quickly.,18.01
1468,2785,2025-07-15,5,3,3,1,7,"Resolved on the first call, very satisfied.",35.52
1469,2787,2025-07-09,5,5,5,1,10,Agent was friendly and solved my issue quickly.,16.16
1470,2788,2026-04-20,4,4,3,0,6,"Resolved on the first call, very satisfied.",4.96
1471,2792,2025-07-21,4,2,2,1,3,Average experience overall.,15.23
1472,2794,2025-04-06,4,5,5,1,7,"Polite and knowledgeable support, thank you.",14.29
1473,2797,2025-07-25,3,3,3,1,9,"Polite and knowledgeable support, thank you.",24.02
1474,2799,2025-11-05,4,3,3,1,4,The agent was fine but I had to wait.,4.05
1475,2802,2025-11-23,3,3,5,1,8,"Polite and knowledgeable support, thank you.",8.1
1476,2804,2026-04-28,3,4,2,1,7,Issue was resolved but it took a while.,45.78
1477,2805,2025-01-06,5,5,3,0,8,Agent was friendly and solved my issue quickly.,8.37
1478,2806,2025-05-18,5,4,2,1,2,"Polite and knowledgeable support, thank you.",18.16
1479,2807,2025-12-20,5,4,5,1,7,"Polite and knowledgeable support, thank you.",52.7
1480,2809,2025-09-05,4,4,3,0,6,Agent was friendly and solved my issue quickly.,43.81
1481,2811,2026-05-26,4,3,4,1,5,"Polite and knowledgeable support, thank you.",41.27
1482,2816,2025-04-16,4,5,5,1,5,"Great service, very professional and helpful.",16.5
1483,2817,2025-01-17,5,5,5,1,9,"Great service, very professional and helpful.",4.89
1484,2819,2025-12-06,4,5,4,1,10,"Great service, very professional and helpful.",5.87
1485,2820,2025-04-15,5,5,5,1,6,"Polite and knowledgeable support, thank you.",25.2
1486,2821,2025-12-20,3,4,4,1,8,"Resolved on the first call, very satisfied.",10.69
1487,2822,2025-02-19,4,5,4,0,7,"Resolved on the first call, very satisfied.",21.08
1488,2823,2026-01-16,3,5,4,1,7,"Great service, very professional and helpful.",12.24
1489,2824,2025-09-24,3,4,4,1,0,"Support was okay, nothing exceptional.",28.18
1490,2826,2026-02-23,5,3,5,0,4,Quick response and clear explanation.,26.28
1491,2828,2026-06-04,3,3,3,1,2,Got what I needed eventually.,62.55
1492,2830,2026-08-05,3,5,4,1,3,"Great service, very professional and helpful.",52.37
1493,2832,2025-09-09,3,5,5,0,9,"Great service, very professional and helpful.",24.69
1494,2835,2026-07-10,5,5,3,1,5,Quick response and clear explanation.,22.38
1495,2837,2025-01-05,5,5,5,1,8,"Polite and knowledgeable support, thank you.",20.14
1496,2838,2025-03-23,5,2,3,0,5,The agent was fine but I had to wait.,44.55
1497,2839,2026-08-05,5,3,4,1,5,"Resolved on the first call, very satisfied.",38.14
1498,2841,2025-05-14,2,2,1,0,7,Agent was not helpful and seemed rushed.,5.7
1499,2843,2025-08-11,2,3,2,0,3,The problem was not resolved and no follow-up.,5.87
1500,2845,2025-07-10,5,5,3,1,8,Agent was friendly and solved my issue quickly.,0.31
1501,2846,2025-09-06,1,2,2,0,1,Agent was not helpful and seemed rushed.,24.88
1502,2847,2025-01-29,5,5,4,1,10,"Polite and knowledgeable support, thank you.",34.46
1503,2850,2026-03-04,2,3,3,1,5,Issue was resolved but it took a while.,11.83
1504,2851,2026-02-13,5,4,4,0,5,Agent was friendly and solved my issue quickly.,12.08
1505,2852,2026-01-25,5,5,5,1,8,Quick response and clear explanation.,46.95
1506,2853,2025-10-14,5,4,4,1,4,Agent was friendly and solved my issue quickly.,17.01
1507,2857,2025-01-23,5,5,5,1,10,Quick response and clear explanation.,45.03
1508,2858,2026-04-06,3,2,3,0,1,Average experience overall.,22.73
1509,2859,2026-04-06,5,5,5,1,7,"Resolved on the first call, very satisfied.",18.6
1510,2861,2025-03-23,4,3,2,1,4,The agent was fine but I had to wait.,34.05
1511,2868,2025-06-19,4,5,4,1,8,"Polite and knowledgeable support, thank you.",15.4
1512,2870,2025-06-08,5,3,4,0,9,Quick response and clear explanation.,8.63
1513,2873,2026-07-11,3,4,3,1,8,Quick response and clear explanation.,6.59
1514,2874,2025-04-10,4,4,4,1,5,"Polite and knowledgeable support, thank you.",48.59
1515,2875,2026-06-19,3,3,4,1,5,Got what I needed eventually.,4.93
1516,2878,2025-03-09,5,4,4,0,5,Quick response and clear explanation.,46.68
1517,2879,2025-05-23,4,4,4,1,8,Agent was friendly and solved my issue quickly.,41.83
1518,2882,2025-10-26,5,2,3,0,1,Issue was resolved but it took a while.,22.76
1519,2884,2025-05-04,5,3,4,1,5,Agent was friendly and solved my issue quickly.,31.16
1520,2886,2025-11-27,5,4,5,1,7,"Resolved on the first call, very satisfied.",62.0
1521,2891,2025-01-19,4,4,4,1,7,Quick response and clear explanation.,38.16
1522,2892,2026-01-25,3,4,2,0,2,Average experience overall.,8.97
1523,2893,2026-07-07,5,5,4,1,10,"Polite and knowledgeable support, thank you.",0.55
1524,2894,2025-09-21,4,4,3,1,7,"Great service, very professional and helpful.",28.05
1525,2897,2026-05-09,5,5,5,1,8,Quick response and clear explanation.,40.69
1526,2899,2025-07-29,4,4,3,1,3,"Great service, very professional and helpful.",47.24
1527,2901,2025-09-24,5,5,5,1,8,"Great service, very professional and helpful.",28.81
1528,2903,2026-04-06,5,3,2,1,2,Average experience overall.,45.62
1529,2904,2026-06-04,5,4,4,1,5,"Great service, very professional and helpful.",14.59
1530,2905,2025-08-04,5,5,3,1,7,"Polite and knowledgeable support, thank you.",48.89
1531,2906,2025-01-20,3,2,2,1,4,"Very frustrating experience, poor communication.",23.52
1532,2907,2025-02-18,5,5,5,1,10,Agent was friendly and solved my issue quickly.,60.66
1533,2908,2026-07-07,5,4,5,1,6,Agent was friendly and solved my issue quickly.,22.06
1534,2909,2025-09-07,5,4,4,1,4,"Great service, very professional and helpful.",39.37
1535,2911,2025-07-20,5,5,5,1,6,"Polite and knowledgeable support, thank you.",3.59
1536,2915,2025-08-13,5,4,2,1,3,"Polite and knowledgeable support, thank you.",68.49
1537,2916,2025-09-10,5,3,4,1,5,"Polite and knowledgeable support, thank you.",18.74
1538,2920,2026-01-21,3,5,5,1,5,Quick response and clear explanation.,31.31
1539,2925,2025-02-05,4,4,2,1,8,"Polite and knowledgeable support, thank you.",18.69
1540,2926,2026-06-24,5,5,5,1,8,"Great service, very professional and helpful.",36.36
1541,2928,2025-03-24,5,5,5,1,6,"Resolved on the first call, very satisfied.",44.96
1542,2929,2026-05-30,4,5,5,1,7,Quick response and clear explanation.,11.82
1543,2930,2026-04-06,4,4,4,0,2,Issue was resolved but it took a while.,15.46
1544,2931,2026-02-24,5,3,4,1,6,"Great service, very professional and helpful.",1.08
1545,2932,2025-01-19,4,4,5,1,9,"Polite and knowledgeable support, thank you.",22.04
1546,2933,2025-03-12,4,5,4,1,10,Agent was friendly and solved my issue quickly.,5.25
1547,2935,2025-03-12,5,3,4,1,5,"Support was okay, nothing exceptional.",34.14
1548,2939,2026-01-03,5,5,5,1,10,"Resolved on the first call, very satisfied.",13.19
1549,2941,2025-12-31,3,3,1,1,3,The agent was fine but I had to wait.,5.14
1550,2943,2025-03-04,3,1,1,0,1,Agent was not helpful and seemed rushed.,58.52
1551,2945,2025-11-17,4,4,3,1,3,Issue was resolved but it took a while.,16.26
1552,2946,2025-09-23,4,4,3,1,2,Issue was resolved but it took a while.,15.69
1553,2951,2026-02-24,5,1,3,1,4,"Support was okay, nothing exceptional.",18.68
1554,2952,2025-11-10,4,5,2,1,3,Issue was resolved but it took a while.,13.07
1555,2953,2025-10-02,3,2,1,0,0,The problem was not resolved and no follow-up.,15.15
1556,2955,2025-09-15,4,1,2,1,4,"Support was okay, nothing exceptional.",20.97
1557,2956,2025-03-29,5,5,4,0,9,"Resolved on the first call, very satisfied.",9.63
1558,2957,2026-06-28,3,5,5,1,6,"Polite and knowledgeable support, thank you.",20.72
1559,2958,2025-08-24,5,5,4,1,7,"Polite and knowledgeable support, thank you.",9.8
1560,2960,2025-12-16,4,2,4,0,2,Got what I needed eventually.,17.51
1561,2962,2026-06-16,4,5,5,1,4,"Great service, very professional and helpful.",27.33
1562,2967,2025-09-02,4,5,4,1,7,Agent was friendly and solved my issue quickly.,5.9
1563,2969,2026-04-03,5,5,5,1,6,"Polite and knowledgeable support, thank you.",1.84
1564,2970,2025-11-29,3,3,5,1,7,Agent was friendly and solved my issue quickly.,27.65
1565,2971,2026-08-02,3,3,2,1,5,The agent was fine but I had to wait.,20.58
1566,2973,2026-02-10,3,4,2,1,3,The agent was fine but I had to wait.,4.75
1567,2975,2026-07-05,5,5,5,1,9,Agent was friendly and solved my issue quickly.,22.89
1568,2976,2025-12-20,4,4,4,1,7,Quick response and clear explanation.,23.71
1569,2977,2026-02-14,3,5,4,1,7,"Resolved on the first call, very satisfied.",24.37
1570,2978,2025-12-11,5,5,5,1,9,"Polite and knowledgeable support, thank you.",20.6
1571,2981,2025-11-28,3,2,4,1,4,Got what I needed eventually.,10.35
1572,2982,2026-02-22,4,3,3,1,8,"Resolved on the first call, very satisfied.",8.63
1573,2984,2026-06-02,3,4,4,0,4,Agent was friendly and solved my issue quickly.,33.03
1574,2985,2025-06-09,5,3,5,1,7,"Polite and knowledgeable support, thank you.",17.81
1575,2986,2025-06-23,4,2,4,1,6,Got what I needed eventually.,34.0
1576,2987,2026-06-05,4,4,3,1,3,"Great service, very professional and helpful.",37.55
1577,2988,2025-09-07,5,4,5,1,6,"Great service, very professional and helpful.",31.06
1578,2989,2025-10-09,5,5,3,1,3,"Polite and knowledgeable support, thank you.",26.69
1579,2991,2026-02-12,5,3,3,1,5,Quick response and clear explanation.,51.19
1580,2992,2025-06-10,4,4,5,1,6,"Resolved on the first call, very satisfied.",25.71
1581,2993,2025-08-12,4,5,3,1,4,"Resolved on the first call, very satisfied.",8.09
1582,2996,2026-08-08,4,4,4,1,5,"Resolved on the first call, very satisfied.",30.4
1583,2997,2025-11-13,5,2,2,1,1,Got what I needed eventually.,21.12
1584,2998,2025-09-09,5,5,2,1,2,Quick response and clear explanation.,6.87
1585,2999,2025-11-25,5,4,3,1,7,"Great service, very professional and helpful.",37.23
1586,3000,2025-08-18,5,5,5,1,10,"Resolved on the first call, very satisfied.",4.97
1587,3001,2025-01-06,3,3,3,1,1,"Support was okay, nothing exceptional.",27.79
1588,3003,2025-09-18,4,4,5,1,9,"Resolved on the first call, very satisfied.",35.66
1589,3004,2026-07-07,5,5,5,1,10,"Resolved on the first call, very satisfied.",46.02
1590,3005,2025-12-20,3,3,2,0,3,Average experience overall.,55.43
1591,3006,2025-11-19,4,2,3,1,5,Got what I needed eventually.,12.61
1592,3007,2025-11-07,4,4,3,1,4,"Resolved on the first call, very satisfied.",16.03
1593,3008,2025-05-04,3,4,2,1,2,Issue was resolved but it took a while.,55.36
1594,3009,2025-11-04,5,5,5,1,9,Agent was friendly and solved my issue quickly.,9.05
1595,3010,2026-05-22,3,2,2,1,7,The agent was fine but I had to wait.,19.48
1596,3011,2025-11-26,5,4,5,1,4,"Great service, very professional and helpful.",25.11
1597,3013,2025-02-03,3,5,5,0,10,Agent was friendly and solved my issue quickly.,14.48
1598,3014,2026-05-18,4,2,2,1,3,Issue was resolved but it took a while.,30.6
1599,3016,2025-09-14,5,4,3,1,5,"Support was okay, nothing exceptional.",18.72
1600,3019,2026-04-27,4,5,4,0,7,"Resolved on the first call, very satisfied.",21.48
1601,3022,2025-08-23,5,4,5,1,8,Quick response and clear explanation.,10.79
1602,3023,2025-12-18,1,2,2,1,0,Waited far too long and the problem is still not fixed.,25.14
1603,3024,2026-06-23,2,4,3,1,5,Got what I needed eventually.,49.85
1604,3025,2025-06-21,4,3,4,0,6,"Great service, very professional and helpful.",10.4
1605,3026,2025-11-12,4,4,4,1,6,"Polite and knowledgeable support, thank you.",11.73
1606,3027,2025-07-07,4,5,4,1,7,Quick response and clear explanation.,19.27
1607,3029,2025-08-11,5,5,5,1,10,"Great service, very professional and helpful.",1.58
1608,3030,2025-09-27,5,4,3,1,6,"Great service, very professional and helpful.",35.94
1609,3032,2026-06-07,5,4,3,1,10,Quick response and clear explanation.,34.88
1610,3033,2026-05-12,5,5,4,1,9,Agent was friendly and solved my issue quickly.,28.27
1611,3036,2025-02-16,5,2,4,1,5,Agent was friendly and solved my issue quickly.,14.6
1612,3037,2026-03-18,4,3,2,1,5,Agent was friendly and solved my issue quickly.,34.71
1613,3038,2025-01-25,5,4,4,0,8,Agent was friendly and solved my issue quickly.,63.96
1614,3040,2025-03-15,5,5,5,1,8,Agent was friendly and solved my issue quickly.,24.7
1615,3042,2025-12-17,2,3,2,1,3,"Support was okay, nothing exceptional.",18.25
1616,3044,2026-01-14,5,4,5,1,6,"Great service, very professional and helpful.",32.54
1617,3046,2025-08-13,4,3,3,1,3,Issue was resolved but it took a while.,8.36
1618,3047,2025-09-09,4,5,4,1,8,Agent was friendly and solved my issue quickly.,31.62
1619,3050,2026-02-07,4,3,3,1,7,Average experience overall.,8.29
1620,3052,2026-02-04,5,3,5,1,4,"Resolved on the first call, very satisfied.",20.24
1621,3053,2025-08-28,5,5,5,1,8,Quick response and clear explanation.,6.61
1622,3056,2025-05-04,2,3,3,1,7,Average experience overall.,55.4
1623,3058,2026-05-02,3,4,4,0,5,"Resolved on the first call, very satisfied.",34.27
1624,3059,2026-08-04,4,4,3,1,8,"Great service, very professional and helpful.",49.72
1625,3062,2026-06-16,5,3,5,1,6,Quick response and clear explanation.,11.97
1626,3063,2026-01-21,3,3,3,1,4,Got what I needed eventually.,31.98
1627,3064,2026-04-26,2,4,2,0,5,"Support was okay, nothing exceptional.",3.87
1628,3065,2025-09-03,2,3,4,0,6,Quick response and clear explanation.,24.83
1629,3068,2025-08-23,5,4,4,1,10,"Great service, very professional and helpful.",30.75
1630,3069,2025-05-26,3,2,2,1,2,Had to contact you multiple times for the same issue.,17.42
1631,3070,2025-09-19,4,3,2,0,2,Had to contact you multiple times for the same issue.,14.61
1632,3071,2026-06-19,5,4,4,1,10,Agent was friendly and solved my issue quickly.,29.69
1633,3076,2026-05-12,4,4,2,1,7,Quick response and clear explanation.,26.59
1634,3077,2026-01-08,3,3,5,1,6,"Polite and knowledgeable support, thank you.",25.11
1635,3079,2025-02-14,4,4,4,1,9,"Resolved on the first call, very satisfied.",38.86
1636,3080,2025-01-05,5,4,4,1,7,"Great service, very professional and helpful.",11.09
1637,3081,2025-05-23,5,5,3,1,5,"Great service, very professional and helpful.",17.44
1638,3082,2025-01-21,3,3,2,0,4,The agent was fine but I had to wait.,19.57
1639,3084,2026-08-11,5,5,3,1,9,"Great service, very professional and helpful.",8.97
1640,3089,2025-06-03,4,3,4,1,6,"Great service, very professional and helpful.",2.45
1641,3093,2025-09-02,5,5,4,1,5,Agent was friendly and solved my issue quickly.,2.54
1642,3095,2025-08-31,5,5,5,0,4,"Resolved on the first call, very satisfied.",16.82
1643,3098,2026-08-12,3,1,2,1,6,Average experience overall.,43.1
1644,3099,2026-03-06,4,5,5,1,4,"Great service, very professional and helpful.",27.65
1645,3105,2026-06-27,5,5,4,0,6,Agent was friendly and solved my issue quickly.,14.41
1646,3108,2026-08-01,3,2,2,1,2,"Very frustrating experience, poor communication.",38.79
1647,3109,2025-11-20,5,5,5,1,8,"Great service, very professional and helpful.",61.29
1648,3110,2025-10-18,3,3,4,1,3,"Support was okay, nothing exceptional.",6.64
1649,3111,2026-04-01,2,4,1,1,3,Issue was resolved but it took a while.,39.26
1650,3112,2026-02-15,5,4,4,1,5,"Resolved on the first call, very satisfied.",10.94
1651,3115,2025-11-15,4,4,3,1,8,"Polite and knowledgeable support, thank you.",21.69
1652,3120,2025-03-31,5,5,4,1,6,"Polite and knowledgeable support, thank you.",3.22
1653,3122,2025-11-17,5,5,4,1,7,Agent was friendly and solved my issue quickly.,20.14
1654,3124,2025-09-10,5,5,3,1,9,"Resolved on the first call, very satisfied.",27.85
1655,3126,2025-02-14,4,1,2,1,6,The agent was fine but I had to wait.,8.59
1656,3127,2026-04-19,4,2,1,1,0,The problem was not resolved and no follow-up.,14.19
1657,3129,2025-02-23,2,3,3,1,5,Got what I needed eventually.,1.53
1658,3131,2025-12-31,4,5,3,1,7,"Resolved on the first call, very satisfied.",65.01
1659,3135,2025-02-01,5,5,5,1,6,"Great service, very professional and helpful.",22.6
1660,3138,2025-03-31,4,3,2,1,3,Got what I needed eventually.,41.47
1661,3140,2025-01-19,2,3,4,1,6,Got what I needed eventually.,24.7
1662,3141,2026-04-29,5,3,3,1,5,Quick response and clear explanation.,25.65
1663,3142,2025-06-15,4,5,4,1,6,Agent was friendly and solved my issue quickly.,7.17
1664,3143,2025-03-01,5,5,4,1,10,"Resolved on the first call, very satisfied.",22.88
1665,3144,2026-06-06,3,3,4,1,4,Got what I needed eventually.,39.27
1666,3145,2026-04-17,5,4,4,1,9,"Resolved on the first call, very satisfied.",35.97
1667,3146,2026-06-26,4,4,5,1,8,Agent was friendly and solved my issue quickly.,49.87
1668,3148,2026-03-02,4,2,4,1,3,The agent was fine but I had to wait.,29.81
1669,3149,2025-12-12,4,2,3,1,7,"Great service, very professional and helpful.",2.6
1670,3152,2025-12-12,5,4,3,1,8,"Resolved on the first call, very satisfied.",26.09
1671,3154,2025-03-28,2,3,2,0,4,Waited far too long and the problem is still not fixed.,36.91
1672,3155,2025-06-10,3,3,4,1,3,Issue was resolved but it took a while.,32.4
1673,3158,2025-09-16,4,4,5,1,4,"Great service, very professional and helpful.",54.57
1674,3160,2025-05-28,3,3,2,1,2,Average experience overall.,24.4
1675,3161,2025-03-23,3,5,3,1,4,"Resolved on the first call, very satisfied.",27.16
1676,3162,2025-12-19,4,4,5,0,3,Agent was friendly and solved my issue quickly.,49.61
1677,3164,2025-11-01,3,4,5,1,7,Agent was friendly and solved my issue quickly.,8.95
1678,3165,2025-11-21,5,5,3,1,8,"Resolved on the first call, very satisfied.",37.21
1679,3170,2025-02-09,5,4,3,1,5,"Polite and knowledgeable support, thank you.",25.89
1680,3174,2026-04-14,5,4,3,0,8,Agent was friendly and solved my issue quickly.,39.47
1681,3175,2025-11-17,4,4,4,1,7,"Polite and knowledgeable support, thank you.",32.21
1682,3176,2025-04-23,4,3,4,1,8,"Great service, very professional and helpful.",32.7
1683,3177,2025-10-23,2,3,3,0,4,Issue was resolved but it took a while.,18.49
1684,3178,2026-06-19,4,4,3,1,4,"Great service, very professional and helpful.",18.56
1685,3179,2025-04-24,5,5,5,1,8,Quick response and clear explanation.,20.58
1686,3183,2025-12-08,3,3,3,0,4,Got what I needed eventually.,48.89
1687,3185,2026-03-28,5,5,5,1,9,Agent was friendly and solved my issue quickly.,5.04
1688,3191,2025-01-08,4,5,5,1,8,"Polite and knowledgeable support, thank you.",1.5
1689,3196,2026-03-01,4,3,4,0,4,"Polite and knowledgeable support, thank you.",12.91
1690,3197,2026-02-28,5,4,3,1,10,"Resolved on the first call, very satisfied.",50.19
1691,3198,2025-08-18,5,4,4,1,6,"Great service, very professional and helpful.",24.27
1692,3200,2025-01-16,3,2,2,1,4,"Support was okay, nothing exceptional.",6.84
1693,3203,2025-07-12,5,5,4,1,8,"Polite and knowledgeable support, thank you.",39.09
1694,3208,2025-10-03,5,5,5,1,7,"Polite and knowledgeable support, thank you.",36.15
1695,3212,2026-04-09,4,5,3,0,6,"Resolved on the first call, very satisfied.",28.12
1696,3215,2026-01-08,4,4,3,0,8,"Resolved on the first call, very satisfied.",46.77
1697,3217,2026-06-21,2,3,2,1,5,Got what I needed eventually.,11.64
1698,3219,2025-11-01,3,4,3,1,2,The agent was fine but I had to wait.,32.11
1699,3220,2026-03-20,5,4,4,0,8,"Polite and knowledgeable support, thank you.",40.25
1700,3221,2025-01-22,4,4,3,1,7,"Resolved on the first call, very satisfied.",47.78
1701,3223,2025-09-05,5,5,5,1,8,"Great service, very professional and helpful.",5.5
1702,3224,2025-10-11,5,3,4,1,9,Agent was friendly and solved my issue quickly.,23.64
1703,3225,2025-04-26,5,5,2,1,9,"Polite and knowledgeable support, thank you.",16.91
1704,3228,2025-12-07,3,3,2,1,6,The agent was fine but I had to wait.,17.88
1705,3231,2025-09-11,4,3,3,1,3,"Great service, very professional and helpful.",10.85
1706,3232,2026-04-03,3,5,4,1,4,"Polite and knowledgeable support, thank you.",23.08
1707,3234,2025-06-14,2,2,3,1,7,"Support was okay, nothing exceptional.",31.33
1708,3237,2025-05-17,3,3,3,1,2,Average experience overall.,46.74
1709,3238,2026-01-12,3,4,1,1,1,Issue was resolved but it took a while.,30.67
1710,3239,2025-04-03,2,4,3,1,10,Agent was friendly and solved my issue quickly.,32.35
1711,3240,2026-02-27,2,4,4,1,5,"Great service, very professional and helpful.",12.32
1712,3241,2026-08-09,5,4,4,1,5,Agent was friendly and solved my issue quickly.,29.48
1713,3242,2025-07-07,3,3,1,0,6,"Support was okay, nothing exceptional.",31.78
1714,3246,2026-05-16,4,5,5,0,6,"Resolved on the first call, very satisfied.",44.59
1715,3247,2025-04-20,4,3,3,0,5,Issue was resolved but it took a while.,28.69
1716,3249,2026-04-22,4,4,4,0,8,Quick response and clear explanation.,39.35
1717,3251,2026-08-07,4,4,2,1,7,"Polite and knowledgeable support, thank you.",27.78
1718,3254,2026-07-20,3,4,4,0,5,"Polite and knowledgeable support, thank you.",0.38
1719,3255,2025-08-06,5,5,4,1,6,"Resolved on the first call, very satisfied.",29.1
1720,3257,2025-06-11,5,4,5,1,7,Agent was friendly and solved my issue quickly.,25.69
1721,3259,2025-11-20,5,4,4,1,5,"Polite and knowledgeable support, thank you.",18.59
1722,3261,2026-05-10,4,4,4,0,2,"Support was okay, nothing exceptional.",16.54
1723,3264,2025-04-26,3,4,3,0,4,Average experience overall.,30.16
1724,3265,2025-01-17,5,5,4,1,5,"Polite and knowledgeable support, thank you.",34.56
1725,3266,2025-09-02,5,4,4,0,5,Agent was friendly and solved my issue quickly.,31.27
1726,3268,2025-12-10,4,3,3,0,4,Got what I needed eventually.,48.7
1727,3271,2025-01-19,3,5,3,1,4,"Polite and knowledgeable support, thank you.",23.32
1728,3275,2025-03-18,4,5,5,0,6,"Polite and knowledgeable support, thank you.",9.87
1729,3278,2026-07-10,4,3,5,1,5,Quick response and clear explanation.,19.88
1730,3281,2026-05-20,1,2,2,1,3,"Very frustrating experience, poor communication.",22.84
1731,3286,2025-03-16,4,5,3,1,5,"Great service, very professional and helpful.",21.33
1732,3289,2025-05-31,4,3,3,1,6,"Polite and knowledgeable support, thank you.",36.89
1733,3291,2025-09-29,5,4,5,1,7,Agent was friendly and solved my issue quickly.,58.7
1734,3293,2025-03-03,3,5,3,1,5,Agent was friendly and solved my issue quickly.,47.12
1735,3295,2025-02-24,3,4,2,0,5,"Resolved on the first call, very satisfied.",40.2
1736,3296,2025-02-21,3,3,3,1,3,Average experience overall.,36.14
1737,3298,2026-04-30,4,4,3,1,7,"Support was okay, nothing exceptional.",10.01
1738,3302,2025-08-26,4,2,4,1,7,Issue was resolved but it took a while.,23.88
1739,3303,2025-04-30,5,4,5,1,4,"Resolved on the first call, very satisfied.",28.12
1740,3306,2025-02-17,4,5,5,1,8,Agent was friendly and solved my issue quickly.,4.45
1741,3308,2025-03-02,4,4,4,1,9,"Resolved on the first call, very satisfied.",32.12
1742,3309,2026-07-24,4,5,4,0,9,"Great service, very professional and helpful.",31.97
1743,3310,2025-08-04,4,4,2,0,4,Average experience overall.,21.25
1744,3312,2025-12-08,5,5,3,1,9,"Polite and knowledgeable support, thank you.",46.03
1745,3314,2026-01-31,5,5,5,1,10,"Polite and knowledgeable support, thank you.",7.13
1746,3315,2025-07-06,4,3,5,1,7,Agent was friendly and solved my issue quickly.,45.92
1747,3319,2025-12-05,4,5,5,1,7,Quick response and clear explanation.,37.6
1748,3322,2026-02-18,4,4,5,1,8,Agent was friendly and solved my issue quickly.,15.18
1749,3324,2025-05-17,4,5,3,1,6,"Great service, very professional and helpful.",48.94
1750,3325,2026-05-21,3,4,1,1,7,The agent was fine but I had to wait.,17.38
1751,3326,2025-03-09,4,5,5,1,8,"Great service, very professional and helpful.",27.42
1752,3328,2026-01-23,5,5,4,1,8,Agent was friendly and solved my issue quickly.,40.41
1753,3329,2026-06-20,4,4,3,0,5,Issue was resolved but it took a while.,2.89
1754,3331,2026-05-30,5,4,4,1,7,"Polite and knowledgeable support, thank you.",19.36
1755,3333,2025-06-16,4,3,2,1,3,The agent was fine but I had to wait.,64.13
1756,3337,2025-08-24,5,4,4,1,5,"Great service, very professional and helpful.",29.02
1757,3339,2025-02-08,3,3,4,1,7,Agent was friendly and solved my issue quickly.,9.04
1758,3341,2025-11-17,2,2,1,0,3,Agent was not helpful and seemed rushed.,0.76
1759,3344,2026-02-16,5,5,5,1,5,"Great service, very professional and helpful.",18.23
1760,3345,2026-06-16,3,2,4,1,7,Average experience overall.,60.92
1761,3347,2026-03-11,3,5,3,1,5,Average experience overall.,25.92
1762,3348,2025-10-09,4,4,2,1,7,"Great service, very professional and helpful.",2.45
1763,3350,2026-01-21,5,5,5,1,5,Agent was friendly and solved my issue quickly.,32.72
1764,3351,2025-01-19,5,3,3,1,7,"Great service, very professional and helpful.",24.99
1765,3352,2025-05-14,5,5,4,0,7,"Resolved on the first call, very satisfied.",8.5
1766,3353,2026-03-22,4,3,4,1,2,"Support was okay, nothing exceptional.",53.23
1767,3357,2026-01-12,5,4,4,1,8,"Polite and knowledgeable support, thank you.",30.93
1768,3358,2025-11-19,3,4,4,1,6,Agent was friendly and solved my issue quickly.,35.24
1769,3360,2026-04-22,4,4,3,1,6,"Polite and knowledgeable support, thank you.",35.16
1770,3362,2025-06-30,5,4,5,1,9,"Polite and knowledgeable support, thank you.",1.67
1771,3363,2025-04-01,5,5,5,1,8,"Resolved on the first call, very satisfied.",3.53
1772,3367,2026-04-20,4,4,4,1,7,"Resolved on the first call, very satisfied.",21.97
1773,3368,2025-06-23,5,5,5,1,7,"Polite and knowledgeable support, thank you.",60.39
1774,3371,2025-02-08,4,5,5,1,6,Agent was friendly and solved my issue quickly.,16.51
1775,3373,2025-01-14,4,4,3,1,2,Average experience overall.,22.6
1776,3374,2025-11-26,5,5,4,1,6,"Great service, very professional and helpful.",41.51
1777,3375,2026-01-13,4,2,3,1,2,Issue was resolved but it took a while.,3.26
1778,3376,2026-04-13,5,4,3,0,7,Agent was friendly and solved my issue quickly.,42.07
1779,3379,2026-01-26,5,5,5,1,7,Agent was friendly and solved my issue quickly.,20.86
1780,3381,2026-05-21,4,5,4,0,7,"Great service, very professional and helpful.",19.29
1781,3382,2025-02-20,5,4,3,0,4,"Resolved on the first call, very satisfied.",25.38
1782,3383,2026-05-19,4,2,2,1,6,"Support was okay, nothing exceptional.",4.03
1783,3387,2026-07-13,4,4,4,1,6,Quick response and clear explanation.,51.86
1784,3388,2026-06-30,5,5,5,1,9,"Great service, very professional and helpful.",26.18
1785,3392,2026-01-17,5,5,5,1,7,Quick response and clear explanation.,42.48
1786,3393,2026-07-08,4,4,4,1,1,Got what I needed eventually.,2.82
1787,3396,2025-04-04,3,2,3,1,5,Average experience overall.,35.15
1788,3399,2025-10-03,5,5,4,1,9,"Great service, very professional and helpful.",32.43
1789,3401,2026-04-10,3,4,3,0,2,"Resolved on the first call, very satisfied.",56.6
1790,3403,2026-06-28,1,3,2,1,4,The problem was not resolved and no follow-up.,18.81
1791,3408,2025-07-31,3,4,4,0,3,The agent was fine but I had to wait.,29.24
1792,3409,2025-05-03,4,4,3,0,4,The agent was fine but I had to wait.,28.53
1793,3412,2025-04-04,4,5,4,1,7,"Great service, very professional and helpful.",1.99
1794,3415,2026-03-03,2,4,2,1,4,Waited far too long and the problem is still not fixed.,34.32
1795,3418,2025-03-20,3,3,2,1,5,"Support was okay, nothing exceptional.",7.77
1796,3419,2026-04-16,5,5,3,1,9,"Polite and knowledgeable support, thank you.",39.83
1797,3420,2025-09-06,2,3,2,1,5,Issue was resolved but it took a while.,26.8
1798,3426,2025-01-25,4,5,3,1,8,Quick response and clear explanation.,49.75
1799,3427,2026-03-24,2,1,2,0,0,The problem was not resolved and no follow-up.,20.54
1800,3428,2025-10-07,5,5,5,1,10,"Resolved on the first call, very satisfied.",50.66
1801,3430,2025-05-18,5,5,4,1,7,Agent was friendly and solved my issue quickly.,15.71
1802,3431,2025-10-08,3,3,2,1,6,Issue was resolved but it took a while.,28.89
1803,3433,2026-02-04,3,3,4,0,5,Issue was resolved but it took a while.,5.81
1804,3435,2025-08-23,5,3,4,1,5,"Great service, very professional and helpful.",19.16
1805,3440,2025-04-15,5,4,4,1,6,Quick response and clear explanation.,2.04
1806,3441,2025-11-18,4,4,4,1,3,Quick response and clear explanation.,43.2
1807,3442,2025-08-30,3,5,4,0,3,"Great service, very professional and helpful.",37.85
1808,3443,2025-03-28,5,5,5,1,5,Agent was friendly and solved my issue quickly.,45.75
1809,3448,2025-07-23,4,5,5,1,5,"Great service, very professional and helpful.",12.84
1810,3449,2025-08-09,4,2,4,1,5,"Support was okay, nothing exceptional.",29.83
1811,3450,2025-03-26,5,5,4,1,5,"Resolved on the first call, very satisfied.",7.91
1812,3451,2025-03-25,4,5,5,1,8,Quick response and clear explanation.,7.37
1813,3453,2026-07-01,5,4,3,1,6,Average experience overall.,9.73
1814,3455,2025-12-29,5,4,2,1,5,"Support was okay, nothing exceptional.",15.99
1815,3456,2025-09-24,4,5,4,0,7,"Polite and knowledgeable support, thank you.",20.77
1816,3457,2026-03-23,3,3,4,1,3,Quick response and clear explanation.,9.11
1817,3459,2025-06-22,4,4,4,1,9,"Great service, very professional and helpful.",31.24
1818,3460,2025-10-21,4,4,3,1,9,Agent was friendly and solved my issue quickly.,30.66
1819,3462,2025-08-03,4,5,5,1,5,Agent was friendly and solved my issue quickly.,0.63
1820,3463,2026-06-13,5,5,5,1,10,Quick response and clear explanation.,37.89
1821,3464,2025-01-26,5,5,5,1,9,"Polite and knowledgeable support, thank you.",47.02
1822,3465,2025-04-22,4,2,3,1,7,Issue was resolved but it took a while.,0.43
1823,3468,2026-04-07,2,3,2,1,6,The agent was fine but I had to wait.,5.84
1824,3470,2025-03-03,3,3,3,0,4,Issue was resolved but it took a while.,28.29
1825,3471,2025-06-21,3,4,1,1,3,Got what I needed eventually.,51.64
1826,3472,2025-07-13,4,4,3,1,7,"Polite and knowledgeable support, thank you.",23.05
1827,3476,2025-12-27,2,4,2,1,7,The agent was fine but I had to wait.,2.27
1828,3477,2025-05-09,3,4,4,1,6,"Resolved on the first call, very satisfied.",46.21
1829,3479,2025-01-13,5,4,5,1,10,Agent was friendly and solved my issue quickly.,7.49
1830,3480,2025-04-08,3,3,3,1,4,Got what I needed eventually.,29.15
1831,3481,2026-01-19,1,3,3,1,4,Average experience overall.,27.71
1832,3483,2025-06-04,5,5,4,1,10,"Polite and knowledgeable support, thank you.",41.16
1833,3485,2025-12-29,5,4,5,1,6,Agent was friendly and solved my issue quickly.,5.16
1834,3489,2026-05-22,5,4,3,0,7,"Great service, very professional and helpful.",67.52
1835,3490,2025-05-18,3,3,2,1,5,Average experience overall.,43.84
1836,3492,2025-06-05,4,1,2,1,7,Got what I needed eventually.,20.82
1837,3493,2026-02-02,5,5,5,1,8,"Resolved on the first call, very satisfied.",13.07
1838,3494,2025-04-03,3,4,1,0,2,"Support was okay, nothing exceptional.",20.96
1839,3495,2025-04-18,3,5,5,1,7,Agent was friendly and solved my issue quickly.,15.78
1840,3498,2026-03-03,2,4,3,1,3,Issue was resolved but it took a while.,47.05
1841,3499,2025-02-12,4,4,4,1,4,"Polite and knowledgeable support, thank you.",14.86
1842,3504,2026-04-03,3,3,5,1,4,Quick response and clear explanation.,16.28
1843,3505,2025-07-16,3,2,3,1,3,The agent was fine but I had to wait.,43.52
1844,3506,2025-02-19,5,5,4,1,6,Quick response and clear explanation.,26.5
1845,3511,2025-04-02,5,3,5,1,7,"Great service, very professional and helpful.",41.61
1846,3513,2025-09-24,4,5,5,1,4,"Polite and knowledgeable support, thank you.",8.68
1847,3514,2026-07-07,5,5,5,1,10,"Polite and knowledgeable support, thank you.",9.23
1848,3515,2026-07-14,5,4,5,0,6,"Resolved on the first call, very satisfied.",48.61
1849,3517,2025-01-19,5,5,5,1,10,"Resolved on the first call, very satisfied.",48.41
1850,3523,2026-05-25,4,5,5,1,7,"Great service, very professional and helpful.",43.33
1851,3525,2025-07-15,4,3,4,1,8,"Resolved on the first call, very satisfied.",1.95
1852,3526,2025-03-28,4,5,4,1,4,"Great service, very professional and helpful.",26.4
1853,3531,2026-05-25,4,5,5,1,10,Quick response and clear explanation.,16.03
1854,3534,2025-02-18,5,4,5,1,10,"Polite and knowledgeable support, thank you.",32.63
1855,3536,2026-04-22,4,3,2,1,4,"Polite and knowledgeable support, thank you.",33.22
1856,3537,2025-12-31,4,5,4,1,4,Agent was friendly and solved my issue quickly.,65.21
1857,3539,2026-05-09,5,5,4,1,7,"Resolved on the first call, very satisfied.",4.13
1858,3540,2025-11-07,3,4,4,1,7,"Polite and knowledgeable support, thank you.",46.68
1859,3541,2026-02-13,4,4,3,1,8,Quick response and clear explanation.,39.63
1860,3543,2025-04-13,4,5,5,1,7,"Polite and knowledgeable support, thank you.",38.32
1861,3544,2025-01-21,3,3,2,0,4,Average experience overall.,18.98
1862,3547,2026-02-10,2,3,3,0,8,The agent was fine but I had to wait.,30.27
1863,3548,2025-08-06,5,4,3,1,6,"Great service, very professional and helpful.",39.64
1864,3551,2026-01-09,4,5,3,1,8,"Great service, very professional and helpful.",15.37
1865,3558,2026-04-27,5,5,5,1,8,"Resolved on the first call, very satisfied.",25.88
1866,3560,2025-08-02,5,4,5,1,9,Agent was friendly and solved my issue quickly.,32.97
1867,3562,2026-05-04,5,5,5,1,7,"Resolved on the first call, very satisfied.",58.61
1868,3564,2026-05-18,5,4,4,1,7,"Great service, very professional and helpful.",23.83
1869,3565,2025-12-10,5,3,2,0,5,Quick response and clear explanation.,23.04
1870,3566,2025-03-25,3,4,4,1,8,Quick response and clear explanation.,35.72
1871,3567,2025-02-08,5,5,4,1,10,"Polite and knowledgeable support, thank you.",9.51
1872,3569,2025-09-03,5,4,5,1,8,"Great service, very professional and helpful.",57.5
1873,3574,2026-06-15,5,4,5,1,8,Quick response and clear explanation.,28.0
1874,3577,2025-12-13,3,2,2,0,6,Issue was resolved but it took a while.,38.21
1875,3578,2025-01-23,4,3,2,1,6,Issue was resolved but it took a while.,28.77
1876,3580,2025-07-24,4,5,5,1,6,"Great service, very professional and helpful.",40.71
1877,3581,2025-10-06,3,5,3,1,8,"Resolved on the first call, very satisfied.",16.24
1878,3582,2025-07-09,4,4,4,1,7,Quick response and clear explanation.,21.56
1879,3583,2026-04-28,1,2,3,1,0,"Support was okay, nothing exceptional.",2.86
1880,3584,2025-09-04,4,3,3,1,7,Agent was friendly and solved my issue quickly.,25.32
1881,3591,2026-07-24,5,5,4,1,9,"Great service, very professional and helpful.",24.02
1882,3592,2026-06-18,5,3,3,1,5,Agent was friendly and solved my issue quickly.,22.05
1883,3593,2026-08-12,3,4,2,0,7,"Resolved on the first call, very satisfied.",17.7
1884,3597,2025-09-30,3,3,3,1,1,"Great service, very professional and helpful.",12.49
1885,3598,2026-04-22,5,5,5,1,3,"Polite and knowledgeable support, thank you.",9.91
1886,3600,2026-06-16,4,4,5,1,6,"Polite and knowledgeable support, thank you.",15.54
1887,3601,2025-11-04,4,4,2,1,6,The agent was fine but I had to wait.,24.2
1888,3603,2025-12-04,2,2,3,1,3,Issue was resolved but it took a while.,14.87
1889,3604,2026-03-26,5,3,5,1,4,"Polite and knowledgeable support, thank you.",21.99
1890,3605,2026-04-25,4,4,4,1,3,"Resolved on the first call, very satisfied.",16.14
1891,3607,2026-05-31,5,5,4,1,8,"Great service, very professional and helpful.",35.69
1892,3608,2025-04-30,3,4,3,1,5,"Polite and knowledgeable support, thank you.",17.69
1893,3610,2025-08-05,5,4,5,1,5,"Resolved on the first call, very satisfied.",12.68
1894,3611,2026-04-07,4,3,1,0,6,Average experience overall.,63.23
1895,3613,2025-06-02,5,5,3,1,6,"Resolved on the first call, very satisfied.",7.11
1896,3614,2025-10-20,5,5,3,1,8,Agent was friendly and solved my issue quickly.,7.5
1897,3616,2025-12-06,4,5,4,1,5,"Resolved on the first call, very satisfied.",25.42
1898,3618,2025-07-23,4,5,5,1,7,Quick response and clear explanation.,5.0
1899,3619,2025-03-01,5,3,4,1,7,"Great service, very professional and helpful.",32.33
1900,3621,2026-03-04,4,5,4,1,5,"Polite and knowledgeable support, thank you.",39.18
1901,3622,2026-03-06,4,3,3,1,5,The agent was fine but I had to wait.,28.41
1902,3623,2025-06-14,5,4,3,1,8,"Great service, very professional and helpful.",26.77
1903,3624,2025-09-08,5,5,5,1,7,Quick response and clear explanation.,12.18
1904,3625,2025-01-27,5,5,4,1,4,"Great service, very professional and helpful.",15.01
1905,3629,2025-10-19,5,5,4,1,8,"Resolved on the first call, very satisfied.",7.16
1906,3630,2025-01-11,5,5,3,1,9,Quick response and clear explanation.,14.34
1907,3631,2026-05-09,5,4,4,1,9,"Resolved on the first call, very satisfied.",7.92
1908,3635,2025-12-08,4,3,3,1,4,Quick response and clear explanation.,51.55
1909,3636,2025-01-14,3,3,2,1,3,Issue was resolved but it took a while.,5.96
1910,3637,2026-07-06,2,5,2,1,7,"Great service, very professional and helpful.",7.78
1911,3639,2026-07-29,5,4,4,1,9,"Resolved on the first call, very satisfied.",33.16
1912,3641,2026-04-10,3,4,3,1,5,The agent was fine but I had to wait.,48.68
1913,3643,2026-05-07,4,3,3,1,8,"Polite and knowledgeable support, thank you.",5.38
1914,3644,2025-02-11,5,5,3,0,3,"Polite and knowledgeable support, thank you.",42.16
1915,3646,2025-04-16,5,5,5,1,7,"Resolved on the first call, very satisfied.",52.2
1916,3647,2025-01-24,5,5,5,1,9,Agent was friendly and solved my issue quickly.,2.25
1917,3649,2025-07-31,5,5,5,1,9,Agent was friendly and solved my issue quickly.,39.59
1918,3651,2025-02-16,4,4,2,1,4,"Great service, very professional and helpful.",34.83
1919,3652,2026-02-24,3,3,3,1,6,"Support was okay, nothing exceptional.",41.21
1920,3654,2026-05-12,5,3,5,1,5,"Polite and knowledgeable support, thank you.",9.36
1921,3655,2025-06-08,4,4,4,1,7,"Polite and knowledgeable support, thank you.",42.39
1922,3657,2026-03-03,3,4,3,1,7,Agent was friendly and solved my issue quickly.,41.86
1923,3661,2025-02-13,5,5,4,1,8,Quick response and clear explanation.,28.99
1924,3665,2025-10-05,5,4,5,1,4,"Great service, very professional and helpful.",4.71
1925,3668,2025-09-13,5,3,3,1,5,"Great service, very professional and helpful.",11.69
1926,3669,2025-02-24,5,4,5,1,9,"Resolved on the first call, very satisfied.",6.58
1927,3670,2025-02-05,4,5,3,1,6,"Polite and knowledgeable support, thank you.",33.61
1928,3672,2026-08-05,3,4,2,1,4,Average experience overall.,57.08
1929,3673,2026-04-02,4,4,2,0,7,"Great service, very professional and helpful.",13.52
1930,3674,2025-03-12,3,3,3,1,1,Average experience overall.,7.02
1931,3676,2025-09-24,3,3,2,0,1,Agent was not helpful and seemed rushed.,44.78
1932,3678,2025-09-25,3,4,1,1,4,Issue was resolved but it took a while.,6.81
1933,3679,2025-06-16,4,4,3,1,6,The agent was fine but I had to wait.,59.02
1934,3681,2025-03-12,4,5,3,1,5,"Resolved on the first call, very satisfied.",3.25
1935,3682,2026-06-01,4,4,2,1,5,Agent was friendly and solved my issue quickly.,52.37
1936,3683,2026-05-23,4,4,4,0,4,Quick response and clear explanation.,2.42
1937,3684,2025-12-11,3,3,4,0,1,Issue was resolved but it took a while.,13.61
1938,3685,2025-11-23,4,5,5,1,6,"Resolved on the first call, very satisfied.",0.51
1939,3686,2026-01-01,4,3,2,1,8,Issue was resolved but it took a while.,55.66
1940,3687,2026-07-01,5,4,4,1,4,Agent was friendly and solved my issue quickly.,24.27
1941,3689,2026-04-07,5,5,5,1,9,"Polite and knowledgeable support, thank you.",13.44
1942,3690,2025-11-12,2,3,2,1,4,Issue was resolved but it took a while.,2.94
1943,3691,2025-02-06,4,4,4,1,7,Quick response and clear explanation.,3.48
1944,3694,2026-06-14,5,3,3,1,4,"Resolved on the first call, very satisfied.",15.9
1945,3695,2025-02-25,4,3,2,1,2,Got what I needed eventually.,14.09
1946,3699,2026-03-29,4,4,4,1,4,"Resolved on the first call, very satisfied.",37.73
1947,3702,2025-02-23,3,3,2,1,3,Got what I needed eventually.,29.49
1948,3704,2026-06-20,4,3,5,1,6,"Great service, very professional and helpful.",23.36
1949,3705,2025-03-06,4,4,4,1,4,"Polite and knowledgeable support, thank you.",26.39
1950,3706,2025-12-26,5,5,5,1,7,"Resolved on the first call, very satisfied.",39.5
1951,3708,2025-11-28,5,3,5,1,7,Agent was friendly and solved my issue quickly.,37.32
1952,3711,2025-05-09,5,4,4,1,5,Quick response and clear explanation.,24.46
1953,3712,2025-01-06,3,4,4,1,7,"Resolved on the first call, very satisfied.",16.16
1954,3713,2025-12-16,4,3,3,1,5,Issue was resolved but it took a while.,21.17
1955,3715,2025-05-19,4,3,4,1,7,"Polite and knowledgeable support, thank you.",39.62
1956,3716,2025-04-21,4,4,3,1,7,"Resolved on the first call, very satisfied.",0.72
1957,3717,2026-06-29,4,2,4,1,9,Agent was friendly and solved my issue quickly.,24.75
1958,3718,2025-05-27,5,5,4,1,9,Agent was friendly and solved my issue quickly.,25.97
1959,3720,2025-11-10,4,4,5,1,4,Agent was friendly and solved my issue quickly.,38.91
1960,3721,2025-10-07,5,4,4,1,8,"Resolved on the first call, very satisfied.",40.91
1961,3722,2026-02-13,5,5,4,1,3,Agent was friendly and solved my issue quickly.,12.69
1962,3726,2025-12-06,4,4,4,1,4,"Resolved on the first call, very satisfied.",65.47
1963,3728,2025-05-22,4,4,3,1,9,Quick response and clear explanation.,23.1
1964,3730,2025-09-17,4,3,5,1,3,Quick response and clear explanation.,33.45
1965,3731,2025-09-12,5,4,4,1,6,"Polite and knowledgeable support, thank you.",32.61
1966,3732,2025-05-21,4,5,2,0,8,"Polite and knowledgeable support, thank you.",8.37
1967,3735,2025-02-09,3,4,4,1,4,"Polite and knowledgeable support, thank you.",73.52
1968,3736,2026-04-20,5,5,5,1,9,Agent was friendly and solved my issue quickly.,25.3
1969,3738,2025-11-25,4,4,5,1,9,Quick response and clear explanation.,10.83
1970,3740,2025-10-09,2,3,2,1,3,The agent was fine but I had to wait.,3.06
1971,3743,2025-01-05,3,5,4,1,5,The agent was fine but I had to wait.,7.92
1972,3744,2026-02-15,4,5,2,0,4,"Polite and knowledgeable support, thank you.",39.31
1973,3745,2025-01-12,3,3,2,0,3,Got what I needed eventually.,7.3
1974,3746,2025-06-27,5,5,4,1,4,"Polite and knowledgeable support, thank you.",28.44
1975,3747,2025-12-04,4,5,4,1,7,Quick response and clear explanation.,20.4
1976,3748,2025-04-13,3,3,4,0,8,"Resolved on the first call, very satisfied.",25.28
1977,3750,2025-05-26,3,5,5,1,8,Quick response and clear explanation.,9.42
1978,3752,2026-08-08,3,2,4,1,3,Got what I needed eventually.,2.86
1979,3755,2025-02-26,5,4,5,1,7,Quick response and clear explanation.,12.22
1980,3756,2026-06-30,2,1,3,1,7,Issue was resolved but it took a while.,1.83
1981,3760,2025-05-14,2,3,4,1,3,The agent was fine but I had to wait.,38.27
1982,3763,2026-04-30,4,5,5,1,9,Quick response and clear explanation.,12.7
1983,3764,2025-03-30,3,4,2,0,2,Waited far too long and the problem is still not fixed.,18.02
1984,3765,2026-04-14,3,4,3,1,7,"Support was okay, nothing exceptional.",43.47
1985,3766,2025-03-23,5,5,5,1,9,Quick response and clear explanation.,44.99
1986,3767,2025-06-16,5,5,5,1,4,"Polite and knowledgeable support, thank you.",23.66
1987,3768,2026-05-31,5,5,4,1,8,Agent was friendly and solved my issue quickly.,13.23
1988,3769,2026-07-09,4,4,2,1,6,Quick response and clear explanation.,28.53
1989,3770,2025-02-12,5,5,5,1,6,Agent was friendly and solved my issue quickly.,15.49
1990,3773,2025-11-20,5,4,2,1,5,Agent was friendly and solved my issue quickly.,33.2
1991,3776,2026-06-02,3,4,2,1,5,Average experience overall.,21.12
1992,3777,2025-02-04,5,5,5,1,7,"Great service, very professional and helpful.",39.38
1993,3781,2025-03-04,4,3,3,1,7,"Great service, very professional and helpful.",0.74
1994,3782,2026-04-25,5,4,5,1,10,"Resolved on the first call, very satisfied.",29.17
1995,3783,2025-02-02,5,5,2,1,4,Issue was resolved but it took a while.,57.98
1996,3784,2025-03-04,5,4,5,1,6,"Resolved on the first call, very satisfied.",5.14
1997,3785,2026-05-31,5,5,5,1,10,"Polite and knowledgeable support, thank you.",13.31
1998,3786,2025-04-21,5,5,4,0,9,Quick response and clear explanation.,28.0
1999,3787,2026-01-04,4,5,4,1,4,"Polite and knowledgeable support, thank you.",53.11
2000,3789,2026-01-01,4,4,4,1,7,"Resolved on the first call, very satisfied.",26.57
2001,3790,2025-05-25,4,3,4,1,4,Agent was friendly and solved my issue quickly.,57.42
2002,3793,2025-03-21,2,3,4,0,2,Issue was resolved but it took a while.,7.7
2003,3796,2025-12-07,3,3,3,1,5,Got what I needed eventually.,55.91
2004,3797,2026-01-15,5,5,4,1,6,Quick response and clear explanation.,17.16
2005,3798,2025-05-18,5,3,3,1,5,Quick response and clear explanation.,16.17
2006,3799,2025-12-11,5,5,4,1,8,Agent was friendly and solved my issue quickly.,39.83
2007,3801,2025-09-24,4,4,5,1,7,"Polite and knowledgeable support, thank you.",7.37
2008,3804,2026-04-16,3,4,3,1,4,The agent was fine but I had to wait.,11.45
2009,3807,2025-08-17,4,3,4,1,8,Quick response and clear explanation.,21.89
2010,3808,2025-04-19,4,3,5,1,6,Quick response and clear explanation.,24.44
2011,3809,2025-08-26,4,4,2,1,3,Got what I needed eventually.,11.81
2012,3811,2026-08-10,4,2,2,1,7,Got what I needed eventually.,34.07
2013,3813,2026-05-22,4,1,2,1,7,Issue was resolved but it took a while.,3.31
2014,3814,2025-05-19,5,4,3,1,7,Quick response and clear explanation.,55.1
2015,3815,2026-05-05,4,4,2,0,6,"Support was okay, nothing exceptional.",31.58
2016,3818,2025-12-14,4,5,5,1,7,Agent was friendly and solved my issue quickly.,14.18
2017,3819,2026-05-11,5,4,4,1,5,"Polite and knowledgeable support, thank you.",37.06
2018,3820,2025-07-22,5,5,3,1,4,Quick response and clear explanation.,42.03
2019,3821,2025-05-06,5,4,3,1,10,"Resolved on the first call, very satisfied.",54.03
2020,3823,2026-05-25,4,4,5,1,8,Agent was friendly and solved my issue quickly.,26.31
2021,3824,2026-07-30,2,3,3,1,6,Quick response and clear explanation.,26.69
2022,3826,2025-04-01,5,5,3,1,9,"Polite and knowledgeable support, thank you.",27.02
2023,3828,2025-06-28,4,3,4,1,4,"Great service, very professional and helpful.",29.5
2024,3829,2025-09-11,5,3,4,1,5,"Resolved on the first call, very satisfied.",25.98
2025,3831,2026-07-22,5,3,4,1,8,"Resolved on the first call, very satisfied.",28.85
2026,3833,2025-12-27,2,3,3,0,2,Had to contact you multiple times for the same issue.,40.09
2027,3834,2026-08-13,4,2,5,1,7,"Polite and knowledgeable support, thank you.",18.36
2028,3835,2025-10-29,5,4,4,0,9,"Great service, very professional and helpful.",52.13
2029,3841,2026-04-16,4,5,5,1,6,"Polite and knowledgeable support, thank you.",18.9
2030,3842,2025-11-24,2,4,2,1,5,"Great service, very professional and helpful.",49.08
2031,3843,2025-10-04,5,4,3,1,5,Agent was friendly and solved my issue quickly.,42.58
2032,3844,2025-01-16,5,5,4,1,5,Agent was friendly and solved my issue quickly.,33.08
2033,3845,2026-01-19,5,4,3,0,10,"Great service, very professional and helpful.",13.99
2034,3846,2025-06-14,5,5,4,1,8,Agent was friendly and solved my issue quickly.,28.81
2035,3847,2025-09-14,4,3,3,0,6,"Great service, very professional and helpful.",33.35
2036,3848,2025-05-28,4,4,5,1,6,Quick response and clear explanation.,30.2
2037,3849,2026-07-06,3,3,4,1,5,Issue was resolved but it took a while.,17.82
2038,3850,2026-02-22,3,3,2,1,5,Agent was friendly and solved my issue quickly.,47.61
2039,3852,2025-10-08,3,4,3,1,3,"Polite and knowledgeable support, thank you.",32.0
2040,3854,2026-01-27,4,5,3,1,7,"Resolved on the first call, very satisfied.",15.3
2041,3855,2025-11-06,3,2,4,1,6,Issue was resolved but it took a while.,23.94
2042,3860,2025-10-10,5,5,4,1,9,Quick response and clear explanation.,33.22
2043,3861,2025-04-28,4,4,4,1,8,Quick response and clear explanation.,75.95
2044,3862,2025-04-13,3,2,4,0,0,The agent was fine but I had to wait.,3.31
2045,3865,2026-05-20,4,4,4,1,6,Agent was friendly and solved my issue quickly.,28.69
2046,3867,2026-07-24,4,3,2,1,7,The agent was fine but I had to wait.,50.3
2047,3871,2026-02-16,5,4,4,1,5,"Great service, very professional and helpful.",7.98
2048,3872,2026-08-10,5,5,4,1,8,"Resolved on the first call, very satisfied.",46.99
2049,3875,2025-07-29,3,3,2,1,4,The agent was fine but I had to wait.,2.66
2050,3876,2026-07-02,5,4,4,0,3,Agent was friendly and solved my issue quickly.,6.27
2051,3878,2026-02-10,5,5,5,1,8,"Resolved on the first call, very satisfied.",31.38
2052,3883,2025-07-08,5,4,4,1,5,"Polite and knowledgeable support, thank you.",6.38
2053,3885,2026-07-07,3,3,2,1,1,"Support was okay, nothing exceptional.",30.95
2054,3888,2026-08-04,5,4,5,1,10,"Resolved on the first call, very satisfied.",12.74
2055,3890,2026-05-17,3,3,3,1,1,"Support was okay, nothing exceptional.",9.91
2056,3891,2026-04-03,5,5,4,1,6,Agent was friendly and solved my issue quickly.,37.12
2057,3894,2025-08-02,4,5,4,1,8,"Polite and knowledgeable support, thank you.",3.05
2058,3896,2025-04-28,3,4,3,1,2,The agent was fine but I had to wait.,50.56
2059,3897,2025-03-31,2,4,3,1,4,Got what I needed eventually.,1.7
2060,3900,2026-08-02,5,5,3,1,7,"Resolved on the first call, very satisfied.",11.62
2061,3904,2025-02-16,5,3,3,1,3,Got what I needed eventually.,42.2
2062,3905,2026-04-05,4,3,3,1,4,"Support was okay, nothing exceptional.",31.82
2063,3906,2025-01-30,4,4,5,1,7,Agent was friendly and solved my issue quickly.,18.08
2064,3907,2026-03-03,4,2,3,1,6,"Polite and knowledgeable support, thank you.",33.15
2065,3909,2026-05-29,3,3,3,0,1,Got what I needed eventually.,21.62
2066,3912,2025-07-10,5,2,2,1,4,Average experience overall.,19.5
2067,3914,2025-03-02,5,4,4,0,5,Agent was friendly and solved my issue quickly.,23.4
2068,3915,2025-05-30,4,3,5,0,2,"Polite and knowledgeable support, thank you.",47.91
2069,3916,2025-06-23,4,2,4,1,0,Got what I needed eventually.,45.89
2070,3917,2025-05-18,3,4,3,0,4,Got what I needed eventually.,13.81
2071,3919,2026-04-18,4,4,3,0,7,"Resolved on the first call, very satisfied.",52.72
2072,3921,2026-02-24,4,5,4,0,4,Agent was friendly and solved my issue quickly.,0.88
2073,3922,2025-12-12,1,2,2,0,2,Issue was resolved but it took a while.,49.89
2074,3923,2025-05-31,4,2,3,1,1,Average experience overall.,57.39
2075,3924,2025-06-21,4,4,4,1,6,"Polite and knowledgeable support, thank you.",23.04
2076,3925,2025-09-18,5,4,2,1,5,Quick response and clear explanation.,23.42
2077,3926,2025-02-20,3,2,2,1,1,"Support was okay, nothing exceptional.",4.66
2078,3929,2026-07-31,4,3,3,0,4,Issue was resolved but it took a while.,5.75
2079,3932,2025-08-12,5,5,4,1,3,Agent was friendly and solved my issue quickly.,47.84
2080,3933,2025-08-11,3,3,3,0,3,"Support was okay, nothing exceptional.",8.57
2081,3937,2025-03-24,5,4,5,1,4,"Great service, very professional and helpful.",23.09
2082,3939,2025-03-17,5,5,3,1,9,"Polite and knowledgeable support, thank you.",14.39
2083,3941,2025-09-04,3,3,1,0,2,The agent was fine but I had to wait.,56.48
2084,3943,2025-01-16,2,3,3,0,0,Got what I needed eventually.,58.42
2085,3945,2025-04-27,5,5,4,1,10,"Resolved on the first call, very satisfied.",23.29
2086,3948,2025-04-11,5,4,4,0,7,Agent was friendly and solved my issue quickly.,43.81
2087,3949,2025-02-13,5,5,5,1,7,Quick response and clear explanation.,15.21
2088,3950,2025-01-15,3,4,5,0,4,"Polite and knowledgeable support, thank you.",29.23
2089,3951,2025-11-28,3,3,2,0,5,"Support was okay, nothing exceptional.",21.76
2090,3952,2025-08-30,4,5,4,1,6,"Resolved on the first call, very satisfied.",57.28
2091,3954,2025-01-09,5,5,5,1,8,Quick response and clear explanation.,9.81
2092,3956,2025-06-11,5,4,4,0,6,Agent was friendly and solved my issue quickly.,4.12
2093,3957,2025-02-13,5,5,5,1,7,Quick response and clear explanation.,49.92
2094,3958,2025-04-05,5,4,4,1,7,"Polite and knowledgeable support, thank you.",68.28
2095,3959,2026-02-20,4,4,4,1,8,"Resolved on the first call, very satisfied.",6.23
2096,3962,2026-02-23,5,5,4,1,10,"Resolved on the first call, very satisfied.",39.51
2097,3969,2025-09-20,5,3,4,1,4,Issue was resolved but it took a while.,40.9
2098,3971,2025-05-17,3,2,3,0,6,The agent was fine but I had to wait.,33.12
2099,3978,2025-10-24,3,3,4,1,6,Quick response and clear explanation.,24.95
2100,3979,2026-06-04,5,5,4,1,4,Quick response and clear explanation.,35.66
2101,3980,2025-06-29,4,3,4,1,3,Average experience overall.,40.18
2102,3982,2025-01-04,5,5,5,1,7,"Great service, very professional and helpful.",26.12
2103,3985,2026-02-21,4,3,2,1,3,"Support was okay, nothing exceptional.",41.24
2104,3986,2025-02-19,3,2,3,0,5,Issue was resolved but it took a while.,10.91
2105,3987,2025-01-30,3,3,4,1,7,"Great service, very professional and helpful.",23.01
2106,3988,2026-06-17,5,3,4,1,4,Quick response and clear explanation.,5.2
2107,3989,2025-12-27,5,5,4,1,10,Agent was friendly and solved my issue quickly.,23.88
2108,3990,2025-02-17,5,5,4,1,8,Quick response and clear explanation.,49.87
2109,3991,2025-05-18,5,5,5,1,8,"Great service, very professional and helpful.",9.7
2110,3992,2025-02-09,5,5,5,1,10,"Resolved on the first call, very satisfied.",18.11
2111,3997,2025-01-30,5,5,5,1,5,"Polite and knowledgeable support, thank you.",4.14
2112,3999,2025-10-10,4,4,4,0,3,"Great service, very professional and helpful.",40.07
2113,4003,2025-04-20,4,5,4,1,7,Agent was friendly and solved my issue quickly.,48.19
2114,4005,2025-12-07,4,4,2,1,6,"Great service, very professional and helpful.",22.26
2115,4006,2026-05-13,5,4,4,1,3,Agent was friendly and solved my issue quickly.,0.5
2116,4007,2025-06-25,5,4,2,1,2,Issue was resolved but it took a while.,16.57
2117,4010,2026-08-03,3,4,2,1,4,Average experience overall.,12.71
2118,4011,2026-07-29,5,5,4,1,7,"Resolved on the first call, very satisfied.",5.24
2119,4013,2026-05-11,3,2,3,0,3,The agent was fine but I had to wait.,16.16
2120,4016,2025-12-25,3,3,4,1,7,Issue was resolved but it took a while.,0.62
2121,4019,2025-07-07,5,4,5,1,8,"Great service, very professional and helpful.",21.65
2122,4021,2026-04-15,4,3,3,1,3,"Support was okay, nothing exceptional.",76.62
2123,4024,2025-08-01,5,2,3,0,3,"Support was okay, nothing exceptional.",47.0
2124,4027,2026-02-01,4,3,3,1,8,Agent was friendly and solved my issue quickly.,42.59
2125,4030,2025-10-16,4,4,4,1,5,Agent was friendly and solved my issue quickly.,2.57
2126,4031,2026-01-07,5,3,2,0,5,Got what I needed eventually.,30.09
2127,4033,2025-03-27,3,3,3,0,4,Average experience overall.,11.07
2128,4037,2025-12-22,4,4,5,1,7,Agent was friendly and solved my issue quickly.,22.03
2129,4039,2025-11-16,1,1,3,0,3,Had to contact you multiple times for the same issue.,31.24
2130,4040,2025-02-14,5,4,4,1,8,Agent was friendly and solved my issue quickly.,2.1
2131,4042,2025-07-27,4,5,3,1,6,Agent was friendly and solved my issue quickly.,16.24
2132,4044,2025-12-02,5,5,4,1,4,"Resolved on the first call, very satisfied.",41.3
2133,4046,2026-03-02,5,5,5,1,7,"Great service, very professional and helpful.",26.07
2134,4048,2026-03-19,5,4,5,1,8,"Resolved on the first call, very satisfied.",38.23
2135,4049,2026-07-22,4,2,1,1,3,The problem was not resolved and no follow-up.,27.87
2136,4050,2026-03-13,3,5,4,1,5,"Great service, very professional and helpful.",26.97
2137,4053,2026-08-11,2,4,4,1,6,Got what I needed eventually.,30.2
2138,4055,2025-12-30,4,4,5,1,6,Agent was friendly and solved my issue quickly.,22.26
2139,4056,2025-11-04,2,4,5,1,5,"Great service, very professional and helpful.",33.46
2140,4057,2026-06-22,3,4,2,1,2,"Support was okay, nothing exceptional.",16.66
2141,4058,2025-08-27,4,5,5,0,9,"Great service, very professional and helpful.",70.26
2142,4061,2025-03-23,3,3,3,1,8,Issue was resolved but it took a while.,10.46
2143,4064,2025-10-12,5,5,4,1,4,"Resolved on the first call, very satisfied.",4.12
2144,4068,2025-10-29,5,5,4,1,9,"Resolved on the first call, very satisfied.",6.77
2145,4069,2025-06-24,5,4,4,0,9,"Resolved on the first call, very satisfied.",2.86
2146,4070,2025-04-04,4,4,2,1,5,"Support was okay, nothing exceptional.",22.72
2147,4072,2025-11-10,5,5,5,1,8,Quick response and clear explanation.,7.3
2148,4077,2026-01-29,5,5,5,1,7,"Resolved on the first call, very satisfied.",15.23
2149,4079,2025-04-14,3,5,4,1,9,"Great service, very professional and helpful.",24.7
2150,4080,2025-06-19,5,5,4,1,8,"Resolved on the first call, very satisfied.",32.62
2151,4081,2026-05-12,4,3,3,1,6,Agent was friendly and solved my issue quickly.,34.5
2152,4082,2025-07-20,5,5,5,1,10,"Great service, very professional and helpful.",32.25
2153,4083,2025-09-17,3,3,4,1,2,Average experience overall.,6.46
2154,4088,2026-06-05,3,5,4,1,9,"Resolved on the first call, very satisfied.",47.17
2155,4089,2026-02-19,4,4,2,1,2,Average experience overall.,40.64
2156,4090,2026-06-30,4,5,3,1,8,"Great service, very professional and helpful.",30.6
2157,4093,2025-11-21,5,4,4,1,10,"Great service, very professional and helpful.",40.84
2158,4094,2026-07-12,4,3,4,1,5,Agent was friendly and solved my issue quickly.,26.0
2159,4097,2025-07-20,5,4,3,1,3,"Resolved on the first call, very satisfied.",30.16
2160,4098,2026-04-05,5,3,4,1,10,"Great service, very professional and helpful.",14.37
2161,4100,2025-03-01,4,3,1,1,5,"Support was okay, nothing exceptional.",2.38
2162,4102,2025-01-15,4,4,4,0,2,Issue was resolved but it took a while.,19.65
2163,4103,2026-05-01,4,4,4,1,7,"Polite and knowledgeable support, thank you.",18.73
2164,4104,2026-03-02,3,4,3,1,5,"Great service, very professional and helpful.",11.29
2165,4105,2026-04-03,4,2,3,1,9,"Great service, very professional and helpful.",27.27
2166,4107,2025-04-17,5,4,3,1,5,Quick response and clear explanation.,1.62
2167,4111,2025-12-23,5,4,2,0,6,"Great service, very professional and helpful.",39.66
2168,4112,2025-05-24,2,3,3,1,6,Issue was resolved but it took a while.,28.17
2169,4113,2026-07-01,3,4,3,0,7,"Great service, very professional and helpful.",27.22
2170,4114,2025-05-31,2,4,3,1,6,The agent was fine but I had to wait.,39.44
2171,4115,2025-09-16,5,5,4,1,7,"Polite and knowledgeable support, thank you.",41.12
2172,4118,2025-08-18,3,4,5,1,5,"Great service, very professional and helpful.",29.21
2173,4119,2025-09-17,5,4,4,0,5,Agent was friendly and solved my issue quickly.,43.02
2174,4123,2025-04-06,3,4,3,0,5,"Support was okay, nothing exceptional.",6.15
2175,4124,2026-02-02,5,4,3,1,8,Agent was friendly and solved my issue quickly.,36.63
2176,4129,2025-03-26,5,5,4,1,8,Agent was friendly and solved my issue quickly.,17.87
2177,4130,2025-03-06,5,5,4,1,8,Quick response and clear explanation.,8.65
2178,4137,2025-06-08,5,5,5,1,8,"Polite and knowledgeable support, thank you.",41.69
2179,4138,2025-03-13,3,3,2,0,5,Got what I needed eventually.,14.43
2180,4140,2025-07-23,4,4,3,1,3,Agent was friendly and solved my issue quickly.,10.76
2181,4141,2026-07-21,4,5,5,1,9,Agent was friendly and solved my issue quickly.,13.83
2182,4143,2026-03-30,4,2,2,1,6,Average experience overall.,21.95
2183,4146,2026-02-12,4,4,4,1,6,"Great service, very professional and helpful.",23.81
2184,4147,2026-02-10,5,5,5,1,10,"Great service, very professional and helpful.",44.23
2185,4148,2025-01-21,5,4,4,0,4,"Polite and knowledgeable support, thank you.",6.02
2186,4149,2025-05-14,5,3,3,1,7,"Polite and knowledgeable support, thank you.",42.24
2187,4150,2026-05-25,5,2,4,1,8,"Resolved on the first call, very satisfied.",26.09
2188,4151,2025-06-25,3,5,3,1,4,"Great service, very professional and helpful.",19.6
2189,4154,2026-05-15,4,2,3,1,5,"Support was okay, nothing exceptional.",26.26
2190,4155,2026-02-11,3,2,3,1,3,"Support was okay, nothing exceptional.",35.55
2191,4156,2025-04-20,4,3,3,1,1,The agent was fine but I had to wait.,17.24
2192,4158,2025-12-05,5,3,2,1,5,The agent was fine but I had to wait.,27.3
2193,4160,2026-07-21,4,5,4,1,4,"Resolved on the first call, very satisfied.",5.61
2194,4163,2025-09-20,4,3,2,1,4,Got what I needed eventually.,19.86
2195,4164,2026-04-08,5,5,4,1,6,Quick response and clear explanation.,20.91
2196,4165,2025-11-15,1,2,3,1,4,Had to contact you multiple times for the same issue.,8.63
2197,4166,2025-04-08,4,3,4,1,9,"Resolved on the first call, very satisfied.",22.06
2198,4167,2025-04-11,5,4,5,1,7,Agent was friendly and solved my issue quickly.,30.11
2199,4172,2025-06-15,5,4,4,1,7,"Polite and knowledgeable support, thank you.",8.18
2200,4173,2026-07-31,5,5,5,1,10,"Resolved on the first call, very satisfied.",6.7
2201,4174,2025-01-28,3,4,4,1,6,The agent was fine but I had to wait.,8.96
2202,4175,2026-04-25,5,4,4,1,8,"Resolved on the first call, very satisfied.",47.87
2203,4176,2026-01-15,5,2,3,1,6,"Support was okay, nothing exceptional.",11.55
2204,4179,2025-02-12,2,2,2,1,4,"Support was okay, nothing exceptional.",4.7
2205,4181,2026-05-09,4,5,3,1,8,Agent was friendly and solved my issue quickly.,24.29
2206,4184,2026-04-16,5,4,4,0,6,"Resolved on the first call, very satisfied.",3.75
2207,4186,2026-02-24,2,2,1,0,0,Agent was not helpful and seemed rushed.,6.86
2208,4188,2025-11-30,4,5,5,1,9,Agent was friendly and solved my issue quickly.,9.86
2209,4189,2025-08-06,3,2,3,0,3,Issue was resolved but it took a while.,18.24
2210,4190,2025-06-01,5,5,4,1,6,"Polite and knowledgeable support, thank you.",46.4
2211,4191,2025-11-14,3,3,5,1,2,Quick response and clear explanation.,5.77
2212,4192,2025-02-17,5,5,4,1,8,"Resolved on the first call, very satisfied.",37.56
2213,4193,2025-07-12,4,4,5,1,5,"Great service, very professional and helpful.",34.87
2214,4195,2025-01-07,5,5,4,1,9,"Great service, very professional and helpful.",42.98
2215,4196,2025-08-17,4,4,3,1,9,"Polite and knowledgeable support, thank you.",1.8
2216,4198,2025-05-01,4,4,3,0,5,"Support was okay, nothing exceptional.",19.38
2217,4199,2025-12-10,5,5,5,1,8,"Polite and knowledgeable support, thank you.",46.68
2218,4200,2026-05-26,5,5,5,1,9,"Resolved on the first call, very satisfied.",27.12
2219,4201,2025-05-11,3,4,4,1,0,Got what I needed eventually.,34.06
2220,4203,2025-12-11,3,4,4,1,9,"Great service, very professional and helpful.",5.53
2221,4205,2025-06-29,5,5,2,1,3,Issue was resolved but it took a while.,36.35
2222,4207,2025-03-22,5,4,3,1,6,Agent was friendly and solved my issue quickly.,44.48
2223,4209,2026-06-26,5,5,4,1,4,"Polite and knowledgeable support, thank you.",6.7
2224,4210,2025-09-16,5,4,5,1,8,"Resolved on the first call, very satisfied.",13.14
2225,4212,2026-07-10,5,5,5,1,6,"Great service, very professional and helpful.",23.16
2226,4214,2025-04-28,5,5,5,1,10,"Polite and knowledgeable support, thank you.",30.74
2227,4215,2025-02-11,5,4,4,1,0,"Great service, very professional and helpful.",48.34
2228,4217,2026-06-03,3,2,2,1,0,"Very frustrating experience, poor communication.",38.0
2229,4222,2026-08-13,5,4,5,1,7,"Resolved on the first call, very satisfied.",6.96
2230,4226,2025-09-17,2,2,2,0,5,Average experience overall.,37.1
2231,4227,2025-11-16,1,2,2,0,2,Waited far too long and the problem is still not fixed.,12.95
2232,4228,2025-12-29,4,4,4,0,6,"Polite and knowledgeable support, thank you.",8.08
2233,4232,2026-06-13,5,5,5,1,4,Agent was friendly and solved my issue quickly.,10.5
2234,4234,2025-10-18,3,5,4,1,2,"Support was okay, nothing exceptional.",29.9
2235,4235,2026-03-18,4,3,3,1,1,Issue was resolved but it took a while.,66.77
2236,4237,2025-09-12,3,5,4,1,8,"Great service, very professional and helpful.",29.95
2237,4238,2026-05-03,5,5,4,1,7,Agent was friendly and solved my issue quickly.,0.31
2238,4239,2025-08-07,3,3,3,1,3,"Support was okay, nothing exceptional.",33.19
2239,4240,2025-07-08,5,5,5,1,7,"Resolved on the first call, very satisfied.",36.4
2240,4242,2025-08-27,5,3,2,1,7,Quick response and clear explanation.,51.91
2241,4244,2025-11-17,5,5,5,1,6,Quick response and clear explanation.,35.66
2242,4245,2025-07-04,4,4,4,1,8,Quick response and clear explanation.,55.12
2243,4246,2025-03-27,4,3,5,1,7,"Resolved on the first call, very satisfied.",28.89
2244,4247,2026-06-26,2,4,2,1,5,The agent was fine but I had to wait.,66.54
2245,4248,2025-08-22,3,3,2,1,5,The agent was fine but I had to wait.,43.26
2246,4249,2025-05-01,5,4,5,1,10,"Great service, very professional and helpful.",40.71
2247,4250,2025-10-16,3,5,4,1,8,"Polite and knowledgeable support, thank you.",8.4
2248,4251,2026-08-01,5,3,3,0,3,Average experience overall.,6.84
2249,4252,2025-02-17,4,3,3,1,5,"Great service, very professional and helpful.",15.41
2250,4254,2026-02-14,5,3,4,1,3,Quick response and clear explanation.,21.91
2251,4255,2025-10-01,5,5,4,0,8,"Great service, very professional and helpful.",46.88
2252,4259,2026-03-20,5,5,5,1,6,"Great service, very professional and helpful.",17.78
2253,4261,2025-09-21,3,4,4,1,2,The agent was fine but I had to wait.,39.65
2254,4264,2025-06-25,5,4,5,1,6,"Resolved on the first call, very satisfied.",13.24
2255,4266,2026-04-06,5,4,4,0,7,"Great service, very professional and helpful.",56.28
2256,4267,2026-05-28,5,3,5,1,7,"Resolved on the first call, very satisfied.",22.19
2257,4268,2025-03-16,4,1,2,0,3,Issue was resolved but it took a while.,24.04
2258,4271,2025-12-14,3,4,3,1,7,"Polite and knowledgeable support, thank you.",30.66
2259,4273,2025-04-22,2,2,2,1,1,Waited far too long and the problem is still not fixed.,24.02
2260,4276,2025-02-08,5,3,4,0,6,Agent was friendly and solved my issue quickly.,3.9
2261,4277,2026-07-19,4,2,3,1,2,The agent was fine but I had to wait.,38.61
2262,4279,2025-10-23,4,5,5,1,5,"Polite and knowledgeable support, thank you.",22.36
2263,4280,2026-01-22,5,5,5,1,8,Quick response and clear explanation.,51.77
2264,4281,2025-06-12,4,4,4,1,6,"Great service, very professional and helpful.",29.24
2265,4282,2026-03-24,4,1,2,1,2,The problem was not resolved and no follow-up.,8.96
2266,4284,2025-07-20,4,5,3,1,6,"Polite and knowledgeable support, thank you.",30.98
2267,4285,2025-10-03,3,4,4,0,7,Quick response and clear explanation.,36.49
2268,4286,2025-01-14,4,3,5,0,6,Agent was friendly and solved my issue quickly.,44.43
2269,4288,2026-08-01,2,2,4,0,3,Average experience overall.,25.52
2270,4289,2026-03-23,4,3,4,1,7,"Great service, very professional and helpful.",24.29
2271,4290,2025-10-31,4,3,4,1,8,"Great service, very professional and helpful.",3.5
2272,4291,2026-02-25,5,5,5,1,10,Agent was friendly and solved my issue quickly.,32.19
2273,4292,2025-05-01,4,2,3,0,4,"Support was okay, nothing exceptional.",18.64
2274,4293,2025-11-18,2,4,2,1,3,Issue was resolved but it took a while.,12.57
2275,4295,2025-03-22,4,5,4,1,9,"Polite and knowledgeable support, thank you.",60.84
2276,4296,2026-07-27,5,3,4,1,5,Agent was friendly and solved my issue quickly.,41.34
2277,4299,2025-09-09,5,5,5,1,7,Quick response and clear explanation.,41.6
2278,4301,2026-07-17,5,4,5,1,4,"Resolved on the first call, very satisfied.",6.48
2279,4303,2025-04-29,4,4,5,1,8,Quick response and clear explanation.,21.36
2280,4306,2026-01-17,4,3,4,0,2,Got what I needed eventually.,36.88
2281,4307,2025-06-12,4,5,4,1,8,"Polite and knowledgeable support, thank you.",11.52
2282,4308,2026-04-29,5,4,5,1,7,Quick response and clear explanation.,28.23
2283,4309,2025-02-20,5,4,4,1,10,"Resolved on the first call, very satisfied.",35.79
2284,4310,2025-01-29,4,5,4,1,9,Quick response and clear explanation.,23.99
2285,4311,2025-10-29,4,5,4,1,5,"Resolved on the first call, very satisfied.",36.97
2286,4313,2025-12-22,2,3,3,1,4,Average experience overall.,23.02
2287,4314,2025-03-12,4,4,4,1,5,"Great service, very professional and helpful.",23.89
2288,4316,2026-06-05,5,5,4,1,8,"Polite and knowledgeable support, thank you.",19.75
2289,4317,2026-02-09,5,3,3,1,4,Quick response and clear explanation.,59.95
2290,4318,2026-04-12,1,3,2,1,5,Waited far too long and the problem is still not fixed.,16.39
2291,4319,2025-03-08,5,5,3,1,3,Quick response and clear explanation.,6.65
2292,4321,2025-08-19,2,4,4,0,3,Got what I needed eventually.,29.54
2293,4323,2026-03-11,3,4,5,1,1,"Polite and knowledgeable support, thank you.",4.97
2294,4326,2025-07-04,3,3,3,0,4,"Support was okay, nothing exceptional.",19.97
2295,4327,2026-07-10,4,3,3,1,8,The agent was fine but I had to wait.,33.63
2296,4330,2025-04-29,5,5,5,1,9,"Resolved on the first call, very satisfied.",13.76
2297,4331,2025-10-12,5,4,4,1,5,"Polite and knowledgeable support, thank you.",10.7
2298,4332,2026-07-25,5,5,3,1,7,Agent was friendly and solved my issue quickly.,16.91
2299,4333,2025-11-15,5,5,4,1,6,"Polite and knowledgeable support, thank you.",3.65
2300,4334,2026-02-10,4,4,5,1,6,"Great service, very professional and helpful.",43.27
2301,4335,2025-04-13,5,3,4,0,6,"Resolved on the first call, very satisfied.",38.8
2302,4336,2025-07-10,3,4,4,0,7,Average experience overall.,34.51
2303,4337,2025-02-08,5,5,5,1,5,"Great service, very professional and helpful.",26.83
2304,4339,2026-01-22,5,5,5,1,6,"Great service, very professional and helpful.",19.17
2305,4342,2025-09-18,3,4,3,1,7,"Resolved on the first call, very satisfied.",18.87
2306,4343,2026-03-10,3,3,2,1,2,The agent was fine but I had to wait.,23.94
2307,4345,2025-03-05,5,4,5,1,7,"Polite and knowledgeable support, thank you.",21.4
2308,4346,2025-12-14,5,4,4,1,7,"Resolved on the first call, very satisfied.",54.47
2309,4347,2025-09-18,3,4,4,1,5,"Resolved on the first call, very satisfied.",7.85
2310,4348,2025-09-26,4,5,4,1,7,Agent was friendly and solved my issue quickly.,4.22
2311,4349,2025-10-23,2,3,3,1,5,"Support was okay, nothing exceptional.",51.71
2312,4350,2026-07-28,5,3,2,0,6,"Polite and knowledgeable support, thank you.",26.45
2313,4351,2026-02-08,5,4,4,1,7,"Resolved on the first call, very satisfied.",12.79
2314,4355,2025-01-13,5,5,5,1,7,"Resolved on the first call, very satisfied.",29.44
2315,4357,2026-03-27,5,5,5,1,5,"Resolved on the first call, very satisfied.",12.07
2316,4358,2025-08-07,3,2,3,0,1,Average experience overall.,24.88
2317,4359,2025-06-10,4,3,1,0,7,"Support was okay, nothing exceptional.",29.52
2318,4360,2025-05-09,5,4,4,1,4,"Resolved on the first call, very satisfied.",44.71
2319,4361,2025-06-06,3,3,4,1,6,"Great service, very professional and helpful.",10.7
2320,4362,2025-06-11,4,3,4,0,6,Agent was friendly and solved my issue quickly.,13.84
2321,4366,2025-04-11,3,5,4,1,5,Quick response and clear explanation.,17.1
2322,4367,2025-03-01,5,3,1,1,4,Average experience overall.,0.76
2323,4370,2026-05-28,5,5,5,1,6,"Great service, very professional and helpful.",3.45
2324,4375,2025-07-10,5,5,4,1,6,Quick response and clear explanation.,32.87
2325,4376,2025-06-17,5,3,4,1,3,"Polite and knowledgeable support, thank you.",1.13
2326,4379,2026-05-21,3,4,2,1,5,Got what I needed eventually.,17.17
2327,4384,2026-02-16,2,3,2,1,4,Issue was resolved but it took a while.,49.37
2328,4385,2025-10-17,5,4,5,1,9,"Great service, very professional and helpful.",29.14
2329,4387,2026-01-11,5,5,5,1,10,Quick response and clear explanation.,57.56
2330,4388,2026-03-08,4,5,3,1,8,"Polite and knowledgeable support, thank you.",4.32
2331,4389,2025-07-13,5,4,3,1,5,"Resolved on the first call, very satisfied.",33.04
2332,4390,2025-10-11,5,4,3,1,6,"Polite and knowledgeable support, thank you.",6.42
2333,4393,2025-01-13,5,3,4,1,7,Quick response and clear explanation.,41.27
2334,4395,2025-07-08,5,4,5,1,4,"Great service, very professional and helpful.",15.15
2335,4396,2025-02-27,4,4,4,1,5,Agent was friendly and solved my issue quickly.,9.29
2336,4401,2025-09-29,5,5,5,1,7,"Great service, very professional and helpful.",51.4
2337,4402,2025-03-20,4,1,2,1,0,"Very frustrating experience, poor communication.",24.72
2338,4403,2025-01-03,5,5,4,1,7,"Great service, very professional and helpful.",19.12
2339,4407,2025-11-24,5,4,3,1,9,"Resolved on the first call, very satisfied.",31.95
2340,4408,2025-11-22,4,4,5,0,7,"Polite and knowledgeable support, thank you.",12.22
2341,4409,2025-05-08,4,5,5,1,9,"Great service, very professional and helpful.",48.15
2342,4415,2025-11-19,4,4,4,1,1,"Polite and knowledgeable support, thank you.",10.36
2343,4416,2025-04-19,5,5,5,1,9,"Polite and knowledgeable support, thank you.",22.91
2344,4417,2026-05-26,5,4,2,1,6,"Support was okay, nothing exceptional.",20.19
2345,4418,2026-01-21,5,4,4,1,10,"Great service, very professional and helpful.",17.76
2346,4419,2025-10-20,5,4,4,0,7,"Polite and knowledgeable support, thank you.",24.77
2347,4420,2026-05-06,5,5,5,1,7,Quick response and clear explanation.,23.1
2348,4422,2025-03-28,5,5,5,1,5,"Polite and knowledgeable support, thank you.",41.18
2349,4424,2025-06-08,3,4,4,1,2,"Support was okay, nothing exceptional.",23.71
2350,4426,2026-01-28,3,1,2,0,1,Got what I needed eventually.,22.49
2351,4429,2026-02-06,4,3,3,0,3,Issue was resolved but it took a while.,9.6
2352,4430,2026-03-13,5,4,4,0,8,Agent was friendly and solved my issue quickly.,19.09
2353,4437,2025-06-02,3,4,2,1,4,Average experience overall.,1.57
2354,4438,2025-02-03,4,3,4,1,6,"Polite and knowledgeable support, thank you.",38.6
2355,4440,2025-02-08,5,5,4,1,6,"Great service, very professional and helpful.",57.89
2356,4443,2025-04-27,5,4,4,1,6,"Resolved on the first call, very satisfied.",19.21
2357,4444,2026-01-19,4,4,4,1,9,Quick response and clear explanation.,50.36
2358,4446,2025-08-04,4,4,4,1,8,Agent was friendly and solved my issue quickly.,38.73
2359,4447,2026-03-30,5,4,5,1,7,"Great service, very professional and helpful.",33.58
2360,4449,2025-03-02,4,4,3,1,6,"Support was okay, nothing exceptional.",39.1
2361,4450,2026-05-15,3,5,4,1,5,Got what I needed eventually.,34.67
2362,4453,2025-04-19,5,4,4,1,4,"Great service, very professional and helpful.",24.63
2363,4454,2025-03-02,5,4,3,1,3,Quick response and clear explanation.,42.26
2364,4455,2025-08-05,4,3,3,1,4,Average experience overall.,12.67
2365,4456,2025-05-14,4,5,5,1,7,"Resolved on the first call, very satisfied.",25.08
2366,4458,2025-05-20,3,4,2,1,3,The agent was fine but I had to wait.,19.1
2367,4459,2025-05-05,5,5,5,1,8,Quick response and clear explanation.,24.92
2368,4468,2025-09-20,5,3,4,1,6,"Polite and knowledgeable support, thank you.",19.47
2369,4471,2025-03-24,5,4,4,1,4,"Polite and knowledgeable support, thank you.",17.22
2370,4472,2026-01-19,3,3,3,0,2,Got what I needed eventually.,61.44
2371,4473,2026-03-28,5,1,4,1,7,Agent was friendly and solved my issue quickly.,44.14
2372,4475,2025-06-12,5,5,5,0,9,"Resolved on the first call, very satisfied.",34.41
2373,4476,2026-06-10,5,2,4,1,7,"Great service, very professional and helpful.",40.65
2374,4478,2025-05-12,5,5,5,1,8,"Resolved on the first call, very satisfied.",21.39
2375,4480,2025-11-11,5,4,4,1,8,"Resolved on the first call, very satisfied.",27.21
2376,4481,2025-06-10,4,3,3,1,3,Got what I needed eventually.,4.33
2377,4482,2026-02-12,5,4,5,1,9,Agent was friendly and solved my issue quickly.,10.05
2378,4484,2025-05-13,4,3,3,1,2,The agent was fine but I had to wait.,61.86
2379,4487,2026-03-07,4,2,2,1,6,Average experience overall.,6.77
2380,4488,2026-03-04,5,4,4,1,6,"Great service, very professional and helpful.",22.63
2381,4489,2026-01-02,5,4,3,1,6,"Polite and knowledgeable support, thank you.",53.86
2382,4491,2025-05-18,5,5,5,1,6,Quick response and clear explanation.,25.71
2383,4492,2025-12-16,3,3,2,0,6,"Support was okay, nothing exceptional.",52.38
2384,4496,2026-03-15,4,5,3,0,7,"Resolved on the first call, very satisfied.",25.25
2385,4497,2025-11-12,5,5,5,1,8,"Polite and knowledgeable support, thank you.",31.84
2386,4498,2026-01-08,5,5,5,1,10,"Great service, very professional and helpful.",79.23
2387,4499,2026-04-27,1,3,3,0,4,"Support was okay, nothing exceptional.",36.55
2388,4501,2025-07-01,4,5,4,1,7,"Polite and knowledgeable support, thank you.",4.86
2389,4502,2026-06-08,3,3,5,1,6,"Resolved on the first call, very satisfied.",17.14
2390,4503,2025-01-20,5,5,5,0,9,"Great service, very professional and helpful.",9.93
2391,4505,2025-06-30,3,5,5,1,6,Quick response and clear explanation.,28.49
2392,4506,2025-04-08,4,5,5,1,5,Agent was friendly and solved my issue quickly.,14.94
2393,4509,2026-05-30,4,4,4,0,7,Quick response and clear explanation.,43.67
2394,4510,2025-09-07,3,5,5,1,8,"Polite and knowledgeable support, thank you.",10.97
2395,4511,2025-07-30,5,5,3,1,8,Quick response and clear explanation.,14.75
2396,4512,2025-05-31,5,4,4,1,10,Agent was friendly and solved my issue quickly.,27.17
2397,4513,2026-07-27,5,5,4,1,8,Quick response and clear explanation.,7.6
2398,4514,2025-06-27,5,3,3,0,5,Agent was friendly and solved my issue quickly.,28.48
2399,4515,2025-02-25,3,3,3,1,4,The agent was fine but I had to wait.,29.2
2400,4518,2025-10-16,4,5,5,1,9,Agent was friendly and solved my issue quickly.,17.29
2401,4519,2025-10-28,5,4,3,1,6,"Great service, very professional and helpful.",23.04
2402,4520,2025-03-24,5,4,3,0,5,"Great service, very professional and helpful.",29.85
2403,4521,2026-05-05,1,1,2,0,1,Had to contact you multiple times for the same issue.,15.08
2404,4523,2026-04-04,4,5,4,1,7,"Resolved on the first call, very satisfied.",47.03
2405,4524,2025-10-25,5,5,5,1,7,Agent was friendly and solved my issue quickly.,13.43
2406,4525,2025-09-27,3,3,3,1,4,Issue was resolved but it took a while.,34.25
2407,4526,2025-06-28,4,3,5,1,10,"Polite and knowledgeable support, thank you.",20.39
2408,4528,2025-02-25,1,3,3,0,7,Issue was resolved but it took a while.,14.84
2409,4529,2026-02-23,3,5,4,0,9,"Resolved on the first call, very satisfied.",50.04
2410,4530,2026-03-26,3,5,3,1,8,Average experience overall.,7.1
2411,4533,2025-06-15,5,5,4,1,7,"Great service, very professional and helpful.",5.94
2412,4536,2025-04-05,5,5,4,1,9,"Polite and knowledgeable support, thank you.",22.44
2413,4537,2025-01-21,5,5,5,1,10,"Polite and knowledgeable support, thank you.",18.62
2414,4542,2025-04-22,3,4,2,1,2,Average experience overall.,46.7
2415,4547,2025-06-13,5,5,5,1,3,"Resolved on the first call, very satisfied.",3.61
2416,4549,2026-04-24,3,3,3,1,5,Issue was resolved but it took a while.,28.78
2417,4552,2025-06-24,4,3,2,1,4,"Support was okay, nothing exceptional.",21.05
2418,4553,2025-12-29,5,4,4,1,5,"Polite and knowledgeable support, thank you.",12.81
2419,4554,2026-02-21,5,5,4,1,10,"Great service, very professional and helpful.",0.48
2420,4555,2026-01-06,3,4,3,0,5,"Resolved on the first call, very satisfied.",12.03
2421,4556,2025-10-12,5,5,4,1,6,"Great service, very professional and helpful.",17.2
2422,4560,2026-08-03,4,5,4,1,6,"Resolved on the first call, very satisfied.",50.99
2423,4564,2026-01-15,4,2,3,1,2,Average experience overall.,31.33
2424,4565,2026-07-16,4,5,5,1,10,"Great service, very professional and helpful.",28.04
2425,4566,2025-07-05,3,1,2,1,5,Waited far too long and the problem is still not fixed.,22.23
2426,4568,2026-01-15,4,3,4,1,6,"Great service, very professional and helpful.",23.96
2427,4569,2025-12-22,5,5,4,0,5,"Great service, very professional and helpful.",26.15
2428,4572,2025-08-09,4,2,3,1,4,Issue was resolved but it took a while.,21.25
2429,4574,2025-02-21,5,4,5,1,5,Agent was friendly and solved my issue quickly.,24.28
2430,4576,2026-08-06,4,4,5,1,8,"Polite and knowledgeable support, thank you.",15.93
2431,4579,2025-04-23,4,3,2,0,0,The agent was fine but I had to wait.,21.79
2432,4582,2025-06-10,4,5,3,1,5,Agent was friendly and solved my issue quickly.,39.34
2433,4583,2026-06-15,5,4,2,1,5,"Support was okay, nothing exceptional.",39.15
2434,4584,2026-06-06,4,2,1,1,5,Average experience overall.,24.46
2435,4586,2026-04-18,5,4,4,1,7,Quick response and clear explanation.,3.85
2436,4587,2026-04-25,5,5,4,1,5,"Polite and knowledgeable support, thank you.",7.09
2437,4588,2026-04-19,5,5,5,1,10,Agent was friendly and solved my issue quickly.,6.5
2438,4590,2025-11-18,5,4,3,1,6,"Resolved on the first call, very satisfied.",7.44
2439,4591,2025-03-21,5,5,5,1,9,"Great service, very professional and helpful.",34.83
2440,4595,2025-07-08,5,4,3,1,8,"Polite and knowledgeable support, thank you.",23.22
2441,4596,2025-11-26,4,2,3,0,4,Average experience overall.,17.27
2442,4597,2025-01-11,3,4,3,0,7,"Support was okay, nothing exceptional.",12.65
2443,4599,2026-05-17,5,4,3,1,7,Agent was friendly and solved my issue quickly.,42.73
2444,4600,2025-12-14,5,4,5,0,6,"Great service, very professional and helpful.",0.96
2445,4603,2025-04-30,5,5,5,1,9,"Resolved on the first call, very satisfied.",38.91
2446,4604,2025-11-22,5,4,4,0,6,Agent was friendly and solved my issue quickly.,0.58
2447,4607,2025-08-24,3,3,2,1,5,The agent was fine but I had to wait.,2.68
2448,4610,2026-05-25,5,3,5,1,8,"Resolved on the first call, very satisfied.",5.89
2449,4611,2025-06-16,4,4,3,0,9,"Resolved on the first call, very satisfied.",20.79
2450,4614,2025-11-16,5,3,4,1,7,"Polite and knowledgeable support, thank you.",17.0
2451,4616,2025-05-16,5,5,5,1,8,"Polite and knowledgeable support, thank you.",41.68
2452,4618,2025-02-18,4,3,3,1,2,Got what I needed eventually.,16.03
2453,4620,2026-04-16,4,4,2,0,2,Average experience overall.,11.7
2454,4621,2026-03-19,5,5,5,1,9,"Resolved on the first call, very satisfied.",9.8
2455,4622,2025-03-25,3,3,2,1,6,Average experience overall.,33.95
2456,4623,2026-07-31,5,5,5,1,5,"Great service, very professional and helpful.",19.17
2457,4626,2025-10-15,4,3,3,1,6,"Polite and knowledgeable support, thank you.",35.73
2458,4628,2025-10-31,3,4,3,0,3,Average experience overall.,2.08
2459,4629,2026-06-10,4,4,4,1,4,"Great service, very professional and helpful.",62.08
2460,4630,2026-08-12,5,5,2,1,7,"Polite and knowledgeable support, thank you.",28.47
2461,4631,2025-09-24,4,4,3,0,6,Quick response and clear explanation.,28.66
2462,4633,2026-06-30,5,4,4,1,6,Quick response and clear explanation.,45.89
2463,4635,2025-08-10,3,5,4,0,6,"Great service, very professional and helpful.",6.45
2464,4636,2025-10-06,5,5,3,1,8,Agent was friendly and solved my issue quickly.,40.83
2465,4638,2025-09-30,4,3,3,1,5,The agent was fine but I had to wait.,58.0
2466,4640,2025-08-12,4,3,3,1,3,Average experience overall.,11.06
2467,4642,2026-05-20,1,2,1,1,3,The problem was not resolved and no follow-up.,43.28
2468,4643,2025-12-04,5,4,3,1,5,"Support was okay, nothing exceptional.",33.33
2469,4645,2026-04-11,5,5,5,1,10,Agent was friendly and solved my issue quickly.,11.44
2470,4650,2026-06-28,3,2,3,0,5,Got what I needed eventually.,30.95
2471,4651,2025-01-07,5,4,4,1,10,"Great service, very professional and helpful.",19.89
2472,4660,2025-04-24,5,4,4,1,10,Quick response and clear explanation.,6.48
2473,4662,2025-03-25,5,4,4,1,8,Agent was friendly and solved my issue quickly.,40.92
2474,4666,2026-03-22,5,5,3,0,6,"Great service, very professional and helpful.",17.34
2475,4667,2026-03-15,5,3,4,1,4,"Polite and knowledgeable support, thank you.",27.92
2476,4671,2026-02-15,5,5,3,1,8,"Great service, very professional and helpful.",45.6
2477,4672,2025-05-05,3,2,3,1,6,Average experience overall.,28.72
2478,4674,2026-03-08,4,5,4,1,2,"Resolved on the first call, very satisfied.",10.66
2479,4676,2025-08-11,3,3,4,1,8,Agent was friendly and solved my issue quickly.,24.83
2480,4677,2026-05-31,4,3,3,1,5,Quick response and clear explanation.,11.87
2481,4679,2025-06-07,5,4,4,1,9,"Resolved on the first call, very satisfied.",13.85
2482,4680,2026-07-04,5,5,5,1,7,"Polite and knowledgeable support, thank you.",11.82
2483,4681,2026-04-08,2,3,3,0,4,Issue was resolved but it took a while.,54.35
2484,4682,2026-01-20,4,3,3,0,3,"Great service, very professional and helpful.",10.5
2485,4684,2025-11-10,5,5,5,0,4,Agent was friendly and solved my issue quickly.,34.05
2486,4685,2025-08-19,5,3,4,1,8,"Great service, very professional and helpful.",33.57
2487,4688,2025-04-09,5,5,4,1,7,"Resolved on the first call, very satisfied.",5.85
2488,4689,2025-02-23,5,4,4,0,6,"Resolved on the first call, very satisfied.",40.41
2489,4691,2025-03-03,5,4,2,1,4,Quick response and clear explanation.,17.41
2490,4692,2026-03-23,5,3,2,1,5,"Support was okay, nothing exceptional.",9.66
2491,4694,2026-08-12,4,4,4,0,4,"Support was okay, nothing exceptional.",37.28
2492,4698,2026-01-17,2,2,2,0,2,The problem was not resolved and no follow-up.,6.27
2493,4699,2026-04-29,4,4,5,1,10,Quick response and clear explanation.,42.03
2494,4700,2025-08-15,5,5,5,1,5,Agent was friendly and solved my issue quickly.,3.87
2495,4702,2025-12-02,5,4,4,1,6,"Great service, very professional and helpful.",18.58
2496,4703,2026-07-11,3,2,4,1,0,Average experience overall.,44.66
2497,4705,2025-08-14,4,3,4,1,5,Quick response and clear explanation.,47.46
2498,4707,2025-05-21,5,4,5,1,7,Quick response and clear explanation.,19.69
2499,4709,2026-07-07,5,5,5,1,9,Agent was friendly and solved my issue quickly.,26.25
2500,4710,2026-07-20,5,4,5,1,5,"Great service, very professional and helpful.",20.08
2501,4711,2026-01-09,5,4,3,1,6,"Great service, very professional and helpful.",22.57
2502,4712,2025-12-05,5,4,2,1,8,"Resolved on the first call, very satisfied.",36.77
2503,4713,2025-10-04,4,3,3,1,6,Quick response and clear explanation.,26.22
2504,4714,2026-01-22,3,4,3,1,0,"Support was okay, nothing exceptional.",3.49
2505,4716,2026-06-16,4,3,4,0,6,The agent was fine but I had to wait.,34.43
2506,4717,2026-03-11,4,4,3,0,3,Got what I needed eventually.,42.68
2507,4719,2026-07-16,3,4,2,1,5,"Great service, very professional and helpful.",5.78
2508,4720,2025-03-14,5,5,5,1,5,"Great service, very professional and helpful.",27.19
2509,4721,2025-01-28,5,3,3,1,5,Quick response and clear explanation.,28.25
2510,4722,2025-10-08,2,2,2,0,0,"Very frustrating experience, poor communication.",20.76
2511,4723,2025-08-09,5,5,5,1,10,Agent was friendly and solved my issue quickly.,24.11
2512,4724,2026-06-11,4,4,2,1,4,The agent was fine but I had to wait.,38.91
2513,4725,2025-09-26,4,4,3,1,4,"Polite and knowledgeable support, thank you.",22.47
2514,4728,2025-03-17,3,3,4,1,6,Got what I needed eventually.,15.39
2515,4730,2025-09-26,5,5,4,1,6,Agent was friendly and solved my issue quickly.,19.92
2516,4731,2025-12-21,4,4,5,1,6,"Polite and knowledgeable support, thank you.",33.81
2517,4732,2025-08-21,5,4,4,1,4,"Polite and knowledgeable support, thank you.",46.14
2518,4733,2025-02-01,4,5,4,1,9,Agent was friendly and solved my issue quickly.,10.42
2519,4734,2026-02-02,5,5,4,1,10,"Resolved on the first call, very satisfied.",22.37
2520,4735,2025-10-18,5,5,5,1,9,"Great service, very professional and helpful.",0.81
2521,4737,2026-03-11,4,5,3,1,6,Got what I needed eventually.,47.26
2522,4738,2025-02-07,4,5,4,0,6,"Resolved on the first call, very satisfied.",6.8
2523,4745,2026-01-06,4,3,3,0,6,Average experience overall.,3.99
2524,4750,2026-06-15,3,3,1,1,6,Got what I needed eventually.,68.42
2525,4756,2025-09-20,4,3,3,1,4,The agent was fine but I had to wait.,38.48
2526,4757,2025-03-02,3,4,4,0,6,"Resolved on the first call, very satisfied.",36.57
2527,4758,2026-03-29,4,5,4,1,7,"Polite and knowledgeable support, thank you.",18.18
2528,4759,2025-03-26,5,4,5,1,7,Quick response and clear explanation.,35.87
2529,4760,2026-05-21,5,5,5,1,10,Quick response and clear explanation.,20.05
2530,4761,2026-07-18,4,4,3,1,8,"Great service, very professional and helpful.",17.83
2531,4763,2025-12-31,1,3,1,1,2,Had to contact you multiple times for the same issue.,13.0
2532,4766,2025-01-18,5,5,5,1,7,"Polite and knowledgeable support, thank you.",25.29
2533,4767,2025-09-04,3,4,3,1,6,"Resolved on the first call, very satisfied.",15.42
2534,4769,2026-06-29,3,2,3,1,2,Got what I needed eventually.,19.08
2535,4771,2026-03-19,3,3,2,1,2,Issue was resolved but it took a while.,7.18
2536,4773,2025-11-11,2,2,3,1,3,The problem was not resolved and no follow-up.,3.51
2537,4774,2026-06-09,5,4,4,0,6,"Resolved on the first call, very satisfied.",45.91
2538,4775,2026-03-02,3,2,3,1,9,Got what I needed eventually.,30.55
2539,4776,2025-08-22,5,5,5,1,7,Quick response and clear explanation.,22.23
2540,4777,2025-03-25,4,4,3,1,5,Average experience overall.,56.45
2541,4779,2026-06-06,5,5,5,1,8,Quick response and clear explanation.,6.3
2542,4780,2025-04-02,5,5,4,1,6,"Polite and knowledgeable support, thank you.",31.95
2543,4781,2026-03-31,4,4,2,1,4,"Great service, very professional and helpful.",24.46
2544,4782,2025-07-18,2,3,2,1,5,Average experience overall.,8.58
2545,4784,2026-05-10,5,4,4,1,5,"Great service, very professional and helpful.",8.96
2546,4786,2025-01-21,4,5,4,1,6,Quick response and clear explanation.,6.74
2547,4788,2026-06-28,4,4,4,1,9,Agent was friendly and solved my issue quickly.,15.48
2548,4789,2025-10-16,4,4,2,1,6,Issue was resolved but it took a while.,5.66
2549,4790,2026-01-23,4,5,5,1,9,"Great service, very professional and helpful.",10.48
2550,4792,2025-01-10,2,5,4,0,3,"Resolved on the first call, very satisfied.",17.18
2551,4793,2025-04-26,5,5,5,1,9,"Great service, very professional and helpful.",19.76
2552,4795,2026-07-28,3,3,1,1,6,Issue was resolved but it took a while.,22.65
2553,4796,2025-04-03,4,5,5,0,6,"Resolved on the first call, very satisfied.",18.95
2554,4799,2025-07-02,4,5,4,1,10,"Great service, very professional and helpful.",82.96
2555,4801,2026-06-16,4,5,4,1,7,Agent was friendly and solved my issue quickly.,46.29
2556,4802,2025-06-03,5,4,5,1,10,"Polite and knowledgeable support, thank you.",16.42
2557,4804,2026-05-28,5,5,5,1,7,Agent was friendly and solved my issue quickly.,26.45
2558,4805,2025-06-06,3,5,3,1,8,Quick response and clear explanation.,14.44
2559,4806,2025-07-27,5,5,5,1,7,"Resolved on the first call, very satisfied.",15.73
2560,4807,2026-07-26,5,5,4,1,6,Agent was friendly and solved my issue quickly.,18.92
2561,4808,2026-03-04,3,5,3,1,5,"Resolved on the first call, very satisfied.",34.58
2562,4811,2025-12-19,4,5,3,1,7,Quick response and clear explanation.,41.37
2563,4816,2025-01-07,4,3,4,1,7,Quick response and clear explanation.,49.51
2564,4819,2026-06-01,4,5,5,1,8,Quick response and clear explanation.,41.24
2565,4820,2026-01-15,5,4,3,1,7,"Resolved on the first call, very satisfied.",43.06
2566,4821,2025-11-25,3,3,4,1,2,Got what I needed eventually.,3.29
2567,4824,2025-07-20,5,3,4,1,6,"Great service, very professional and helpful.",39.67
2568,4825,2026-04-23,3,4,3,1,7,"Great service, very professional and helpful.",25.16
2569,4827,2025-07-06,2,3,3,1,1,Agent was not helpful and seemed rushed.,35.63
2570,4828,2026-03-23,3,3,3,1,6,"Resolved on the first call, very satisfied.",10.85
2571,4829,2025-11-25,5,4,5,1,8,Agent was friendly and solved my issue quickly.,5.34
2572,4830,2026-04-03,5,5,3,1,8,"Great service, very professional and helpful.",27.46
2573,4833,2025-02-01,5,4,5,1,9,Quick response and clear explanation.,4.07
2574,4835,2025-03-20,4,4,2,1,4,Average experience overall.,33.13
2575,4836,2026-01-25,3,4,3,1,0,The agent was fine but I had to wait.,16.1
2576,4837,2026-01-29,4,5,2,0,5,Agent was friendly and solved my issue quickly.,14.61
2577,4839,2026-07-29,4,4,5,1,5,"Polite and knowledgeable support, thank you.",10.73
2578,4841,2026-06-19,4,3,3,1,2,The agent was fine but I had to wait.,8.9
2579,4842,2025-02-11,4,4,1,1,1,Average experience overall.,30.74
2580,4845,2025-09-12,5,3,4,1,8,"Polite and knowledgeable support, thank you.",61.28
2581,4846,2026-03-03,5,5,5,1,10,"Great service, very professional and helpful.",24.02
2582,4847,2026-05-09,5,5,5,1,8,"Great service, very professional and helpful.",16.71
2583,4849,2025-11-11,5,5,5,0,9,"Great service, very professional and helpful.",11.03
2584,4852,2026-06-14,2,5,2,1,3,Issue was resolved but it took a while.,13.71
2585,4857,2026-02-16,5,5,5,1,9,Quick response and clear explanation.,13.91
2586,4858,2025-11-22,5,5,5,1,7,"Resolved on the first call, very satisfied.",48.0
2587,4860,2026-08-11,5,2,5,1,9,Agent was friendly and solved my issue quickly.,49.82
2588,4861,2025-04-07,4,4,5,1,10,"Polite and knowledgeable support, thank you.",0.8
2589,4864,2025-09-21,5,3,4,1,10,Quick response and clear explanation.,44.36
2590,4875,2025-01-19,4,5,4,1,7,"Resolved on the first call, very satisfied.",19.03
2591,4877,2025-10-09,5,4,3,1,6,"Great service, very professional and helpful.",21.04
2592,4879,2025-11-06,4,5,3,1,9,"Resolved on the first call, very satisfied.",11.52
2593,4880,2025-09-08,5,5,5,1,9,"Polite and knowledgeable support, thank you.",15.89
2594,4881,2026-03-29,4,5,4,1,7,"Resolved on the first call, very satisfied.",42.7
2595,4882,2026-06-08,3,5,4,1,5,Quick response and clear explanation.,12.71
2596,4883,2026-06-22,3,4,4,1,6,"Resolved on the first call, very satisfied.",29.25
2597,4884,2025-06-12,5,3,3,1,9,"Polite and knowledgeable support, thank you.",0.51
2598,4885,2026-07-04,3,2,4,1,7,Agent was friendly and solved my issue quickly.,33.56
2599,4890,2025-07-05,4,4,4,1,4,Quick response and clear explanation.,10.21
2600,4894,2026-02-01,2,2,1,1,2,Got what I needed eventually.,20.3
2601,4895,2025-11-01,5,5,3,1,6,Quick response and clear explanation.,7.74
2602,4897,2025-08-07,1,1,1,1,1,The problem was not resolved and no follow-up.,12.22
2603,4899,2025-05-08,3,4,3,1,5,Got what I needed eventually.,24.82
2604,4902,2025-01-26,5,5,5,1,7,Agent was friendly and solved my issue quickly.,59.49
2605,4903,2025-03-28,5,3,3,0,8,The agent was fine but I had to wait.,28.63
2606,4904,2026-07-08,5,4,4,1,6,Agent was friendly and solved my issue quickly.,5.56
2607,4905,2025-10-01,4,5,4,1,7,"Polite and knowledgeable support, thank you.",53.5
2608,4906,2025-06-09,3,4,3,1,4,Average experience overall.,16.83
2609,4908,2025-07-28,3,4,5,1,4,"Great service, very professional and helpful.",13.8
2610,4911,2025-11-06,5,3,4,1,9,"Polite and knowledgeable support, thank you.",3.12
2611,4912,2025-04-07,2,4,1,1,4,Agent was friendly and solved my issue quickly.,48.86
2612,4913,2026-03-04,5,3,3,1,5,"Resolved on the first call, very satisfied.",11.34
2613,4916,2026-04-24,5,5,5,1,9,"Resolved on the first call, very satisfied.",16.87
2614,4917,2025-08-17,5,3,5,1,6,"Polite and knowledgeable support, thank you.",16.92
2615,4920,2026-01-28,5,4,3,1,5,Agent was friendly and solved my issue quickly.,30.14
2616,4921,2026-03-07,5,5,3,1,3,Agent was friendly and solved my issue quickly.,27.7
2617,4923,2026-07-18,3,3,2,1,3,Issue was resolved but it took a while.,40.75
2618,4925,2025-11-28,5,4,3,1,7,"Polite and knowledgeable support, thank you.",7.58
2619,4927,2025-09-05,4,4,3,0,4,"Great service, very professional and helpful.",8.41
2620,4928,2025-11-09,5,5,5,1,6,"Polite and knowledgeable support, thank you.",47.71
2621,4929,2025-06-25,5,3,5,1,7,"Great service, very professional and helpful.",25.78
2622,4931,2026-07-31,5,4,4,1,7,"Polite and knowledgeable support, thank you.",19.23
2623,4934,2025-05-31,5,5,5,1,10,Agent was friendly and solved my issue quickly.,21.21
2624,4936,2025-11-18,3,5,4,1,6,"Great service, very professional and helpful.",34.78
2625,4938,2025-05-11,4,5,3,1,5,"Polite and knowledgeable support, thank you.",17.41
2626,4939,2025-11-14,3,2,2,1,5,Average experience overall.,9.02
2627,4941,2026-06-04,2,3,1,1,0,The problem was not resolved and no follow-up.,19.12
2628,4942,2025-05-20,5,4,4,1,6,Quick response and clear explanation.,26.55
2629,4945,2025-02-01,4,4,3,1,4,"Resolved on the first call, very satisfied.",32.04
2630,4946,2026-02-05,5,4,5,1,8,"Polite and knowledgeable support, thank you.",14.83
2631,4947,2026-03-05,5,4,3,1,7,"Great service, very professional and helpful.",39.27
2632,4948,2025-07-03,5,4,5,1,9,"Polite and knowledgeable support, thank you.",16.38
2633,4950,2026-06-25,3,3,2,1,2,Waited far too long and the problem is still not fixed.,64.67
2634,4951,2025-03-16,4,3,4,0,1,Got what I needed eventually.,39.45
2635,4952,2026-04-26,4,5,4,1,6,"Resolved on the first call, very satisfied.",36.28
2636,4954,2025-11-14,5,4,4,1,6,"Great service, very professional and helpful.",53.9
2637,4956,2025-10-05,5,3,5,1,6,Agent was friendly and solved my issue quickly.,22.67
2638,4959,2026-05-18,5,4,5,1,7,Quick response and clear explanation.,51.49
2639,4961,2026-06-06,4,5,4,1,8,Quick response and clear explanation.,13.24
2640,4962,2025-05-05,3,3,3,1,5,"Support was okay, nothing exceptional.",27.76
2641,4964,2026-07-10,5,4,5,1,9,"Great service, very professional and helpful.",27.09
2642,4965,2025-01-24,5,4,4,1,9,Quick response and clear explanation.,55.09
2643,4966,2025-06-02,5,5,5,1,10,Quick response and clear explanation.,23.59
2644,4968,2026-07-31,5,4,2,0,8,Quick response and clear explanation.,12.08
2645,4971,2025-06-14,4,5,5,1,5,"Resolved on the first call, very satisfied.",27.9
2646,4973,2026-03-05,5,5,4,1,5,Agent was friendly and solved my issue quickly.,18.01
2647,4974,2025-06-08,3,3,3,1,2,Issue was resolved but it took a while.,27.78
2648,4975,2026-03-21,5,3,4,1,7,"Resolved on the first call, very satisfied.",9.97
2649,4977,2026-03-14,3,4,3,0,4,The agent was fine but I had to wait.,13.84
2650,4978,2025-02-18,4,4,5,1,7,Got what I needed eventually.,25.06
2651,4982,2025-05-07,5,5,3,1,7,"Polite and knowledgeable support, thank you.",42.21
2652,4983,2026-08-13,4,4,4,0,1,"Polite and knowledgeable support, thank you.",22.46
2653,4985,2026-04-19,3,4,3,1,3,Issue was resolved but it took a while.,15.69
2654,4986,2026-03-28,5,4,5,1,7,Agent was friendly and solved my issue quickly.,35.39
2655,4989,2025-07-13,5,4,5,1,9,"Polite and knowledgeable support, thank you.",7.87
2656,4993,2025-04-04,3,4,4,1,6,"Polite and knowledgeable support, thank you.",23.72
2657,4996,2026-01-29,5,3,3,0,6,Average experience overall.,2.99
2658,5001,2025-12-07,2,3,4,1,2,Issue was resolved but it took a while.,26.4
2659,5002,2026-05-05,5,5,4,1,3,Quick response and clear explanation.,39.18
2660,5005,2026-02-21,3,5,3,1,6,"Resolved on the first call, very satisfied.",13.9
2661,5006,2025-06-21,4,5,3,1,5,"Great service, very professional and helpful.",34.75
2662,5007,2026-01-12,4,4,5,0,7,Quick response and clear explanation.,29.19
2663,5008,2026-08-02,5,4,3,0,4,"Resolved on the first call, very satisfied.",17.14
2664,5010,2025-10-24,5,5,5,1,5,"Great service, very professional and helpful.",33.32
2665,5011,2026-03-01,4,4,1,0,3,"Support was okay, nothing exceptional.",13.8
2666,5013,2025-06-26,5,4,2,1,8,Quick response and clear explanation.,32.73
2667,5014,2026-08-04,4,3,2,1,5,Got what I needed eventually.,48.87
2668,5017,2025-05-17,5,4,5,1,8,"Resolved on the first call, very satisfied.",3.91
2669,5019,2025-06-27,3,3,3,1,2,Issue was resolved but it took a while.,34.04
2670,5021,2025-10-17,4,3,4,1,6,Quick response and clear explanation.,6.67
2671,5023,2026-04-24,5,4,4,1,5,Agent was friendly and solved my issue quickly.,49.44
2672,5024,2025-12-11,3,2,2,1,4,Had to contact you multiple times for the same issue.,25.12
2673,5028,2025-12-03,4,3,4,0,8,"Resolved on the first call, very satisfied.",39.26
2674,5030,2025-06-10,2,2,2,1,2,"Very frustrating experience, poor communication.",26.34
2675,5031,2025-08-23,5,5,4,1,9,"Polite and knowledgeable support, thank you.",17.36
2676,5034,2025-02-05,3,3,3,1,4,Issue was resolved but it took a while.,39.52
2677,5036,2026-03-25,4,4,5,1,9,"Polite and knowledgeable support, thank you.",15.28
2678,5037,2025-04-11,3,3,1,0,6,Average experience overall.,2.67
2679,5039,2026-01-16,4,5,4,0,5,"Polite and knowledgeable support, thank you.",31.31
2680,5042,2026-08-08,5,5,5,1,5,"Great service, very professional and helpful.",16.85
2681,5043,2025-07-26,4,4,5,1,7,Agent was friendly and solved my issue quickly.,55.03
2682,5045,2025-12-21,4,2,4,1,4,"Resolved on the first call, very satisfied.",14.71
2683,5046,2026-07-04,4,4,3,1,6,Issue was resolved but it took a while.,39.94
2684,5048,2026-03-27,3,2,4,0,0,Issue was resolved but it took a while.,26.89
2685,5049,2025-02-01,3,4,4,1,7,Quick response and clear explanation.,6.72
2686,5050,2025-01-11,5,5,4,1,7,Agent was friendly and solved my issue quickly.,14.67
2687,5054,2026-04-17,2,4,4,1,8,"Resolved on the first call, very satisfied.",38.2
2688,5055,2025-04-03,4,4,5,1,5,"Polite and knowledgeable support, thank you.",27.94
2689,5056,2025-04-30,3,3,4,1,7,Quick response and clear explanation.,11.59
2690,5057,2025-05-18,5,5,5,1,10,Quick response and clear explanation.,42.08
2691,5059,2026-01-16,5,4,4,1,8,"Polite and knowledgeable support, thank you.",33.29
2692,5060,2025-09-20,5,4,4,1,7,"Polite and knowledgeable support, thank you.",14.08
2693,5061,2026-05-29,3,5,5,1,10,"Great service, very professional and helpful.",18.75
2694,5065,2026-04-10,3,5,2,1,7,Issue was resolved but it took a while.,42.28
2695,5067,2025-12-06,3,3,3,1,5,The agent was fine but I had to wait.,15.91
2696,5068,2026-02-11,5,5,2,0,6,"Great service, very professional and helpful.",44.16
2697,5069,2025-05-22,4,5,4,0,8,Quick response and clear explanation.,33.9
2698,5070,2026-06-16,4,4,2,0,5,Quick response and clear explanation.,37.38
2699,5072,2025-04-10,2,3,1,0,3,Issue was resolved but it took a while.,0.76
2700,5073,2026-02-03,2,1,2,1,1,The problem was not resolved and no follow-up.,20.25
2701,5076,2026-05-05,4,3,4,1,4,Quick response and clear explanation.,10.54
2702,5077,2025-12-21,4,3,3,0,6,"Great service, very professional and helpful.",1.46
2703,5078,2026-06-26,4,5,4,1,7,Agent was friendly and solved my issue quickly.,34.61
2704,5079,2025-07-13,4,4,4,1,6,Quick response and clear explanation.,13.94
2705,5080,2025-11-18,5,3,2,1,5,Quick response and clear explanation.,47.64
2706,5081,2025-02-20,5,4,5,1,7,Agent was friendly and solved my issue quickly.,23.6
2707,5083,2025-08-06,3,4,3,0,8,"Polite and knowledgeable support, thank you.",33.05
2708,5085,2026-05-24,4,4,5,1,7,"Great service, very professional and helpful.",42.22
2709,5086,2025-11-29,5,4,5,1,7,"Great service, very professional and helpful.",57.4
2710,5087,2026-05-24,1,3,2,1,0,Agent was not helpful and seemed rushed.,0.69
2711,5090,2026-07-09,5,5,5,1,6,"Great service, very professional and helpful.",27.7
2712,5091,2025-04-12,3,3,5,1,6,Agent was friendly and solved my issue quickly.,4.99
2713,5092,2026-02-13,4,3,3,1,4,"Resolved on the first call, very satisfied.",4.45
2714,5097,2025-11-22,5,4,5,1,9,Agent was friendly and solved my issue quickly.,28.64
2715,5099,2026-07-11,3,3,3,1,4,Got what I needed eventually.,28.03
2716,5102,2025-07-06,4,2,3,1,4,The agent was fine but I had to wait.,9.54
2717,5105,2025-11-22,4,3,2,1,7,"Great service, very professional and helpful.",11.84
2718,5106,2026-07-22,4,5,3,1,5,"Resolved on the first call, very satisfied.",41.12
2719,5107,2025-11-07,4,5,5,1,8,"Polite and knowledgeable support, thank you.",28.27
2720,5111,2026-06-28,3,4,4,1,6,"Great service, very professional and helpful.",44.99
2721,5113,2025-08-04,5,5,5,1,7,"Great service, very professional and helpful.",11.37
2722,5114,2025-01-26,3,3,4,1,6,Agent was friendly and solved my issue quickly.,14.79
2723,5117,2025-08-16,3,5,4,1,7,"Polite and knowledgeable support, thank you.",26.47
2724,5120,2026-03-04,5,5,4,1,4,"Polite and knowledgeable support, thank you.",18.69
2725,5122,2025-09-21,4,4,3,1,8,Agent was friendly and solved my issue quickly.,23.93
2726,5123,2026-06-11,4,2,2,1,6,Got what I needed eventually.,36.75
2727,5126,2025-06-20,4,2,2,1,5,Issue was resolved but it took a while.,60.67
2728,5127,2026-05-07,3,4,3,1,5,Issue was resolved but it took a while.,11.47
2729,5128,2025-11-11,4,2,3,0,4,Quick response and clear explanation.,20.41
2730,5130,2025-09-23,4,3,4,1,8,"Great service, very professional and helpful.",23.68
2731,5135,2025-09-25,5,5,5,1,9,"Resolved on the first call, very satisfied.",31.43
2732,5138,2026-02-19,4,3,3,1,6,"Great service, very professional and helpful.",16.12
2733,5140,2026-03-04,3,3,3,1,0,Got what I needed eventually.,25.19
2734,5141,2025-06-28,5,5,4,1,9,"Great service, very professional and helpful.",19.68
2735,5143,2025-04-09,3,2,2,1,3,Average experience overall.,53.11
2736,5144,2025-07-18,5,5,4,1,10,"Polite and knowledgeable support, thank you.",26.32
2737,5145,2026-03-31,2,3,2,1,4,Agent was not helpful and seemed rushed.,34.88
2738,5148,2025-07-23,5,3,5,1,7,"Polite and knowledgeable support, thank you.",30.44
2739,5152,2025-08-28,5,5,5,1,9,"Polite and knowledgeable support, thank you.",27.66
2740,5155,2025-11-15,5,4,5,1,6,"Resolved on the first call, very satisfied.",25.95
2741,5158,2025-12-16,5,4,5,1,4,"Resolved on the first call, very satisfied.",2.75
2742,5160,2025-02-12,5,4,1,0,6,"Resolved on the first call, very satisfied.",10.22
2743,5164,2026-03-06,4,5,5,1,10,"Great service, very professional and helpful.",44.5
2744,5167,2025-08-30,5,5,4,1,7,"Polite and knowledgeable support, thank you.",7.84
2745,5169,2025-01-15,4,3,3,0,5,The agent was fine but I had to wait.,3.28
2746,5171,2025-03-03,4,4,4,1,3,Average experience overall.,16.89
2747,5172,2025-07-05,5,5,5,1,10,Quick response and clear explanation.,17.93
2748,5173,2026-05-26,4,4,4,1,4,"Resolved on the first call, very satisfied.",62.16
2749,5176,2025-03-20,3,4,2,1,3,"Polite and knowledgeable support, thank you.",26.42
2750,5178,2025-07-16,4,3,3,1,5,"Polite and knowledgeable support, thank you.",28.64
2751,5180,2025-01-27,3,4,4,1,7,Agent was friendly and solved my issue quickly.,37.4
2752,5181,2025-11-12,5,4,5,1,6,"Great service, very professional and helpful.",27.61
2753,5182,2025-01-26,5,4,3,0,8,"Resolved on the first call, very satisfied.",27.22
2754,5185,2025-01-11,4,4,4,1,7,"Polite and knowledgeable support, thank you.",39.28
2755,5186,2026-01-08,3,4,3,1,2,"Support was okay, nothing exceptional.",42.39
2756,5187,2025-03-03,4,4,3,1,6,"Resolved on the first call, very satisfied.",28.01
2757,5188,2025-04-10,5,5,5,1,8,Quick response and clear explanation.,19.71
2758,5193,2026-02-08,4,4,5,1,5,"Great service, very professional and helpful.",18.85
2759,5194,2026-06-11,1,3,3,1,5,Average experience overall.,10.95
2760,5195,2025-10-07,3,3,3,1,1,Got what I needed eventually.,42.5
2761,5196,2025-03-30,4,4,4,1,8,Quick response and clear explanation.,20.96
2762,5199,2025-11-23,5,5,4,1,10,"Resolved on the first call, very satisfied.",5.47
2763,5201,2025-11-19,4,5,5,1,10,"Resolved on the first call, very satisfied.",1.92
2764,5202,2025-04-25,4,5,3,1,5,Issue was resolved but it took a while.,2.95
2765,5206,2025-01-27,3,2,3,0,7,Average experience overall.,1.22
2766,5207,2026-06-18,3,4,3,0,4,The agent was fine but I had to wait.,42.23
2767,5208,2025-12-24,4,4,3,0,0,"Support was okay, nothing exceptional.",1.7
2768,5210,2025-04-23,5,4,4,1,5,Quick response and clear explanation.,40.96
2769,5212,2026-01-17,5,5,4,1,10,Quick response and clear explanation.,45.21
2770,5215,2025-04-29,3,4,3,1,2,Average experience overall.,31.06
2771,5217,2025-01-11,4,4,3,1,10,"Polite and knowledgeable support, thank you.",4.03
2772,5218,2025-10-22,4,3,3,1,6,Quick response and clear explanation.,14.17
2773,5219,2026-06-18,4,3,4,1,3,"Great service, very professional and helpful.",31.41
2774,5220,2025-11-12,4,4,4,0,5,"Polite and knowledgeable support, thank you.",23.11
2775,5222,2026-02-13,3,4,3,1,5,Issue was resolved but it took a while.,13.01
2776,5224,2025-05-11,3,3,3,0,6,"Great service, very professional and helpful.",22.24
2777,5225,2026-05-25,3,4,3,1,5,Got what I needed eventually.,29.32
2778,5227,2025-02-28,3,4,5,0,6,"Great service, very professional and helpful.",31.83
2779,5228,2025-09-28,5,4,3,1,10,Quick response and clear explanation.,31.87
2780,5230,2025-10-25,5,4,4,1,4,Agent was friendly and solved my issue quickly.,14.83
2781,5236,2025-01-04,3,2,2,1,5,Issue was resolved but it took a while.,9.91
2782,5237,2025-09-18,5,5,4,1,8,"Polite and knowledgeable support, thank you.",21.51
2783,5239,2025-09-09,3,5,4,1,6,Quick response and clear explanation.,11.18
2784,5240,2025-07-05,4,4,3,1,7,"Polite and knowledgeable support, thank you.",22.06
2785,5242,2025-06-20,4,4,2,1,4,Got what I needed eventually.,5.89
2786,5244,2026-04-30,5,5,5,1,8,"Resolved on the first call, very satisfied.",21.3
2787,5246,2025-06-03,4,5,4,1,7,"Resolved on the first call, very satisfied.",27.76
2788,5248,2026-03-06,4,5,3,1,3,"Polite and knowledgeable support, thank you.",17.97
2789,5252,2026-03-03,4,4,5,1,5,"Great service, very professional and helpful.",24.47
2790,5253,2025-07-12,5,5,4,1,8,Agent was friendly and solved my issue quickly.,34.71
2791,5254,2026-01-03,5,5,3,1,4,Quick response and clear explanation.,18.68
2792,5255,2026-02-20,4,5,3,1,6,Agent was friendly and solved my issue quickly.,16.26
2793,5257,2025-05-28,5,3,5,0,8,"Resolved on the first call, very satisfied.",48.87
2794,5259,2025-01-17,2,5,4,1,6,Agent was friendly and solved my issue quickly.,16.94
2795,5260,2025-08-14,4,2,2,0,3,The agent was fine but I had to wait.,30.76
2796,5261,2026-01-31,4,3,4,1,3,"Great service, very professional and helpful.",48.6
2797,5262,2025-02-21,5,5,5,1,10,"Polite and knowledgeable support, thank you.",17.68
2798,5265,2025-05-30,3,2,2,1,5,Issue was resolved but it took a while.,37.83
2799,5266,2025-05-10,5,5,5,1,9,"Polite and knowledgeable support, thank you.",0.47
2800,5267,2025-11-14,5,3,3,1,7,"Polite and knowledgeable support, thank you.",24.13
2801,5268,2025-04-22,4,4,3,1,5,Quick response and clear explanation.,50.16
2802,5269,2026-07-31,5,5,4,1,10,Quick response and clear explanation.,14.07
2803,5270,2025-11-07,4,4,5,1,9,"Resolved on the first call, very satisfied.",2.93
2804,5271,2026-05-14,1,1,2,1,0,Had to contact you multiple times for the same issue.,47.61
2805,5275,2025-01-07,3,3,3,0,6,Got what I needed eventually.,13.14
2806,5279,2026-04-19,3,2,2,1,0,Had to contact you multiple times for the same issue.,88.31
2807,5280,2026-03-01,5,5,3,0,8,Quick response and clear explanation.,33.24
2808,5282,2025-07-23,5,5,3,1,6,"Polite and knowledgeable support, thank you.",1.39
2809,5283,2026-04-28,5,4,5,1,5,"Polite and knowledgeable support, thank you.",22.07
2810,5286,2026-07-09,4,4,4,1,6,"Great service, very professional and helpful.",13.96
2811,5287,2025-11-20,5,5,5,1,8,"Great service, very professional and helpful.",19.4
2812,5289,2026-04-04,5,4,4,1,8,Quick response and clear explanation.,29.28
2813,5290,2025-04-24,4,4,3,1,8,Agent was friendly and solved my issue quickly.,39.54
2814,5294,2026-03-07,4,3,5,1,8,Quick response and clear explanation.,48.57
2815,5295,2025-10-28,3,3,3,1,3,Average experience overall.,39.88
2816,5298,2026-04-13,3,4,3,1,8,Issue was resolved but it took a while.,31.76
2817,5300,2025-04-21,3,4,4,1,2,"Support was okay, nothing exceptional.",16.39
2818,5304,2025-10-18,5,5,3,1,4,"Polite and knowledgeable support, thank you.",27.77
2819,5305,2025-03-06,5,5,5,1,8,Agent was friendly and solved my issue quickly.,1.03
2820,5307,2025-08-11,3,3,2,0,1,"Support was okay, nothing exceptional.",13.11
2821,5308,2026-04-24,4,4,4,1,7,"Resolved on the first call, very satisfied.",19.83
2822,5313,2025-10-13,2,2,2,1,3,Average experience overall.,39.08
2823,5316,2026-01-15,2,3,1,1,2,The problem was not resolved and no follow-up.,21.37
2824,5319,2025-12-30,3,5,4,0,3,"Polite and knowledgeable support, thank you.",20.23
2825,5320,2026-01-09,4,3,2,1,6,Issue was resolved but it took a while.,24.92
2826,5321,2025-05-30,4,4,4,1,6,Agent was friendly and solved my issue quickly.,50.44
2827,5323,2026-01-17,4,3,2,1,6,The agent was fine but I had to wait.,34.11
2828,5324,2025-10-30,5,3,3,1,5,"Polite and knowledgeable support, thank you.",53.69
2829,5327,2026-03-11,5,4,4,1,7,"Great service, very professional and helpful.",32.91
2830,5329,2025-07-20,5,5,5,1,8,"Resolved on the first call, very satisfied.",9.31
2831,5331,2026-08-07,5,5,5,1,9,Agent was friendly and solved my issue quickly.,15.3
2832,5332,2025-01-30,5,5,3,1,7,"Polite and knowledgeable support, thank you.",33.44
2833,5333,2026-05-08,5,4,3,1,4,"Great service, very professional and helpful.",10.51
2834,5337,2025-09-27,3,2,2,1,4,"Support was okay, nothing exceptional.",38.67
2835,5338,2026-06-20,4,5,4,1,6,"Great service, very professional and helpful.",36.48
2836,5341,2026-01-08,5,5,5,1,4,"Great service, very professional and helpful.",33.5
2837,5343,2025-03-02,5,5,4,1,9,"Great service, very professional and helpful.",26.04
2838,5350,2026-05-18,4,4,4,1,2,"Resolved on the first call, very satisfied.",15.88
2839,5353,2025-08-03,4,4,3,1,3,The agent was fine but I had to wait.,16.52
2840,5354,2025-10-29,3,3,2,1,4,The agent was fine but I had to wait.,25.6
2841,5355,2026-05-25,5,5,5,1,10,Agent was friendly and solved my issue quickly.,11.89
2842,5356,2026-02-28,3,3,5,1,6,Quick response and clear explanation.,0.81
2843,5361,2025-06-13,4,2,1,1,5,"Very frustrating experience, poor communication.",23.92
2844,5362,2025-10-19,4,2,4,1,7,"Resolved on the first call, very satisfied.",31.63
2845,5363,2025-04-12,3,4,4,1,4,The agent was fine but I had to wait.,40.05
2846,5364,2025-12-04,3,3,3,1,0,Average experience overall.,24.56
2847,5365,2025-12-08,3,4,2,1,2,The agent was fine but I had to wait.,47.49
2848,5368,2025-11-09,5,5,4,1,7,Quick response and clear explanation.,28.16
2849,5369,2025-01-29,5,4,4,1,7,"Polite and knowledgeable support, thank you.",27.81
2850,5370,2025-11-28,5,5,5,1,8,"Resolved on the first call, very satisfied.",15.81
2851,5371,2026-01-08,5,5,5,1,6,"Polite and knowledgeable support, thank you.",5.7
2852,5372,2025-10-09,5,5,5,1,8,"Great service, very professional and helpful.",24.84
2853,5373,2026-07-15,2,4,2,0,3,Issue was resolved but it took a while.,32.25
2854,5376,2026-02-17,5,5,5,1,6,Quick response and clear explanation.,24.01
2855,5378,2026-05-13,5,5,4,1,8,"Polite and knowledgeable support, thank you.",6.79
2856,5379,2025-04-26,3,2,2,1,5,Issue was resolved but it took a while.,45.5
2857,5380,2025-07-03,5,3,4,1,6,"Great service, very professional and helpful.",18.73
2858,5381,2025-09-27,3,4,1,0,2,Average experience overall.,48.16
2859,5383,2026-01-06,5,5,5,1,10,"Polite and knowledgeable support, thank you.",40.58
2860,5384,2026-05-27,3,3,2,0,4,Got what I needed eventually.,43.63
2861,5385,2025-08-28,4,4,3,1,3,"Support was okay, nothing exceptional.",35.46
2862,5387,2026-05-19,5,5,4,0,6,"Resolved on the first call, very satisfied.",32.89
2863,5390,2025-12-30,5,4,5,1,5,"Great service, very professional and helpful.",21.5
2864,5392,2025-10-11,4,4,3,1,7,"Resolved on the first call, very satisfied.",50.96
2865,5394,2026-05-02,3,3,3,0,2,Got what I needed eventually.,36.64
2866,5397,2025-02-25,5,5,4,0,5,"Resolved on the first call, very satisfied.",0.53
2867,5403,2025-09-15,2,3,2,1,7,"Support was okay, nothing exceptional.",13.08
2868,5404,2025-12-01,5,5,4,1,5,"Great service, very professional and helpful.",12.46
2869,5406,2025-11-24,3,3,3,1,2,"Polite and knowledgeable support, thank you.",23.44
2870,5407,2025-06-10,4,3,2,1,3,"Support was okay, nothing exceptional.",31.24
2871,5415,2025-03-06,4,3,4,1,6,The agent was fine but I had to wait.,39.28
2872,5416,2025-04-15,4,5,4,1,9,"Great service, very professional and helpful.",12.2
2873,5417,2025-01-06,3,2,2,1,5,The agent was fine but I had to wait.,26.95
2874,5418,2025-11-14,4,3,4,1,6,"Resolved on the first call, very satisfied.",26.55
2875,5420,2025-02-06,4,5,5,1,4,"Polite and knowledgeable support, thank you.",75.98
2876,5421,2025-05-19,5,4,3,0,8,Agent was friendly and solved my issue quickly.,44.13
2877,5428,2025-05-02,4,1,3,0,3,Got what I needed eventually.,22.0
2878,5430,2026-07-17,5,4,3,1,7,Quick response and clear explanation.,15.51
2879,5431,2025-03-19,4,4,5,1,7,"Great service, very professional and helpful.",30.19
2880,5433,2025-03-31,3,2,4,1,3,"Support was okay, nothing exceptional.",7.71
2881,5434,2026-07-28,5,4,4,1,6,Agent was friendly and solved my issue quickly.,20.8
2882,5435,2025-12-14,5,5,5,1,7,Agent was friendly and solved my issue quickly.,37.59
2883,5436,2025-02-26,5,4,5,1,9,Agent was friendly and solved my issue quickly.,35.55
2884,5437,2025-06-15,5,3,3,1,7,"Polite and knowledgeable support, thank you.",51.1
2885,5438,2026-05-22,2,4,1,0,5,Average experience overall.,41.97
2886,5441,2025-07-14,4,2,4,1,3,Issue was resolved but it took a while.,15.14
2887,5442,2025-05-08,4,3,5,1,5,The agent was fine but I had to wait.,14.48
2888,5443,2025-11-24,5,4,4,1,5,"Great service, very professional and helpful.",20.43
2889,5447,2025-03-04,4,4,5,1,9,"Polite and knowledgeable support, thank you.",36.94
2890,5448,2026-05-25,5,5,5,1,8,Quick response and clear explanation.,43.08
2891,5449,2025-11-23,5,5,5,1,7,"Polite and knowledgeable support, thank you.",12.13
2892,5451,2025-10-19,3,3,2,1,3,Issue was resolved but it took a while.,13.21
2893,5452,2026-03-29,5,4,5,1,9,"Great service, very professional and helpful.",42.04
2894,5453,2026-01-31,4,3,3,0,10,"Polite and knowledgeable support, thank you.",26.18
2895,5455,2025-04-24,4,4,2,1,7,"Polite and knowledgeable support, thank you.",21.88
2896,5459,2025-08-30,4,5,3,1,8,"Great service, very professional and helpful.",9.6
2897,5461,2026-04-01,4,3,3,1,6,Agent was friendly and solved my issue quickly.,22.36
2898,5462,2026-02-15,4,4,4,0,7,"Resolved on the first call, very satisfied.",35.9
2899,5464,2025-05-02,5,4,4,1,10,"Polite and knowledgeable support, thank you.",17.24
2900,5466,2025-10-05,2,2,1,0,3,The agent was fine but I had to wait.,28.28
2901,5467,2025-04-24,5,5,4,1,6,"Resolved on the first call, very satisfied.",8.01
2902,5468,2025-06-05,5,3,3,1,6,"Resolved on the first call, very satisfied.",39.0
2903,5471,2025-06-13,5,4,5,1,10,"Resolved on the first call, very satisfied.",41.65
2904,5473,2025-10-30,5,3,4,1,7,Agent was friendly and solved my issue quickly.,29.8
2905,5476,2026-04-07,3,3,4,1,4,Issue was resolved but it took a while.,24.49
2906,5478,2026-03-20,5,5,4,1,8,Agent was friendly and solved my issue quickly.,22.56
2907,5480,2025-03-15,4,5,5,1,8,Quick response and clear explanation.,35.31
2908,5482,2025-09-11,5,3,2,0,3,"Great service, very professional and helpful.",3.52
2909,5483,2026-06-20,3,4,3,1,6,Average experience overall.,29.93
2910,5484,2025-09-22,5,5,4,1,8,"Polite and knowledgeable support, thank you.",11.29
2911,5486,2025-11-08,2,3,2,1,2,Agent was not helpful and seemed rushed.,65.42
2912,5488,2025-06-18,4,3,5,1,5,Quick response and clear explanation.,34.35
2913,5491,2025-04-14,5,5,5,1,5,"Polite and knowledgeable support, thank you.",22.23
2914,5492,2025-03-14,4,5,4,1,7,Agent was friendly and solved my issue quickly.,25.09
2915,5493,2025-03-08,3,3,4,1,7,"Support was okay, nothing exceptional.",7.39
2916,5495,2025-09-30,3,3,4,1,4,"Great service, very professional and helpful.",6.58
2917,5499,2025-04-24,5,4,3,1,5,Quick response and clear explanation.,26.43
2918,5500,2026-01-28,5,5,5,1,7,Quick response and clear explanation.,23.17
2919,5501,2025-11-07,3,2,2,1,2,The problem was not resolved and no follow-up.,52.59
2920,5502,2025-10-20,3,3,2,0,3,Average experience overall.,0.79
2921,5503,2026-05-12,3,4,4,1,8,"Support was okay, nothing exceptional.",26.05
2922,5506,2025-08-03,3,3,3,0,6,Average experience overall.,6.68
2923,5515,2026-03-14,5,3,5,1,7,"Support was okay, nothing exceptional.",49.72
2924,5516,2025-05-27,3,2,2,1,2,"Support was okay, nothing exceptional.",31.11
2925,5517,2025-04-17,4,4,3,1,8,"Resolved on the first call, very satisfied.",6.05
2926,5518,2026-01-22,2,2,1,0,0,Waited far too long and the problem is still not fixed.,36.43
2927,5520,2026-01-28,4,5,5,1,10,"Polite and knowledgeable support, thank you.",32.79
2928,5524,2026-03-26,5,5,4,1,8,"Great service, very professional and helpful.",6.32
2929,5525,2026-04-23,1,3,2,1,4,The problem was not resolved and no follow-up.,34.78
2930,5527,2025-04-12,3,4,5,1,3,"Great service, very professional and helpful.",44.55
2931,5528,2025-07-22,4,2,3,1,3,"Support was okay, nothing exceptional.",1.13
2932,5533,2026-06-14,5,5,4,1,5,"Resolved on the first call, very satisfied.",25.53
2933,5538,2025-05-11,5,3,3,0,3,Issue was resolved but it took a while.,28.59
2934,5542,2026-03-14,4,4,3,0,4,Quick response and clear explanation.,37.67
2935,5544,2025-08-28,5,5,3,1,6,Quick response and clear explanation.,2.01
2936,5545,2026-03-29,5,5,5,0,7,"Resolved on the first call, very satisfied.",23.43
2937,5548,2025-08-13,4,4,3,1,5,"Polite and knowledgeable support, thank you.",8.57
2938,5549,2026-03-07,3,2,2,1,3,Agent was not helpful and seemed rushed.,25.29
2939,5550,2025-03-23,5,4,3,1,4,Average experience overall.,4.67
2940,5551,2025-01-28,4,1,2,1,3,"Support was okay, nothing exceptional.",11.3
2941,5553,2025-02-21,5,3,4,1,7,Agent was friendly and solved my issue quickly.,4.33
2942,5557,2025-05-19,5,5,5,1,7,"Polite and knowledgeable support, thank you.",14.31
2943,5558,2025-10-02,3,2,2,0,6,Got what I needed eventually.,14.4
2944,5561,2025-07-03,3,5,4,1,8,Quick response and clear explanation.,41.92
2945,5562,2026-05-24,2,4,2,1,4,Got what I needed eventually.,50.31
2946,5564,2025-05-25,4,5,5,1,8,"Polite and knowledgeable support, thank you.",9.83
2947,5570,2025-07-16,2,4,2,0,4,The agent was fine but I had to wait.,7.86
2948,5571,2025-07-03,4,4,5,1,4,"Great service, very professional and helpful.",18.7
2949,5575,2025-11-01,5,5,4,1,8,"Resolved on the first call, very satisfied.",13.85
2950,5577,2026-03-11,3,4,3,1,4,Average experience overall.,55.23
2951,5579,2025-04-06,5,5,5,0,9,"Resolved on the first call, very satisfied.",2.25
2952,5583,2025-06-16,5,5,5,1,9,Agent was friendly and solved my issue quickly.,8.03
2953,5584,2025-01-13,5,5,5,1,10,Quick response and clear explanation.,27.86
2954,5586,2026-06-10,5,4,3,0,5,Quick response and clear explanation.,24.87
2955,5587,2026-07-23,2,2,2,1,0,Average experience overall.,20.24
2956,5588,2025-10-22,4,3,3,1,5,Agent was friendly and solved my issue quickly.,0.89
2957,5591,2025-09-05,4,5,4,1,6,"Polite and knowledgeable support, thank you.",25.2
2958,5592,2026-04-01,5,5,3,1,9,Quick response and clear explanation.,3.03
2959,5595,2026-04-18,4,2,3,1,5,"Support was okay, nothing exceptional.",11.44
2960,5596,2025-07-28,4,4,5,1,3,"Polite and knowledgeable support, thank you.",13.31
2961,5600,2025-02-03,3,2,2,1,4,Got what I needed eventually.,16.86
2962,5602,2026-03-28,3,3,1,0,5,The agent was fine but I had to wait.,1.68
2963,5606,2025-10-16,5,5,5,1,7,"Polite and knowledgeable support, thank you.",13.76
2964,5607,2026-02-25,3,3,1,1,1,"Very frustrating experience, poor communication.",21.91
2965,5608,2026-04-26,4,4,4,1,6,"Polite and knowledgeable support, thank you.",15.84
2966,5609,2026-04-23,5,4,2,1,6,"Polite and knowledgeable support, thank you.",32.57
2967,5610,2025-01-12,2,2,3,1,2,Waited far too long and the problem is still not fixed.,49.24
2968,5611,2025-11-20,3,3,4,1,7,The agent was fine but I had to wait.,28.64
2969,5612,2025-12-22,5,4,3,1,6,Quick response and clear explanation.,17.5
2970,5613,2026-08-04,4,5,4,1,8,Agent was friendly and solved my issue quickly.,5.11
2971,5616,2026-04-29,4,2,2,0,4,Issue was resolved but it took a while.,18.3
2972,5620,2025-09-21,5,5,4,1,9,"Resolved on the first call, very satisfied.",7.57
2973,5621,2025-03-29,3,2,3,1,3,Got what I needed eventually.,35.73
2974,5622,2025-07-23,4,2,3,1,4,Issue was resolved but it took a while.,9.56
2975,5623,2025-12-26,4,4,5,1,8,Quick response and clear explanation.,18.4
2976,5624,2025-04-27,5,4,4,1,5,Quick response and clear explanation.,15.62
2977,5625,2025-07-17,5,5,3,1,8,"Polite and knowledgeable support, thank you.",44.48
2978,5626,2026-07-15,4,2,4,1,6,"Support was okay, nothing exceptional.",32.0
2979,5627,2025-08-29,5,4,3,1,4,"Great service, very professional and helpful.",9.51
2980,5629,2026-02-24,5,4,4,1,9,"Great service, very professional and helpful.",31.5
2981,5630,2026-07-21,3,4,4,1,4,"Polite and knowledgeable support, thank you.",15.68
2982,5632,2026-04-15,3,3,5,1,6,"Great service, very professional and helpful.",7.0
2983,5633,2025-01-08,4,4,4,1,5,Quick response and clear explanation.,6.26
2984,5634,2025-08-16,2,2,3,0,4,Got what I needed eventually.,8.76
2985,5636,2025-09-14,4,5,4,1,5,"Great service, very professional and helpful.",26.5
2986,5637,2025-12-01,4,4,3,1,4,"Great service, very professional and helpful.",8.42
2987,5639,2025-09-18,4,5,5,1,9,Agent was friendly and solved my issue quickly.,14.29
2988,5640,2026-03-06,5,5,4,1,7,"Resolved on the first call, very satisfied.",30.1
2989,5641,2026-07-07,5,5,4,1,7,"Great service, very professional and helpful.",38.48
2990,5642,2026-02-03,5,5,5,1,10,"Polite and knowledgeable support, thank you.",45.91
2991,5643,2026-02-22,5,4,3,1,5,"Great service, very professional and helpful.",43.28
2992,5644,2026-01-06,3,2,2,1,3,Average experience overall.,1.29
2993,5645,2025-02-25,2,2,2,0,3,Waited far too long and the problem is still not fixed.,33.2
2994,5648,2025-04-29,1,2,3,1,5,The agent was fine but I had to wait.,7.04
2995,5650,2026-07-23,4,4,2,1,4,The agent was fine but I had to wait.,30.1
2996,5652,2025-05-18,3,4,3,0,4,Quick response and clear explanation.,34.02
2997,5653,2025-04-23,5,5,4,1,7,Agent was friendly and solved my issue quickly.,25.93
2998,5654,2025-12-12,5,5,4,1,9,"Resolved on the first call, very satisfied.",13.28
2999,5655,2025-07-23,5,5,5,1,2,"Resolved on the first call, very satisfied.",25.04
3000,5656,2025-11-02,4,3,4,0,3,Agent was friendly and solved my issue quickly.,19.62
3001,5660,2025-10-08,5,5,5,1,5,"Resolved on the first call, very satisfied.",19.27
3002,5664,2026-03-14,5,3,4,1,7,"Polite and knowledgeable support, thank you.",21.63
3003,5665,2025-12-01,5,4,3,1,5,"Polite and knowledgeable support, thank you.",15.47
3004,5667,2026-05-04,5,5,5,1,9,"Resolved on the first call, very satisfied.",26.57
3005,5668,2025-01-18,4,3,2,1,4,"Support was okay, nothing exceptional.",7.73
3006,5669,2025-11-17,5,4,4,1,7,"Great service, very professional and helpful.",18.05
3007,5673,2025-11-20,5,5,5,1,8,Quick response and clear explanation.,75.57
3008,5675,2025-02-26,4,3,3,1,5,Agent was friendly and solved my issue quickly.,35.46
3009,5676,2025-08-01,5,5,5,1,8,Quick response and clear explanation.,13.65
3010,5677,2025-02-17,4,3,4,1,4,Quick response and clear explanation.,19.8
3011,5680,2026-01-25,4,2,2,0,2,Got what I needed eventually.,35.54
3012,5682,2025-04-05,4,5,5,1,9,"Great service, very professional and helpful.",27.98
3013,5686,2025-11-26,5,4,5,0,3,Quick response and clear explanation.,6.06
3014,5687,2026-06-13,5,3,1,0,7,"Great service, very professional and helpful.",24.68
3015,5688,2025-12-25,3,2,3,1,4,Agent was friendly and solved my issue quickly.,36.27
3016,5689,2026-06-15,2,1,2,0,1,"Very frustrating experience, poor communication.",27.82
3017,5690,2026-06-10,2,2,3,1,8,"Support was okay, nothing exceptional.",53.46
3018,5691,2026-06-04,5,4,3,1,4,"Great service, very professional and helpful.",15.09
3019,5692,2026-01-17,5,5,5,1,6,"Great service, very professional and helpful.",12.62
3020,5693,2025-12-28,5,5,5,1,10,"Great service, very professional and helpful.",8.8
3021,5694,2026-08-14,4,3,4,0,6,Agent was friendly and solved my issue quickly.,15.19
3022,5696,2025-07-06,5,3,3,1,4,Quick response and clear explanation.,46.75
3023,5697,2025-08-19,5,3,5,1,7,Agent was friendly and solved my issue quickly.,2.27
3024,5698,2025-05-19,3,5,1,1,3,Got what I needed eventually.,16.8
3025,5703,2026-08-07,4,4,3,1,4,"Resolved on the first call, very satisfied.",29.14
3026,5709,2025-10-25,3,3,2,1,4,The agent was fine but I had to wait.,15.75
3027,5712,2026-01-31,3,3,3,0,7,Issue was resolved but it took a while.,9.42
3028,5713,2025-09-19,3,3,3,1,7,The agent was fine but I had to wait.,4.39
3029,5715,2025-05-29,4,3,4,1,6,Quick response and clear explanation.,19.11
3030,5717,2025-10-13,5,5,5,1,5,Quick response and clear explanation.,12.81
3031,5721,2026-05-09,2,3,3,0,3,The agent was fine but I had to wait.,40.99
3032,5723,2026-08-15,5,5,4,1,9,Agent was friendly and solved my issue quickly.,42.05
3033,5724,2025-01-29,5,5,4,1,7,"Great service, very professional and helpful.",37.72
3034,5725,2025-12-14,4,4,2,1,3,"Great service, very professional and helpful.",1.04
3035,5727,2026-07-07,5,4,5,1,6,Agent was friendly and solved my issue quickly.,62.04
3036,5729,2025-08-08,4,4,4,1,10,"Resolved on the first call, very satisfied.",17.86
3037,5730,2025-01-03,3,3,2,0,3,Got what I needed eventually.,5.47
3038,5732,2025-09-04,4,2,4,1,3,Issue was resolved but it took a while.,5.39
3039,5735,2026-03-21,5,5,4,1,8,Agent was friendly and solved my issue quickly.,32.18
3040,5739,2025-11-15,4,2,4,1,7,The agent was fine but I had to wait.,22.66
3041,5740,2026-02-24,5,5,5,1,6,"Resolved on the first call, very satisfied.",47.58
3042,5743,2025-01-16,3,2,1,1,2,Agent was not helpful and seemed rushed.,23.95
3043,5744,2025-01-19,3,4,1,1,2,Got what I needed eventually.,29.31
3044,5745,2026-04-22,3,2,2,1,3,The problem was not resolved and no follow-up.,2.53
3045,5748,2025-05-19,4,3,4,1,3,"Great service, very professional and helpful.",19.42
3046,5751,2025-05-09,5,3,5,1,7,"Great service, very professional and helpful.",41.35
3047,5756,2025-03-17,5,5,5,1,9,"Polite and knowledgeable support, thank you.",51.56
3048,5757,2026-01-08,5,4,4,1,8,"Resolved on the first call, very satisfied.",7.41
3049,5758,2025-06-08,4,5,3,1,8,"Resolved on the first call, very satisfied.",22.48
3050,5759,2026-01-05,4,4,4,0,8,Quick response and clear explanation.,50.2
3051,5760,2025-09-10,5,2,4,0,4,Issue was resolved but it took a while.,54.75
3052,5761,2025-09-11,5,3,5,1,7,"Resolved on the first call, very satisfied.",31.79
3053,5762,2025-11-10,4,2,2,1,5,Issue was resolved but it took a while.,12.76
3054,5768,2025-10-19,5,5,5,1,10,Quick response and clear explanation.,3.24
3055,5770,2026-02-24,4,3,3,1,7,"Polite and knowledgeable support, thank you.",6.78
3056,5771,2026-03-16,5,3,5,1,10,"Polite and knowledgeable support, thank you.",2.24
3057,5772,2025-10-31,5,5,4,1,8,"Resolved on the first call, very satisfied.",26.01
3058,5778,2026-01-30,4,5,5,1,7,"Resolved on the first call, very satisfied.",30.86
3059,5779,2026-06-09,4,3,4,1,6,"Great service, very professional and helpful.",18.13
3060,5781,2026-07-25,5,4,3,1,10,Quick response and clear explanation.,9.69
3061,5782,2026-06-30,5,5,5,1,7,"Polite and knowledgeable support, thank you.",5.12
3062,5785,2025-08-30,4,5,4,1,10,"Resolved on the first call, very satisfied.",45.64
3063,5789,2025-01-08,2,3,1,0,2,"Support was okay, nothing exceptional.",56.54
3064,5790,2026-07-10,5,5,5,1,7,"Polite and knowledgeable support, thank you.",49.44
3065,5791,2026-06-20,4,4,3,0,2,"Support was okay, nothing exceptional.",3.3
3066,5792,2025-02-28,2,3,3,0,6,Average experience overall.,4.25
3067,5793,2026-08-10,5,5,5,1,7,Quick response and clear explanation.,30.1
3068,5795,2025-01-31,5,5,5,1,8,"Resolved on the first call, very satisfied.",23.45
3069,5796,2025-05-19,3,3,4,1,2,Average experience overall.,13.95
3070,5799,2026-02-06,3,2,2,1,5,Agent was not helpful and seemed rushed.,14.2
3071,5800,2026-05-23,4,4,3,1,5,"Great service, very professional and helpful.",3.07
3072,5801,2026-03-12,3,1,1,1,2,"Very frustrating experience, poor communication.",43.33
3073,5802,2026-04-19,2,1,3,0,3,Had to contact you multiple times for the same issue.,35.74
3074,5803,2026-06-12,4,4,3,1,7,"Polite and knowledgeable support, thank you.",34.42
3075,5804,2025-07-30,3,3,1,0,1,Got what I needed eventually.,2.27
3076,5808,2025-02-18,2,3,2,0,6,"Support was okay, nothing exceptional.",0.32
3077,5812,2026-03-01,5,3,3,1,6,"Great service, very professional and helpful.",53.91
3078,5813,2026-01-04,4,2,3,1,4,Average experience overall.,34.48
3079,5814,2025-05-23,4,5,3,1,6,"Great service, very professional and helpful.",15.94
3080,5815,2025-12-14,5,5,5,1,10,Quick response and clear explanation.,30.02
3081,5819,2025-03-19,4,2,2,1,6,"Support was okay, nothing exceptional.",20.71
3082,5820,2025-07-11,5,5,4,1,5,"Great service, very professional and helpful.",36.57
3083,5829,2026-04-08,2,5,2,1,3,"Resolved on the first call, very satisfied.",69.41
3084,5831,2026-04-17,4,5,3,1,7,"Resolved on the first call, very satisfied.",29.22
3085,5832,2025-08-11,4,3,3,1,6,"Polite and knowledgeable support, thank you.",5.21
3086,5836,2026-02-09,4,5,5,1,6,"Resolved on the first call, very satisfied.",4.63
3087,5837,2026-07-08,5,5,3,1,6,Quick response and clear explanation.,8.03
3088,5839,2026-02-09,4,5,5,1,6,"Polite and knowledgeable support, thank you.",38.41
3089,5842,2026-07-08,5,5,5,1,5,"Resolved on the first call, very satisfied.",10.79
3090,5843,2025-02-02,5,4,3,1,5,Agent was friendly and solved my issue quickly.,2.58
3091,5845,2025-03-09,3,3,2,1,5,"Support was okay, nothing exceptional.",20.61
3092,5846,2026-07-01,5,2,5,1,7,Agent was friendly and solved my issue quickly.,26.52
3093,5847,2025-02-25,3,3,2,1,7,Average experience overall.,17.66
3094,5848,2025-12-10,4,4,4,1,8,Agent was friendly and solved my issue quickly.,1.6
3095,5849,2025-06-10,3,3,4,0,4,The agent was fine but I had to wait.,38.68
3096,5850,2026-01-25,5,5,5,1,10,"Polite and knowledgeable support, thank you.",10.5
3097,5851,2025-03-27,5,3,3,1,6,Quick response and clear explanation.,29.2
3098,5852,2025-11-22,5,5,4,1,6,"Polite and knowledgeable support, thank you.",67.3
3099,5855,2026-04-10,5,4,3,1,4,"Polite and knowledgeable support, thank you.",6.29
3100,5856,2025-05-30,3,3,5,1,8,"Resolved on the first call, very satisfied.",32.65
3101,5857,2026-01-25,4,3,5,1,6,Quick response and clear explanation.,12.2
3102,5862,2026-06-05,5,4,5,1,4,Agent was friendly and solved my issue quickly.,14.07
3103,5863,2025-06-20,4,5,3,1,5,"Great service, very professional and helpful.",30.13
3104,5865,2025-10-23,5,5,5,1,7,"Great service, very professional and helpful.",25.13
3105,5867,2026-03-24,5,5,4,1,4,Agent was friendly and solved my issue quickly.,25.75
3106,5873,2026-01-20,5,4,4,1,5,Agent was friendly and solved my issue quickly.,26.3
3107,5876,2026-07-25,4,4,5,1,8,Agent was friendly and solved my issue quickly.,26.25
3108,5877,2025-07-13,5,4,4,1,8,Agent was friendly and solved my issue quickly.,25.5
3109,5878,2026-03-27,5,4,5,1,6,"Resolved on the first call, very satisfied.",1.57
3110,5879,2025-11-12,3,2,4,1,4,Got what I needed eventually.,8.88
3111,5880,2025-05-01,1,2,2,1,4,Got what I needed eventually.,5.72
3112,5881,2025-05-28,4,5,5,1,6,Agent was friendly and solved my issue quickly.,4.46
3113,5883,2025-02-15,5,4,4,1,1,Quick response and clear explanation.,21.74
3114,5884,2026-01-30,4,4,4,1,8,"Polite and knowledgeable support, thank you.",39.86
3115,5892,2025-04-24,5,5,3,1,8,Quick response and clear explanation.,31.12
3116,5895,2025-10-12,4,5,5,1,9,Agent was friendly and solved my issue quickly.,21.1
3117,5896,2025-02-23,5,5,5,1,6,"Great service, very professional and helpful.",10.25
3118,5897,2025-10-05,5,4,5,1,10,"Polite and knowledgeable support, thank you.",32.96
3119,5900,2025-08-08,2,3,3,1,4,Had to contact you multiple times for the same issue.,33.59
3120,5901,2026-07-08,4,3,5,1,3,Agent was friendly and solved my issue quickly.,76.28
3121,5902,2025-04-02,5,5,4,1,6,"Great service, very professional and helpful.",23.22
3122,5903,2025-08-22,5,4,5,1,6,"Polite and knowledgeable support, thank you.",27.08
3123,5904,2026-05-16,3,3,3,0,4,The agent was fine but I had to wait.,8.19
3124,5905,2026-05-03,3,2,5,1,10,"Resolved on the first call, very satisfied.",32.75
3125,5906,2026-03-08,3,5,4,1,8,"Polite and knowledgeable support, thank you.",41.69
3126,5907,2026-02-03,5,4,3,1,8,"Polite and knowledgeable support, thank you.",18.05
3127,5909,2026-01-08,5,4,4,1,5,"Great service, very professional and helpful.",66.3
3128,5911,2026-05-04,4,5,5,1,7,Agent was friendly and solved my issue quickly.,53.93
3129,5913,2025-12-20,5,5,4,1,10,"Resolved on the first call, very satisfied.",37.84
3130,5914,2025-09-11,5,3,4,1,7,Agent was friendly and solved my issue quickly.,46.68
3131,5915,2026-07-26,5,3,4,1,6,Agent was friendly and solved my issue quickly.,1.99
3132,5918,2025-08-22,3,3,3,1,4,Average experience overall.,14.99
3133,5919,2026-04-12,5,3,3,1,6,"Resolved on the first call, very satisfied.",6.62
3134,5920,2025-01-18,3,2,2,1,5,The agent was fine but I had to wait.,18.36
3135,5921,2025-01-21,3,2,3,0,0,Agent was not helpful and seemed rushed.,24.81
3136,5924,2026-08-12,4,4,4,0,4,"Resolved on the first call, very satisfied.",22.55
3137,5926,2025-05-05,5,4,4,1,9,Quick response and clear explanation.,38.06
3138,5927,2026-01-20,4,5,3,1,7,"Great service, very professional and helpful.",6.4
3139,5928,2026-02-18,5,5,5,1,7,"Great service, very professional and helpful.",27.99
3140,5930,2025-11-03,2,1,2,1,1,Waited far too long and the problem is still not fixed.,70.61
3141,5931,2026-05-10,5,5,4,1,3,Agent was friendly and solved my issue quickly.,4.81
3142,5933,2025-10-16,5,3,4,1,3,Agent was friendly and solved my issue quickly.,41.84
3143,5937,2025-06-12,3,1,1,1,3,Waited far too long and the problem is still not fixed.,17.43
3144,5938,2026-06-23,3,4,5,1,7,"Great service, very professional and helpful.",27.5
3145,5940,2025-03-25,4,3,3,0,5,Quick response and clear explanation.,37.74
3146,5943,2025-05-27,4,3,2,1,4,The agent was fine but I had to wait.,27.3
3147,5947,2026-07-20,5,3,5,0,5,"Great service, very professional and helpful.",19.33
3148,5952,2025-08-29,5,5,4,0,5,Quick response and clear explanation.,29.29
3149,5953,2025-12-02,5,4,4,1,5,Quick response and clear explanation.,36.38
3150,5954,2026-02-13,3,2,3,1,7,Average experience overall.,9.05
3151,5955,2025-04-13,5,5,4,1,6,Quick response and clear explanation.,13.76
3152,5956,2025-03-10,2,4,3,0,5,Average experience overall.,9.2
3153,5959,2025-02-08,3,2,1,1,2,Had to contact you multiple times for the same issue.,56.17
3154,5961,2025-04-09,5,5,4,1,5,"Polite and knowledgeable support, thank you.",11.7
3155,5962,2025-08-15,5,3,4,1,7,"Resolved on the first call, very satisfied.",21.6
3156,5963,2026-08-13,5,4,3,1,8,Agent was friendly and solved my issue quickly.,24.62
3157,5967,2025-09-14,5,3,3,1,6,Agent was friendly and solved my issue quickly.,7.47
3158,5968,2025-11-18,4,3,2,1,3,Got what I needed eventually.,53.63
3159,5969,2025-04-20,5,5,4,1,7,"Resolved on the first call, very satisfied.",25.61
3160,5970,2025-05-14,3,3,4,1,5,Agent was friendly and solved my issue quickly.,35.11
3161,5975,2025-04-04,4,5,3,1,4,"Polite and knowledgeable support, thank you.",14.34
3162,5976,2025-02-05,4,4,3,0,6,"Great service, very professional and helpful.",13.66
3163,5977,2025-10-06,5,3,2,1,4,"Resolved on the first call, very satisfied.",50.4
3164,5982,2026-06-18,3,2,3,1,5,Issue was resolved but it took a while.,26.02
3165,5985,2025-12-22,4,5,5,1,6,"Resolved on the first call, very satisfied.",7.0
3166,5986,2025-01-14,1,2,2,0,0,"Very frustrating experience, poor communication.",28.45
3167,5990,2026-07-11,5,5,5,1,7,"Resolved on the first call, very satisfied.",11.64
3168,5993,2025-10-17,5,3,3,1,7,"Resolved on the first call, very satisfied.",37.82
3169,5994,2026-05-17,5,4,4,0,3,"Polite and knowledgeable support, thank you.",0.45
3170,5995,2026-08-15,4,3,4,1,8,Quick response and clear explanation.,56.11
3171,5997,2025-11-29,4,4,4,1,9,"Resolved on the first call, very satisfied.",2.11
3172,5999,2026-02-19,4,5,5,1,10,"Polite and knowledgeable support, thank you.",33.88
3173,6001,2025-10-08,5,5,4,1,8,"Resolved on the first call, very satisfied.",33.89
3174,6002,2026-06-21,3,4,4,1,9,"Polite and knowledgeable support, thank you.",31.62
3175,6004,2025-05-06,4,4,3,1,6,"Resolved on the first call, very satisfied.",30.09
3176,6006,2025-06-20,5,5,5,1,8,"Polite and knowledgeable support, thank you.",26.07
3177,6007,2026-06-13,3,2,4,1,4,Got what I needed eventually.,33.89
3178,6008,2026-04-07,5,4,5,1,9,"Great service, very professional and helpful.",1.67
3179,6009,2025-10-07,5,2,3,1,7,"Polite and knowledgeable support, thank you.",56.08
3180,6012,2026-04-29,4,4,3,1,4,"Polite and knowledgeable support, thank you.",35.7
3181,6013,2026-04-04,4,4,4,1,1,"Great service, very professional and helpful.",19.43
3182,6014,2025-04-30,5,4,4,1,7,"Polite and knowledgeable support, thank you.",16.01
3183,6015,2025-06-17,4,3,2,1,6,The agent was fine but I had to wait.,6.95
3184,6016,2025-07-25,3,3,1,0,3,"Support was okay, nothing exceptional.",70.22
3185,6018,2026-07-17,4,2,3,1,4,Average experience overall.,18.34
3186,6022,2025-10-01,4,5,5,1,10,"Polite and knowledgeable support, thank you.",21.6
3187,6026,2025-11-06,4,3,5,1,5,Quick response and clear explanation.,37.73
3188,6027,2025-09-12,5,5,5,1,6,"Great service, very professional and helpful.",16.11
3189,6028,2026-02-07,4,4,5,1,4,Quick response and clear explanation.,40.48
3190,6029,2025-11-27,5,5,4,1,9,"Resolved on the first call, very satisfied.",10.74
3191,6030,2025-10-12,4,5,3,1,7,"Resolved on the first call, very satisfied.",0.75
3192,6034,2026-03-22,5,5,4,1,5,"Resolved on the first call, very satisfied.",0.87
3193,6035,2026-07-22,3,4,3,1,4,The agent was fine but I had to wait.,45.58
3194,6037,2026-01-19,5,3,3,0,5,Agent was friendly and solved my issue quickly.,30.84
3195,6038,2026-07-26,5,3,4,1,5,"Resolved on the first call, very satisfied.",46.2
3196,6039,2025-10-25,5,5,5,1,9,"Great service, very professional and helpful.",27.23
3197,6040,2026-04-25,3,4,4,1,6,"Polite and knowledgeable support, thank you.",31.26
3198,6043,2025-07-04,3,2,3,1,5,Quick response and clear explanation.,25.16
3199,6044,2025-03-18,4,4,4,1,6,"Polite and knowledgeable support, thank you.",10.41
3200,6045,2026-02-04,3,3,3,1,2,The agent was fine but I had to wait.,21.05
3201,6047,2025-05-09,4,5,4,1,5,"Resolved on the first call, very satisfied.",29.23
3202,6049,2026-02-02,5,5,4,1,7,Agent was friendly and solved my issue quickly.,47.14
3203,6051,2025-06-17,3,5,3,1,2,The agent was fine but I had to wait.,27.2
3204,6052,2026-03-11,5,4,4,1,10,"Resolved on the first call, very satisfied.",25.72
3205,6058,2026-02-26,2,2,3,0,4,Average experience overall.,16.55
3206,6060,2025-09-04,4,2,5,1,8,"Great service, very professional and helpful.",65.08
3207,6061,2026-06-08,4,5,4,1,3,"Great service, very professional and helpful.",39.38
3208,6062,2025-10-02,4,1,2,0,0,Had to contact you multiple times for the same issue.,17.55
3209,6065,2026-01-26,5,5,4,0,7,"Resolved on the first call, very satisfied.",5.27
3210,6068,2025-01-13,4,5,3,1,5,"Resolved on the first call, very satisfied.",34.4
3211,6070,2026-08-03,3,4,1,1,3,Issue was resolved but it took a while.,50.73
3212,6071,2026-08-02,5,5,3,1,5,Quick response and clear explanation.,21.13
3213,6072,2025-11-09,3,4,3,1,4,Quick response and clear explanation.,30.27
3214,6075,2025-11-10,5,2,3,0,4,Got what I needed eventually.,13.08
3215,6076,2026-04-12,4,4,3,1,6,"Resolved on the first call, very satisfied.",40.36
3216,6077,2025-10-19,5,4,5,1,6,"Resolved on the first call, very satisfied.",7.1
3217,6079,2026-08-13,3,4,4,1,8,"Polite and knowledgeable support, thank you.",7.7
3218,6081,2026-02-19,5,4,4,0,4,Quick response and clear explanation.,0.58
3219,6085,2026-03-21,3,3,4,1,4,"Great service, very professional and helpful.",25.36
3220,6089,2025-06-09,5,5,3,1,4,"Polite and knowledgeable support, thank you.",36.24
3221,6093,2025-07-21,3,2,3,0,2,"Very frustrating experience, poor communication.",39.36
3222,6094,2026-04-03,2,3,3,1,4,Got what I needed eventually.,27.21
3223,6097,2025-04-14,5,4,5,1,3,"Polite and knowledgeable support, thank you.",9.41
3224,6100,2026-02-17,4,5,5,1,10,"Resolved on the first call, very satisfied.",23.38
3225,6102,2025-11-16,5,4,4,1,9,Quick response and clear explanation.,13.8
3226,6103,2025-05-24,4,3,4,0,7,Agent was friendly and solved my issue quickly.,26.13
3227,6107,2026-07-18,4,5,3,1,6,Quick response and clear explanation.,33.93
3228,6109,2025-10-04,4,5,5,1,6,Quick response and clear explanation.,19.14
3229,6110,2026-04-11,3,5,5,1,7,Quick response and clear explanation.,5.74
3230,6111,2025-10-09,5,5,4,1,7,"Polite and knowledgeable support, thank you.",12.81
3231,6113,2025-07-19,3,3,3,1,1,Average experience overall.,20.59
3232,6120,2025-10-11,5,4,4,1,8,"Great service, very professional and helpful.",6.52
3233,6121,2025-09-29,4,3,3,0,4,"Support was okay, nothing exceptional.",29.39
3234,6122,2026-03-18,5,3,5,1,9,"Polite and knowledgeable support, thank you.",2.42
3235,6123,2025-01-18,5,3,3,1,4,Average experience overall.,17.63
3236,6124,2026-03-11,5,4,5,1,10,"Great service, very professional and helpful.",35.74
3237,6125,2026-07-18,4,4,2,1,9,"Resolved on the first call, very satisfied.",41.52
3238,6126,2025-06-05,4,4,3,1,8,Quick response and clear explanation.,18.21
3239,6130,2025-04-26,2,5,4,1,3,Got what I needed eventually.,24.55
3240,6133,2025-09-18,4,3,2,0,6,Average experience overall.,17.38
3241,6134,2026-06-15,4,3,3,1,6,Average experience overall.,51.31
3242,6136,2026-03-24,4,4,2,0,3,Average experience overall.,40.44
3243,6141,2026-08-13,2,3,2,0,4,Issue was resolved but it took a while.,12.21
3244,6142,2025-09-12,3,3,3,1,2,Issue was resolved but it took a while.,37.05
3245,6143,2025-11-27,5,4,4,1,10,Quick response and clear explanation.,25.7
3246,6145,2025-05-11,4,5,5,1,9,"Resolved on the first call, very satisfied.",43.02
3247,6148,2025-07-23,2,2,1,0,0,"Very frustrating experience, poor communication.",53.09
3248,6150,2026-08-10,3,3,3,1,2,Issue was resolved but it took a while.,19.59
3249,6153,2025-04-09,5,4,5,1,9,"Great service, very professional and helpful.",32.36
3250,6154,2025-08-18,4,4,3,1,7,"Polite and knowledgeable support, thank you.",12.67
3251,6155,2026-04-26,3,4,3,0,8,"Resolved on the first call, very satisfied.",25.36
3252,6156,2025-03-10,4,2,4,1,6,Agent was friendly and solved my issue quickly.,46.02
3253,6157,2026-04-18,5,2,3,1,10,"Resolved on the first call, very satisfied.",38.01
3254,6158,2025-06-30,3,1,2,1,2,Had to contact you multiple times for the same issue.,22.66
3255,6159,2026-01-20,5,5,3,1,4,"Resolved on the first call, very satisfied.",41.07
3256,6160,2025-05-06,4,3,3,1,1,"Support was okay, nothing exceptional.",15.41
3257,6161,2026-03-27,4,2,4,1,6,"Polite and knowledgeable support, thank you.",17.07
3258,6162,2025-12-28,5,4,5,1,4,"Resolved on the first call, very satisfied.",14.86
3259,6167,2025-07-31,5,3,3,1,5,"Polite and knowledgeable support, thank you.",62.69
3260,6168,2025-03-01,4,5,3,0,10,"Great service, very professional and helpful.",22.77
3261,6169,2026-01-15,5,3,3,1,5,Quick response and clear explanation.,6.78
3262,6170,2026-05-24,3,4,3,1,7,Average experience overall.,19.61
3263,6171,2025-11-18,3,5,1,1,5,"Support was okay, nothing exceptional.",34.5
3264,6172,2026-01-21,4,5,5,0,5,"Polite and knowledgeable support, thank you.",10.28
3265,6174,2026-05-22,5,4,3,1,6,Quick response and clear explanation.,20.51
3266,6177,2026-03-06,4,5,3,1,6,Quick response and clear explanation.,11.4
3267,6179,2025-09-30,4,4,2,0,7,Quick response and clear explanation.,4.1
3268,6180,2026-05-12,2,2,2,1,4,Got what I needed eventually.,42.72
3269,6185,2025-09-27,3,1,3,1,3,Average experience overall.,26.9
3270,6187,2025-12-15,4,4,4,0,8,Agent was friendly and solved my issue quickly.,12.44
3271,6189,2025-01-14,5,4,4,1,6,Agent was friendly and solved my issue quickly.,31.9
3272,6190,2025-06-03,4,5,4,1,7,Agent was friendly and solved my issue quickly.,12.18
3273,6191,2026-02-23,5,5,4,1,10,"Resolved on the first call, very satisfied.",38.56
3274,6192,2025-02-10,4,3,3,0,9,"Resolved on the first call, very satisfied.",18.23
3275,6193,2025-01-18,4,2,3,0,6,Quick response and clear explanation.,37.8
3276,6194,2026-01-07,3,3,3,0,4,"Support was okay, nothing exceptional.",4.15
3277,6195,2026-08-09,5,4,4,1,8,"Polite and knowledgeable support, thank you.",16.83
3278,6196,2025-08-30,2,3,3,0,4,The agent was fine but I had to wait.,33.6
3279,6197,2025-09-10,5,4,4,1,10,"Great service, very professional and helpful.",34.1
3280,6198,2025-04-19,2,1,1,0,2,"Very frustrating experience, poor communication.",5.57
3281,6203,2025-11-09,4,5,5,1,9,"Great service, very professional and helpful.",11.88
3282,6205,2026-07-22,3,2,1,0,4,Average experience overall.,13.91
3283,6206,2026-01-11,3,4,3,1,7,Average experience overall.,34.78
3284,6207,2025-12-22,4,3,5,0,6,"Great service, very professional and helpful.",35.23
3285,6208,2026-04-08,4,3,2,1,6,"Support was okay, nothing exceptional.",9.29
3286,6209,2025-10-15,3,3,3,1,8,Average experience overall.,35.38
3287,6211,2025-08-22,3,3,3,1,4,The agent was fine but I had to wait.,13.02
3288,6214,2026-07-05,5,2,3,1,6,"Great service, very professional and helpful.",10.62
3289,6219,2025-07-16,5,4,5,1,7,"Great service, very professional and helpful.",37.91
3290,6220,2026-04-19,4,4,5,1,8,Agent was friendly and solved my issue quickly.,17.18
3291,6223,2025-02-02,5,2,2,0,6,Issue was resolved but it took a while.,7.36
3292,6224,2026-06-27,5,3,2,1,5,Average experience overall.,12.1
3293,6228,2025-09-02,3,3,2,0,4,Average experience overall.,21.4
3294,6230,2025-03-15,5,4,5,1,7,"Resolved on the first call, very satisfied.",4.72
3295,6233,2025-11-20,5,5,5,1,8,"Great service, very professional and helpful.",28.95
3296,6235,2026-01-29,3,2,2,1,2,The agent was fine but I had to wait.,44.56
3297,6236,2026-04-23,4,3,2,1,1,The agent was fine but I had to wait.,42.48
3298,6237,2025-07-14,4,5,4,1,5,Agent was friendly and solved my issue quickly.,28.25
3299,6238,2025-02-26,4,3,3,1,6,"Polite and knowledgeable support, thank you.",20.07
3300,6239,2026-04-21,5,5,5,1,6,Quick response and clear explanation.,36.01
3301,6240,2025-08-31,5,5,4,1,9,Quick response and clear explanation.,49.53
3302,6242,2025-03-17,4,5,4,1,7,Quick response and clear explanation.,41.62
3303,6244,2025-05-06,4,4,2,1,6,"Resolved on the first call, very satisfied.",32.99
3304,6245,2025-02-27,5,4,4,1,8,"Great service, very professional and helpful.",43.99
3305,6246,2025-02-28,3,3,2,1,4,The agent was fine but I had to wait.,11.3
3306,6247,2026-06-21,4,4,3,1,3,The agent was fine but I had to wait.,36.33
3307,6248,2026-01-12,5,5,4,1,9,"Polite and knowledgeable support, thank you.",4.05
3308,6249,2025-01-25,5,5,4,1,7,"Resolved on the first call, very satisfied.",19.56
3309,6250,2025-05-21,5,5,5,1,5,Agent was friendly and solved my issue quickly.,10.66
3310,6252,2025-01-25,5,5,4,1,8,Agent was friendly and solved my issue quickly.,22.9
3311,6253,2025-09-18,3,5,3,1,9,"Polite and knowledgeable support, thank you.",27.86
3312,6255,2025-08-12,4,5,5,1,6,"Great service, very professional and helpful.",27.12
3313,6257,2026-07-23,3,4,4,1,7,Got what I needed eventually.,19.24
3314,6260,2025-04-14,3,2,4,0,2,The agent was fine but I had to wait.,78.28
3315,6263,2025-05-01,4,3,3,0,6,Quick response and clear explanation.,8.02
3316,6265,2026-07-21,5,5,4,1,9,"Resolved on the first call, very satisfied.",26.92
3317,6266,2025-09-13,4,4,4,1,4,The agent was fine but I had to wait.,14.68
3318,6269,2025-03-23,4,4,3,1,0,Average experience overall.,5.16
3319,6272,2025-06-04,3,4,3,1,6,Average experience overall.,10.39
3320,6273,2026-01-04,5,4,4,1,6,"Great service, very professional and helpful.",25.18
3321,6275,2025-10-05,5,5,5,1,10,Agent was friendly and solved my issue quickly.,9.59
3322,6276,2026-07-23,5,5,4,1,7,Quick response and clear explanation.,28.04
3323,6278,2025-05-15,5,3,4,1,6,Agent was friendly and solved my issue quickly.,45.92
3324,6280,2025-11-05,5,5,4,1,6,Agent was friendly and solved my issue quickly.,49.48
3325,6281,2025-10-13,5,5,5,1,8,"Resolved on the first call, very satisfied.",14.16
3326,6282,2025-12-24,5,4,4,1,6,"Resolved on the first call, very satisfied.",47.12
3327,6284,2025-12-09,4,3,4,1,6,"Support was okay, nothing exceptional.",39.5
3328,6290,2025-07-14,3,3,3,0,4,Waited far too long and the problem is still not fixed.,13.67
3329,6291,2025-11-28,3,4,3,1,4,The agent was fine but I had to wait.,52.99
3330,6292,2025-06-16,4,4,2,1,7,"Resolved on the first call, very satisfied.",0.79
3331,6295,2026-04-22,4,3,5,1,4,"Resolved on the first call, very satisfied.",5.77
3332,6297,2025-10-11,3,4,3,1,4,Issue was resolved but it took a while.,30.73
3333,6298,2026-03-01,5,4,4,1,7,"Great service, very professional and helpful.",20.09
3334,6300,2025-02-09,5,4,4,1,10,Agent was friendly and solved my issue quickly.,24.47
3335,6301,2025-10-08,4,5,5,0,9,Quick response and clear explanation.,18.0
3336,6302,2026-01-30,5,5,5,1,9,"Polite and knowledgeable support, thank you.",8.59
3337,6303,2025-08-20,2,4,4,0,7,"Polite and knowledgeable support, thank you.",2.04
3338,6304,2025-03-27,2,4,3,0,3,The agent was fine but I had to wait.,28.57
3339,6307,2026-06-03,4,3,2,1,3,The agent was fine but I had to wait.,19.56
3340,6308,2025-12-29,4,4,5,0,9,Agent was friendly and solved my issue quickly.,38.92
3341,6309,2025-05-07,4,5,4,1,10,"Polite and knowledgeable support, thank you.",8.65
3342,6310,2025-03-27,5,5,5,1,6,"Resolved on the first call, very satisfied.",20.38
3343,6311,2025-02-02,4,4,4,0,6,"Resolved on the first call, very satisfied.",38.74
3344,6313,2026-01-04,5,4,4,1,6,Quick response and clear explanation.,6.31
3345,6315,2025-02-26,2,3,1,1,5,Issue was resolved but it took a while.,25.71
3346,6318,2026-06-17,4,3,4,1,9,"Great service, very professional and helpful.",14.72
3347,6319,2025-08-01,4,5,2,1,4,Agent was friendly and solved my issue quickly.,42.12
3348,6322,2026-05-20,3,4,2,1,4,Issue was resolved but it took a while.,10.2
3349,6328,2026-04-08,5,4,4,0,7,Quick response and clear explanation.,30.24
3350,6329,2025-01-24,4,4,4,1,3,"Polite and knowledgeable support, thank you.",21.09
3351,6334,2025-12-12,5,5,5,1,8,"Great service, very professional and helpful.",27.43
3352,6341,2025-03-14,5,5,4,1,4,"Great service, very professional and helpful.",12.18
3353,6343,2025-10-26,3,1,2,1,2,The agent was fine but I had to wait.,40.0
3354,6346,2025-06-14,3,3,2,0,4,The problem was not resolved and no follow-up.,57.17
3355,6350,2025-03-12,5,5,5,1,7,Agent was friendly and solved my issue quickly.,32.94
3356,6351,2025-06-30,4,5,5,1,5,"Polite and knowledgeable support, thank you.",9.52
3357,6355,2025-01-24,5,4,3,1,8,"Polite and knowledgeable support, thank you.",47.66
3358,6356,2025-11-14,4,5,5,1,7,Quick response and clear explanation.,39.5
3359,6357,2026-02-04,5,5,4,1,4,Quick response and clear explanation.,33.69
3360,6358,2026-06-03,4,5,5,0,7,Agent was friendly and solved my issue quickly.,10.74
3361,6360,2025-01-16,4,3,5,0,8,"Polite and knowledgeable support, thank you.",15.82
3362,6362,2025-08-28,3,5,5,1,8,Agent was friendly and solved my issue quickly.,19.41
3363,6363,2026-05-09,5,5,5,1,6,Agent was friendly and solved my issue quickly.,26.75
3364,6364,2026-03-26,4,4,4,1,5,"Resolved on the first call, very satisfied.",18.23
3365,6370,2025-06-06,3,3,4,1,3,"Support was okay, nothing exceptional.",13.53
3366,6371,2025-09-17,4,5,5,1,6,Agent was friendly and solved my issue quickly.,40.8
3367,6373,2025-01-11,5,3,3,1,5,Agent was friendly and solved my issue quickly.,18.44
3368,6374,2026-01-15,3,3,3,1,6,"Support was okay, nothing exceptional.",17.29
3369,6376,2025-08-22,4,5,4,1,9,Agent was friendly and solved my issue quickly.,16.89
3370,6378,2026-08-02,4,4,4,1,6,"Polite and knowledgeable support, thank you.",2.25
3371,6381,2025-07-24,3,5,3,1,4,Agent was friendly and solved my issue quickly.,34.65
3372,6382,2026-08-01,4,2,3,1,3,The agent was fine but I had to wait.,47.29
3373,6384,2025-07-06,5,3,4,1,6,Quick response and clear explanation.,18.29
3374,6385,2025-10-14,3,2,1,1,5,Average experience overall.,18.22
3375,6389,2026-06-14,3,2,1,0,1,Agent was not helpful and seemed rushed.,8.87
3376,6391,2025-08-19,5,5,4,1,7,"Great service, very professional and helpful.",44.94
3377,6394,2025-06-02,4,5,4,1,7,"Great service, very professional and helpful.",29.52
3378,6395,2025-04-01,4,4,4,1,8,"Polite and knowledgeable support, thank you.",27.8
3379,6397,2026-03-04,3,4,2,1,3,"Support was okay, nothing exceptional.",29.43
3380,6399,2025-10-27,3,4,4,0,4,Agent was friendly and solved my issue quickly.,11.45
3381,6400,2025-09-14,5,5,5,1,9,"Polite and knowledgeable support, thank you.",59.72
3382,6401,2025-04-08,2,3,3,1,7,"Support was okay, nothing exceptional.",38.37
3383,6402,2026-08-12,5,5,4,1,7,Quick response and clear explanation.,15.75
3384,6403,2025-05-31,1,4,1,0,3,The agent was fine but I had to wait.,39.45
3385,6406,2025-04-25,3,4,5,1,7,Agent was friendly and solved my issue quickly.,7.86
3386,6408,2025-07-05,3,2,2,1,4,"Very frustrating experience, poor communication.",18.99
3387,6410,2025-07-28,5,5,4,1,10,Agent was friendly and solved my issue quickly.,27.26
3388,6411,2025-03-02,4,4,4,0,5,"Great service, very professional and helpful.",1.79
3389,6412,2025-09-05,3,2,1,0,2,Waited far too long and the problem is still not fixed.,45.51
3390,6416,2025-07-24,2,2,3,1,1,Got what I needed eventually.,34.54
3391,6419,2026-04-17,4,4,4,1,6,"Great service, very professional and helpful.",37.04
3392,6420,2025-07-03,4,5,5,1,8,"Polite and knowledgeable support, thank you.",3.82
3393,6423,2025-08-13,4,4,3,1,4,Agent was friendly and solved my issue quickly.,48.01
3394,6426,2026-04-21,5,5,4,1,6,"Polite and knowledgeable support, thank you.",33.7
3395,6429,2026-08-12,5,4,5,1,6,Quick response and clear explanation.,19.69
3396,6430,2026-05-21,5,4,3,1,8,"Resolved on the first call, very satisfied.",50.21
3397,6431,2025-01-15,3,4,2,1,4,Agent was friendly and solved my issue quickly.,52.66
3398,6434,2026-06-01,5,4,5,1,10,Quick response and clear explanation.,2.85
3399,6435,2025-09-27,3,4,3,0,7,"Resolved on the first call, very satisfied.",23.86
3400,6437,2026-02-14,5,4,4,1,6,Quick response and clear explanation.,23.44
3401,6438,2025-07-26,3,2,3,1,4,The agent was fine but I had to wait.,9.1
3402,6444,2026-02-26,4,4,4,1,5,Agent was friendly and solved my issue quickly.,36.46
3403,6446,2025-01-28,5,4,3,1,5,"Resolved on the first call, very satisfied.",21.94
3404,6448,2026-02-19,4,3,5,1,8,Quick response and clear explanation.,47.97
3405,6450,2025-04-12,4,3,2,1,5,Issue was resolved but it took a while.,15.85
3406,6455,2025-09-23,5,4,4,1,7,"Resolved on the first call, very satisfied.",15.54
3407,6457,2025-07-14,5,4,3,1,7,"Great service, very professional and helpful.",5.02
3408,6458,2026-07-11,3,3,2,1,5,Average experience overall.,26.12
3409,6459,2025-09-18,2,3,5,1,6,Quick response and clear explanation.,55.24
3410,6460,2026-05-24,3,4,3,0,3,"Resolved on the first call, very satisfied.",37.66
3411,6464,2025-11-04,2,2,2,0,6,Got what I needed eventually.,27.26
3412,6465,2025-06-24,3,4,4,1,4,"Polite and knowledgeable support, thank you.",16.68
3413,6466,2025-07-02,3,3,4,1,7,Agent was friendly and solved my issue quickly.,5.28
3414,6467,2026-02-15,4,4,3,0,5,Agent was friendly and solved my issue quickly.,29.11
3415,6468,2026-06-18,4,5,5,0,6,Agent was friendly and solved my issue quickly.,12.07
3416,6470,2026-07-22,4,3,5,1,7,"Polite and knowledgeable support, thank you.",32.39
3417,6471,2025-08-19,4,4,5,1,6,"Great service, very professional and helpful.",3.51
3418,6473,2025-10-10,4,2,1,1,4,Average experience overall.,22.15
3419,6474,2025-12-12,5,3,4,1,3,Quick response and clear explanation.,24.91
3420,6477,2025-11-23,2,4,4,1,4,"Support was okay, nothing exceptional.",27.76
3421,6478,2025-12-11,4,3,5,0,4,Quick response and clear explanation.,34.73
3422,6480,2025-08-09,5,5,5,1,8,Quick response and clear explanation.,37.4
3423,6481,2025-02-15,4,4,5,1,5,"Resolved on the first call, very satisfied.",3.53
3424,6482,2025-02-22,4,5,4,0,5,"Resolved on the first call, very satisfied.",11.83
3425,6484,2026-01-13,5,4,5,1,10,"Polite and knowledgeable support, thank you.",27.39
3426,6485,2026-05-26,4,5,3,1,3,"Resolved on the first call, very satisfied.",7.96
3427,6486,2025-08-17,4,5,3,1,8,"Resolved on the first call, very satisfied.",55.95
3428,6487,2025-12-29,5,3,4,1,7,Quick response and clear explanation.,13.9
3429,6488,2026-01-20,3,4,4,1,1,"Great service, very professional and helpful.",36.33
3430,6490,2025-12-03,4,2,5,1,4,"Great service, very professional and helpful.",39.47
3431,6492,2026-05-15,3,5,5,1,10,"Polite and knowledgeable support, thank you.",46.65
3432,6493,2025-11-08,5,3,5,1,7,Agent was friendly and solved my issue quickly.,12.15
3433,6494,2025-07-05,5,5,5,1,10,"Resolved on the first call, very satisfied.",33.47
3434,6497,2025-03-27,5,4,4,1,5,Quick response and clear explanation.,18.48
3435,6498,2026-06-01,3,2,3,0,7,Average experience overall.,48.93
3436,6499,2025-12-30,3,3,3,1,3,Got what I needed eventually.,8.01
3437,6500,2025-11-10,5,5,4,1,6,"Resolved on the first call, very satisfied.",21.92
3438,6502,2025-12-09,5,3,3,1,6,"Resolved on the first call, very satisfied.",9.11
3439,6503,2026-08-10,4,3,3,1,4,Average experience overall.,17.33
3440,6507,2026-02-24,5,5,4,1,6,"Great service, very professional and helpful.",27.6
3441,6509,2025-07-10,3,3,2,1,3,Agent was friendly and solved my issue quickly.,10.87
3442,6511,2026-02-11,3,3,4,0,6,Quick response and clear explanation.,33.19
3443,6512,2026-02-03,4,3,3,1,7,Agent was friendly and solved my issue quickly.,19.64
3444,6514,2025-07-02,4,3,5,1,10,"Great service, very professional and helpful.",39.25
3445,6515,2025-04-20,3,4,3,1,6,"Great service, very professional and helpful.",12.18
3446,6516,2026-08-06,5,1,3,1,4,Average experience overall.,17.92
3447,6518,2026-04-30,2,3,3,1,2,"Support was okay, nothing exceptional.",6.52
3448,6521,2025-01-30,2,3,3,0,4,Average experience overall.,30.14
3449,6523,2026-01-17,3,3,4,1,6,Issue was resolved but it took a while.,1.14
3450,6525,2026-07-17,4,5,5,1,9,"Resolved on the first call, very satisfied.",57.95
3451,6527,2026-01-28,5,4,3,1,6,"Great service, very professional and helpful.",27.16
3452,6528,2026-05-31,5,5,3,1,6,Quick response and clear explanation.,2.09
3453,6530,2025-09-24,5,2,2,0,3,"Support was okay, nothing exceptional.",27.56
3454,6532,2026-07-22,5,3,4,0,7,"Great service, very professional and helpful.",31.42
3455,6533,2026-02-03,4,4,3,1,6,Quick response and clear explanation.,4.78
3456,6536,2026-01-30,4,4,4,1,7,"Great service, very professional and helpful.",38.65
3457,6538,2025-10-30,3,3,4,1,6,Quick response and clear explanation.,43.08
3458,6539,2025-04-27,3,4,2,1,2,"Support was okay, nothing exceptional.",41.96
3459,6540,2026-05-04,3,4,3,1,2,Got what I needed eventually.,43.09
3460,6541,2026-03-12,3,3,2,0,3,"Support was okay, nothing exceptional.",38.5
3461,6542,2026-01-19,4,4,2,1,6,Quick response and clear explanation.,6.89
3462,6543,2025-03-10,4,3,4,0,6,"Support was okay, nothing exceptional.",30.51
3463,6546,2026-04-09,4,4,5,1,9,Quick response and clear explanation.,46.79
3464,6548,2025-04-29,4,2,3,1,4,Average experience overall.,10.38
3465,6549,2025-02-23,2,4,4,1,5,Average experience overall.,9.5
3466,6550,2026-03-08,4,4,3,1,6,Got what I needed eventually.,20.13
3467,6554,2026-07-13,4,4,3,0,6,"Resolved on the first call, very satisfied.",46.46
3468,6556,2026-07-17,4,5,4,1,8,"Polite and knowledgeable support, thank you.",17.35
3469,6560,2026-05-28,4,4,4,1,8,Agent was friendly and solved my issue quickly.,14.95
3470,6561,2026-07-28,5,4,2,1,2,"Resolved on the first call, very satisfied.",27.66
3471,6562,2025-02-13,4,5,5,1,7,"Polite and knowledgeable support, thank you.",36.28
3472,6566,2025-07-21,5,4,3,1,8,"Polite and knowledgeable support, thank you.",56.6
3473,6567,2026-04-03,5,4,4,1,6,Issue was resolved but it took a while.,51.28
3474,6571,2026-05-05,4,4,4,1,5,"Resolved on the first call, very satisfied.",31.59
3475,6572,2025-01-20,5,5,4,1,6,"Great service, very professional and helpful.",26.98
3476,6574,2025-12-26,3,4,2,1,3,Average experience overall.,15.65
3477,6575,2025-07-11,3,3,3,1,7,"Polite and knowledgeable support, thank you.",8.59
3478,6576,2025-04-11,5,3,4,1,2,The agent was fine but I had to wait.,42.36
3479,6579,2025-10-14,3,3,3,1,5,Issue was resolved but it took a while.,20.47
3480,6583,2025-06-08,3,4,3,1,6,"Great service, very professional and helpful.",0.57
3481,6588,2025-06-20,1,1,1,1,1,Waited far too long and the problem is still not fixed.,16.41
3482,6590,2025-09-13,4,4,4,1,5,"Resolved on the first call, very satisfied.",49.24
3483,6591,2026-04-21,2,1,1,1,2,Had to contact you multiple times for the same issue.,30.34
3484,6592,2025-02-13,2,3,3,0,1,Waited far too long and the problem is still not fixed.,29.11
3485,6593,2026-05-14,4,4,4,1,8,Quick response and clear explanation.,36.12
3486,6594,2026-06-28,3,2,1,0,4,Waited far too long and the problem is still not fixed.,12.72
3487,6597,2025-02-12,4,2,3,1,4,Agent was friendly and solved my issue quickly.,3.58
3488,6598,2026-06-26,4,5,4,1,9,"Polite and knowledgeable support, thank you.",56.45
3489,6599,2025-11-30,4,4,4,0,3,Average experience overall.,34.41
3490,6600,2026-02-13,2,1,3,1,2,Had to contact you multiple times for the same issue.,23.27
3491,6602,2025-08-21,5,3,2,1,6,Quick response and clear explanation.,33.57
3492,6603,2026-03-16,2,4,3,1,5,The agent was fine but I had to wait.,21.81
3493,6604,2025-07-29,2,2,2,1,3,Had to contact you multiple times for the same issue.,47.12
3494,6605,2025-03-19,4,5,3,1,2,Average experience overall.,32.76
3495,6607,2025-01-16,5,5,5,1,6,"Polite and knowledgeable support, thank you.",8.18
3496,6610,2025-12-17,5,4,5,1,10,"Polite and knowledgeable support, thank you.",23.31
3497,6611,2025-07-16,5,5,5,0,6,Quick response and clear explanation.,24.4
3498,6613,2026-05-02,5,5,4,0,5,Agent was friendly and solved my issue quickly.,43.33
3499,6614,2026-07-20,5,5,4,0,6,"Resolved on the first call, very satisfied.",47.94
3500,6615,2025-12-31,4,4,5,1,8,Quick response and clear explanation.,5.39
3501,6616,2026-03-22,2,3,1,1,3,Had to contact you multiple times for the same issue.,51.84
3502,6618,2026-07-10,5,4,3,1,9,Agent was friendly and solved my issue quickly.,7.12
3503,6621,2026-03-20,3,5,2,0,6,"Great service, very professional and helpful.",28.11
3504,6622,2026-06-10,4,5,3,1,8,"Great service, very professional and helpful.",15.3
3505,6627,2025-01-20,5,5,4,1,9,"Polite and knowledgeable support, thank you.",11.55
3506,6629,2026-04-09,5,5,5,1,10,Agent was friendly and solved my issue quickly.,34.67
3507,6630,2025-06-11,5,4,3,1,8,"Resolved on the first call, very satisfied.",18.53
3508,6631,2025-02-15,5,5,4,1,8,"Resolved on the first call, very satisfied.",43.3
3509,6633,2025-01-15,5,5,5,1,6,Quick response and clear explanation.,51.42
3510,6634,2025-10-30,5,2,3,0,2,Got what I needed eventually.,64.88
3511,6635,2025-09-26,5,4,5,1,7,Quick response and clear explanation.,39.6
3512,6637,2026-02-20,5,5,5,1,6,"Great service, very professional and helpful.",6.42
3513,6640,2026-07-21,4,2,3,1,1,"Support was okay, nothing exceptional.",23.19
3514,6643,2026-03-18,3,4,4,1,7,"Polite and knowledgeable support, thank you.",9.47
3515,6644,2025-07-10,5,4,4,1,5,Agent was friendly and solved my issue quickly.,7.17
3516,6646,2025-08-02,5,5,5,1,7,"Resolved on the first call, very satisfied.",28.33
3517,6647,2026-04-25,4,4,2,1,5,Got what I needed eventually.,28.76
3518,6652,2025-09-15,5,4,4,0,8,"Great service, very professional and helpful.",63.86
3519,6660,2025-07-13,2,2,3,1,5,"Support was okay, nothing exceptional.",9.47
3520,6661,2025-05-10,3,3,2,0,2,The problem was not resolved and no follow-up.,16.07
3521,6662,2025-12-13,5,4,4,1,5,"Great service, very professional and helpful.",23.37
3522,6664,2026-05-18,5,3,5,1,6,"Great service, very professional and helpful.",3.89
3523,6669,2026-06-17,5,5,4,1,8,"Polite and knowledgeable support, thank you.",53.04
3524,6670,2025-07-05,4,4,2,1,4,Got what I needed eventually.,42.07
3525,6674,2026-01-22,5,4,3,0,9,"Great service, very professional and helpful.",23.78
3526,6677,2026-01-05,3,4,3,1,5,Quick response and clear explanation.,10.59
3527,6678,2025-01-09,2,3,3,0,4,The agent was fine but I had to wait.,34.57
3528,6679,2025-09-23,4,3,5,1,6,"Resolved on the first call, very satisfied.",34.69
3529,6680,2025-09-16,2,4,2,1,3,"Support was okay, nothing exceptional.",29.51
3530,6681,2025-05-19,3,3,3,0,3,Average experience overall.,24.02
3531,6682,2026-06-02,4,5,3,0,6,Agent was friendly and solved my issue quickly.,37.37
3532,6683,2025-06-04,4,5,5,1,8,"Great service, very professional and helpful.",38.31
3533,6685,2026-06-24,4,4,3,1,4,"Polite and knowledgeable support, thank you.",37.76
3534,6686,2026-01-31,5,4,5,1,10,"Resolved on the first call, very satisfied.",10.87
3535,6689,2026-05-26,2,3,2,1,3,"Support was okay, nothing exceptional.",36.59
3536,6692,2026-01-01,5,4,5,1,7,"Resolved on the first call, very satisfied.",29.57
3537,6696,2025-02-27,5,4,3,1,7,"Resolved on the first call, very satisfied.",22.43
3538,6697,2025-10-12,2,5,2,0,4,The agent was fine but I had to wait.,1.88
3539,6698,2025-07-20,5,4,4,1,10,"Resolved on the first call, very satisfied.",22.27
3540,6699,2025-04-06,5,5,4,1,9,"Great service, very professional and helpful.",54.74
3541,6700,2025-04-08,4,5,5,1,9,Agent was friendly and solved my issue quickly.,25.78
3542,6702,2025-10-19,3,3,1,1,4,"Support was okay, nothing exceptional.",16.47
3543,6703,2025-01-18,4,5,5,1,6,"Resolved on the first call, very satisfied.",43.53
3544,6705,2026-04-23,4,4,4,1,7,Quick response and clear explanation.,49.8
3545,6709,2026-03-13,5,5,4,1,8,"Polite and knowledgeable support, thank you.",20.37
3546,6711,2026-01-14,4,4,4,0,6,"Resolved on the first call, very satisfied.",34.62
3547,6712,2026-05-20,5,5,5,1,8,"Great service, very professional and helpful.",33.38
3548,6713,2026-03-01,2,2,3,1,5,The agent was fine but I had to wait.,54.21
3549,6714,2025-04-09,5,5,4,1,8,Agent was friendly and solved my issue quickly.,21.88
3550,6715,2025-12-20,4,3,2,0,3,"Support was okay, nothing exceptional.",3.73
3551,6716,2026-03-11,5,5,4,1,8,Quick response and clear explanation.,5.89
3552,6717,2026-06-18,3,2,2,1,3,The agent was fine but I had to wait.,33.19
3553,6718,2026-04-22,2,3,2,1,4,"Support was okay, nothing exceptional.",4.22
3554,6721,2025-05-22,5,5,4,1,7,Agent was friendly and solved my issue quickly.,10.45
3555,6726,2025-01-02,4,4,4,1,6,Agent was friendly and solved my issue quickly.,10.15
3556,6727,2025-01-06,2,4,2,1,7,Issue was resolved but it took a while.,31.6
3557,6728,2025-10-04,4,3,5,1,7,"Resolved on the first call, very satisfied.",37.71
3558,6730,2025-09-29,5,5,5,1,6,Agent was friendly and solved my issue quickly.,27.08
3559,6734,2026-03-28,5,5,4,1,10,"Great service, very professional and helpful.",29.28
3560,6737,2025-06-03,5,5,4,1,4,Agent was friendly and solved my issue quickly.,1.58
3561,6738,2026-07-24,5,3,4,0,4,Agent was friendly and solved my issue quickly.,25.81
3562,6742,2026-02-06,1,2,4,1,2,Issue was resolved but it took a while.,36.13
3563,6743,2026-05-20,4,3,2,1,4,"Great service, very professional and helpful.",18.99
3564,6745,2026-05-05,4,4,3,1,6,Agent was friendly and solved my issue quickly.,8.51
3565,6747,2025-01-13,5,5,4,1,6,Agent was friendly and solved my issue quickly.,30.47
3566,6749,2025-11-21,5,5,4,1,10,Quick response and clear explanation.,9.03
3567,6750,2026-08-11,4,4,5,1,10,"Great service, very professional and helpful.",35.57
3568,6752,2025-09-06,4,5,3,0,7,"Resolved on the first call, very satisfied.",37.77
3569,6753,2026-04-17,1,4,3,1,4,Waited far too long and the problem is still not fixed.,7.55
3570,6758,2025-07-17,5,5,5,1,4,Quick response and clear explanation.,13.82
3571,6759,2026-05-10,5,5,5,0,7,"Great service, very professional and helpful.",19.71
3572,6760,2025-01-20,4,3,4,1,7,"Polite and knowledgeable support, thank you.",15.69
3573,6761,2026-01-19,5,5,4,1,9,"Polite and knowledgeable support, thank you.",36.82
3574,6762,2025-06-05,4,5,3,1,7,Quick response and clear explanation.,27.5
3575,6763,2025-04-11,5,5,5,1,7,"Resolved on the first call, very satisfied.",3.31
3576,6764,2026-03-27,5,4,2,1,5,"Resolved on the first call, very satisfied.",22.06
3577,6766,2025-06-05,5,5,4,1,9,"Resolved on the first call, very satisfied.",0.4
3578,6767,2025-06-10,5,5,4,0,9,"Polite and knowledgeable support, thank you.",18.25
3579,6770,2025-04-03,5,5,5,1,10,"Polite and knowledgeable support, thank you.",31.63
3580,6772,2025-07-03,4,4,4,1,6,"Resolved on the first call, very satisfied.",10.57
3581,6773,2026-03-09,5,5,4,1,5,Agent was friendly and solved my issue quickly.,24.5
3582,6775,2025-04-24,5,5,4,1,7,"Great service, very professional and helpful.",24.47
3583,6777,2025-12-12,3,3,3,1,3,"Great service, very professional and helpful.",19.79
3584,6779,2025-03-05,3,3,4,1,9,"Resolved on the first call, very satisfied.",6.7
3585,6784,2026-01-14,5,4,4,1,6,"Resolved on the first call, very satisfied.",7.8
3586,6785,2026-04-18,4,4,4,1,7,Agent was friendly and solved my issue quickly.,10.54
3587,6786,2025-06-10,5,4,4,1,8,Agent was friendly and solved my issue quickly.,4.44
3588,6787,2025-11-17,3,3,4,1,3,Issue was resolved but it took a while.,1.31
3589,6789,2026-06-01,5,5,4,1,8,Agent was friendly and solved my issue quickly.,10.92
3590,6793,2025-12-25,3,2,1,0,5,The agent was fine but I had to wait.,36.3
3591,6794,2025-11-17,5,5,5,1,6,"Polite and knowledgeable support, thank you.",22.93
3592,6796,2025-05-28,3,3,4,0,3,"Support was okay, nothing exceptional.",9.34
3593,6797,2026-06-05,5,4,4,1,6,Quick response and clear explanation.,11.12
3594,6799,2026-03-13,5,5,4,1,9,Agent was friendly and solved my issue quickly.,26.49
3595,6800,2026-04-16,5,4,3,1,4,Agent was friendly and solved my issue quickly.,14.63
3596,6802,2025-05-04,3,2,3,0,3,Had to contact you multiple times for the same issue.,18.27
3597,6803,2026-03-22,5,5,3,0,8,"Resolved on the first call, very satisfied.",42.88
3598,6805,2025-06-24,4,5,3,1,9,"Great service, very professional and helpful.",16.66
3599,6806,2025-11-26,3,2,2,1,1,"Support was okay, nothing exceptional.",3.77
3600,6807,2025-04-26,3,4,4,1,1,Average experience overall.,9.77
3601,6808,2025-09-01,5,4,5,0,8,"Polite and knowledgeable support, thank you.",42.75
3602,6810,2025-05-12,3,3,4,1,6,Quick response and clear explanation.,23.12
3603,6811,2025-10-18,3,2,1,1,4,Waited far too long and the problem is still not fixed.,22.52
3604,6814,2025-05-10,5,5,4,1,9,"Polite and knowledgeable support, thank you.",51.42
3605,6815,2026-01-19,5,4,4,1,8,"Great service, very professional and helpful.",9.6
3606,6816,2025-10-05,5,5,4,1,6,"Polite and knowledgeable support, thank you.",18.95
3607,6818,2025-06-30,5,5,5,1,6,"Great service, very professional and helpful.",43.73
3608,6819,2025-07-08,5,2,2,0,3,"Support was okay, nothing exceptional.",20.89
3609,6821,2025-07-17,2,3,2,1,2,Got what I needed eventually.,46.55
3610,6825,2025-12-31,4,4,5,0,4,"Polite and knowledgeable support, thank you.",28.92
3611,6827,2025-04-17,5,5,4,1,5,Quick response and clear explanation.,44.59
3612,6830,2025-07-01,4,5,4,1,8,"Polite and knowledgeable support, thank you.",33.73
3613,6832,2026-01-21,3,5,3,1,5,Agent was friendly and solved my issue quickly.,40.47
3614,6835,2025-03-08,4,5,4,1,8,"Polite and knowledgeable support, thank you.",34.59
3615,6836,2026-02-02,4,5,3,1,7,"Resolved on the first call, very satisfied.",3.98
3616,6839,2025-10-04,5,5,5,1,9,"Resolved on the first call, very satisfied.",39.33
3617,6841,2025-01-10,5,5,4,0,7,"Resolved on the first call, very satisfied.",21.5
3618,6843,2026-06-11,5,4,4,1,6,Agent was friendly and solved my issue quickly.,6.3
3619,6844,2026-04-16,5,5,5,1,8,"Resolved on the first call, very satisfied.",34.31
3620,6845,2025-10-16,4,5,3,1,6,Agent was friendly and solved my issue quickly.,48.98
3621,6848,2025-11-26,4,3,4,1,3,"Great service, very professional and helpful.",42.78
3622,6849,2026-08-14,5,5,5,1,9,Quick response and clear explanation.,35.7
3623,6851,2025-02-21,3,2,3,0,4,Average experience overall.,44.21
3624,6852,2026-04-23,4,5,4,1,9,"Great service, very professional and helpful.",38.75
3625,6855,2026-01-07,3,3,2,0,6,"Support was okay, nothing exceptional.",25.43
3626,6856,2026-02-01,4,3,3,1,5,"Support was okay, nothing exceptional.",32.09
3627,6857,2025-03-03,5,3,4,1,5,"Great service, very professional and helpful.",15.63
3628,6858,2026-02-19,4,4,3,1,6,"Great service, very professional and helpful.",35.9
3629,6859,2025-03-21,4,3,4,1,5,Agent was friendly and solved my issue quickly.,0.91
3630,6860,2025-12-01,5,4,3,1,10,"Polite and knowledgeable support, thank you.",25.85
3631,6862,2025-08-11,2,3,2,1,2,The agent was fine but I had to wait.,57.48
3632,6866,2025-02-25,5,2,3,1,5,"Resolved on the first call, very satisfied.",35.59
3633,6869,2025-12-02,3,2,3,1,5,"Support was okay, nothing exceptional.",29.44
3634,6871,2025-11-24,2,4,3,1,5,The agent was fine but I had to wait.,13.55
3635,6875,2026-01-17,2,3,3,1,9,The agent was fine but I had to wait.,0.26
3636,6878,2026-06-04,3,2,2,1,6,The agent was fine but I had to wait.,10.29
3637,6881,2025-06-22,5,5,5,1,9,"Polite and knowledgeable support, thank you.",25.84
3638,6887,2026-06-11,4,5,4,1,5,Quick response and clear explanation.,38.69
3639,6888,2025-09-21,4,4,3,1,5,"Resolved on the first call, very satisfied.",17.32
3640,6890,2025-01-14,4,3,4,1,4,Agent was friendly and solved my issue quickly.,43.59
3641,6891,2025-08-02,3,4,3,1,3,Average experience overall.,13.66
3642,6892,2026-01-17,5,4,3,1,7,Quick response and clear explanation.,23.1
3643,6893,2025-08-12,4,5,5,1,6,"Resolved on the first call, very satisfied.",27.73
3644,6895,2025-01-21,3,3,2,1,6,Issue was resolved but it took a while.,31.73
3645,6896,2025-10-03,4,4,3,0,3,"Polite and knowledgeable support, thank you.",40.62
3646,6897,2025-09-13,5,5,4,1,7,"Great service, very professional and helpful.",7.57
3647,6898,2026-03-26,4,3,3,1,6,"Polite and knowledgeable support, thank you.",43.06
3648,6900,2025-02-01,2,2,2,0,1,"Very frustrating experience, poor communication.",44.87
3649,6902,2026-07-20,4,3,4,1,9,"Polite and knowledgeable support, thank you.",9.32
3650,6904,2025-09-11,5,4,4,1,6,"Resolved on the first call, very satisfied.",22.05
3651,6905,2025-06-28,5,4,4,1,4,"Polite and knowledgeable support, thank you.",26.86
3652,6908,2025-02-15,5,5,3,1,5,Agent was friendly and solved my issue quickly.,6.64
3653,6909,2025-01-14,4,3,4,0,4,"Polite and knowledgeable support, thank you.",31.31
3654,6911,2026-02-10,4,5,4,1,8,"Resolved on the first call, very satisfied.",4.2
3655,6912,2025-05-16,3,3,2,0,6,The agent was fine but I had to wait.,34.24
3656,6917,2026-06-05,5,4,4,1,6,"Polite and knowledgeable support, thank you.",2.99
3657,6918,2026-06-20,5,3,3,1,5,"Great service, very professional and helpful.",25.4
3658,6919,2025-12-13,5,5,4,1,4,"Polite and knowledgeable support, thank you.",13.9
3659,6920,2025-04-02,4,1,4,1,8,The agent was fine but I had to wait.,36.23
3660,6921,2026-06-09,3,2,5,1,5,Issue was resolved but it took a while.,34.35
3661,6923,2025-10-06,4,3,3,1,4,Issue was resolved but it took a while.,11.53
3662,6928,2025-12-09,5,5,5,1,8,Quick response and clear explanation.,43.09
3663,6929,2025-01-24,2,2,2,0,3,The problem was not resolved and no follow-up.,53.26
3664,6931,2026-06-04,4,3,3,0,3,Issue was resolved but it took a while.,3.73
3665,6933,2025-01-06,4,4,4,1,5,"Resolved on the first call, very satisfied.",14.22
3666,6935,2025-02-04,4,3,3,1,9,Quick response and clear explanation.,24.51
3667,6936,2026-07-02,4,3,5,1,6,Agent was friendly and solved my issue quickly.,7.84
3668,6939,2026-02-11,5,5,5,1,8,"Polite and knowledgeable support, thank you.",40.42
3669,6940,2025-12-04,3,4,3,0,5,Quick response and clear explanation.,32.97
3670,6943,2025-07-19,2,3,2,1,4,Got what I needed eventually.,7.24
3671,6944,2025-06-12,3,3,4,0,4,Agent was friendly and solved my issue quickly.,4.57
3672,6945,2025-08-18,3,3,2,1,1,The agent was fine but I had to wait.,18.42
3673,6954,2025-07-07,3,3,4,1,0,Got what I needed eventually.,17.48
3674,6955,2025-01-29,2,4,2,1,8,"Support was okay, nothing exceptional.",47.44
3675,6957,2025-11-24,5,5,5,0,10,"Resolved on the first call, very satisfied.",59.45
3676,6958,2025-03-30,5,5,5,1,6,"Polite and knowledgeable support, thank you.",19.22
3677,6959,2026-06-01,5,5,5,1,10,"Great service, very professional and helpful.",17.72
3678,6964,2026-06-22,5,4,3,0,8,"Resolved on the first call, very satisfied.",23.44
3679,6967,2026-02-28,5,5,5,1,9,Agent was friendly and solved my issue quickly.,10.26
3680,6968,2025-11-19,4,5,5,1,6,Quick response and clear explanation.,51.19
3681,6971,2025-05-22,5,5,4,1,4,"Polite and knowledgeable support, thank you.",22.47
3682,6975,2026-04-21,5,5,3,1,6,Quick response and clear explanation.,35.41
3683,6976,2025-08-19,5,4,5,1,3,"Polite and knowledgeable support, thank you.",8.58
3684,6979,2025-02-25,5,5,5,1,10,"Great service, very professional and helpful.",36.25
3685,6982,2025-03-31,5,5,5,1,4,"Polite and knowledgeable support, thank you.",25.86
3686,6991,2026-04-18,4,4,3,1,9,"Great service, very professional and helpful.",31.62
3687,6993,2026-01-31,4,4,3,1,5,"Resolved on the first call, very satisfied.",51.35
3688,6998,2026-06-27,4,5,3,1,5,Quick response and clear explanation.,40.39
3689,6999,2025-09-13,5,4,5,1,6,"Resolved on the first call, very satisfied.",23.03
3690,7000,2025-02-17,5,5,5,1,7,"Polite and knowledgeable support, thank you.",10.66
3691,7003,2026-01-17,5,3,3,1,5,Quick response and clear explanation.,18.37
3692,7006,2025-02-17,5,5,5,0,6,"Polite and knowledgeable support, thank you.",24.89
3693,7007,2026-04-07,4,3,2,1,6,Average experience overall.,70.89
3694,7008,2026-03-05,5,5,3,1,8,Quick response and clear explanation.,6.47
3695,7009,2025-09-20,5,4,3,1,5,"Polite and knowledgeable support, thank you.",5.89
3696,7010,2025-07-09,5,5,5,1,10,"Resolved on the first call, very satisfied.",1.49
3697,7011,2026-06-11,5,5,5,1,6,"Great service, very professional and helpful.",22.14
3698,7012,2025-04-30,3,4,3,1,4,Issue was resolved but it took a while.,10.16
3699,7013,2025-12-05,5,4,4,1,6,Agent was friendly and solved my issue quickly.,16.02
3700,7015,2026-07-11,5,5,5,1,9,Agent was friendly and solved my issue quickly.,14.54
3701,7016,2025-11-01,5,5,5,1,8,"Great service, very professional and helpful.",30.47
3702,7018,2025-01-23,3,4,4,1,1,The agent was fine but I had to wait.,1.47
3703,7019,2025-09-19,4,5,3,1,3,"Resolved on the first call, very satisfied.",13.97
3704,7022,2025-03-18,1,2,1,1,5,"Very frustrating experience, poor communication.",4.61
3705,7026,2025-02-06,3,3,3,1,4,The agent was fine but I had to wait.,41.34
3706,7027,2026-02-20,4,5,4,0,9,Quick response and clear explanation.,5.22
3707,7029,2026-06-03,5,5,5,1,9,"Polite and knowledgeable support, thank you.",31.16
3708,7031,2025-02-28,3,2,3,0,3,Got what I needed eventually.,29.23
3709,7032,2025-09-29,2,4,4,0,2,"Resolved on the first call, very satisfied.",2.9
3710,7033,2025-04-27,5,4,4,1,9,"Great service, very professional and helpful.",22.59
3711,7034,2025-03-25,5,5,4,1,7,Quick response and clear explanation.,62.64
3712,7039,2026-01-24,4,4,5,1,6,Quick response and clear explanation.,41.36
3713,7041,2026-05-15,5,4,5,1,6,Agent was friendly and solved my issue quickly.,11.47
3714,7042,2026-06-06,4,1,2,1,3,Average experience overall.,8.77
3715,7043,2025-12-14,5,5,4,1,8,"Polite and knowledgeable support, thank you.",36.68
3716,7045,2025-09-30,3,4,3,1,6,Agent was friendly and solved my issue quickly.,6.76
3717,7046,2025-02-04,5,3,2,1,0,Issue was resolved but it took a while.,36.42
3718,7047,2026-03-12,5,5,5,1,10,Quick response and clear explanation.,48.99
3719,7051,2026-07-22,4,5,3,1,10,"Polite and knowledgeable support, thank you.",3.77
3720,7054,2026-06-20,5,5,5,1,10,Quick response and clear explanation.,10.4
3721,7056,2026-02-16,4,5,5,1,8,"Great service, very professional and helpful.",31.2
3722,7058,2025-12-11,5,3,3,1,4,Quick response and clear explanation.,19.77
3723,7061,2026-02-27,1,1,1,0,2,Agent was not helpful and seemed rushed.,18.29
3724,7062,2025-08-15,5,5,4,1,8,"Great service, very professional and helpful.",43.14
3725,7063,2025-09-11,5,5,5,1,5,"Great service, very professional and helpful.",32.31
3726,7065,2026-01-15,5,2,3,1,6,Agent was friendly and solved my issue quickly.,36.12
3727,7067,2026-02-09,5,3,2,1,5,"Polite and knowledgeable support, thank you.",16.81
3728,7068,2025-10-03,5,3,4,1,9,"Resolved on the first call, very satisfied.",15.64
3729,7069,2026-07-27,5,5,4,1,10,Agent was friendly and solved my issue quickly.,59.43
3730,7073,2025-04-01,5,5,4,1,9,Quick response and clear explanation.,13.31
3731,7074,2025-04-10,4,3,2,1,4,"Support was okay, nothing exceptional.",1.56
3732,7075,2025-10-31,5,4,4,1,6,"Polite and knowledgeable support, thank you.",1.68
3733,7076,2026-06-06,5,5,4,1,10,"Great service, very professional and helpful.",41.38
3734,7079,2026-02-21,4,4,5,1,8,"Resolved on the first call, very satisfied.",24.04
3735,7080,2026-03-14,4,3,4,0,3,"Support was okay, nothing exceptional.",29.26
3736,7082,2026-05-12,4,5,4,1,5,Agent was friendly and solved my issue quickly.,21.52
3737,7083,2025-08-02,2,1,2,0,1,Had to contact you multiple times for the same issue.,47.03
3738,7084,2026-02-19,3,3,1,0,3,The problem was not resolved and no follow-up.,2.8
3739,7087,2025-04-21,4,3,4,1,2,"Polite and knowledgeable support, thank you.",31.38
3740,7090,2025-02-26,4,3,4,1,4,"Resolved on the first call, very satisfied.",21.73
3741,7091,2026-03-13,4,5,5,1,7,Agent was friendly and solved my issue quickly.,40.63
3742,7092,2025-01-21,5,4,5,1,9,"Resolved on the first call, very satisfied.",17.73
3743,7094,2025-04-17,5,2,4,1,8,Agent was friendly and solved my issue quickly.,37.43
3744,7095,2025-04-23,2,3,3,1,3,The agent was fine but I had to wait.,13.92
3745,7099,2025-06-15,3,2,3,1,2,The problem was not resolved and no follow-up.,74.71
3746,7100,2026-05-01,5,5,4,0,9,"Resolved on the first call, very satisfied.",48.31
3747,7103,2026-07-23,5,4,5,1,6,"Polite and knowledgeable support, thank you.",67.18
3748,7107,2026-01-23,5,3,3,1,6,"Support was okay, nothing exceptional.",17.62
3749,7108,2025-04-10,5,5,5,1,7,"Polite and knowledgeable support, thank you.",25.71
3750,7109,2026-05-14,4,5,4,1,6,"Great service, very professional and helpful.",39.41
3751,7114,2025-10-09,4,5,5,1,6,"Polite and knowledgeable support, thank you.",13.11
3752,7117,2025-01-08,4,5,5,1,3,"Polite and knowledgeable support, thank you.",1.14
3753,7118,2025-05-04,4,4,3,1,1,Got what I needed eventually.,42.74
3754,7119,2026-06-28,3,2,2,1,1,Issue was resolved but it took a while.,14.88
3755,7122,2026-03-26,2,1,3,0,1,The problem was not resolved and no follow-up.,9.83
3756,7123,2026-07-23,5,5,5,1,9,"Polite and knowledgeable support, thank you.",12.89
3757,7124,2025-01-26,4,4,3,1,7,Quick response and clear explanation.,36.0
3758,7125,2025-03-31,4,5,4,1,5,"Polite and knowledgeable support, thank you.",34.37
3759,7126,2025-07-29,5,3,5,1,5,"Great service, very professional and helpful.",42.14
3760,7127,2025-08-27,3,3,4,1,9,"Resolved on the first call, very satisfied.",30.02
3761,7128,2026-04-20,3,4,3,1,6,The agent was fine but I had to wait.,19.38
3762,7130,2025-02-20,5,3,3,1,4,Average experience overall.,27.9
3763,7133,2025-03-22,3,3,4,1,4,Quick response and clear explanation.,25.86
3764,7134,2025-02-08,5,4,4,1,7,"Polite and knowledgeable support, thank you.",36.92
3765,7137,2025-12-07,4,4,5,1,4,"Resolved on the first call, very satisfied.",26.45
3766,7138,2025-01-10,5,5,4,1,7,Agent was friendly and solved my issue quickly.,2.4
3767,7139,2025-02-04,5,4,4,1,7,"Polite and knowledgeable support, thank you.",1.15
3768,7140,2026-02-24,5,5,4,1,7,"Polite and knowledgeable support, thank you.",12.91
3769,7143,2025-03-15,5,5,5,1,7,"Resolved on the first call, very satisfied.",29.52
3770,7144,2026-01-15,4,4,4,1,8,Agent was friendly and solved my issue quickly.,9.56
3771,7145,2026-04-03,4,3,2,0,4,Got what I needed eventually.,52.45
3772,7146,2026-02-06,4,3,4,1,2,Average experience overall.,29.82
3773,7147,2026-02-06,5,5,5,1,6,"Resolved on the first call, very satisfied.",27.71
3774,7148,2026-04-28,5,5,4,1,6,"Resolved on the first call, very satisfied.",60.75
3775,7149,2025-09-11,4,3,3,1,7,"Polite and knowledgeable support, thank you.",18.93
3776,7150,2025-11-10,4,5,4,1,10,Agent was friendly and solved my issue quickly.,1.27
3777,7155,2025-03-14,4,5,5,1,4,"Resolved on the first call, very satisfied.",38.84
3778,7156,2025-03-01,5,4,4,1,7,"Great service, very professional and helpful.",0.9
3779,7159,2026-01-17,3,3,4,1,4,Issue was resolved but it took a while.,44.94
3780,7164,2025-10-06,5,5,3,1,10,"Resolved on the first call, very satisfied.",2.48
3781,7165,2025-02-02,4,3,3,1,6,The agent was fine but I had to wait.,3.45
3782,7173,2026-06-06,4,2,3,1,1,Got what I needed eventually.,39.03
3783,7175,2025-10-01,5,5,5,1,9,Agent was friendly and solved my issue quickly.,26.62
3784,7177,2025-03-31,4,4,3,1,2,"Great service, very professional and helpful.",57.79
3785,7178,2025-01-03,5,4,2,1,6,"Resolved on the first call, very satisfied.",22.76
3786,7183,2026-05-21,5,3,2,0,6,"Great service, very professional and helpful.",22.18
3787,7189,2025-03-28,3,2,4,1,4,Issue was resolved but it took a while.,1.91
3788,7190,2025-06-15,5,4,4,0,7,Quick response and clear explanation.,26.49
3789,7191,2025-08-11,3,3,4,0,4,Average experience overall.,38.58
3790,7192,2025-05-27,4,5,3,1,4,"Resolved on the first call, very satisfied.",10.4
3791,7194,2026-05-05,5,5,5,1,10,Quick response and clear explanation.,34.23
3792,7196,2026-07-30,4,5,5,1,7,Agent was friendly and solved my issue quickly.,25.55
3793,7197,2026-01-17,4,5,5,1,5,Agent was friendly and solved my issue quickly.,8.75
3794,7198,2025-04-05,3,4,2,1,4,Got what I needed eventually.,71.27
3795,7199,2026-05-02,5,5,5,1,7,"Great service, very professional and helpful.",4.74
3796,7201,2025-11-15,5,4,4,1,7,"Resolved on the first call, very satisfied.",1.35
3797,7205,2025-11-12,5,4,5,1,9,"Great service, very professional and helpful.",10.95
3798,7206,2025-12-23,4,5,5,1,10,"Great service, very professional and helpful.",18.52
3799,7209,2025-05-10,4,5,4,1,8,Agent was friendly and solved my issue quickly.,15.78
3800,7210,2025-02-17,4,3,3,1,4,Got what I needed eventually.,9.81
3801,7212,2025-10-14,4,4,3,1,5,"Resolved on the first call, very satisfied.",25.9
3802,7213,2025-06-04,4,5,5,1,10,"Resolved on the first call, very satisfied.",28.71
3803,7214,2025-08-12,4,4,4,0,6,"Resolved on the first call, very satisfied.",11.74
3804,7217,2025-06-28,5,5,2,1,5,Agent was friendly and solved my issue quickly.,42.94
3805,7218,2025-08-16,5,4,3,1,9,"Polite and knowledgeable support, thank you.",26.43
3806,7221,2026-03-17,4,5,4,1,8,Quick response and clear explanation.,15.22
3807,7222,2025-12-30,4,2,3,1,3,Issue was resolved but it took a while.,21.76
3808,7224,2026-01-30,4,5,2,1,5,Quick response and clear explanation.,57.47
3809,7225,2025-04-07,4,5,5,1,6,Quick response and clear explanation.,13.57
3810,7226,2026-02-11,5,4,5,1,7,"Resolved on the first call, very satisfied.",45.21
3811,7231,2026-06-10,4,5,4,1,6,"Polite and knowledgeable support, thank you.",68.78
3812,7233,2026-08-07,2,2,3,0,7,Issue was resolved but it took a while.,12.41
3813,7235,2025-01-15,5,5,5,1,7,"Resolved on the first call, very satisfied.",0.51
3814,7236,2025-04-15,5,3,2,1,2,Average experience overall.,53.32
3815,7242,2025-06-16,2,3,4,0,8,"Polite and knowledgeable support, thank you.",9.01
3816,7244,2026-07-29,3,5,4,1,6,Quick response and clear explanation.,9.02
3817,7245,2026-01-08,3,4,4,1,6,"Polite and knowledgeable support, thank you.",13.19
3818,7246,2025-01-29,5,4,3,1,5,"Polite and knowledgeable support, thank you.",27.75
3819,7247,2026-03-15,5,3,2,0,3,Quick response and clear explanation.,15.01
3820,7248,2025-10-15,5,5,4,1,6,Agent was friendly and solved my issue quickly.,46.18
3821,7249,2025-07-05,2,4,3,1,5,"Support was okay, nothing exceptional.",30.27
3822,7252,2025-03-26,2,3,2,1,1,Agent was not helpful and seemed rushed.,12.34
3823,7257,2026-03-05,4,4,5,0,5,Quick response and clear explanation.,0.91
3824,7259,2025-06-05,4,3,2,1,4,"Resolved on the first call, very satisfied.",9.67
3825,7263,2026-03-17,4,4,3,1,2,"Support was okay, nothing exceptional.",51.62
3826,7264,2026-04-15,2,2,3,1,4,Average experience overall.,34.88
3827,7265,2025-06-15,5,5,5,1,7,"Great service, very professional and helpful.",23.0
3828,7274,2026-07-25,5,3,4,1,5,Quick response and clear explanation.,6.55
3829,7275,2026-04-07,5,4,4,1,7,"Resolved on the first call, very satisfied.",16.95
3830,7276,2026-03-09,5,3,3,1,8,"Resolved on the first call, very satisfied.",11.2
3831,7277,2026-05-12,4,4,4,1,8,Quick response and clear explanation.,34.34
3832,7284,2025-10-15,5,5,3,1,8,Agent was friendly and solved my issue quickly.,23.7
3833,7285,2025-02-15,1,2,1,1,1,Agent was not helpful and seemed rushed.,27.77
3834,7286,2025-12-13,2,3,3,0,4,Average experience overall.,36.4
3835,7287,2026-06-20,4,4,3,1,8,Quick response and clear explanation.,10.89
3836,7289,2025-10-29,5,4,5,1,5,"Resolved on the first call, very satisfied.",39.92
3837,7290,2025-10-03,5,5,5,0,4,"Polite and knowledgeable support, thank you.",33.4
3838,7291,2026-06-03,4,5,4,1,7,"Polite and knowledgeable support, thank you.",16.5
3839,7294,2026-07-01,2,3,1,1,1,"Support was okay, nothing exceptional.",63.46
3840,7295,2026-02-26,5,5,5,0,6,"Resolved on the first call, very satisfied.",53.68
3841,7296,2026-08-08,4,3,4,1,4,Got what I needed eventually.,16.31
3842,7299,2025-05-20,4,4,4,1,4,Agent was friendly and solved my issue quickly.,14.66
3843,7301,2025-03-18,4,4,3,1,9,"Great service, very professional and helpful.",0.56
3844,7310,2025-06-30,2,1,2,0,0,Agent was not helpful and seemed rushed.,55.47
3845,7313,2025-03-26,4,4,4,1,7,Quick response and clear explanation.,29.43
3846,7315,2026-07-14,4,5,4,1,5,Agent was friendly and solved my issue quickly.,31.34
3847,7316,2025-04-02,3,5,3,1,3,Quick response and clear explanation.,33.3
3848,7317,2026-01-14,5,5,5,1,9,"Polite and knowledgeable support, thank you.",46.81
3849,7318,2025-12-29,4,3,2,0,9,Issue was resolved but it took a while.,65.54
3850,7321,2026-03-17,5,3,5,1,8,Agent was friendly and solved my issue quickly.,27.86
3851,7322,2026-06-05,5,3,5,1,8,"Great service, very professional and helpful.",8.49
3852,7324,2025-05-10,4,5,4,0,7,Quick response and clear explanation.,27.92
3853,7325,2025-08-27,3,4,3,1,6,"Support was okay, nothing exceptional.",31.15
3854,7326,2025-12-14,5,5,4,1,10,"Resolved on the first call, very satisfied.",28.49
3855,7329,2025-08-15,4,4,3,1,6,"Polite and knowledgeable support, thank you.",25.53
3856,7330,2026-06-25,4,4,4,1,9,Average experience overall.,26.46
3857,7331,2025-07-16,5,4,3,1,10,Quick response and clear explanation.,31.63
3858,7332,2025-09-19,3,2,4,1,6,Got what I needed eventually.,20.95
3859,7334,2025-07-18,5,3,4,0,6,Quick response and clear explanation.,22.17
3860,7335,2025-02-08,5,5,3,1,5,"Polite and knowledgeable support, thank you.",25.28
3861,7336,2025-08-22,5,5,4,1,5,"Polite and knowledgeable support, thank you.",36.39
3862,7338,2026-03-17,5,4,3,1,6,"Great service, very professional and helpful.",0.8
3863,7340,2026-05-26,4,5,4,1,5,"Resolved on the first call, very satisfied.",19.78
3864,7342,2025-12-06,4,4,3,1,5,"Polite and knowledgeable support, thank you.",34.44
3865,7347,2026-06-08,5,5,5,1,6,Agent was friendly and solved my issue quickly.,11.79
3866,7348,2026-04-10,5,4,5,1,9,"Polite and knowledgeable support, thank you.",23.5
3867,7349,2026-04-16,3,3,1,0,5,"Support was okay, nothing exceptional.",16.1
3868,7352,2026-06-12,3,3,2,1,3,"Support was okay, nothing exceptional.",5.7
3869,7354,2025-07-06,4,5,3,1,9,"Polite and knowledgeable support, thank you.",17.94
3870,7355,2025-07-31,5,3,4,1,7,Quick response and clear explanation.,20.31
3871,7356,2025-08-15,3,3,3,1,5,Average experience overall.,27.69
3872,7357,2026-02-02,3,2,3,1,3,Average experience overall.,25.18
3873,7359,2026-07-09,2,3,3,1,3,Got what I needed eventually.,3.09
3874,7365,2025-10-06,5,4,5,1,4,"Polite and knowledgeable support, thank you.",6.44
3875,7368,2025-06-08,5,5,5,1,8,"Great service, very professional and helpful.",0.9
3876,7373,2025-04-13,5,4,4,1,8,"Polite and knowledgeable support, thank you.",25.94
3877,7377,2026-04-25,2,3,4,1,2,"Support was okay, nothing exceptional.",9.69
3878,7378,2026-04-09,2,4,3,1,4,The agent was fine but I had to wait.,23.0
3879,7380,2026-05-13,4,4,4,1,7,"Resolved on the first call, very satisfied.",13.24
3880,7388,2025-09-25,1,1,2,1,1,Had to contact you multiple times for the same issue.,24.4
3881,7389,2025-03-09,3,4,2,1,6,Quick response and clear explanation.,6.74
3882,7391,2025-04-15,3,4,3,1,3,Average experience overall.,46.27
3883,7392,2026-03-04,5,5,4,1,7,Agent was friendly and solved my issue quickly.,49.94
3884,7396,2025-06-12,1,2,4,0,4,Had to contact you multiple times for the same issue.,13.52
3885,7397,2025-03-08,5,3,4,1,6,Quick response and clear explanation.,2.79
3886,7399,2026-07-08,5,3,4,1,7,"Polite and knowledgeable support, thank you.",30.7
3887,7400,2025-01-17,3,5,4,1,8,"Resolved on the first call, very satisfied.",65.41
3888,7402,2026-06-19,5,5,5,1,6,Agent was friendly and solved my issue quickly.,9.58
3889,7403,2025-08-14,4,4,4,1,7,Quick response and clear explanation.,39.01
3890,7405,2025-07-03,5,4,5,1,4,Quick response and clear explanation.,5.01
3891,7406,2025-06-07,4,5,5,1,9,"Resolved on the first call, very satisfied.",11.78
3892,7407,2026-01-04,5,4,5,1,8,"Great service, very professional and helpful.",7.2
3893,7409,2026-07-05,2,3,2,0,3,Had to contact you multiple times for the same issue.,31.44
3894,7411,2026-05-30,3,5,5,1,6,"Great service, very professional and helpful.",9.87
3895,7412,2026-07-28,4,5,3,1,6,"Polite and knowledgeable support, thank you.",17.67
3896,7413,2026-06-02,5,4,5,1,7,"Polite and knowledgeable support, thank you.",18.27
3897,7414,2026-02-27,4,3,3,1,10,Quick response and clear explanation.,3.6
3898,7416,2026-02-27,4,4,4,1,6,"Resolved on the first call, very satisfied.",38.72
3899,7417,2026-01-29,5,5,5,1,9,"Polite and knowledgeable support, thank you.",47.74
3900,7418,2025-01-13,5,3,3,1,7,"Resolved on the first call, very satisfied.",46.54
3901,7419,2025-12-05,4,5,4,1,5,"Polite and knowledgeable support, thank you.",42.26
3902,7425,2025-01-05,4,3,3,0,5,Got what I needed eventually.,64.59
3903,7426,2026-03-13,3,3,2,0,3,Had to contact you multiple times for the same issue.,28.7
3904,7427,2025-06-10,2,2,4,1,4,The agent was fine but I had to wait.,23.8
3905,7430,2025-08-23,5,4,3,1,5,Quick response and clear explanation.,26.59
3906,7431,2026-01-21,5,2,4,1,5,Agent was friendly and solved my issue quickly.,44.19
3907,7432,2025-07-31,4,5,4,1,5,"Polite and knowledgeable support, thank you.",31.74
3908,7434,2025-08-24,3,4,2,1,3,Got what I needed eventually.,64.8
3909,7435,2026-01-31,5,5,5,1,9,Quick response and clear explanation.,16.12
3910,7437,2026-01-14,4,5,5,1,10,Agent was friendly and solved my issue quickly.,25.1
3911,7440,2026-01-16,3,4,2,0,4,Got what I needed eventually.,12.58
3912,7441,2026-03-17,4,5,4,1,6,Quick response and clear explanation.,11.17
3913,7442,2026-04-08,5,4,2,1,5,"Resolved on the first call, very satisfied.",27.8
3914,7444,2025-11-07,4,3,1,1,5,Issue was resolved but it took a while.,37.35
3915,7445,2026-05-07,4,4,5,1,7,"Resolved on the first call, very satisfied.",20.34
3916,7446,2025-03-21,4,4,5,1,4,"Great service, very professional and helpful.",49.32
3917,7448,2026-06-19,3,2,2,1,1,Waited far too long and the problem is still not fixed.,25.14
3918,7449,2025-01-16,4,3,3,1,4,"Resolved on the first call, very satisfied.",17.23
3919,7450,2026-07-13,5,4,5,1,10,"Resolved on the first call, very satisfied.",19.04
3920,7451,2025-10-19,5,4,4,1,8,Agent was friendly and solved my issue quickly.,38.5
3921,7452,2025-05-12,4,4,3,1,2,"Great service, very professional and helpful.",11.36
3922,7453,2025-11-15,4,5,5,1,6,"Polite and knowledgeable support, thank you.",20.2
3923,7454,2026-03-13,5,5,5,1,7,Quick response and clear explanation.,22.47
3924,7456,2025-09-20,5,5,5,1,6,Quick response and clear explanation.,18.96
3925,7458,2026-06-30,3,2,2,0,0,Got what I needed eventually.,37.56
3926,7459,2025-12-27,4,2,2,0,6,Agent was friendly and solved my issue quickly.,33.81
3927,7462,2026-01-03,5,5,5,1,10,Quick response and clear explanation.,27.67
3928,7465,2026-01-02,3,2,2,0,3,Had to contact you multiple times for the same issue.,24.97
3929,7466,2026-01-27,4,3,3,0,5,"Support was okay, nothing exceptional.",34.09
3930,7472,2025-01-14,3,2,3,1,2,Got what I needed eventually.,29.93
3931,7476,2026-02-20,4,3,3,1,4,"Polite and knowledgeable support, thank you.",1.34
3932,7477,2026-01-15,5,5,4,0,7,"Polite and knowledgeable support, thank you.",12.71
3933,7480,2025-10-30,5,5,4,1,7,"Great service, very professional and helpful.",22.86
3934,7482,2026-06-24,5,5,4,1,7,Quick response and clear explanation.,6.8
3935,7484,2026-07-14,3,4,4,0,8,"Resolved on the first call, very satisfied.",17.84
3936,7486,2025-12-15,5,5,5,1,5,Quick response and clear explanation.,18.92
3937,7487,2026-06-24,5,5,4,1,5,"Great service, very professional and helpful.",10.47
3938,7489,2025-01-08,4,3,2,1,8,"Polite and knowledgeable support, thank you.",13.92
3939,7490,2026-06-14,5,4,4,1,4,Agent was friendly and solved my issue quickly.,3.83
3940,7491,2025-05-07,4,4,3,0,3,Agent was friendly and solved my issue quickly.,31.28
3941,7493,2026-04-13,4,4,5,1,8,Agent was friendly and solved my issue quickly.,14.05
3942,7494,2025-12-01,4,4,4,1,6,"Polite and knowledgeable support, thank you.",24.99
3943,7498,2026-01-02,5,5,3,1,7,Quick response and clear explanation.,0.38
3944,7500,2025-05-18,2,2,1,1,1,"Very frustrating experience, poor communication.",37.21
3945,7502,2025-04-17,4,3,3,1,4,Got what I needed eventually.,52.39
3946,7503,2025-07-14,5,5,4,1,10,"Resolved on the first call, very satisfied.",10.29
3947,7504,2026-01-18,5,3,3,1,3,"Polite and knowledgeable support, thank you.",19.45
3948,7505,2025-12-26,5,5,4,1,9,Quick response and clear explanation.,20.46
3949,7507,2025-08-14,3,3,3,0,8,The agent was fine but I had to wait.,28.16
3950,7508,2026-05-29,5,4,2,1,2,"Support was okay, nothing exceptional.",25.41
3951,7509,2026-03-20,4,5,3,1,3,Agent was friendly and solved my issue quickly.,20.98
3952,7512,2025-09-19,5,5,3,1,6,Quick response and clear explanation.,16.44
3953,7513,2025-09-13,5,4,2,0,4,Got what I needed eventually.,24.26
3954,7515,2026-07-22,4,4,2,1,8,Agent was friendly and solved my issue quickly.,49.85
3955,7517,2025-12-27,4,5,4,0,10,Quick response and clear explanation.,25.82
3956,7521,2026-04-27,5,4,4,1,4,"Great service, very professional and helpful.",20.26
3957,7522,2025-08-11,4,5,5,1,6,Quick response and clear explanation.,26.28
3958,7523,2026-05-16,5,5,4,1,6,Agent was friendly and solved my issue quickly.,19.18
3959,7524,2025-06-07,5,4,3,1,6,Agent was friendly and solved my issue quickly.,31.86
3960,7525,2026-03-09,4,4,5,1,4,"Great service, very professional and helpful.",17.37
3961,7527,2026-04-09,5,5,3,1,6,Agent was friendly and solved my issue quickly.,26.62
3962,7528,2025-07-08,4,2,2,1,4,"Support was okay, nothing exceptional.",9.04
3963,7529,2025-03-06,4,4,4,0,6,"Resolved on the first call, very satisfied.",27.05
3964,7530,2025-09-15,4,5,4,1,6,"Great service, very professional and helpful.",0.84
3965,7532,2025-12-17,3,5,5,1,10,"Polite and knowledgeable support, thank you.",10.36
3966,7533,2025-05-19,4,5,4,1,5,Quick response and clear explanation.,7.6
3967,7537,2025-03-21,3,4,2,1,5,"Resolved on the first call, very satisfied.",2.28
3968,7541,2025-12-24,3,1,2,1,3,The problem was not resolved and no follow-up.,45.99
3969,7545,2025-08-10,4,5,5,1,9,Quick response and clear explanation.,40.79
3970,7548,2025-12-19,3,2,3,0,4,Average experience overall.,17.19
3971,7551,2026-04-19,5,5,4,0,6,Agent was friendly and solved my issue quickly.,7.05
3972,7552,2025-09-12,3,4,3,0,7,Quick response and clear explanation.,4.01
3973,7553,2026-07-13,2,2,2,1,4,Got what I needed eventually.,23.39
3974,7557,2025-02-10,4,4,3,1,5,Agent was friendly and solved my issue quickly.,10.3
3975,7560,2025-09-18,4,5,3,1,6,"Resolved on the first call, very satisfied.",1.3
3976,7561,2025-04-24,3,1,1,1,3,Had to contact you multiple times for the same issue.,13.87
3977,7562,2026-04-05,4,3,3,0,10,Quick response and clear explanation.,16.76
3978,7564,2025-05-13,4,3,2,1,2,The agent was fine but I had to wait.,23.79
3979,7566,2025-09-18,2,1,3,0,1,Agent was not helpful and seemed rushed.,29.21
3980,7567,2026-02-07,5,5,5,1,6,Agent was friendly and solved my issue quickly.,10.0
3981,7570,2026-01-04,5,5,3,1,4,Agent was friendly and solved my issue quickly.,31.78
3982,7574,2026-01-26,4,4,4,1,7,"Polite and knowledgeable support, thank you.",21.15
3983,7575,2025-02-01,4,5,4,1,6,Agent was friendly and solved my issue quickly.,4.91
3984,7579,2025-12-19,5,5,5,1,7,"Resolved on the first call, very satisfied.",51.9
3985,7580,2026-07-07,5,5,3,0,6,Quick response and clear explanation.,7.55
3986,7583,2025-01-23,2,3,4,1,4,Issue was resolved but it took a while.,1.94
3987,7585,2025-05-20,4,3,3,1,5,The agent was fine but I had to wait.,39.55
3988,7586,2026-04-29,3,3,4,1,3,The agent was fine but I had to wait.,27.26
3989,7587,2025-09-16,5,3,5,1,7,Agent was friendly and solved my issue quickly.,21.92
3990,7591,2026-04-19,5,5,4,1,9,Agent was friendly and solved my issue quickly.,39.13
3991,7594,2025-10-22,5,4,4,1,5,"Polite and knowledgeable support, thank you.",33.52
3992,7597,2025-11-12,3,4,3,0,4,"Support was okay, nothing exceptional.",12.79
3993,7598,2025-09-04,4,2,3,1,5,The agent was fine but I had to wait.,29.41
3994,7603,2026-02-01,3,3,3,1,4,"Support was okay, nothing exceptional.",2.23
3995,7604,2026-02-09,5,3,4,1,8,Average experience overall.,42.78
3996,7605,2025-12-12,5,5,4,1,8,"Great service, very professional and helpful.",37.7
3997,7606,2025-08-20,5,5,3,1,10,Quick response and clear explanation.,26.37
3998,7607,2026-07-04,2,3,2,1,1,Got what I needed eventually.,16.82
3999,7608,2025-11-24,2,4,3,1,2,The agent was fine but I had to wait.,4.46
4000,7609,2025-04-24,4,3,4,1,7,Agent was friendly and solved my issue quickly.,0.28
4001,7611,2025-03-16,4,4,3,1,5,"Resolved on the first call, very satisfied.",3.87
4002,7613,2025-03-21,4,3,4,0,5,"Polite and knowledgeable support, thank you.",24.39
4003,7619,2025-04-15,4,5,5,1,6,"Resolved on the first call, very satisfied.",27.56
4004,7621,2026-02-02,5,4,5,1,5,"Resolved on the first call, very satisfied.",25.88
4005,7623,2025-08-21,5,5,5,1,8,Quick response and clear explanation.,26.52
4006,7624,2026-07-07,5,5,5,1,4,"Polite and knowledgeable support, thank you.",42.57
4007,7625,2025-04-20,5,5,4,1,8,"Resolved on the first call, very satisfied.",41.0
4008,7628,2025-08-02,5,4,5,1,10,Agent was friendly and solved my issue quickly.,29.08
4009,7629,2025-08-29,5,4,5,1,6,Agent was friendly and solved my issue quickly.,53.35
4010,7630,2025-01-09,4,5,3,0,6,Got what I needed eventually.,44.0
4011,7632,2026-01-21,5,5,5,1,7,"Resolved on the first call, very satisfied.",31.95
4012,7633,2026-02-21,3,3,2,1,4,"Great service, very professional and helpful.",43.04
4013,7634,2025-09-03,5,5,4,1,10,"Resolved on the first call, very satisfied.",37.01
4014,7637,2025-03-11,4,4,3,0,3,"Polite and knowledgeable support, thank you.",38.18
4015,7638,2025-08-31,5,5,5,1,10,Quick response and clear explanation.,12.11
4016,7640,2026-06-17,4,4,5,1,7,Agent was friendly and solved my issue quickly.,27.99
4017,7642,2025-12-30,5,3,5,1,4,"Great service, very professional and helpful.",34.42
4018,7644,2025-10-06,4,4,3,0,2,"Support was okay, nothing exceptional.",40.69
4019,7646,2026-06-30,4,3,3,0,1,Average experience overall.,23.38
4020,7647,2026-05-05,5,4,4,1,6,Agent was friendly and solved my issue quickly.,31.52
4021,7650,2025-01-26,4,3,3,1,2,Got what I needed eventually.,54.46
4022,7651,2026-01-30,5,5,5,1,10,"Great service, very professional and helpful.",3.74
4023,7654,2026-01-21,5,5,4,1,8,"Great service, very professional and helpful.",31.16
4024,7656,2026-04-27,5,2,1,1,5,The agent was fine but I had to wait.,4.0
4025,7658,2026-01-28,4,3,5,1,8,"Polite and knowledgeable support, thank you.",41.78
4026,7659,2025-05-09,4,4,4,0,3,Quick response and clear explanation.,8.13
4027,7661,2026-07-24,5,3,3,0,8,"Resolved on the first call, very satisfied.",28.65
4028,7665,2025-03-04,4,3,3,1,2,Issue was resolved but it took a while.,15.72
4029,7667,2025-03-14,5,5,3,1,5,"Polite and knowledgeable support, thank you.",27.54
4030,7672,2026-04-06,4,4,3,1,8,Got what I needed eventually.,10.11
4031,7675,2025-09-12,5,4,3,1,6,Issue was resolved but it took a while.,48.83
4032,7676,2025-09-23,5,4,5,1,9,Agent was friendly and solved my issue quickly.,27.97
4033,7677,2025-12-13,4,4,4,1,9,"Resolved on the first call, very satisfied.",51.87
4034,7679,2025-01-19,4,4,4,1,8,"Great service, very professional and helpful.",26.83
4035,7680,2025-03-28,5,3,5,1,4,"Polite and knowledgeable support, thank you.",7.93
4036,7682,2025-08-20,5,5,5,1,10,Quick response and clear explanation.,27.89
4037,7683,2026-04-24,5,2,4,1,5,"Resolved on the first call, very satisfied.",18.6
4038,7685,2025-05-25,3,2,2,1,1,Had to contact you multiple times for the same issue.,10.87
4039,7686,2026-05-08,5,4,4,0,7,Agent was friendly and solved my issue quickly.,4.19
4040,7687,2025-11-06,4,5,4,0,7,"Polite and knowledgeable support, thank you.",36.4
4041,7690,2026-04-14,5,5,5,1,10,"Great service, very professional and helpful.",15.25
4042,7691,2026-07-10,3,3,1,1,4,Issue was resolved but it took a while.,50.55
4043,7693,2026-07-27,4,2,4,1,8,Quick response and clear explanation.,2.59
4044,7698,2025-07-29,3,4,2,1,7,Agent was friendly and solved my issue quickly.,11.4
4045,7700,2026-01-02,5,3,4,1,5,"Resolved on the first call, very satisfied.",45.49
4046,7702,2026-08-14,2,2,3,0,6,Average experience overall.,33.54
4047,7703,2026-07-11,4,4,4,1,3,The agent was fine but I had to wait.,12.99
4048,7705,2026-07-03,4,4,4,1,3,Agent was friendly and solved my issue quickly.,7.46
4049,7706,2026-02-19,4,5,1,0,2,"Polite and knowledgeable support, thank you.",23.51
4050,7707,2025-11-10,5,4,4,1,5,"Resolved on the first call, very satisfied.",15.55
4051,7709,2025-11-17,4,5,4,0,9,"Great service, very professional and helpful.",55.68
4052,7716,2025-06-19,2,4,2,1,4,Average experience overall.,40.17
4053,7717,2026-07-21,3,5,5,1,6,"Resolved on the first call, very satisfied.",24.27
4054,7719,2026-01-31,4,3,4,1,7,"Resolved on the first call, very satisfied.",32.95
4055,7720,2025-07-08,3,2,4,0,4,Average experience overall.,60.77
4056,7722,2026-03-23,2,2,1,0,6,Had to contact you multiple times for the same issue.,31.72
4057,7723,2026-05-26,4,3,2,1,3,The agent was fine but I had to wait.,10.73
4058,7724,2025-04-19,4,5,3,0,8,Agent was friendly and solved my issue quickly.,0.48
4059,7726,2026-08-14,5,3,4,1,6,"Great service, very professional and helpful.",39.78
4060,7731,2025-03-21,3,5,4,1,6,"Resolved on the first call, very satisfied.",2.49
4061,7734,2025-01-27,5,5,4,1,6,"Polite and knowledgeable support, thank you.",8.57
4062,7736,2025-01-22,5,5,3,1,7,Agent was friendly and solved my issue quickly.,7.42
4063,7738,2025-06-06,4,5,3,1,6,"Polite and knowledgeable support, thank you.",18.61
4064,7742,2026-03-16,5,4,5,1,6,Agent was friendly and solved my issue quickly.,30.74
4065,7743,2025-10-06,5,4,5,1,9,"Great service, very professional and helpful.",17.55
4066,7744,2026-06-10,3,3,2,1,5,"Support was okay, nothing exceptional.",12.68
4067,7746,2025-07-29,5,5,3,1,9,Agent was friendly and solved my issue quickly.,50.28
4068,7747,2026-04-02,3,3,4,0,3,Average experience overall.,40.17
4069,7748,2026-06-24,4,2,4,1,7,Got what I needed eventually.,22.69
4070,7749,2025-04-15,3,3,2,1,6,Got what I needed eventually.,40.17
4071,7750,2025-09-15,4,3,4,1,3,"Polite and knowledgeable support, thank you.",40.74
4072,7753,2026-03-26,3,3,5,1,4,"Great service, very professional and helpful.",38.54
4073,7754,2026-02-04,4,3,5,1,7,"Great service, very professional and helpful.",16.67
4074,7757,2026-03-04,5,5,5,1,6,Quick response and clear explanation.,21.56
4075,7758,2025-07-07,3,3,2,1,6,The agent was fine but I had to wait.,31.45
4076,7759,2025-03-14,4,5,4,1,7,"Great service, very professional and helpful.",6.36
4077,7760,2025-12-01,4,5,5,1,8,"Polite and knowledgeable support, thank you.",12.08
4078,7761,2025-06-02,5,5,5,1,8,Agent was friendly and solved my issue quickly.,30.33
4079,7762,2025-07-10,4,4,3,1,3,The agent was fine but I had to wait.,59.98
4080,7763,2026-03-11,4,4,3,1,3,Got what I needed eventually.,43.87
4081,7764,2025-04-12,3,2,2,1,4,Got what I needed eventually.,32.91
4082,7766,2026-04-10,4,3,2,1,8,The agent was fine but I had to wait.,6.92
4083,7767,2025-09-17,4,5,5,1,9,Quick response and clear explanation.,9.13
4084,7768,2026-01-10,5,5,4,1,10,Quick response and clear explanation.,0.36
4085,7770,2025-07-10,5,3,4,1,5,"Polite and knowledgeable support, thank you.",38.45
4086,7776,2025-03-27,5,4,4,0,9,"Polite and knowledgeable support, thank you.",15.84
4087,7777,2025-06-17,5,3,3,1,8,Quick response and clear explanation.,30.1
4088,7778,2025-11-10,4,2,3,0,2,"Support was okay, nothing exceptional.",26.47
4089,7779,2025-10-27,3,3,4,1,6,"Polite and knowledgeable support, thank you.",50.5
4090,7781,2025-08-17,4,5,4,1,8,"Great service, very professional and helpful.",0.99
4091,7785,2025-04-01,5,4,4,1,7,Quick response and clear explanation.,32.42
4092,7787,2026-05-19,3,4,4,1,7,"Resolved on the first call, very satisfied.",37.77
4093,7788,2025-09-05,3,3,2,1,5,Got what I needed eventually.,30.62
4094,7789,2026-04-07,3,4,4,1,7,Quick response and clear explanation.,33.88
4095,7791,2025-06-12,3,4,2,0,3,Got what I needed eventually.,6.05
4096,7792,2025-02-25,5,5,5,1,8,"Resolved on the first call, very satisfied.",39.05
4097,7793,2026-05-03,4,4,5,1,5,Agent was friendly and solved my issue quickly.,24.48
4098,7796,2026-07-14,5,5,3,1,7,"Resolved on the first call, very satisfied.",35.23
4099,7798,2025-04-04,5,5,4,1,8,"Great service, very professional and helpful.",25.7
4100,7800,2025-05-05,5,5,3,1,4,"Resolved on the first call, very satisfied.",25.36
4101,7801,2025-11-29,4,3,1,1,7,Got what I needed eventually.,9.1
4102,7802,2025-02-02,4,3,3,1,5,Agent was not helpful and seemed rushed.,47.63
4103,7803,2025-01-20,5,3,4,1,4,Agent was friendly and solved my issue quickly.,15.34
4104,7805,2025-04-28,2,3,3,0,5,"Support was okay, nothing exceptional.",13.08
4105,7806,2026-01-30,1,2,2,0,0,Had to contact you multiple times for the same issue.,40.27
4106,7809,2025-12-27,4,4,5,1,7,Quick response and clear explanation.,2.91
4107,7812,2025-11-07,5,3,5,1,9,"Resolved on the first call, very satisfied.",25.57
4108,7814,2026-05-14,5,4,3,1,7,Agent was friendly and solved my issue quickly.,53.08
4109,7815,2026-04-03,2,1,4,1,5,The agent was fine but I had to wait.,8.91
4110,7816,2025-11-11,3,5,4,1,3,"Polite and knowledgeable support, thank you.",47.02
4111,7818,2026-02-14,3,4,3,0,2,"Support was okay, nothing exceptional.",12.56
4112,7819,2025-09-10,3,4,3,1,3,Average experience overall.,26.59
4113,7820,2025-10-26,4,4,3,1,6,Quick response and clear explanation.,57.35
4114,7821,2025-09-10,4,5,5,1,9,"Great service, very professional and helpful.",52.03
4115,7823,2025-11-08,5,5,5,1,9,"Polite and knowledgeable support, thank you.",37.99
4116,7824,2025-09-03,4,2,3,1,2,Issue was resolved but it took a while.,37.36
4117,7825,2026-04-27,5,5,5,1,8,"Great service, very professional and helpful.",32.7
4118,7827,2025-06-21,4,5,5,1,10,Quick response and clear explanation.,19.58
4119,7828,2025-02-24,4,4,3,1,8,"Great service, very professional and helpful.",35.54
4120,7829,2025-01-05,5,4,4,0,4,"Polite and knowledgeable support, thank you.",47.83
4121,7830,2025-02-22,4,3,4,1,4,Agent was friendly and solved my issue quickly.,15.6
4122,7834,2026-04-16,5,5,3,1,7,"Great service, very professional and helpful.",29.3
4123,7835,2025-04-10,3,3,3,1,5,"Support was okay, nothing exceptional.",49.95
4124,7836,2025-09-13,5,3,2,1,3,"Support was okay, nothing exceptional.",15.2
4125,7837,2026-01-14,5,5,4,1,9,Agent was friendly and solved my issue quickly.,38.42
4126,7838,2025-10-18,4,4,3,1,6,Quick response and clear explanation.,14.12
4127,7839,2025-08-18,5,5,4,1,8,Quick response and clear explanation.,45.2
4128,7840,2025-04-05,4,3,3,1,9,"Resolved on the first call, very satisfied.",22.45
4129,7842,2026-04-21,5,3,5,1,7,"Great service, very professional and helpful.",8.02
4130,7843,2026-01-08,2,4,2,0,3,Average experience overall.,2.11
4131,7844,2025-03-14,2,2,3,1,1,"Very frustrating experience, poor communication.",17.95
4132,7848,2025-09-30,4,3,4,1,4,The agent was fine but I had to wait.,22.62
4133,7850,2026-01-31,5,5,4,1,8,"Resolved on the first call, very satisfied.",21.31
4134,7852,2026-06-06,3,3,5,1,5,"Polite and knowledgeable support, thank you.",25.92
4135,7853,2025-11-06,5,4,4,1,5,"Resolved on the first call, very satisfied.",32.47
4136,7855,2025-07-07,2,4,1,0,3,Issue was resolved but it took a while.,17.57
4137,7856,2026-03-18,4,4,4,1,3,"Polite and knowledgeable support, thank you.",23.92
4138,7857,2026-04-14,5,4,3,0,3,Average experience overall.,52.0
4139,7858,2026-06-28,5,5,4,1,8,Quick response and clear explanation.,1.99
4140,7859,2025-10-20,5,5,4,1,10,Quick response and clear explanation.,66.32
4141,7861,2026-06-16,5,4,5,1,5,"Polite and knowledgeable support, thank you.",18.86
4142,7864,2025-09-10,4,3,5,1,6,Quick response and clear explanation.,29.57
4143,7866,2025-05-03,3,3,3,1,5,"Polite and knowledgeable support, thank you.",13.97
4144,7867,2025-05-11,4,4,4,0,8,"Polite and knowledgeable support, thank you.",13.95
4145,7868,2025-05-23,4,2,2,1,2,Issue was resolved but it took a while.,19.37
4146,7869,2026-03-07,4,4,5,1,8,"Great service, very professional and helpful.",29.16
4147,7870,2025-08-28,5,5,5,1,7,Agent was friendly and solved my issue quickly.,6.42
4148,7873,2025-06-18,3,5,4,1,5,Agent was friendly and solved my issue quickly.,25.33
4149,7874,2025-06-25,5,4,4,1,6,"Great service, very professional and helpful.",6.7
4150,7875,2025-12-26,2,3,2,1,6,Issue was resolved but it took a while.,8.47
4151,7878,2025-10-21,4,3,1,0,1,Got what I needed eventually.,40.92
4152,7882,2026-05-09,3,3,3,1,7,The agent was fine but I had to wait.,22.51
4153,7884,2026-06-12,4,4,3,1,8,Agent was friendly and solved my issue quickly.,39.33
4154,7886,2025-06-09,5,5,5,1,10,"Resolved on the first call, very satisfied.",16.28
4155,7887,2026-07-26,3,3,4,0,4,"Resolved on the first call, very satisfied.",4.09
4156,7888,2026-06-26,3,3,3,0,5,Issue was resolved but it took a while.,39.56
4157,7889,2026-02-08,2,1,1,1,1,Had to contact you multiple times for the same issue.,27.09
4158,7891,2025-04-21,5,3,3,1,7,Issue was resolved but it took a while.,3.66
4159,7892,2025-01-08,5,5,4,1,9,"Polite and knowledgeable support, thank you.",34.63
4160,7893,2025-08-21,5,5,5,1,7,"Polite and knowledgeable support, thank you.",27.16
4161,7895,2025-07-18,5,4,5,1,4,Quick response and clear explanation.,17.36
4162,7897,2025-06-09,5,4,4,1,6,Agent was friendly and solved my issue quickly.,13.43
4163,7898,2025-12-03,4,5,4,1,2,Agent was friendly and solved my issue quickly.,33.4
4164,7899,2025-03-10,4,4,5,1,8,Agent was friendly and solved my issue quickly.,36.22
4165,7901,2025-01-12,4,4,4,1,8,Agent was friendly and solved my issue quickly.,6.43
4166,7902,2026-03-13,4,2,3,1,1,The agent was fine but I had to wait.,25.7
4167,7904,2026-05-26,5,5,4,1,8,"Great service, very professional and helpful.",64.85
4168,7905,2026-07-29,5,5,5,1,9,Quick response and clear explanation.,33.56
4169,7908,2026-02-06,4,3,3,1,6,"Resolved on the first call, very satisfied.",32.21
4170,7909,2026-01-02,5,5,4,1,10,"Polite and knowledgeable support, thank you.",30.87
4171,7910,2026-03-16,5,4,4,1,6,"Polite and knowledgeable support, thank you.",18.91
4172,7911,2025-09-07,3,4,1,1,5,Issue was resolved but it took a while.,27.89
4173,7913,2025-07-08,4,5,4,1,4,"Great service, very professional and helpful.",5.93
4174,7916,2025-02-04,3,4,4,0,4,The agent was fine but I had to wait.,30.36
4175,7917,2025-09-24,5,4,5,0,9,Agent was friendly and solved my issue quickly.,0.83
4176,7919,2025-10-03,5,5,3,1,7,"Polite and knowledgeable support, thank you.",40.07
4177,7920,2026-01-21,4,4,4,1,5,Agent was friendly and solved my issue quickly.,23.63
4178,7921,2026-01-07,3,3,2,1,7,Average experience overall.,41.79
4179,7925,2026-05-25,5,3,3,0,6,Quick response and clear explanation.,39.06
4180,7927,2025-04-26,2,2,1,1,3,Had to contact you multiple times for the same issue.,44.32
4181,7928,2025-11-07,5,5,5,1,10,"Polite and knowledgeable support, thank you.",26.78
4182,7929,2025-10-14,5,3,3,1,5,Got what I needed eventually.,20.35
4183,7930,2025-08-24,5,4,5,1,10,Quick response and clear explanation.,29.62
4184,7931,2025-03-16,4,3,4,1,5,Quick response and clear explanation.,40.8
4185,7933,2026-06-08,5,5,3,1,5,"Great service, very professional and helpful.",3.09
4186,7935,2025-03-23,5,4,4,1,7,"Great service, very professional and helpful.",8.66
4187,7936,2025-08-18,2,5,3,1,5,"Support was okay, nothing exceptional.",42.16
4188,7937,2025-02-24,4,5,4,1,6,"Great service, very professional and helpful.",15.44
4189,7938,2025-04-10,5,5,5,1,4,"Great service, very professional and helpful.",32.96
4190,7941,2025-10-19,5,4,5,1,7,"Resolved on the first call, very satisfied.",27.96
4191,7943,2025-11-21,5,5,5,1,7,"Great service, very professional and helpful.",22.3
4192,7947,2025-10-21,5,5,5,1,7,"Resolved on the first call, very satisfied.",79.67
4193,7949,2025-11-26,4,5,5,1,7,"Resolved on the first call, very satisfied.",35.04
4194,7950,2025-11-02,4,1,3,1,3,Average experience overall.,17.77
4195,7952,2026-05-13,3,4,5,1,4,"Polite and knowledgeable support, thank you.",7.86
4196,7953,2025-11-09,4,4,5,1,10,"Polite and knowledgeable support, thank you.",10.52
4197,7954,2026-05-26,3,3,3,1,9,"Resolved on the first call, very satisfied.",20.59
4198,7956,2026-07-24,5,4,3,1,7,"Great service, very professional and helpful.",16.73
4199,7957,2026-01-16,5,3,2,0,4,The agent was fine but I had to wait.,28.36
4200,7958,2025-06-14,4,4,5,0,6,"Polite and knowledgeable support, thank you.",44.73
4201,7961,2026-05-30,4,2,3,1,3,Quick response and clear explanation.,42.99
4202,7962,2026-03-01,5,5,4,1,7,"Polite and knowledgeable support, thank you.",14.67
4203,7964,2026-05-11,5,5,5,1,7,Agent was friendly and solved my issue quickly.,1.42
4204,7965,2025-10-07,3,3,3,0,2,Issue was resolved but it took a while.,30.62
4205,7966,2025-02-09,4,3,4,1,8,Issue was resolved but it took a while.,62.22
4206,7967,2026-03-01,5,4,4,0,5,Quick response and clear explanation.,11.39
4207,7970,2025-03-17,5,4,2,1,5,"Great service, very professional and helpful.",17.51
4208,7972,2026-08-02,4,5,4,1,6,"Polite and knowledgeable support, thank you.",1.96
4209,7973,2025-05-01,4,4,4,1,6,"Polite and knowledgeable support, thank you.",29.38
4210,7974,2025-06-08,3,1,3,1,3,Average experience overall.,2.89
4211,7975,2026-01-24,4,3,3,0,6,The agent was fine but I had to wait.,22.45
4212,7977,2026-01-13,4,5,5,1,9,"Polite and knowledgeable support, thank you.",53.58
4213,7979,2025-02-13,5,5,5,1,10,Quick response and clear explanation.,0.67
4214,7980,2025-09-16,3,3,2,1,6,Issue was resolved but it took a while.,25.8
4215,7981,2025-04-14,4,4,5,1,6,"Great service, very professional and helpful.",28.8
4216,7982,2025-02-05,3,5,4,1,6,Quick response and clear explanation.,12.88
4217,7984,2025-03-30,3,3,2,0,3,Got what I needed eventually.,35.71
4218,7986,2026-05-12,4,2,4,1,3,"Great service, very professional and helpful.",27.27
4219,7987,2025-04-08,5,5,4,1,10,Agent was friendly and solved my issue quickly.,32.04
4220,7988,2026-06-21,5,5,4,1,7,"Resolved on the first call, very satisfied.",21.09
4221,7990,2025-06-08,3,4,3,1,5,The agent was fine but I had to wait.,25.38
4222,7994,2026-06-07,5,5,3,1,5,"Resolved on the first call, very satisfied.",8.71
4223,7995,2026-05-10,5,5,4,1,9,"Great service, very professional and helpful.",0.59
4224,7996,2025-02-24,5,4,4,0,4,Average experience overall.,10.08
4225,7997,2026-02-19,4,4,5,1,9,"Polite and knowledgeable support, thank you.",29.34
4226,7998,2025-10-01,5,4,3,1,5,"Polite and knowledgeable support, thank you.",8.34
4227,8000,2026-03-05,5,5,4,1,9,Agent was friendly and solved my issue quickly.,46.31
4228,8001,2026-01-14,2,3,1,1,2,The problem was not resolved and no follow-up.,24.43
4229,8002,2025-06-05,5,5,4,1,6,"Resolved on the first call, very satisfied.",9.71
4230,8005,2025-11-11,4,4,3,1,7,"Polite and knowledgeable support, thank you.",65.19
4231,8006,2025-12-25,4,4,4,1,7,"Resolved on the first call, very satisfied.",14.26
4232,8007,2025-07-11,3,3,3,0,5,Issue was resolved but it took a while.,60.18
4233,8009,2026-01-21,4,3,4,1,7,Quick response and clear explanation.,11.91
4234,8011,2025-06-23,5,4,5,1,5,"Polite and knowledgeable support, thank you.",0.34
4235,8012,2026-03-23,4,2,3,0,4,The agent was fine but I had to wait.,28.55
4236,8015,2025-01-08,5,5,5,1,6,Agent was friendly and solved my issue quickly.,5.75
4237,8018,2026-04-11,5,4,5,1,8,"Great service, very professional and helpful.",18.9
4238,8019,2025-01-27,5,5,5,1,3,"Polite and knowledgeable support, thank you.",28.73
4239,8020,2026-03-20,2,3,3,0,6,Got what I needed eventually.,9.3
4240,8021,2025-10-29,4,4,4,1,7,"Resolved on the first call, very satisfied.",22.23
4241,8025,2025-02-17,5,5,5,1,7,"Resolved on the first call, very satisfied.",15.28
4242,8026,2026-04-25,5,5,5,1,8,"Great service, very professional and helpful.",12.49
4243,8028,2026-08-12,4,3,2,1,6,Got what I needed eventually.,45.76
4244,8029,2025-05-09,5,5,5,1,9,"Polite and knowledgeable support, thank you.",25.32
4245,8030,2025-09-13,3,4,2,1,10,"Polite and knowledgeable support, thank you.",14.64
4246,8032,2026-01-28,5,4,4,0,6,"Support was okay, nothing exceptional.",18.38
4247,8035,2025-12-15,3,3,2,1,1,Got what I needed eventually.,24.3
4248,8036,2025-05-09,4,2,2,0,3,"Support was okay, nothing exceptional.",46.33
4249,8037,2025-12-17,5,2,3,1,6,"Great service, very professional and helpful.",37.56
4250,8040,2025-06-04,5,3,3,1,8,Quick response and clear explanation.,37.84
4251,8042,2025-12-29,3,3,3,1,8,Quick response and clear explanation.,49.97
4252,8043,2026-05-15,4,3,2,0,6,Got what I needed eventually.,24.06
4253,8045,2025-04-29,5,5,5,1,10,Quick response and clear explanation.,59.04
4254,8046,2025-07-12,3,3,4,1,7,Quick response and clear explanation.,24.65
4255,8048,2025-01-12,3,4,4,1,5,Quick response and clear explanation.,6.48
4256,8049,2025-05-02,5,4,5,1,10,"Great service, very professional and helpful.",12.93
4257,8052,2025-05-11,5,5,4,1,6,"Great service, very professional and helpful.",49.28
4258,8053,2025-12-10,4,3,3,1,3,Got what I needed eventually.,30.83
4259,8054,2025-04-12,1,2,2,1,0,Agent was not helpful and seemed rushed.,21.9
4260,8056,2025-03-15,5,5,5,1,10,"Great service, very professional and helpful.",6.92
4261,8060,2026-03-07,5,5,5,1,9,Quick response and clear explanation.,39.23
4262,8061,2025-08-07,4,3,4,1,5,"Polite and knowledgeable support, thank you.",38.27
4263,8062,2025-05-21,4,5,4,1,7,"Great service, very professional and helpful.",27.01
4264,8066,2026-06-03,5,5,5,1,7,"Polite and knowledgeable support, thank you.",30.85
4265,8070,2025-08-26,4,3,2,1,3,Issue was resolved but it took a while.,50.76
4266,8071,2025-05-22,5,4,5,1,10,"Polite and knowledgeable support, thank you.",55.99
4267,8075,2025-02-13,4,3,4,1,4,"Polite and knowledgeable support, thank you.",8.98
4268,8076,2025-10-05,4,5,3,0,6,"Polite and knowledgeable support, thank you.",16.67
4269,8080,2026-06-06,5,5,5,1,9,"Resolved on the first call, very satisfied.",29.82
4270,8083,2025-06-08,5,5,5,1,10,"Polite and knowledgeable support, thank you.",38.44
4271,8085,2026-06-14,5,5,4,1,8,Quick response and clear explanation.,5.84
4272,8091,2025-02-06,4,5,4,0,5,"Polite and knowledgeable support, thank you.",36.84
4273,8092,2025-03-24,5,5,5,1,8,"Polite and knowledgeable support, thank you.",32.26
4274,8094,2025-08-18,5,3,5,1,5,Agent was friendly and solved my issue quickly.,14.53
4275,8095,2026-05-08,3,3,3,0,4,"Support was okay, nothing exceptional.",30.79
4276,8100,2026-06-14,5,4,5,1,7,"Resolved on the first call, very satisfied.",7.67
4277,8101,2025-05-21,5,4,5,1,7,"Great service, very professional and helpful.",20.49
4278,8103,2026-03-30,4,4,3,1,5,Quick response and clear explanation.,1.46
4279,8104,2025-10-28,4,4,4,0,7,Agent was friendly and solved my issue quickly.,60.18
4280,8105,2026-04-06,5,5,4,1,6,"Great service, very professional and helpful.",26.64
4281,8107,2025-11-08,3,3,2,1,6,"Support was okay, nothing exceptional.",3.0
4282,8108,2025-11-07,4,5,3,1,5,"Polite and knowledgeable support, thank you.",34.33
4283,8109,2026-01-07,1,1,1,1,0,Had to contact you multiple times for the same issue.,26.92
4284,8110,2025-01-07,5,4,5,1,7,"Resolved on the first call, very satisfied.",35.58
4285,8111,2026-05-21,3,1,2,1,6,"Support was okay, nothing exceptional.",20.44
4286,8112,2025-01-24,5,4,5,1,8,"Polite and knowledgeable support, thank you.",15.2
4287,8113,2025-06-14,5,5,4,1,10,Quick response and clear explanation.,4.39
4288,8117,2025-02-22,5,4,4,1,6,"Resolved on the first call, very satisfied.",8.63
4289,8118,2025-04-10,5,5,4,1,7,"Polite and knowledgeable support, thank you.",10.19
4290,8120,2025-07-26,4,3,2,1,7,Issue was resolved but it took a while.,14.38
4291,8124,2025-06-28,3,2,1,0,3,The agent was fine but I had to wait.,46.56
4292,8126,2026-02-20,4,4,5,1,6,"Polite and knowledgeable support, thank you.",59.81
4293,8127,2026-06-12,4,2,2,1,6,Got what I needed eventually.,9.74
4294,8128,2026-07-06,4,5,4,0,10,Agent was friendly and solved my issue quickly.,32.34
4295,8129,2026-03-17,2,2,3,1,2,Got what I needed eventually.,31.46
4296,8135,2025-09-18,4,3,3,0,6,Issue was resolved but it took a while.,37.57
4297,8136,2025-06-18,5,5,4,1,6,"Polite and knowledgeable support, thank you.",19.01
4298,8138,2025-11-01,2,2,2,0,2,Agent was not helpful and seemed rushed.,49.41
4299,8139,2025-05-19,2,3,4,1,9,"Polite and knowledgeable support, thank you.",7.82
4300,8144,2025-11-22,4,4,3,1,4,"Support was okay, nothing exceptional.",37.36
4301,8146,2025-09-08,3,3,2,1,2,Got what I needed eventually.,9.06
4302,8147,2025-01-22,5,5,5,1,6,"Resolved on the first call, very satisfied.",35.47
4303,8150,2025-06-28,5,4,4,1,8,"Resolved on the first call, very satisfied.",67.75
4304,8151,2025-04-17,5,4,5,1,8,Agent was friendly and solved my issue quickly.,10.88
4305,8153,2026-07-09,3,4,4,1,6,"Great service, very professional and helpful.",63.32
4306,8154,2026-06-13,3,2,1,1,0,Waited far too long and the problem is still not fixed.,24.88
4307,8155,2025-11-07,3,4,3,1,9,Quick response and clear explanation.,1.91
4308,8158,2025-05-21,5,5,4,1,10,"Polite and knowledgeable support, thank you.",15.6
4309,8159,2026-01-17,4,4,2,1,9,"Resolved on the first call, very satisfied.",4.46
4310,8162,2025-08-28,1,1,2,0,2,The problem was not resolved and no follow-up.,20.76
4311,8163,2025-06-20,5,5,3,1,8,"Great service, very professional and helpful.",14.34
4312,8166,2026-01-25,5,5,5,1,6,"Resolved on the first call, very satisfied.",0.86
4313,8167,2026-04-24,5,4,2,0,4,Issue was resolved but it took a while.,4.96
4314,8168,2025-08-09,2,4,4,1,5,The agent was fine but I had to wait.,45.35
4315,8169,2025-11-29,4,4,3,1,3,"Polite and knowledgeable support, thank you.",2.71
4316,8171,2026-01-12,5,3,5,1,9,Quick response and clear explanation.,49.28
4317,8180,2025-11-01,5,5,5,1,8,"Great service, very professional and helpful.",18.12
4318,8182,2025-06-16,5,5,5,1,7,"Great service, very professional and helpful.",2.52
4319,8183,2025-09-23,4,2,3,0,3,Issue was resolved but it took a while.,24.77
4320,8185,2025-11-20,5,4,4,1,5,Agent was friendly and solved my issue quickly.,35.6
4321,8187,2026-02-26,4,5,4,1,10,"Great service, very professional and helpful.",17.63
4322,8194,2026-07-12,4,3,3,0,7,"Polite and knowledgeable support, thank you.",28.05
4323,8195,2025-09-11,4,4,2,1,6,"Polite and knowledgeable support, thank you.",23.01
4324,8196,2026-08-06,5,4,5,1,9,Quick response and clear explanation.,16.34
4325,8198,2026-05-15,4,3,2,1,7,Average experience overall.,37.23
4326,8199,2025-06-27,3,3,3,1,4,Got what I needed eventually.,36.34
4327,8201,2025-05-17,5,3,4,1,10,"Resolved on the first call, very satisfied.",26.64
4328,8202,2025-02-08,2,1,2,0,5,The problem was not resolved and no follow-up.,18.47
4329,8203,2026-04-26,5,5,5,1,7,Quick response and clear explanation.,49.05
4330,8205,2025-09-23,3,3,4,1,9,Agent was friendly and solved my issue quickly.,23.14
4331,8209,2025-04-24,4,2,2,1,5,Agent was friendly and solved my issue quickly.,11.91
4332,8216,2025-01-17,5,4,5,1,6,"Polite and knowledgeable support, thank you.",26.29
4333,8218,2026-05-12,5,5,5,1,6,Quick response and clear explanation.,24.94
4334,8219,2025-09-28,4,3,4,0,6,Average experience overall.,47.81
4335,8220,2025-11-26,5,5,5,0,4,"Polite and knowledgeable support, thank you.",48.02
4336,8221,2025-05-15,4,3,3,1,7,"Great service, very professional and helpful.",36.58
4337,8222,2025-07-06,1,3,2,1,0,"Very frustrating experience, poor communication.",43.72
4338,8223,2025-02-19,5,4,5,1,8,"Great service, very professional and helpful.",13.07
4339,8224,2025-12-21,5,3,1,1,9,"Support was okay, nothing exceptional.",25.65
4340,8225,2025-07-29,3,5,5,1,8,"Great service, very professional and helpful.",41.5
4341,8226,2026-05-05,5,5,5,1,4,Agent was friendly and solved my issue quickly.,21.3
4342,8232,2025-06-24,3,3,4,0,6,Got what I needed eventually.,36.17
4343,8233,2025-08-06,3,5,2,0,3,Issue was resolved but it took a while.,54.79
4344,8234,2025-10-12,4,5,5,1,8,"Great service, very professional and helpful.",36.22
4345,8235,2025-02-03,4,4,3,1,3,Quick response and clear explanation.,47.82
4346,8237,2026-06-11,3,4,4,1,3,Issue was resolved but it took a while.,1.81
4347,8238,2025-03-16,5,3,4,0,7,"Polite and knowledgeable support, thank you.",5.58
4348,8241,2026-03-05,4,3,2,1,3,The agent was fine but I had to wait.,4.11
4349,8242,2026-02-02,5,4,3,1,7,"Polite and knowledgeable support, thank you.",30.87
4350,8244,2025-12-25,4,5,4,1,7,Quick response and clear explanation.,32.39
4351,8245,2025-04-19,5,4,4,1,1,"Great service, very professional and helpful.",25.86
4352,8247,2025-06-21,4,3,4,1,7,"Polite and knowledgeable support, thank you.",5.5
4353,8250,2026-07-05,4,3,3,0,3,Issue was resolved but it took a while.,14.83
4354,8251,2025-12-08,2,4,3,1,3,Average experience overall.,32.76
4355,8252,2026-08-08,5,4,3,1,6,Quick response and clear explanation.,51.18
4356,8255,2025-12-08,5,3,5,1,7,Quick response and clear explanation.,31.68
4357,8256,2026-06-13,3,3,3,1,4,Average experience overall.,52.67
4358,8258,2025-04-15,4,3,1,1,4,Average experience overall.,25.53
4359,8259,2026-03-02,4,3,3,1,5,"Polite and knowledgeable support, thank you.",18.58
4360,8261,2026-06-26,3,3,3,1,2,The agent was fine but I had to wait.,37.71
4361,8262,2026-08-02,5,4,4,0,9,"Great service, very professional and helpful.",18.71
4362,8267,2026-02-05,5,5,4,1,6,Agent was friendly and solved my issue quickly.,48.61
4363,8268,2026-05-21,5,3,5,1,6,"Great service, very professional and helpful.",20.3
4364,8270,2026-05-07,3,4,3,0,6,Average experience overall.,27.85
4365,8271,2025-11-12,3,3,3,1,5,The agent was fine but I had to wait.,25.46
4366,8274,2026-04-30,4,4,3,1,7,"Great service, very professional and helpful.",2.53
4367,8275,2026-03-17,4,4,5,1,6,"Resolved on the first call, very satisfied.",13.49
4368,8277,2026-01-10,3,2,4,1,8,"Polite and knowledgeable support, thank you.",50.84
4369,8279,2025-03-29,5,5,3,1,7,Agent was friendly and solved my issue quickly.,39.64
4370,8280,2026-04-10,5,4,5,1,7,Quick response and clear explanation.,21.04
4371,8281,2026-06-16,5,5,5,1,7,Quick response and clear explanation.,24.99
4372,8283,2025-01-13,3,5,5,1,5,Agent was friendly and solved my issue quickly.,23.71
4373,8287,2025-04-28,4,5,3,1,7,Quick response and clear explanation.,20.77
4374,8292,2025-09-10,5,5,4,1,5,Agent was friendly and solved my issue quickly.,31.58
4375,8293,2025-09-30,5,5,5,1,10,Agent was friendly and solved my issue quickly.,30.41
4376,8295,2025-09-14,5,4,3,1,8,"Resolved on the first call, very satisfied.",27.93
4377,8296,2025-02-11,5,4,3,1,6,"Polite and knowledgeable support, thank you.",9.47
4378,8297,2025-05-03,4,4,4,1,9,Agent was friendly and solved my issue quickly.,54.39
4379,8298,2025-03-25,3,2,1,1,3,Got what I needed eventually.,43.31
4380,8300,2025-05-03,4,3,4,1,6,"Polite and knowledgeable support, thank you.",41.53
4381,8303,2025-04-04,3,4,3,0,5,Issue was resolved but it took a while.,15.98
4382,8305,2025-01-18,3,2,3,1,5,Got what I needed eventually.,49.18
4383,8308,2026-06-02,3,5,5,1,8,"Polite and knowledgeable support, thank you.",24.57
4384,8309,2025-08-25,5,4,5,1,10,"Polite and knowledgeable support, thank you.",21.45
4385,8310,2025-08-21,4,5,5,1,7,Agent was friendly and solved my issue quickly.,30.96
4386,8311,2025-12-17,5,5,5,1,6,"Polite and knowledgeable support, thank you.",37.72
4387,8313,2025-06-01,3,1,2,1,4,Had to contact you multiple times for the same issue.,53.65
4388,8315,2025-08-27,5,4,5,1,6,Quick response and clear explanation.,37.42
4389,8317,2026-06-01,3,3,3,1,6,Quick response and clear explanation.,31.66
4390,8322,2025-11-12,5,5,4,1,8,"Polite and knowledgeable support, thank you.",12.29
4391,8324,2025-11-02,5,3,5,1,9,"Polite and knowledgeable support, thank you.",38.37
4392,8326,2025-09-12,4,2,3,1,7,"Support was okay, nothing exceptional.",47.35
4393,8328,2025-10-15,3,3,3,0,3,The agent was fine but I had to wait.,11.86
4394,8330,2025-12-06,3,4,3,1,7,"Resolved on the first call, very satisfied.",11.52
4395,8334,2026-06-06,4,2,3,1,0,Average experience overall.,29.55
4396,8338,2025-05-13,3,2,5,1,4,"Great service, very professional and helpful.",38.17
4397,8339,2025-09-10,4,5,4,0,7,"Polite and knowledgeable support, thank you.",2.94
4398,8340,2025-01-04,5,5,3,1,7,Quick response and clear explanation.,2.06
4399,8344,2025-11-11,4,4,3,1,3,The agent was fine but I had to wait.,0.42
4400,8346,2025-06-07,3,3,2,1,4,Average experience overall.,18.44
4401,8347,2025-11-28,3,3,2,1,1,Average experience overall.,15.5
4402,8348,2025-12-20,5,5,4,1,7,Quick response and clear explanation.,17.07
4403,8349,2026-04-05,3,4,5,1,8,Quick response and clear explanation.,14.31
4404,8351,2025-04-22,4,4,3,1,9,"Resolved on the first call, very satisfied.",25.14
4405,8352,2026-01-04,4,4,5,0,9,Agent was friendly and solved my issue quickly.,42.16
4406,8353,2026-03-27,5,5,4,1,5,Quick response and clear explanation.,22.64
4407,8354,2026-05-13,5,3,3,1,8,"Polite and knowledgeable support, thank you.",17.88
4408,8356,2025-12-19,5,3,2,0,7,The agent was fine but I had to wait.,47.53
4409,8357,2025-06-02,3,3,1,0,0,The problem was not resolved and no follow-up.,16.41
4410,8361,2026-05-10,5,2,3,1,5,"Polite and knowledgeable support, thank you.",20.57
4411,8367,2025-09-04,5,5,5,1,10,"Polite and knowledgeable support, thank you.",32.15
4412,8369,2026-05-11,3,4,4,1,6,"Resolved on the first call, very satisfied.",15.75
4413,8373,2026-05-18,5,5,5,1,9,Agent was friendly and solved my issue quickly.,33.0
4414,8374,2025-12-08,3,2,3,1,0,Average experience overall.,33.14
4415,8375,2026-06-06,5,5,5,1,8,"Resolved on the first call, very satisfied.",12.69
4416,8377,2025-10-03,5,5,3,1,6,Quick response and clear explanation.,14.31
4417,8379,2025-05-28,5,5,5,1,8,"Great service, very professional and helpful.",9.73
4418,8384,2025-09-17,5,5,5,1,10,"Great service, very professional and helpful.",35.48
4419,8385,2026-07-15,5,5,3,1,10,"Polite and knowledgeable support, thank you.",5.61
4420,8390,2026-07-27,5,4,4,1,5,Agent was friendly and solved my issue quickly.,11.95
4421,8391,2026-02-24,4,2,2,0,3,The agent was fine but I had to wait.,24.59
4422,8394,2025-10-17,5,5,5,1,6,"Polite and knowledgeable support, thank you.",5.45
4423,8402,2026-05-09,2,5,4,1,6,Agent was friendly and solved my issue quickly.,14.64
4424,8403,2026-06-21,5,4,5,1,8,Quick response and clear explanation.,34.97
4425,8404,2026-02-16,5,4,3,0,5,Agent was friendly and solved my issue quickly.,27.27
4426,8406,2025-12-13,5,4,4,1,4,Quick response and clear explanation.,32.23
4427,8407,2025-11-27,3,5,4,1,7,"Resolved on the first call, very satisfied.",28.96
4428,8408,2026-04-14,5,5,5,0,10,Agent was friendly and solved my issue quickly.,60.47
4429,8409,2025-06-29,3,4,4,1,7,Quick response and clear explanation.,9.3
4430,8412,2026-06-04,5,4,4,0,4,"Polite and knowledgeable support, thank you.",15.13
4431,8413,2026-08-07,5,5,4,1,7,Quick response and clear explanation.,10.47
4432,8417,2025-08-27,5,5,5,1,6,Quick response and clear explanation.,27.72
4433,8422,2025-09-10,5,5,3,1,6,Quick response and clear explanation.,23.98
4434,8425,2026-06-11,5,2,2,1,4,Got what I needed eventually.,16.14
4435,8426,2025-07-01,5,5,4,1,9,"Resolved on the first call, very satisfied.",30.68
4436,8427,2026-07-28,4,5,4,1,8,"Polite and knowledgeable support, thank you.",61.13
4437,8428,2025-06-22,3,3,3,1,4,Average experience overall.,42.77
4438,8431,2026-02-28,3,1,1,0,0,Had to contact you multiple times for the same issue.,11.58
4439,8433,2025-09-02,5,3,3,1,7,Agent was friendly and solved my issue quickly.,20.11
4440,8436,2026-01-01,3,2,4,1,6,Agent was friendly and solved my issue quickly.,2.62
4441,8438,2025-08-25,3,4,4,1,5,Agent was friendly and solved my issue quickly.,29.5
4442,8439,2025-06-14,3,3,3,0,4,Issue was resolved but it took a while.,28.21
4443,8448,2026-01-20,5,5,5,1,8,"Polite and knowledgeable support, thank you.",6.15
4444,8450,2025-01-18,3,4,4,1,6,"Polite and knowledgeable support, thank you.",31.0
4445,8451,2026-04-01,3,3,4,1,1,Average experience overall.,55.87
4446,8456,2026-07-23,4,5,5,1,7,"Great service, very professional and helpful.",42.25
4447,8457,2026-07-25,4,4,3,0,2,Got what I needed eventually.,27.18
4448,8458,2026-08-15,3,3,2,0,5,Issue was resolved but it took a while.,35.09
4449,8459,2025-11-11,3,4,2,1,5,Average experience overall.,31.66
4450,8461,2026-03-19,5,3,5,1,8,Quick response and clear explanation.,26.45
4451,8462,2025-02-11,3,1,3,0,1,Had to contact you multiple times for the same issue.,22.16
4452,8463,2026-05-27,4,3,3,0,7,"Support was okay, nothing exceptional.",8.98
4453,8465,2025-09-13,5,4,3,1,6,"Polite and knowledgeable support, thank you.",17.05
4454,8466,2026-01-03,3,5,5,1,9,"Resolved on the first call, very satisfied.",59.62
4455,8473,2026-02-19,5,5,5,1,10,"Great service, very professional and helpful.",31.64
4456,8474,2026-04-19,3,4,2,1,1,"Support was okay, nothing exceptional.",6.76
4457,8475,2025-03-06,4,5,3,1,6,"Polite and knowledgeable support, thank you.",33.28
4458,8476,2026-04-30,5,5,4,1,5,"Polite and knowledgeable support, thank you.",5.31
4459,8479,2025-04-18,4,4,2,1,4,Issue was resolved but it took a while.,3.19
4460,8481,2025-06-26,5,4,4,1,7,"Polite and knowledgeable support, thank you.",37.84
4461,8487,2025-12-14,5,3,4,0,3,"Polite and knowledgeable support, thank you.",59.78
4462,8488,2025-07-25,4,5,4,1,3,"Great service, very professional and helpful.",54.52
4463,8489,2026-04-10,5,4,5,1,9,"Resolved on the first call, very satisfied.",26.08
4464,8490,2025-01-03,5,5,5,1,10,Agent was friendly and solved my issue quickly.,15.13
4465,8492,2025-01-29,4,3,3,1,6,"Resolved on the first call, very satisfied.",1.37
4466,8493,2025-03-26,5,5,4,1,9,Agent was friendly and solved my issue quickly.,21.0
4467,8494,2025-09-17,4,5,5,1,10,Quick response and clear explanation.,1.38
4468,8497,2025-06-28,4,3,1,0,3,Got what I needed eventually.,15.09
4469,8501,2026-05-30,2,3,2,1,2,"Very frustrating experience, poor communication.",4.73
4470,8504,2025-05-30,5,4,5,1,6,Agent was friendly and solved my issue quickly.,19.23
4471,8507,2026-07-05,4,5,5,1,9,Agent was friendly and solved my issue quickly.,5.37
4472,8508,2025-06-26,5,4,5,1,6,"Polite and knowledgeable support, thank you.",42.86
4473,8509,2025-06-09,3,3,3,0,4,The agent was fine but I had to wait.,14.28
4474,8511,2026-02-08,4,3,2,1,6,"Polite and knowledgeable support, thank you.",18.14
4475,8513,2025-04-30,5,3,2,1,3,"Support was okay, nothing exceptional.",41.74
4476,8516,2026-05-29,4,4,3,1,3,Got what I needed eventually.,5.17
4477,8519,2026-06-02,4,3,1,1,3,Average experience overall.,25.85
4478,8520,2025-03-31,3,2,5,0,7,"Resolved on the first call, very satisfied.",12.59
4479,8523,2025-05-23,4,4,4,1,6,"Resolved on the first call, very satisfied.",24.13
4480,8526,2026-03-08,3,2,2,1,3,"Support was okay, nothing exceptional.",20.03
4481,8528,2026-05-19,4,3,4,0,5,"Polite and knowledgeable support, thank you.",58.87
4482,8529,2025-10-01,5,5,4,1,9,Agent was friendly and solved my issue quickly.,6.01
4483,8530,2025-07-21,3,3,3,1,3,Average experience overall.,5.83
4484,8531,2026-02-14,5,4,5,1,7,"Resolved on the first call, very satisfied.",38.95
4485,8538,2025-05-09,4,4,3,1,3,"Resolved on the first call, very satisfied.",23.08
4486,8539,2026-04-05,5,4,5,1,8,"Polite and knowledgeable support, thank you.",50.38
4487,8542,2025-06-21,5,5,5,1,8,Quick response and clear explanation.,34.71
4488,8543,2025-01-21,5,5,4,1,7,"Resolved on the first call, very satisfied.",38.42
4489,8544,2026-06-27,4,4,5,1,10,"Resolved on the first call, very satisfied.",26.41
4490,8545,2026-06-05,4,3,2,1,7,"Support was okay, nothing exceptional.",6.16
4491,8546,2025-12-14,5,3,4,1,5,Quick response and clear explanation.,38.01
4492,8547,2025-04-14,4,3,3,0,7,"Support was okay, nothing exceptional.",41.62
4493,8549,2026-04-02,3,3,2,1,2,Average experience overall.,57.4
4494,8556,2025-02-26,3,4,5,1,9,Agent was friendly and solved my issue quickly.,13.27
4495,8557,2026-04-28,3,3,3,1,2,Issue was resolved but it took a while.,16.77
4496,8558,2025-05-30,5,5,5,1,9,"Great service, very professional and helpful.",5.05
4497,8561,2025-03-20,4,5,4,1,9,Agent was friendly and solved my issue quickly.,1.47
4498,8562,2025-05-05,5,5,4,1,7,"Polite and knowledgeable support, thank you.",11.88
4499,8565,2026-03-28,3,2,3,1,4,The agent was fine but I had to wait.,45.24
4500,8568,2025-06-24,5,2,5,1,5,"Polite and knowledgeable support, thank you.",19.28
4501,8573,2025-04-11,4,3,3,1,5,"Resolved on the first call, very satisfied.",46.85
4502,8574,2025-03-04,5,5,5,1,7,"Great service, very professional and helpful.",14.41
4503,8575,2025-02-27,5,5,2,1,5,Issue was resolved but it took a while.,5.37
4504,8580,2025-09-30,5,5,4,1,8,"Polite and knowledgeable support, thank you.",1.47
4505,8581,2025-11-05,4,3,2,1,3,The agent was fine but I had to wait.,57.39
4506,8582,2026-08-11,4,4,3,1,5,"Resolved on the first call, very satisfied.",8.9
4507,8583,2025-11-12,3,3,1,1,7,Quick response and clear explanation.,39.78
4508,8585,2025-10-16,4,4,3,1,5,"Great service, very professional and helpful.",25.03
4509,8586,2025-07-19,5,5,5,1,9,"Resolved on the first call, very satisfied.",5.98
4510,8587,2026-01-17,5,5,5,1,9,"Resolved on the first call, very satisfied.",11.97
4511,8588,2025-01-11,5,4,3,1,6,Agent was friendly and solved my issue quickly.,16.29
4512,8590,2025-10-06,4,5,5,1,3,"Resolved on the first call, very satisfied.",45.23
4513,8592,2025-04-23,5,5,4,1,6,Agent was friendly and solved my issue quickly.,2.29
4514,8597,2025-03-19,5,5,4,1,9,Quick response and clear explanation.,4.26
4515,8600,2025-11-15,3,3,1,1,2,The problem was not resolved and no follow-up.,37.39
4516,8601,2025-12-14,3,2,5,1,2,Average experience overall.,6.36
4517,8602,2025-09-10,3,4,4,0,5,Issue was resolved but it took a while.,25.13
4518,8605,2026-07-07,5,5,5,1,6,"Resolved on the first call, very satisfied.",26.52
4519,8610,2026-06-27,3,3,4,1,4,Average experience overall.,0.39
4520,8611,2025-12-04,5,3,5,1,6,"Polite and knowledgeable support, thank you.",33.74
4521,8612,2025-10-26,3,2,2,1,5,Got what I needed eventually.,12.36
4522,8613,2025-11-24,2,2,2,1,2,Agent was not helpful and seemed rushed.,47.44
4523,8614,2025-05-06,3,4,5,0,9,Quick response and clear explanation.,10.69
4524,8615,2025-01-24,3,3,1,1,1,"Very frustrating experience, poor communication.",25.41
4525,8616,2026-03-20,5,4,4,1,6,"Resolved on the first call, very satisfied.",13.47
4526,8617,2025-06-29,5,4,4,1,8,"Great service, very professional and helpful.",11.72
4527,8618,2026-03-12,5,5,4,0,8,"Resolved on the first call, very satisfied.",7.39
4528,8620,2026-05-10,4,3,2,0,1,Average experience overall.,27.01
4529,8621,2025-09-15,4,4,2,1,4,Got what I needed eventually.,15.12
4530,8626,2025-02-22,5,3,4,1,4,The agent was fine but I had to wait.,38.29
4531,8629,2025-06-02,4,5,4,1,9,"Polite and knowledgeable support, thank you.",9.89
4532,8630,2025-03-17,4,4,4,1,4,Agent was friendly and solved my issue quickly.,29.06
4533,8634,2026-03-04,2,3,2,1,4,"Support was okay, nothing exceptional.",39.61
4534,8636,2026-04-26,4,4,5,1,7,Quick response and clear explanation.,25.37
4535,8637,2025-02-10,5,5,4,1,9,Quick response and clear explanation.,20.85
4536,8638,2025-03-27,5,5,5,1,5,"Polite and knowledgeable support, thank you.",43.6
4537,8640,2025-03-26,5,5,4,1,10,"Great service, very professional and helpful.",42.47
4538,8641,2025-04-19,5,5,4,1,6,Quick response and clear explanation.,11.03
4539,8642,2025-10-07,5,5,5,1,6,Agent was friendly and solved my issue quickly.,37.58
4540,8643,2025-11-29,5,3,3,1,3,Quick response and clear explanation.,29.04
4541,8645,2025-10-01,4,3,4,1,9,"Polite and knowledgeable support, thank you.",64.15
4542,8646,2025-02-18,5,3,3,1,4,Agent was friendly and solved my issue quickly.,31.06
4543,8649,2025-11-11,4,3,4,1,8,Agent was friendly and solved my issue quickly.,61.19
4544,8650,2026-03-11,3,2,5,1,3,Average experience overall.,27.68
4545,8651,2025-05-19,4,4,5,1,8,Quick response and clear explanation.,60.32
4546,8652,2026-05-20,4,4,4,1,5,Got what I needed eventually.,41.63
4547,8653,2026-04-10,3,4,3,1,5,Average experience overall.,17.51
4548,8654,2026-06-09,3,2,2,0,6,Got what I needed eventually.,17.73
4549,8657,2026-05-28,4,3,2,1,0,The problem was not resolved and no follow-up.,45.13
4550,8658,2025-06-30,5,3,4,1,5,"Resolved on the first call, very satisfied.",6.63
4551,8661,2026-05-29,3,5,3,1,6,"Polite and knowledgeable support, thank you.",11.56
4552,8662,2025-04-22,5,5,5,1,9,"Polite and knowledgeable support, thank you.",9.46
4553,8663,2025-08-18,4,3,3,1,5,"Support was okay, nothing exceptional.",20.16
4554,8666,2026-03-28,3,5,2,1,1,"Support was okay, nothing exceptional.",10.35
4555,8667,2026-05-18,4,2,2,1,3,"Very frustrating experience, poor communication.",22.98
4556,8668,2025-05-22,4,3,3,1,6,Quick response and clear explanation.,23.35
4557,8669,2026-06-20,5,4,5,1,4,"Great service, very professional and helpful.",41.28
4558,8670,2026-01-17,5,4,5,1,10,"Resolved on the first call, very satisfied.",16.06
4559,8673,2025-01-27,4,5,5,1,5,"Polite and knowledgeable support, thank you.",25.38
4560,8674,2025-05-19,5,5,4,1,10,Quick response and clear explanation.,28.15
4561,8675,2025-01-23,3,2,4,1,4,"Support was okay, nothing exceptional.",15.31
4562,8676,2026-07-21,4,2,3,0,4,Issue was resolved but it took a while.,20.22
4563,8677,2025-12-25,4,4,4,1,8,"Resolved on the first call, very satisfied.",20.31
4564,8679,2025-04-25,2,5,4,1,8,Agent was friendly and solved my issue quickly.,45.11
4565,8681,2025-12-10,3,2,3,1,4,Got what I needed eventually.,38.62
4566,8682,2025-03-27,5,5,5,1,7,Quick response and clear explanation.,65.93
4567,8683,2026-06-22,4,4,1,1,6,Got what I needed eventually.,49.65
4568,8684,2025-11-04,5,4,4,1,4,Quick response and clear explanation.,46.9
4569,8687,2025-04-01,4,4,4,1,7,Quick response and clear explanation.,32.97
4570,8690,2026-06-13,3,3,2,1,5,Had to contact you multiple times for the same issue.,36.32
4571,8693,2025-05-25,2,3,2,0,0,The problem was not resolved and no follow-up.,0.88
4572,8694,2025-08-01,5,5,5,1,4,Quick response and clear explanation.,0.39
4573,8696,2026-04-16,4,2,3,1,2,"Great service, very professional and helpful.",22.48
4574,8699,2025-03-28,4,5,5,1,6,Quick response and clear explanation.,33.13
4575,8702,2025-06-12,2,2,1,0,0,The problem was not resolved and no follow-up.,68.96
4576,8703,2025-02-07,4,4,3,1,5,"Great service, very professional and helpful.",47.78
4577,8704,2025-01-28,4,4,4,1,7,"Great service, very professional and helpful.",41.54
4578,8705,2025-05-14,4,4,3,1,4,"Polite and knowledgeable support, thank you.",32.95
4579,8706,2025-05-29,5,5,5,1,4,Quick response and clear explanation.,6.03
4580,8708,2026-02-10,4,3,4,1,5,"Polite and knowledgeable support, thank you.",4.3
4581,8709,2026-01-20,5,3,4,1,7,"Resolved on the first call, very satisfied.",28.75
4582,8713,2025-11-21,3,4,2,1,5,Issue was resolved but it took a while.,16.76
4583,8715,2025-09-25,4,2,3,1,5,The agent was fine but I had to wait.,50.97
4584,8717,2025-06-04,4,5,5,1,4,"Resolved on the first call, very satisfied.",7.75
4585,8718,2025-12-19,3,3,4,1,5,Agent was friendly and solved my issue quickly.,21.77
4586,8720,2025-09-02,4,3,5,1,5,"Great service, very professional and helpful.",4.46
4587,8721,2026-05-13,3,3,4,1,4,"Polite and knowledgeable support, thank you.",5.78
4588,8722,2026-06-28,4,4,3,1,6,"Great service, very professional and helpful.",10.01
4589,8723,2026-02-02,4,4,3,1,6,Average experience overall.,34.48
4590,8724,2026-06-21,5,5,4,1,10,"Resolved on the first call, very satisfied.",43.41
4591,8725,2025-04-10,5,4,4,0,7,"Polite and knowledgeable support, thank you.",17.82
4592,8726,2026-01-15,5,3,5,1,10,Quick response and clear explanation.,39.02
4593,8730,2025-04-14,3,4,4,1,7,Quick response and clear explanation.,20.17
4594,8731,2025-12-16,4,4,4,1,7,"Polite and knowledgeable support, thank you.",40.76
4595,8732,2025-09-08,5,5,2,1,7,"Resolved on the first call, very satisfied.",14.67
4596,8738,2025-10-04,5,5,3,1,3,"Resolved on the first call, very satisfied.",33.57
4597,8739,2025-09-15,5,5,4,1,8,"Polite and knowledgeable support, thank you.",30.54
4598,8741,2026-08-02,5,5,3,0,5,Quick response and clear explanation.,31.83
4599,8743,2025-08-27,3,2,2,1,1,"Support was okay, nothing exceptional.",27.18
4600,8746,2025-03-23,4,4,4,0,5,The agent was fine but I had to wait.,9.55
4601,8751,2026-06-01,5,5,5,1,10,Agent was friendly and solved my issue quickly.,32.4
4602,8752,2025-01-04,4,4,3,1,5,"Support was okay, nothing exceptional.",25.22
4603,8754,2025-08-12,5,3,4,1,8,"Resolved on the first call, very satisfied.",46.49
4604,8756,2025-04-13,4,3,5,1,6,Agent was friendly and solved my issue quickly.,44.92
4605,8757,2025-03-18,5,5,5,1,6,Agent was friendly and solved my issue quickly.,9.92
4606,8758,2025-09-12,2,3,2,1,6,"Support was okay, nothing exceptional.",30.87
4607,8764,2025-03-29,5,4,5,1,9,"Resolved on the first call, very satisfied.",18.11
4608,8766,2025-05-31,3,4,1,1,6,Issue was resolved but it took a while.,19.33
4609,8770,2026-01-04,5,4,4,1,7,Quick response and clear explanation.,47.45
4610,8772,2025-03-14,2,3,2,1,4,The agent was fine but I had to wait.,19.89
4611,8775,2025-07-29,3,5,3,0,7,"Polite and knowledgeable support, thank you.",45.4
4612,8776,2025-04-26,5,5,4,1,9,Agent was friendly and solved my issue quickly.,20.63
4613,8777,2025-05-08,5,5,5,1,9,Quick response and clear explanation.,51.0
4614,8778,2025-11-22,5,4,4,0,9,"Polite and knowledgeable support, thank you.",25.21
4615,8779,2026-04-19,5,3,2,0,2,"Resolved on the first call, very satisfied.",2.66
4616,8781,2025-05-23,1,1,1,0,1,"Very frustrating experience, poor communication.",35.75
4617,8783,2026-07-27,4,3,3,0,6,"Support was okay, nothing exceptional.",35.21
4618,8785,2026-01-19,5,5,5,1,7,"Resolved on the first call, very satisfied.",3.9
4619,8787,2025-10-19,5,5,4,1,6,"Polite and knowledgeable support, thank you.",15.1
4620,8788,2026-03-20,5,5,4,0,3,"Resolved on the first call, very satisfied.",11.07
4621,8792,2026-03-30,4,5,4,1,8,Agent was friendly and solved my issue quickly.,50.07
4622,8793,2025-05-20,4,5,3,1,6,"Polite and knowledgeable support, thank you.",26.54
4623,8794,2025-01-25,5,5,5,1,8,Agent was friendly and solved my issue quickly.,39.83
4624,8798,2026-04-13,4,4,3,1,5,Average experience overall.,7.88
4625,8799,2026-04-29,4,4,4,1,7,"Great service, very professional and helpful.",15.39
4626,8800,2025-11-25,3,5,3,1,6,Issue was resolved but it took a while.,66.97
4627,8802,2025-05-22,5,5,4,1,5,Agent was friendly and solved my issue quickly.,31.02
4628,8803,2025-10-03,3,3,4,0,4,Average experience overall.,26.35
4629,8804,2025-11-16,4,5,4,1,7,Agent was friendly and solved my issue quickly.,24.25
4630,8805,2026-04-22,4,3,2,1,2,Issue was resolved but it took a while.,7.9
4631,8809,2025-07-29,4,3,4,1,8,"Resolved on the first call, very satisfied.",41.4
4632,8811,2025-11-15,4,4,3,1,8,Agent was friendly and solved my issue quickly.,40.85
4633,8812,2025-04-06,5,5,2,1,5,"Resolved on the first call, very satisfied.",39.04
4634,8813,2026-02-02,4,4,3,1,5,Average experience overall.,59.24
4635,8814,2025-06-04,5,4,5,1,7,"Polite and knowledgeable support, thank you.",27.63
4636,8818,2025-10-03,5,3,3,1,5,"Polite and knowledgeable support, thank you.",9.29
4637,8821,2026-08-12,3,4,2,0,3,"Polite and knowledgeable support, thank you.",0.67
4638,8823,2025-09-15,5,5,5,1,9,Agent was friendly and solved my issue quickly.,17.66
4639,8824,2025-07-23,5,5,4,1,10,"Polite and knowledgeable support, thank you.",14.14
4640,8825,2026-06-06,5,5,5,1,10,"Resolved on the first call, very satisfied.",37.58
4641,8826,2025-02-11,3,3,2,1,5,The agent was fine but I had to wait.,48.89
4642,8828,2026-05-30,4,4,4,1,8,Agent was friendly and solved my issue quickly.,7.99
4643,8830,2025-05-11,5,4,3,0,7,"Polite and knowledgeable support, thank you.",44.6
4644,8831,2026-01-22,4,3,3,0,2,Average experience overall.,5.07
4645,8833,2025-12-31,5,2,2,0,4,Issue was resolved but it took a while.,21.76
4646,8836,2026-06-09,4,3,2,0,7,"Great service, very professional and helpful.",16.33
4647,8838,2025-09-06,4,2,2,0,5,"Resolved on the first call, very satisfied.",41.01
4648,8841,2026-03-07,5,5,4,0,7,Agent was friendly and solved my issue quickly.,9.62
4649,8842,2025-03-23,5,4,3,1,8,"Great service, very professional and helpful.",19.59
4650,8843,2025-04-14,5,3,3,1,5,Issue was resolved but it took a while.,23.57
4651,8845,2025-07-03,3,4,4,0,9,"Resolved on the first call, very satisfied.",27.21
4652,8849,2026-05-09,4,4,5,1,6,"Polite and knowledgeable support, thank you.",30.23
4653,8850,2025-10-01,3,4,3,1,4,Got what I needed eventually.,40.07
4654,8851,2025-05-05,3,4,3,0,6,"Support was okay, nothing exceptional.",40.94
4655,8852,2025-08-22,5,4,5,1,5,"Great service, very professional and helpful.",9.62
4656,8854,2026-06-25,5,5,5,1,6,"Polite and knowledgeable support, thank you.",8.38
4657,8855,2026-07-03,4,4,4,1,10,"Great service, very professional and helpful.",4.95
4658,8857,2025-07-30,4,4,3,0,6,"Resolved on the first call, very satisfied.",38.72
4659,8860,2025-06-01,5,5,5,1,8,Quick response and clear explanation.,5.47
4660,8862,2026-07-25,4,5,4,1,8,"Great service, very professional and helpful.",61.03
4661,8863,2026-03-11,5,4,5,1,6,"Polite and knowledgeable support, thank you.",47.42
4662,8864,2026-08-04,4,4,3,1,4,"Polite and knowledgeable support, thank you.",38.3
4663,8865,2026-06-24,5,5,5,1,8,Quick response and clear explanation.,14.98
4664,8866,2026-01-17,4,4,3,1,6,"Polite and knowledgeable support, thank you.",53.21
4665,8867,2025-09-10,5,4,3,1,2,Issue was resolved but it took a while.,27.64
4666,8868,2025-04-30,5,4,4,1,5,"Polite and knowledgeable support, thank you.",16.26
4667,8869,2026-02-21,2,3,3,0,4,Issue was resolved but it took a while.,54.01
4668,8870,2026-02-10,5,5,4,1,10,"Polite and knowledgeable support, thank you.",15.94
4669,8872,2025-03-25,3,3,2,1,0,"Very frustrating experience, poor communication.",35.33
4670,8874,2026-04-30,4,4,4,1,7,"Resolved on the first call, very satisfied.",5.38
4671,8880,2025-05-28,4,4,4,1,7,Average experience overall.,22.21
4672,8881,2026-04-30,5,4,5,1,5,Agent was friendly and solved my issue quickly.,25.11
4673,8882,2025-08-04,5,5,4,1,7,Agent was friendly and solved my issue quickly.,25.74
4674,8883,2026-03-13,5,4,4,1,6,"Resolved on the first call, very satisfied.",40.28
4675,8888,2026-01-12,5,4,4,1,10,Quick response and clear explanation.,54.21
4676,8890,2026-07-04,3,4,2,1,3,Quick response and clear explanation.,25.39
4677,8892,2026-07-18,2,3,1,1,2,Waited far too long and the problem is still not fixed.,37.19
4678,8894,2026-03-20,5,3,2,1,7,Agent was friendly and solved my issue quickly.,34.95
4679,8896,2026-03-07,5,4,4,1,6,Agent was friendly and solved my issue quickly.,16.05
4680,8897,2025-10-08,5,4,5,1,3,"Resolved on the first call, very satisfied.",19.33
4681,8898,2025-08-19,4,3,4,1,6,The agent was fine but I had to wait.,48.47
4682,8899,2025-10-13,4,5,5,1,9,Quick response and clear explanation.,8.53
4683,8900,2025-11-13,3,3,4,1,6,Quick response and clear explanation.,1.94
4684,8901,2026-08-01,5,5,4,1,10,Quick response and clear explanation.,45.61
4685,8902,2025-08-06,4,4,5,1,6,Quick response and clear explanation.,7.85
4686,8903,2025-06-16,5,5,3,1,5,"Great service, very professional and helpful.",2.24
4687,8904,2025-03-24,5,5,5,1,6,"Great service, very professional and helpful.",25.33
4688,8906,2025-09-21,5,4,3,1,5,"Resolved on the first call, very satisfied.",40.38
4689,8907,2026-02-02,5,4,5,1,8,Quick response and clear explanation.,8.12
4690,8908,2026-06-06,5,5,3,1,9,Quick response and clear explanation.,29.75
4691,8910,2025-04-29,5,5,4,0,7,Quick response and clear explanation.,63.09
4692,8911,2026-07-22,5,3,5,1,10,"Resolved on the first call, very satisfied.",19.06
4693,8912,2026-03-30,5,4,4,0,5,Agent was friendly and solved my issue quickly.,28.86
4694,8913,2025-07-31,4,5,4,1,3,"Polite and knowledgeable support, thank you.",25.32
4695,8914,2025-10-23,5,5,3,1,6,Quick response and clear explanation.,2.52
4696,8915,2026-07-11,3,5,5,1,8,"Great service, very professional and helpful.",32.77
4697,8916,2025-11-12,4,3,1,1,1,"Support was okay, nothing exceptional.",43.9
4698,8919,2025-02-03,4,5,4,1,6,"Resolved on the first call, very satisfied.",25.22
4699,8920,2025-10-22,5,4,4,1,7,"Resolved on the first call, very satisfied.",39.2
4700,8921,2025-10-17,5,5,5,1,10,Agent was friendly and solved my issue quickly.,4.18
4701,8926,2026-06-11,5,5,5,1,7,"Great service, very professional and helpful.",0.4
4702,8929,2026-01-27,5,4,4,0,6,"Polite and knowledgeable support, thank you.",1.1
4703,8930,2025-08-17,3,2,3,0,3,The agent was fine but I had to wait.,6.82
4704,8931,2026-01-23,5,3,3,0,3,"Resolved on the first call, very satisfied.",42.52
4705,8932,2025-01-16,1,4,1,1,6,Average experience overall.,17.14
4706,8933,2025-09-11,4,4,4,1,10,"Resolved on the first call, very satisfied.",39.73
4707,8942,2025-12-05,3,5,4,1,8,"Polite and knowledgeable support, thank you.",37.6
4708,8945,2026-01-12,5,5,4,1,9,"Resolved on the first call, very satisfied.",26.18
4709,8948,2026-05-19,5,3,4,1,6,"Resolved on the first call, very satisfied.",31.17
4710,8950,2025-01-21,5,4,5,1,8,"Resolved on the first call, very satisfied.",23.81
4711,8951,2026-07-31,4,5,4,1,5,Quick response and clear explanation.,12.05
4712,8953,2025-08-22,4,4,4,0,4,"Resolved on the first call, very satisfied.",16.43
4713,8955,2025-07-31,5,5,5,1,8,Agent was friendly and solved my issue quickly.,16.21
4714,8959,2025-10-29,3,4,4,0,6,"Great service, very professional and helpful.",7.16
4715,8960,2025-09-11,3,4,3,1,6,Issue was resolved but it took a while.,21.16
4716,8961,2025-09-12,3,3,1,0,2,Had to contact you multiple times for the same issue.,49.68
4717,8963,2025-01-12,5,3,5,0,6,Agent was friendly and solved my issue quickly.,38.47
4718,8964,2026-04-20,3,3,2,1,7,Quick response and clear explanation.,35.54
4719,8965,2026-05-13,4,4,3,1,8,"Polite and knowledgeable support, thank you.",23.88
4720,8966,2026-05-14,5,4,5,1,4,"Resolved on the first call, very satisfied.",5.34
4721,8967,2025-05-19,5,5,4,1,8,"Great service, very professional and helpful.",47.99
4722,8971,2025-06-04,4,5,5,1,8,Quick response and clear explanation.,17.91
4723,8973,2025-04-27,2,2,2,0,6,The agent was fine but I had to wait.,20.79
4724,8976,2025-08-22,5,4,5,1,7,Quick response and clear explanation.,39.52
4725,8977,2026-03-17,2,4,3,0,3,The agent was fine but I had to wait.,8.43
4726,8978,2026-03-17,5,5,5,1,5,"Polite and knowledgeable support, thank you.",27.85
4727,8979,2025-11-07,3,4,3,1,3,Got what I needed eventually.,24.64
4728,8980,2025-05-29,5,5,5,1,10,"Polite and knowledgeable support, thank you.",40.25
4729,8981,2026-03-23,4,5,3,1,10,Agent was friendly and solved my issue quickly.,21.61
4730,8983,2025-02-04,5,5,4,1,10,Quick response and clear explanation.,41.07
4731,8985,2025-12-29,3,5,2,1,6,"Polite and knowledgeable support, thank you.",29.33
4732,8986,2025-07-27,3,5,4,0,3,Quick response and clear explanation.,36.61
4733,8989,2025-04-07,4,2,3,1,4,Issue was resolved but it took a while.,20.32
4734,8991,2025-03-13,4,2,3,0,5,Got what I needed eventually.,22.18
4735,8994,2026-04-22,5,4,5,1,8,Quick response and clear explanation.,4.14
4736,8997,2026-05-24,3,4,3,1,5,"Resolved on the first call, very satisfied.",9.02
4737,9000,2026-08-04,4,5,4,1,5,"Polite and knowledgeable support, thank you.",39.32
4738,9001,2025-03-18,2,4,2,0,8,Got what I needed eventually.,25.04
4739,9002,2025-03-22,4,4,4,1,6,"Great service, very professional and helpful.",5.03
4740,9003,2026-03-04,5,5,3,1,6,Quick response and clear explanation.,12.53
4741,9004,2025-05-25,4,3,4,0,4,Average experience overall.,21.87
4742,9008,2026-02-18,4,4,5,1,10,"Polite and knowledgeable support, thank you.",29.22
4743,9009,2025-06-07,5,5,5,1,10,"Great service, very professional and helpful.",48.24
4744,9010,2026-06-27,2,5,4,1,5,"Resolved on the first call, very satisfied.",29.25
4745,9011,2025-06-22,3,4,3,1,5,Quick response and clear explanation.,69.3
4746,9014,2025-01-08,4,1,3,1,0,"Very frustrating experience, poor communication.",54.82
4747,9019,2026-08-02,5,5,4,1,8,Quick response and clear explanation.,17.88
4748,9023,2026-01-13,5,5,5,1,7,"Resolved on the first call, very satisfied.",22.47
4749,9025,2026-04-30,5,5,3,0,6,"Great service, very professional and helpful.",8.78
4750,9027,2025-12-19,5,4,5,1,4,"Resolved on the first call, very satisfied.",40.49
4751,9029,2026-07-17,5,5,3,0,5,Agent was friendly and solved my issue quickly.,30.81
4752,9031,2025-04-08,5,3,4,1,8,Quick response and clear explanation.,64.07
4753,9032,2026-06-14,5,4,4,1,6,Agent was friendly and solved my issue quickly.,35.9
4754,9035,2025-05-26,3,3,4,1,5,Quick response and clear explanation.,19.25
4755,9039,2025-04-09,5,5,5,1,6,"Great service, very professional and helpful.",22.63
4756,9040,2025-11-06,2,4,4,1,6,"Resolved on the first call, very satisfied.",49.52
4757,9041,2025-10-23,4,5,4,1,2,"Polite and knowledgeable support, thank you.",45.13
4758,9042,2026-03-05,5,4,3,1,8,"Great service, very professional and helpful.",19.16
4759,9043,2025-06-01,4,5,4,1,10,"Great service, very professional and helpful.",11.61
4760,9045,2026-01-18,3,5,5,1,6,"Great service, very professional and helpful.",3.5
4761,9046,2025-11-10,4,2,3,1,1,Average experience overall.,34.68
4762,9048,2025-09-26,5,3,4,1,2,Agent was friendly and solved my issue quickly.,14.61
4763,9050,2026-01-19,5,5,5,1,6,"Polite and knowledgeable support, thank you.",54.39
4764,9056,2025-08-02,3,4,3,1,5,Quick response and clear explanation.,24.87
4765,9057,2025-08-24,5,5,5,1,10,Quick response and clear explanation.,29.7
4766,9060,2025-01-14,5,5,4,1,10,"Polite and knowledgeable support, thank you.",15.78
4767,9061,2025-12-14,5,5,4,1,8,Agent was friendly and solved my issue quickly.,9.22
4768,9062,2026-07-24,5,5,5,1,7,"Great service, very professional and helpful.",41.35
4769,9064,2025-03-16,4,4,5,1,7,Quick response and clear explanation.,13.96
4770,9065,2026-01-28,3,4,2,1,6,"Support was okay, nothing exceptional.",27.93
4771,9066,2026-06-09,5,4,3,0,0,Quick response and clear explanation.,27.11
4772,9067,2025-03-10,5,5,5,1,9,"Resolved on the first call, very satisfied.",18.47
4773,9068,2025-08-06,2,2,2,0,0,Had to contact you multiple times for the same issue.,33.52
4774,9069,2025-01-11,4,4,4,1,4,Quick response and clear explanation.,54.28
4775,9070,2026-01-20,3,3,2,0,1,Issue was resolved but it took a while.,22.1
4776,9074,2025-02-22,5,5,4,1,9,"Resolved on the first call, very satisfied.",20.22
4777,9075,2025-10-19,4,2,4,1,3,Average experience overall.,2.12
4778,9076,2025-02-27,5,4,2,1,5,Got what I needed eventually.,59.37
4779,9080,2025-10-05,2,3,3,0,4,"Support was okay, nothing exceptional.",33.15
4780,9082,2025-08-23,4,3,5,1,5,Agent was friendly and solved my issue quickly.,57.77
4781,9083,2026-05-27,5,4,4,1,6,"Resolved on the first call, very satisfied.",21.48
4782,9085,2025-12-18,2,4,4,1,6,Issue was resolved but it took a while.,39.63
4783,9087,2025-05-20,5,5,5,1,7,"Polite and knowledgeable support, thank you.",35.21
4784,9088,2025-02-19,4,4,5,1,7,Agent was friendly and solved my issue quickly.,11.33
4785,9089,2026-03-27,3,3,2,0,9,"Support was okay, nothing exceptional.",5.33
4786,9090,2025-12-25,4,4,5,1,10,Agent was friendly and solved my issue quickly.,30.42
4787,9091,2025-04-16,5,3,3,0,4,"Resolved on the first call, very satisfied.",37.9
4788,9095,2025-01-28,3,3,3,1,2,Got what I needed eventually.,15.97
4789,9096,2026-04-17,5,5,5,1,8,Quick response and clear explanation.,21.17
4790,9097,2026-04-03,3,3,4,1,6,The agent was fine but I had to wait.,58.64
4791,9098,2025-03-08,3,2,3,1,1,Issue was resolved but it took a while.,38.67
4792,9099,2026-07-12,5,5,4,1,5,"Resolved on the first call, very satisfied.",9.91
4793,9101,2026-08-13,4,2,5,1,6,"Resolved on the first call, very satisfied.",24.19
4794,9103,2026-05-16,5,4,5,1,5,"Polite and knowledgeable support, thank you.",27.65
4795,9104,2026-04-16,5,4,3,1,3,Agent was friendly and solved my issue quickly.,25.18
4796,9105,2025-06-17,4,5,4,1,7,"Great service, very professional and helpful.",31.03
4797,9106,2025-04-01,5,4,5,1,10,Agent was friendly and solved my issue quickly.,55.36
4798,9109,2026-06-16,5,5,5,1,5,"Resolved on the first call, very satisfied.",6.2
4799,9110,2025-04-15,3,3,2,0,4,"Great service, very professional and helpful.",16.65
4800,9112,2026-02-11,4,4,4,1,3,Quick response and clear explanation.,39.36
4801,9113,2026-06-30,5,5,3,0,3,Agent was friendly and solved my issue quickly.,31.98
4802,9115,2026-04-25,3,3,3,1,7,The agent was fine but I had to wait.,0.36
4803,9116,2025-12-20,4,3,3,1,5,"Support was okay, nothing exceptional.",49.17
4804,9118,2025-05-15,4,3,2,0,7,Average experience overall.,10.5
4805,9120,2025-05-16,4,3,4,1,4,"Great service, very professional and helpful.",28.17
4806,9121,2026-04-02,4,4,2,0,8,Average experience overall.,22.79
4807,9122,2026-06-09,5,4,4,1,4,Quick response and clear explanation.,49.44
4808,9124,2025-11-09,4,5,5,0,5,Agent was friendly and solved my issue quickly.,13.07
4809,9127,2026-07-13,3,3,3,0,5,The agent was fine but I had to wait.,58.43
4810,9129,2025-06-19,3,3,3,1,5,Average experience overall.,56.75
4811,9131,2025-06-02,2,3,4,1,3,"Support was okay, nothing exceptional.",18.44
4812,9133,2025-02-20,5,4,4,1,10,"Resolved on the first call, very satisfied.",9.38
4813,9134,2026-07-22,3,3,2,1,4,Average experience overall.,14.85
4814,9135,2026-01-19,4,2,5,1,7,Agent was friendly and solved my issue quickly.,22.31
4815,9137,2026-05-27,3,3,3,1,8,Agent was friendly and solved my issue quickly.,29.88
4816,9138,2025-03-25,5,4,4,1,4,Agent was friendly and solved my issue quickly.,22.85
4817,9139,2026-08-06,5,5,5,0,8,"Resolved on the first call, very satisfied.",14.13
4818,9147,2025-11-22,5,4,4,1,7,"Polite and knowledgeable support, thank you.",2.57
4819,9148,2025-12-24,5,4,4,0,5,Quick response and clear explanation.,4.41
4820,9150,2025-10-02,3,4,4,1,6,Agent was friendly and solved my issue quickly.,16.74
4821,9156,2026-04-22,4,5,5,1,6,"Great service, very professional and helpful.",12.66
4822,9158,2025-03-23,5,4,3,1,8,Quick response and clear explanation.,48.84
4823,9159,2026-01-16,5,4,4,1,8,"Resolved on the first call, very satisfied.",64.95
4824,9161,2025-09-04,5,4,4,0,5,Agent was friendly and solved my issue quickly.,33.14
4825,9162,2025-04-21,5,5,4,1,5,"Great service, very professional and helpful.",38.28
4826,9163,2026-04-19,3,3,3,1,7,"Resolved on the first call, very satisfied.",13.17
4827,9166,2025-05-12,4,4,2,1,3,The agent was fine but I had to wait.,62.78
4828,9168,2025-09-26,4,5,4,1,10,"Resolved on the first call, very satisfied.",28.71
4829,9172,2026-04-26,4,5,5,1,6,"Great service, very professional and helpful.",8.69
4830,9173,2026-03-08,5,5,4,1,7,"Great service, very professional and helpful.",56.45
4831,9174,2025-11-27,3,4,2,1,3,Got what I needed eventually.,0.95
4832,9176,2025-02-13,4,3,2,1,4,Got what I needed eventually.,28.23
4833,9177,2026-03-17,4,1,3,1,3,"Support was okay, nothing exceptional.",44.76
4834,9178,2026-08-04,5,4,3,1,4,"Polite and knowledgeable support, thank you.",23.52
4835,9179,2025-03-10,2,2,3,1,2,Agent was not helpful and seemed rushed.,41.41
4836,9182,2025-06-22,4,5,5,1,10,Quick response and clear explanation.,42.05
4837,9183,2025-07-01,4,5,3,1,5,Agent was friendly and solved my issue quickly.,17.85
4838,9184,2025-12-29,4,3,4,1,7,"Great service, very professional and helpful.",7.91
4839,9185,2025-08-06,1,3,3,1,6,Average experience overall.,15.0
4840,9186,2026-04-30,4,2,4,1,5,The agent was fine but I had to wait.,2.48
4841,9187,2026-05-11,5,4,5,1,9,"Polite and knowledgeable support, thank you.",36.92
4842,9188,2025-09-16,4,4,2,0,3,"Support was okay, nothing exceptional.",2.46
4843,9190,2025-12-22,5,5,5,1,2,Agent was friendly and solved my issue quickly.,25.33
4844,9191,2025-05-24,5,4,5,1,7,"Resolved on the first call, very satisfied.",15.73
4845,9192,2025-04-02,3,4,2,1,4,"Great service, very professional and helpful.",18.36
4846,9195,2025-05-20,5,4,5,1,10,"Great service, very professional and helpful.",14.43
4847,9196,2025-07-24,4,4,2,1,2,Average experience overall.,15.6
4848,9197,2025-10-16,2,3,4,0,1,"Support was okay, nothing exceptional.",28.26
4849,9198,2025-01-04,2,3,4,1,4,Got what I needed eventually.,47.08
4850,9199,2026-01-29,5,4,3,1,6,Quick response and clear explanation.,12.76
4851,9202,2026-01-17,4,5,3,1,10,"Polite and knowledgeable support, thank you.",32.05
4852,9204,2025-11-30,5,5,5,0,10,"Resolved on the first call, very satisfied.",38.25
4853,9205,2025-07-10,4,4,1,1,1,The agent was fine but I had to wait.,27.14
4854,9206,2025-09-15,3,2,3,1,3,"Very frustrating experience, poor communication.",8.78
4855,9207,2025-04-12,3,4,4,1,5,Agent was friendly and solved my issue quickly.,36.11
4856,9209,2025-10-01,4,3,4,1,8,"Polite and knowledgeable support, thank you.",40.9
4857,9210,2025-05-20,4,5,3,1,5,"Resolved on the first call, very satisfied.",30.48
4858,9212,2025-04-25,3,2,3,1,3,Average experience overall.,21.59
4859,9213,2026-07-27,5,4,4,1,6,"Resolved on the first call, very satisfied.",68.23
4860,9214,2026-08-07,5,3,4,0,6,Quick response and clear explanation.,42.56
4861,9215,2025-09-27,4,3,3,1,1,"Support was okay, nothing exceptional.",10.16
4862,9217,2025-11-24,4,5,3,1,4,"Polite and knowledgeable support, thank you.",35.25
4863,9220,2026-01-18,3,4,3,1,6,Issue was resolved but it took a while.,16.29
4864,9221,2026-04-13,4,4,2,1,1,Issue was resolved but it took a while.,27.25
4865,9223,2026-04-03,5,4,4,0,8,Agent was friendly and solved my issue quickly.,39.99
4866,9225,2026-02-09,4,4,5,1,5,Agent was friendly and solved my issue quickly.,9.83
4867,9226,2026-06-03,5,4,4,1,4,"Great service, very professional and helpful.",15.94
4868,9227,2026-05-06,5,5,5,1,9,"Polite and knowledgeable support, thank you.",16.71
4869,9228,2025-04-06,4,2,4,0,7,"Support was okay, nothing exceptional.",11.02
4870,9229,2026-06-04,5,4,3,0,2,"Great service, very professional and helpful.",35.16
4871,9230,2026-01-26,3,2,5,1,8,Issue was resolved but it took a while.,27.0
4872,9232,2026-02-22,5,4,5,1,5,Agent was friendly and solved my issue quickly.,46.54
4873,9235,2025-11-15,5,4,4,0,7,"Polite and knowledgeable support, thank you.",14.9
4874,9238,2026-07-07,5,4,5,1,5,"Polite and knowledgeable support, thank you.",9.84
4875,9239,2026-03-18,5,4,3,1,7,Agent was friendly and solved my issue quickly.,11.23
4876,9241,2025-06-21,5,5,5,1,6,Quick response and clear explanation.,16.82
4877,9242,2025-03-12,5,5,4,1,6,Agent was friendly and solved my issue quickly.,3.41
4878,9243,2025-04-11,4,5,4,1,10,"Great service, very professional and helpful.",13.33
4879,9245,2025-04-01,5,4,5,1,7,"Great service, very professional and helpful.",10.55
4880,9246,2025-06-23,2,2,3,1,4,"Support was okay, nothing exceptional.",11.48
4881,9247,2025-09-14,4,5,2,0,5,Agent was friendly and solved my issue quickly.,14.06
4882,9248,2026-08-08,2,4,2,1,4,Average experience overall.,49.79
4883,9250,2025-07-01,4,3,3,0,1,Issue was resolved but it took a while.,31.76
4884,9251,2025-11-10,5,5,5,1,8,Agent was friendly and solved my issue quickly.,18.29
4885,9252,2025-05-17,3,3,4,1,4,Got what I needed eventually.,18.23
4886,9253,2025-01-14,4,4,4,1,5,Agent was friendly and solved my issue quickly.,44.2
4887,9257,2025-12-09,4,4,3,1,7,Quick response and clear explanation.,8.72
4888,9258,2025-09-29,4,4,5,1,3,"Great service, very professional and helpful.",55.9
4889,9261,2025-08-28,5,5,5,1,9,"Great service, very professional and helpful.",20.64
4890,9262,2026-01-20,4,4,3,1,6,"Polite and knowledgeable support, thank you.",39.58
4891,9263,2025-11-24,5,2,4,1,4,Agent was friendly and solved my issue quickly.,31.23
4892,9265,2025-03-08,4,4,4,0,5,"Support was okay, nothing exceptional.",38.34
4893,9266,2026-06-17,4,4,4,0,9,"Polite and knowledgeable support, thank you.",11.65
4894,9268,2025-07-13,3,2,3,1,4,Got what I needed eventually.,24.97
4895,9271,2026-06-01,2,2,2,1,5,"Support was okay, nothing exceptional.",30.19
4896,9272,2025-11-29,3,2,2,0,0,Had to contact you multiple times for the same issue.,24.8
4897,9273,2025-11-14,4,3,4,1,4,Average experience overall.,14.39
4898,9275,2025-08-21,5,3,5,1,4,"Great service, very professional and helpful.",7.03
4899,9276,2025-08-03,4,2,2,1,5,"Support was okay, nothing exceptional.",13.91
4900,9286,2025-02-23,3,4,3,1,5,Quick response and clear explanation.,30.22
4901,9287,2026-03-05,2,4,4,1,5,Average experience overall.,45.09
4902,9291,2025-04-21,4,2,1,1,0,Agent was not helpful and seemed rushed.,1.34
4903,9293,2025-03-24,4,3,4,1,5,"Resolved on the first call, very satisfied.",3.28
4904,9297,2026-02-03,2,3,3,1,4,Issue was resolved but it took a while.,28.7
4905,9301,2025-01-09,5,5,4,1,7,"Polite and knowledgeable support, thank you.",35.92
4906,9302,2026-07-14,2,3,3,1,3,Issue was resolved but it took a while.,43.45
4907,9305,2025-04-17,4,4,5,0,4,"Great service, very professional and helpful.",6.22
4908,9307,2025-10-06,5,3,4,1,8,"Polite and knowledgeable support, thank you.",55.92
4909,9308,2025-03-05,5,4,5,1,10,Agent was friendly and solved my issue quickly.,12.2
4910,9309,2025-09-23,5,5,4,1,9,"Great service, very professional and helpful.",2.67
4911,9311,2025-09-20,5,5,5,1,6,Agent was friendly and solved my issue quickly.,24.08
4912,9312,2025-04-19,5,3,3,1,4,"Polite and knowledgeable support, thank you.",19.44
4913,9315,2025-05-03,4,5,3,0,10,"Polite and knowledgeable support, thank you.",22.18
4914,9317,2025-07-13,4,3,2,1,8,"Polite and knowledgeable support, thank you.",11.92
4915,9321,2025-02-09,5,4,4,1,7,Agent was friendly and solved my issue quickly.,9.05
4916,9325,2025-05-15,5,3,4,0,4,"Resolved on the first call, very satisfied.",27.68
4917,9327,2026-02-09,4,3,4,1,6,"Polite and knowledgeable support, thank you.",7.93
4918,9332,2025-10-05,5,5,4,1,7,"Great service, very professional and helpful.",24.32
4919,9333,2026-05-05,4,5,3,1,4,"Polite and knowledgeable support, thank you.",4.95
4920,9335,2025-09-18,3,3,4,1,5,"Resolved on the first call, very satisfied.",8.16
4921,9339,2025-03-08,3,3,2,0,4,"Support was okay, nothing exceptional.",27.55
4922,9341,2025-04-22,3,3,1,1,4,Average experience overall.,15.65
4923,9342,2026-04-10,5,3,5,1,2,"Great service, very professional and helpful.",46.78
4924,9346,2025-07-06,1,2,1,1,0,The problem was not resolved and no follow-up.,1.42
4925,9347,2025-04-19,5,3,3,1,6,Agent was friendly and solved my issue quickly.,19.08
4926,9348,2025-11-13,4,4,4,1,6,"Polite and knowledgeable support, thank you.",27.88
4927,9351,2026-01-28,5,5,5,1,9,"Polite and knowledgeable support, thank you.",6.88
4928,9352,2025-02-14,2,3,2,1,4,The agent was fine but I had to wait.,43.26
4929,9354,2025-03-07,5,4,3,0,4,Quick response and clear explanation.,45.42
4930,9355,2025-05-08,5,4,5,1,7,Quick response and clear explanation.,43.04
4931,9359,2026-07-28,5,4,4,1,4,Quick response and clear explanation.,53.72
4932,9362,2026-04-12,4,5,4,1,2,"Great service, very professional and helpful.",23.66
4933,9364,2025-12-08,4,4,4,1,5,"Resolved on the first call, very satisfied.",8.1
4934,9366,2025-01-18,5,5,4,1,10,"Great service, very professional and helpful.",17.84
4935,9368,2025-07-05,4,3,1,1,4,Agent was not helpful and seemed rushed.,27.37
4936,9370,2025-02-22,4,4,5,1,3,Agent was friendly and solved my issue quickly.,2.8
4937,9371,2025-09-11,5,5,4,1,10,"Great service, very professional and helpful.",40.48
4938,9373,2025-04-14,5,4,5,1,6,"Great service, very professional and helpful.",28.56
4939,9375,2025-07-09,3,2,2,1,6,Issue was resolved but it took a while.,26.03
4940,9376,2025-04-21,5,5,3,1,6,"Resolved on the first call, very satisfied.",9.69
4941,9378,2026-08-04,3,5,4,1,6,"Polite and knowledgeable support, thank you.",5.53
4942,9379,2026-05-25,2,5,1,1,6,"Support was okay, nothing exceptional.",20.64
4943,9385,2025-03-13,3,1,3,0,2,"Very frustrating experience, poor communication.",29.81
4944,9389,2026-06-20,2,3,1,1,5,"Very frustrating experience, poor communication.",42.87
4945,9392,2025-05-29,4,4,2,1,1,Average experience overall.,42.4
4946,9394,2025-09-30,3,4,3,1,6,Got what I needed eventually.,21.19
4947,9396,2026-02-03,4,3,3,1,4,Agent was friendly and solved my issue quickly.,20.89
4948,9397,2026-05-17,4,4,4,1,7,Agent was friendly and solved my issue quickly.,11.33
4949,9399,2025-11-28,3,3,4,1,7,"Polite and knowledgeable support, thank you.",10.5
4950,9400,2026-07-21,5,5,4,1,10,"Great service, very professional and helpful.",6.26
4951,9401,2026-05-06,3,4,3,0,4,Got what I needed eventually.,29.05
4952,9407,2025-11-05,4,4,2,1,4,"Great service, very professional and helpful.",19.6
4953,9408,2025-11-01,5,5,4,1,3,"Great service, very professional and helpful.",19.49
4954,9411,2026-07-11,5,5,5,1,7,"Polite and knowledgeable support, thank you.",11.13
4955,9412,2026-05-29,5,4,3,1,10,"Resolved on the first call, very satisfied.",12.74
4956,9414,2025-08-30,4,4,3,1,5,"Polite and knowledgeable support, thank you.",23.92
4957,9417,2026-01-29,2,3,3,0,3,Got what I needed eventually.,26.94
4958,9418,2026-03-07,5,4,4,1,6,"Polite and knowledgeable support, thank you.",8.09
4959,9421,2026-03-09,2,3,1,1,4,Got what I needed eventually.,52.47
4960,9423,2025-06-24,5,5,5,1,10,Agent was friendly and solved my issue quickly.,57.63
4961,9424,2026-08-05,4,4,3,1,7,"Great service, very professional and helpful.",13.7
4962,9426,2025-09-05,5,5,5,1,7,Quick response and clear explanation.,11.82
4963,9428,2026-03-07,4,5,3,1,8,"Great service, very professional and helpful.",30.84
4964,9430,2025-01-25,4,5,2,1,5,"Support was okay, nothing exceptional.",25.2
4965,9433,2025-08-07,3,3,3,0,1,Average experience overall.,41.8
4966,9434,2025-06-12,3,4,4,1,3,"Great service, very professional and helpful.",22.67
4967,9436,2026-01-09,5,4,4,1,4,Got what I needed eventually.,11.61
4968,9437,2026-01-22,3,4,4,1,7,"Support was okay, nothing exceptional.",23.5
4969,9438,2026-05-20,5,3,5,1,7,"Great service, very professional and helpful.",4.83
4970,9440,2025-06-25,3,2,1,1,4,"Very frustrating experience, poor communication.",40.8
4971,9441,2026-04-07,4,4,5,1,5,"Resolved on the first call, very satisfied.",28.85
4972,9446,2025-10-29,3,3,3,1,4,Quick response and clear explanation.,22.06
4973,9447,2026-04-23,5,5,5,1,6,"Resolved on the first call, very satisfied.",31.42
4974,9449,2025-04-13,4,4,2,1,3,"Support was okay, nothing exceptional.",23.04
4975,9450,2026-04-02,5,5,5,1,8,"Polite and knowledgeable support, thank you.",32.68
4976,9455,2026-06-24,3,3,2,1,4,Had to contact you multiple times for the same issue.,25.62
4977,9456,2025-12-20,3,2,3,1,6,"Support was okay, nothing exceptional.",12.95
4978,9457,2025-11-08,5,4,5,1,4,Quick response and clear explanation.,6.1
4979,9461,2026-04-25,3,3,4,1,6,"Support was okay, nothing exceptional.",43.9
4980,9463,2025-11-13,5,4,4,0,4,"Resolved on the first call, very satisfied.",22.72
4981,9467,2026-05-17,4,5,4,1,9,"Great service, very professional and helpful.",30.62
4982,9469,2025-12-09,3,4,2,0,7,Quick response and clear explanation.,14.36
4983,9471,2025-04-03,5,4,5,1,8,"Resolved on the first call, very satisfied.",17.01
4984,9472,2026-03-21,3,3,2,1,4,"Very frustrating experience, poor communication.",21.09
4985,9473,2025-12-18,3,3,2,0,3,Average experience overall.,44.39
4986,9474,2026-05-05,5,5,5,0,9,"Great service, very professional and helpful.",18.88
4987,9477,2026-07-05,3,2,3,1,4,The agent was fine but I had to wait.,29.7
4988,9478,2025-01-21,4,4,4,1,6,"Resolved on the first call, very satisfied.",34.15
4989,9480,2025-05-18,4,4,4,1,7,"Resolved on the first call, very satisfied.",20.82
4990,9481,2026-03-13,3,2,4,1,2,The agent was fine but I had to wait.,38.11
4991,9482,2026-05-07,3,3,3,0,4,"Support was okay, nothing exceptional.",46.39
4992,9484,2025-04-11,5,4,5,1,8,"Great service, very professional and helpful.",23.33
4993,9485,2025-07-21,5,4,4,1,4,"Resolved on the first call, very satisfied.",43.77
4994,9486,2025-10-15,3,5,3,1,3,"Great service, very professional and helpful.",47.66
4995,9488,2026-03-15,3,3,2,0,4,The agent was fine but I had to wait.,5.95
4996,9492,2025-10-09,5,4,2,1,7,"Great service, very professional and helpful.",13.38
4997,9496,2026-06-29,5,5,4,0,7,Quick response and clear explanation.,58.03
4998,9497,2026-05-13,5,5,3,1,8,"Resolved on the first call, very satisfied.",7.84
4999,9498,2026-02-28,5,5,4,1,7,"Great service, very professional and helpful.",40.05
5000,9500,2026-05-16,3,4,3,1,5,Average experience overall.,46.47
5001,9503,2025-08-23,3,4,3,1,6,Average experience overall.,20.45
5002,9504,2025-03-24,4,4,4,1,3,Agent was friendly and solved my issue quickly.,23.48
5003,9509,2026-04-17,1,3,1,0,2,Waited far too long and the problem is still not fixed.,12.13
5004,9512,2025-06-12,5,3,5,1,6,"Resolved on the first call, very satisfied.",37.91
5005,9515,2026-05-23,4,3,4,1,5,Quick response and clear explanation.,20.35
5006,9518,2025-12-27,4,3,3,1,6,"Resolved on the first call, very satisfied.",31.27
5007,9519,2026-04-04,1,2,3,0,2,Had to contact you multiple times for the same issue.,40.09
5008,9520,2025-12-23,5,5,5,0,7,"Polite and knowledgeable support, thank you.",19.2
5009,9521,2025-09-03,4,4,2,1,8,Quick response and clear explanation.,10.09
5010,9524,2026-05-31,4,5,5,1,6,Quick response and clear explanation.,32.17
5011,9529,2025-08-01,5,5,5,1,8,Agent was friendly and solved my issue quickly.,71.42
5012,9533,2025-06-21,2,2,1,1,2,Had to contact you multiple times for the same issue.,16.51
5013,9535,2026-02-11,5,4,5,1,10,Agent was friendly and solved my issue quickly.,39.34
5014,9540,2025-11-30,5,5,5,1,9,Quick response and clear explanation.,27.42
5015,9545,2025-12-30,4,5,5,0,6,"Great service, very professional and helpful.",37.23
5016,9546,2026-07-24,5,5,5,1,8,Quick response and clear explanation.,20.3
5017,9548,2026-01-05,5,5,5,1,10,"Polite and knowledgeable support, thank you.",57.34
5018,9549,2025-09-01,5,4,5,1,7,"Great service, very professional and helpful.",25.14
5019,9551,2025-09-10,5,5,4,1,7,"Great service, very professional and helpful.",13.25
5020,9552,2025-06-27,3,4,2,0,3,Issue was resolved but it took a while.,24.98
5021,9553,2025-12-08,4,5,3,1,5,"Polite and knowledgeable support, thank you.",2.71
5022,9556,2025-06-20,3,3,4,1,2,Issue was resolved but it took a while.,38.38
5023,9557,2026-01-11,4,2,3,1,4,Average experience overall.,4.65
5024,9559,2026-07-11,3,5,4,1,4,"Polite and knowledgeable support, thank you.",43.07
5025,9561,2025-06-27,3,4,3,1,7,Agent was friendly and solved my issue quickly.,23.04
5026,9562,2025-07-06,5,5,5,1,10,Quick response and clear explanation.,19.63
5027,9564,2025-12-09,4,5,5,1,6,Quick response and clear explanation.,22.14
5028,9565,2025-12-08,4,3,5,1,2,"Resolved on the first call, very satisfied.",17.86
5029,9567,2026-01-05,4,3,4,0,3,The agent was fine but I had to wait.,25.4
5030,9568,2025-06-16,5,5,4,1,9,"Resolved on the first call, very satisfied.",2.91
5031,9569,2025-06-23,5,3,4,0,2,"Polite and knowledgeable support, thank you.",22.59
5032,9570,2025-05-25,5,5,4,1,8,Quick response and clear explanation.,12.3
5033,9571,2025-04-02,5,5,2,1,7,Quick response and clear explanation.,12.14
5034,9573,2025-03-20,3,4,4,1,8,Quick response and clear explanation.,36.12
5035,9574,2026-06-16,3,5,5,1,6,Agent was friendly and solved my issue quickly.,43.3
5036,9577,2025-07-21,4,3,4,1,5,"Resolved on the first call, very satisfied.",13.65
5037,9579,2026-05-30,4,5,3,1,4,"Polite and knowledgeable support, thank you.",33.31
5038,9580,2025-04-27,5,4,3,0,8,Agent was friendly and solved my issue quickly.,17.53
5039,9581,2025-09-17,5,4,3,1,6,Agent was friendly and solved my issue quickly.,11.12
5040,9584,2025-07-20,4,3,2,1,2,"Support was okay, nothing exceptional.",31.19
5041,9585,2026-02-17,2,3,2,1,6,Got what I needed eventually.,11.43
5042,9587,2025-06-07,4,3,3,1,6,"Great service, very professional and helpful.",13.78
5043,9588,2025-02-13,4,5,3,1,4,Quick response and clear explanation.,67.71
5044,9590,2025-04-27,5,5,4,1,5,Quick response and clear explanation.,8.04
5045,9592,2025-12-12,5,5,5,1,8,"Resolved on the first call, very satisfied.",33.6
5046,9594,2025-04-24,2,1,1,1,0,Had to contact you multiple times for the same issue.,31.85
5047,9598,2025-03-03,4,5,4,1,6,Quick response and clear explanation.,6.56
5048,9599,2025-01-14,5,3,4,1,10,Quick response and clear explanation.,27.39
5049,9604,2026-01-10,4,4,3,1,9,"Polite and knowledgeable support, thank you.",20.88
5050,9605,2025-04-21,4,4,5,0,10,"Resolved on the first call, very satisfied.",3.92
5051,9607,2025-10-17,4,4,4,1,7,Quick response and clear explanation.,28.24
5052,9610,2025-07-19,3,2,3,1,7,Average experience overall.,9.78
5053,9611,2025-07-14,5,3,5,1,7,"Great service, very professional and helpful.",12.63
5054,9614,2026-02-22,3,3,4,1,3,Issue was resolved but it took a while.,46.33
5055,9618,2026-06-02,4,3,3,1,5,"Great service, very professional and helpful.",10.46
5056,9620,2025-05-25,4,4,5,1,6,"Great service, very professional and helpful.",12.96
5057,9626,2025-03-24,5,5,4,1,6,"Resolved on the first call, very satisfied.",29.92
5058,9629,2025-04-16,4,4,5,1,7,"Great service, very professional and helpful.",26.63
5059,9630,2026-05-28,4,3,3,1,6,Average experience overall.,19.68
5060,9631,2025-02-10,3,5,4,1,7,"Resolved on the first call, very satisfied.",25.21
5061,9632,2026-06-30,5,4,5,1,6,Quick response and clear explanation.,13.43
5062,9633,2025-11-11,3,2,3,1,0,The agent was fine but I had to wait.,14.51
5063,9634,2025-10-27,4,4,3,0,6,Quick response and clear explanation.,32.17
5064,9635,2026-03-29,4,2,3,1,4,The agent was fine but I had to wait.,55.28
5065,9636,2026-04-14,5,5,5,1,7,Agent was friendly and solved my issue quickly.,17.52
5066,9638,2025-04-21,5,2,4,0,6,Agent was friendly and solved my issue quickly.,13.85
5067,9641,2026-06-20,4,4,3,1,5,Agent was friendly and solved my issue quickly.,48.45
5068,9644,2026-08-09,5,5,4,1,10,"Great service, very professional and helpful.",22.33
5069,9645,2025-02-02,2,2,3,1,6,Average experience overall.,18.71
5070,9646,2026-08-14,4,4,3,1,7,"Support was okay, nothing exceptional.",9.82
5071,9649,2026-06-27,2,4,3,0,4,"Support was okay, nothing exceptional.",14.26
5072,9650,2025-03-29,3,3,3,1,6,"Polite and knowledgeable support, thank you.",9.45
5073,9651,2025-04-17,5,5,5,1,7,"Resolved on the first call, very satisfied.",15.02
5074,9653,2025-06-13,3,5,5,1,6,"Polite and knowledgeable support, thank you.",44.56
5075,9655,2025-10-17,4,3,3,0,6,The agent was fine but I had to wait.,5.65
5076,9661,2025-02-25,4,4,3,1,9,"Great service, very professional and helpful.",3.6
5077,9664,2025-04-28,3,4,2,0,5,"Support was okay, nothing exceptional.",4.42
5078,9665,2026-07-03,5,3,4,1,7,Quick response and clear explanation.,1.02
5079,9671,2026-07-16,5,4,3,1,8,Quick response and clear explanation.,58.36
5080,9674,2025-02-13,5,5,5,1,7,Quick response and clear explanation.,10.59
5081,9676,2025-04-24,3,3,3,0,6,Average experience overall.,51.25
5082,9678,2026-08-08,5,4,5,1,7,Agent was friendly and solved my issue quickly.,15.61
5083,9679,2026-04-05,4,4,3,1,3,Agent was friendly and solved my issue quickly.,40.4
5084,9681,2026-08-08,5,4,5,1,7,"Great service, very professional and helpful.",22.58
5085,9682,2025-05-21,5,5,4,1,6,"Resolved on the first call, very satisfied.",28.1
5086,9684,2025-10-23,4,3,4,0,6,"Polite and knowledgeable support, thank you.",29.93
5087,9685,2025-09-23,5,5,4,1,9,"Resolved on the first call, very satisfied.",36.18
5088,9686,2026-02-02,2,4,3,1,3,Got what I needed eventually.,10.21
5089,9688,2026-01-26,4,5,4,1,8,"Polite and knowledgeable support, thank you.",10.74
5090,9692,2026-02-05,3,3,5,1,6,"Great service, very professional and helpful.",6.95
5091,9695,2025-01-31,5,4,3,1,7,Quick response and clear explanation.,38.19
5092,9696,2025-02-16,5,5,3,1,9,Agent was friendly and solved my issue quickly.,32.96
5093,9697,2025-04-24,4,3,4,1,6,"Resolved on the first call, very satisfied.",42.04
5094,9698,2026-03-10,5,4,4,1,3,"Great service, very professional and helpful.",49.24
5095,9700,2025-12-30,5,4,4,0,4,"Resolved on the first call, very satisfied.",2.1
5096,9703,2026-08-07,5,5,4,1,10,"Resolved on the first call, very satisfied.",78.38
5097,9704,2026-07-15,3,4,4,1,6,Quick response and clear explanation.,1.78
5098,9705,2025-09-30,4,3,3,1,6,The agent was fine but I had to wait.,18.23
5099,9708,2025-01-06,5,5,5,1,8,"Polite and knowledgeable support, thank you.",26.05
5100,9715,2025-04-10,5,5,4,1,8,"Great service, very professional and helpful.",4.93
5101,9716,2026-01-02,4,3,3,1,6,Agent was friendly and solved my issue quickly.,14.92
5102,9720,2025-06-23,4,2,2,1,6,The agent was fine but I had to wait.,13.79
5103,9722,2026-02-05,5,5,5,1,7,Agent was friendly and solved my issue quickly.,2.11
5104,9724,2025-07-07,5,4,5,1,5,Quick response and clear explanation.,19.73
5105,9727,2025-05-02,4,2,2,1,4,Issue was resolved but it took a while.,63.58
5106,9731,2026-03-22,5,5,5,1,9,Agent was friendly and solved my issue quickly.,15.52
5107,9732,2025-12-13,4,3,4,1,8,"Great service, very professional and helpful.",14.93
5108,9733,2025-10-11,5,4,4,1,3,Quick response and clear explanation.,30.72
5109,9734,2026-08-05,5,4,5,1,6,Agent was friendly and solved my issue quickly.,34.03
5110,9735,2026-06-27,4,1,2,0,6,The agent was fine but I had to wait.,27.27
5111,9739,2025-06-30,5,5,3,1,5,"Polite and knowledgeable support, thank you.",23.73
5112,9740,2026-04-06,3,4,3,1,5,"Support was okay, nothing exceptional.",55.92
5113,9743,2026-03-04,5,4,5,1,3,"Polite and knowledgeable support, thank you.",28.44
5114,9745,2025-10-13,3,5,4,1,4,"Polite and knowledgeable support, thank you.",34.75
5115,9746,2025-11-30,5,3,3,1,7,Quick response and clear explanation.,12.88
5116,9747,2025-09-06,4,5,4,1,5,Quick response and clear explanation.,32.44
5117,9748,2026-06-09,2,3,1,0,3,Had to contact you multiple times for the same issue.,6.22
5118,9749,2026-02-09,4,3,5,1,8,"Resolved on the first call, very satisfied.",18.92
5119,9750,2025-02-16,5,5,5,1,8,"Great service, very professional and helpful.",31.28
5120,9755,2025-08-12,4,5,3,1,6,Quick response and clear explanation.,24.48
5121,9756,2025-06-13,5,5,5,1,8,"Polite and knowledgeable support, thank you.",8.94
5122,9758,2026-08-05,5,5,5,1,8,"Resolved on the first call, very satisfied.",31.89
5123,9760,2025-05-19,4,5,4,1,5,"Resolved on the first call, very satisfied.",3.44
5124,9762,2026-03-26,5,5,4,1,7,"Great service, very professional and helpful.",2.69
5125,9763,2025-10-09,4,2,3,1,2,Got what I needed eventually.,24.96
5126,9765,2025-05-24,5,4,3,1,7,"Resolved on the first call, very satisfied.",32.14
5127,9766,2025-03-14,4,3,4,0,2,Got what I needed eventually.,50.04
5128,9767,2026-01-23,4,5,5,1,7,"Polite and knowledgeable support, thank you.",22.85
5129,9770,2025-05-04,4,3,4,0,7,"Resolved on the first call, very satisfied.",2.22
5130,9771,2026-07-24,5,5,4,1,10,Quick response and clear explanation.,35.73
5131,9774,2026-03-07,5,5,5,1,9,Quick response and clear explanation.,45.94
5132,9775,2025-03-25,5,4,3,1,8,"Resolved on the first call, very satisfied.",7.28
5133,9779,2025-12-11,5,4,5,0,10,Quick response and clear explanation.,6.86
5134,9780,2025-11-17,5,4,5,1,7,"Great service, very professional and helpful.",4.05
5135,9784,2025-05-25,3,2,3,0,3,Got what I needed eventually.,27.34
5136,9785,2025-11-20,3,3,4,1,5,"Great service, very professional and helpful.",3.1
5137,9786,2025-04-05,4,3,4,1,3,Average experience overall.,18.58
5138,9787,2026-01-14,4,2,2,1,2,Got what I needed eventually.,2.13
5139,9790,2026-07-16,4,4,4,1,6,"Great service, very professional and helpful.",7.12
5140,9792,2025-02-04,4,4,5,1,3,"Resolved on the first call, very satisfied.",16.25
5141,9796,2025-10-06,5,5,4,1,3,Agent was friendly and solved my issue quickly.,13.65
5142,9798,2025-05-09,3,4,5,1,6,Agent was friendly and solved my issue quickly.,28.15
5143,9799,2025-12-10,4,5,2,1,3,Agent was friendly and solved my issue quickly.,33.9
5144,9802,2026-02-28,5,4,3,1,10,"Great service, very professional and helpful.",0.78
5145,9804,2026-04-16,4,4,3,1,9,"Great service, very professional and helpful.",34.08
5146,9805,2025-12-10,5,3,3,1,9,Agent was friendly and solved my issue quickly.,29.27
5147,9810,2025-05-08,4,5,2,1,7,Quick response and clear explanation.,11.05
5148,9811,2026-02-03,4,5,5,1,4,Agent was friendly and solved my issue quickly.,11.02
5149,9812,2025-11-15,5,4,3,1,7,"Resolved on the first call, very satisfied.",41.21
5150,9813,2026-06-07,1,2,1,1,1,"Very frustrating experience, poor communication.",28.8
5151,9815,2026-03-18,3,4,3,1,4,The agent was fine but I had to wait.,28.81
5152,9818,2026-03-05,4,2,3,1,5,Issue was resolved but it took a while.,2.33
5153,9819,2025-07-28,2,1,2,1,0,Waited far too long and the problem is still not fixed.,7.17
5154,9823,2025-08-17,5,5,4,1,4,"Polite and knowledgeable support, thank you.",20.02
5155,9825,2025-04-12,4,3,2,0,3,"Support was okay, nothing exceptional.",21.02
5156,9826,2025-02-27,5,5,5,1,6,Agent was friendly and solved my issue quickly.,5.33
5157,9827,2026-06-23,5,4,2,1,8,"Polite and knowledgeable support, thank you.",31.09
5158,9829,2026-02-18,4,3,2,0,8,"Polite and knowledgeable support, thank you.",36.98
5159,9831,2025-02-20,3,4,5,1,6,"Polite and knowledgeable support, thank you.",13.15
5160,9832,2025-06-20,5,5,5,1,10,"Great service, very professional and helpful.",41.2
5161,9833,2025-02-12,5,4,5,1,8,Quick response and clear explanation.,33.15
5162,9836,2025-06-06,5,5,4,1,5,"Resolved on the first call, very satisfied.",35.99
5163,9837,2026-04-19,4,3,3,0,3,"Support was okay, nothing exceptional.",25.94
5164,9839,2025-11-30,4,3,2,0,4,Issue was resolved but it took a while.,38.86
5165,9840,2026-06-21,4,3,1,1,6,The agent was fine but I had to wait.,42.72
5166,9841,2026-03-17,5,5,5,1,5,Agent was friendly and solved my issue quickly.,32.53
5167,9842,2026-04-05,3,4,4,1,3,Issue was resolved but it took a while.,30.61
5168,9844,2025-01-14,5,5,4,1,7,Quick response and clear explanation.,2.83
5169,9845,2025-06-08,4,4,2,1,4,"Resolved on the first call, very satisfied.",28.23
5170,9846,2026-06-09,4,3,1,0,8,Issue was resolved but it took a while.,3.65
5171,9849,2026-02-01,2,2,3,1,0,Got what I needed eventually.,10.4
5172,9853,2025-03-07,4,4,3,1,7,"Great service, very professional and helpful.",14.26
5173,9854,2025-02-28,4,3,5,1,6,"Polite and knowledgeable support, thank you.",42.03
5174,9855,2025-07-28,4,4,4,1,6,"Resolved on the first call, very satisfied.",5.29
5175,9860,2026-07-31,1,2,1,0,3,Agent was not helpful and seemed rushed.,57.56
5176,9861,2025-09-14,5,4,3,1,2,"Polite and knowledgeable support, thank you.",31.42
5177,9864,2026-04-10,5,4,5,1,6,Agent was friendly and solved my issue quickly.,22.08
5178,9865,2025-02-26,5,3,2,0,5,Got what I needed eventually.,29.42
5179,9866,2026-03-03,4,5,4,1,8,"Polite and knowledgeable support, thank you.",33.82
5180,9870,2026-06-27,5,5,5,1,8,Quick response and clear explanation.,24.18
5181,9882,2025-02-09,3,5,2,1,6,Agent was friendly and solved my issue quickly.,41.97
5182,9884,2025-10-08,5,4,5,1,8,"Resolved on the first call, very satisfied.",8.87
5183,9887,2025-09-08,3,5,3,1,2,"Support was okay, nothing exceptional.",31.51
5184,9889,2025-03-15,5,4,4,1,4,"Polite and knowledgeable support, thank you.",12.61
5185,9890,2026-03-25,4,2,3,1,2,"Support was okay, nothing exceptional.",28.09
5186,9893,2026-06-30,4,3,3,1,6,Quick response and clear explanation.,53.02
5187,9895,2025-11-11,3,3,2,1,5,The agent was fine but I had to wait.,5.27
5188,9896,2025-01-16,3,3,5,1,6,"Resolved on the first call, very satisfied.",29.06
5189,9897,2026-08-13,5,5,4,1,8,"Resolved on the first call, very satisfied.",7.62
5190,9899,2025-10-03,3,4,3,1,5,"Polite and knowledgeable support, thank you.",23.77
5191,9900,2026-06-14,3,2,1,0,2,The agent was fine but I had to wait.,35.7
5192,9901,2026-02-22,5,5,3,1,6,"Great service, very professional and helpful.",3.34
5193,9902,2025-11-01,5,4,4,1,7,Quick response and clear explanation.,23.26
5194,9903,2025-09-25,4,3,4,1,6,Average experience overall.,23.73
5195,9904,2025-04-13,5,4,5,1,10,"Polite and knowledgeable support, thank you.",21.84
5196,9905,2025-08-26,5,5,5,1,8,"Polite and knowledgeable support, thank you.",27.81
5197,9906,2026-07-02,3,4,3,1,6,The agent was fine but I had to wait.,17.63
5198,9910,2025-10-13,5,3,3,1,5,Quick response and clear explanation.,29.49
5199,9913,2025-04-16,2,3,2,1,0,Agent was not helpful and seemed rushed.,34.87
5200,9915,2025-04-13,5,5,5,0,6,"Polite and knowledgeable support, thank you.",16.79
5201,9916,2026-06-05,5,5,3,1,5,"Polite and knowledgeable support, thank you.",20.5
5202,9917,2025-03-05,5,5,5,1,7,"Resolved on the first call, very satisfied.",9.16
5203,9920,2026-06-05,4,4,3,1,7,Quick response and clear explanation.,20.42
5204,9921,2025-10-23,4,4,5,1,6,Agent was friendly and solved my issue quickly.,22.39
5205,9922,2025-12-09,5,4,3,1,8,"Polite and knowledgeable support, thank you.",10.79
5206,9923,2026-01-19,5,5,5,1,9,"Polite and knowledgeable support, thank you.",41.61
5207,9925,2025-02-14,4,5,4,0,7,"Resolved on the first call, very satisfied.",32.17
5208,9926,2026-04-06,2,4,1,1,7,"Support was okay, nothing exceptional.",49.05
5209,9929,2025-01-04,3,4,3,1,7,Quick response and clear explanation.,45.32
5210,9930,2026-02-05,5,5,5,1,7,Agent was friendly and solved my issue quickly.,27.23
5211,9931,2025-07-09,3,1,1,1,0,Waited far too long and the problem is still not fixed.,24.19
5212,9933,2025-08-23,5,5,5,1,6,Agent was friendly and solved my issue quickly.,31.64
5213,9935,2026-05-26,5,5,5,1,6,"Resolved on the first call, very satisfied.",40.47
5214,9936,2026-01-15,5,5,3,0,7,Quick response and clear explanation.,24.4
5215,9938,2026-06-15,5,5,4,1,7,"Resolved on the first call, very satisfied.",0.41
5216,9939,2025-07-06,2,3,3,1,3,"Support was okay, nothing exceptional.",27.28
5217,9941,2026-04-25,3,4,3,1,7,"Great service, very professional and helpful.",35.68
5218,9943,2026-01-11,3,3,3,1,8,The agent was fine but I had to wait.,30.09
5219,9947,2025-05-31,5,4,5,1,6,Quick response and clear explanation.,51.62
5220,9948,2026-06-15,5,3,3,1,6,"Great service, very professional and helpful.",20.07
5221,9949,2025-08-15,5,5,3,1,7,"Great service, very professional and helpful.",21.02
5222,9952,2025-02-03,2,3,4,1,6,Agent was friendly and solved my issue quickly.,29.32
5223,9957,2026-07-20,5,3,3,1,3,The agent was fine but I had to wait.,6.61
5224,9960,2026-07-02,1,2,1,1,2,Agent was not helpful and seemed rushed.,46.13
5225,9961,2026-03-22,4,4,3,0,6,Got what I needed eventually.,33.11
5226,9965,2026-03-03,4,5,5,1,8,"Great service, very professional and helpful.",5.8
5227,9966,2025-01-08,5,3,2,0,7,"Great service, very professional and helpful.",15.95
5228,9967,2025-11-22,4,4,3,1,6,"Resolved on the first call, very satisfied.",20.67
5229,9971,2026-03-10,4,4,3,1,4,Agent was friendly and solved my issue quickly.,19.61
5230,9978,2025-12-09,3,3,4,1,6,"Polite and knowledgeable support, thank you.",28.65
5231,9980,2025-10-11,5,3,4,1,5,Agent was friendly and solved my issue quickly.,22.38
5232,9981,2025-05-17,5,5,4,1,6,Quick response and clear explanation.,22.89
5233,9982,2025-10-03,5,4,5,1,10,Quick response and clear explanation.,29.5
5234,9984,2026-01-19,5,4,4,0,3,Agent was friendly and solved my issue quickly.,20.57
5235,9986,2026-02-05,5,4,5,1,7,"Resolved on the first call, very satisfied.",21.53
5236,9988,2026-03-30,5,4,3,1,3,"Resolved on the first call, very satisfied.",75.06
5237,9990,2026-07-22,5,4,4,1,9,Quick response and clear explanation.,40.64
5238,9991,2026-03-01,5,5,4,1,8,"Resolved on the first call, very satisfied.",9.88
5239,9995,2026-05-26,5,3,2,1,6,"Support was okay, nothing exceptional.",39.86
5240,9996,2025-01-29,4,4,5,1,3,"Polite and knowledgeable support, thank you.",59.77
5241,10000,2026-07-14,3,4,4,1,10,"Polite and knowledgeable support, thank you.",19.39
