TicketKey,TicketID,DateKey,AgentKey,ClientKey,ChannelKey,CreatedDateTime,ResolvedDateTime,ResolutionHours,IsResolved,SLA_Met,CSAT_Score
1,TCK-10001,20251009,48,2,1,2025-10-09 07:14:08,2025-10-09 14:28:32,7.24,1,1,
2,TCK-10002,20250406,2,7,1,2025-04-06 06:14:32,2025-04-06 11:25:56,5.19,1,1,4
3,TCK-10003,20251012,29,7,1,2025-10-12 00:48:51,2025-10-12 01:32:39,0.73,1,1,4
4,TCK-10004,20260125,6,6,1,2026-01-25 03:22:54,2026-01-26 06:06:42,26.73,1,1,5
5,TCK-10005,20260720,6,2,2,2026-07-20 09:53:40,2026-07-21 07:59:04,22.09,1,1,3
6,TCK-10006,20251024,15,1,3,2025-10-24 02:54:14,,,0,0,3
7,TCK-10007,20250616,24,8,3,2025-06-16 11:22:13,2025-06-17 00:26:25,13.07,1,1,
8,TCK-10008,20250908,47,3,3,2025-09-08 05:29:24,2025-09-08 06:36:36,1.12,1,1,4
9,TCK-10009,20250202,15,6,1,2025-02-02 10:25:17,2025-02-02 21:06:05,10.68,1,1,3
10,TCK-10010,20260210,32,4,3,2026-02-10 20:29:09,2026-02-11 07:09:57,10.68,1,1,3
11,TCK-10011,20260106,26,7,3,2026-01-06 07:08:32,2026-01-06 22:07:20,14.98,1,0,4
12,TCK-10012,20250307,28,3,3,2025-03-07 12:24:38,,,0,0,4
13,TCK-10013,20250428,47,1,3,2025-04-28 21:56:34,2025-04-29 17:43:22,19.78,1,1,3
14,TCK-10014,20250927,1,3,2,2025-09-27 16:48:11,2025-09-29 00:29:35,31.69,1,0,5
15,TCK-10015,20250615,24,4,1,2025-06-15 17:49:59,2025-06-16 22:57:11,29.12,1,1,
16,TCK-10016,20250301,16,6,2,2025-03-01 07:56:36,,,0,0,
17,TCK-10017,20260630,49,8,1,2026-06-30 04:08:42,2026-06-30 22:41:06,18.54,1,1,4
18,TCK-10018,20250725,35,7,1,2025-07-25 22:19:25,,,0,0,5
19,TCK-10019,20250504,29,8,3,2025-05-04 07:14:04,2025-05-04 18:21:16,11.12,1,1,4
20,TCK-10020,20250302,41,2,3,2025-03-02 07:04:57,2025-03-02 18:36:09,11.52,1,1,5
21,TCK-10021,20250516,35,8,1,2025-05-16 23:59:56,2025-05-17 03:13:08,3.22,1,1,4
22,TCK-10022,20260318,7,4,1,2026-03-18 11:27:26,2026-03-19 03:36:26,16.15,1,1,3
23,TCK-10023,20251214,26,2,1,2025-12-14 03:15:12,2025-12-14 09:50:36,6.59,1,1,4
24,TCK-10024,20260718,29,4,1,2026-07-18 03:03:41,,,0,0,5
25,TCK-10025,20260513,27,4,1,2026-05-13 15:13:55,2026-05-14 04:25:19,13.19,1,1,
26,TCK-10026,20250929,25,7,1,2025-09-29 14:18:27,2025-09-30 06:14:51,15.94,1,0,2
27,TCK-10027,20251031,13,8,1,2025-10-31 06:03:37,2025-11-01 10:13:13,28.16,1,1,
28,TCK-10028,20250611,34,8,3,2025-06-11 01:32:05,,,0,0,
29,TCK-10029,20260218,16,2,3,2026-02-18 03:56:36,2026-02-19 02:20:00,22.39,1,1,3
30,TCK-10030,20251118,14,6,2,2025-11-18 07:16:25,2025-11-18 17:14:37,9.97,1,1,2
31,TCK-10031,20260731,30,2,1,2026-07-31 03:04:34,2026-08-01 04:54:22,25.83,1,1,5
32,TCK-10032,20250611,19,4,2,2025-06-11 14:53:34,2025-06-11 23:18:46,8.42,1,1,5
33,TCK-10033,20251103,36,1,3,2025-11-03 21:06:56,2025-11-04 14:12:56,17.1,1,1,
34,TCK-10034,20250609,36,2,3,2025-06-09 08:18:38,2025-06-09 16:43:14,8.41,1,1,5
35,TCK-10035,20250405,4,8,2,2025-04-05 20:27:53,2025-04-07 11:33:53,39.1,1,1,4
36,TCK-10036,20260329,48,5,1,2026-03-29 17:45:27,2026-03-31 10:18:27,40.55,1,0,5
37,TCK-10037,20260114,3,3,3,2026-01-14 18:35:09,2026-01-16 00:07:33,29.54,1,0,4
38,TCK-10038,20250913,14,1,2,2025-09-13 21:06:22,2025-09-15 00:45:22,27.65,1,0,3
39,TCK-10039,20250701,11,3,1,2025-07-01 13:01:11,2025-07-01 17:49:47,4.81,1,1,5
40,TCK-10040,20250421,11,4,2,2025-04-21 12:55:02,,,0,0,4
41,TCK-10041,20250125,15,5,1,2025-01-25 21:12:25,2025-01-26 03:31:37,6.32,1,1,5
42,TCK-10042,20251206,35,7,3,2025-12-06 00:07:56,,,0,0,4
43,TCK-10043,20260321,7,5,1,2026-03-21 11:46:50,2026-03-21 19:00:02,7.22,1,1,3
44,TCK-10044,20260323,3,4,2,2026-03-23 00:33:59,2026-03-23 08:03:23,7.49,1,1,2
45,TCK-10045,20250313,28,4,2,2025-03-13 21:58:21,2025-03-14 13:15:45,15.29,1,1,4
46,TCK-10046,20251201,27,5,3,2025-12-01 12:44:18,2025-12-02 13:34:42,24.84,1,0,5
47,TCK-10047,20251105,37,3,3,2025-11-05 12:35:53,2025-11-06 04:10:41,15.58,1,0,5
48,TCK-10048,20260329,29,6,2,2026-03-29 21:13:32,2026-03-31 09:07:32,35.9,1,1,3
49,TCK-10049,20251210,33,2,2,2025-12-10 02:52:48,2025-12-10 13:19:12,10.44,1,1,
50,TCK-10050,20250316,31,1,1,2025-03-16 14:26:56,2025-03-18 05:08:56,38.7,1,0,4
51,TCK-10051,20250106,42,4,1,2025-01-06 03:49:27,2025-01-06 09:05:39,5.27,1,1,4
52,TCK-10052,20250517,30,4,1,2025-05-17 14:42:33,,,0,0,3
53,TCK-10053,20260601,47,8,3,2026-06-01 13:53:58,2026-06-03 00:12:34,34.31,1,1,3
54,TCK-10054,20251011,41,5,1,2025-10-11 16:31:40,2025-10-11 17:23:16,0.86,1,1,5
55,TCK-10055,20250324,35,6,2,2025-03-24 04:09:14,2025-03-25 03:25:26,23.27,1,1,5
56,TCK-10056,20260302,30,6,3,2026-03-02 01:13:53,2026-03-03 08:52:17,31.64,1,1,3
57,TCK-10057,20251227,1,7,2,2025-12-27 09:48:24,,,0,0,3
58,TCK-10058,20251007,15,4,2,2025-10-07 13:31:01,2025-10-08 17:43:01,28.2,1,1,4
59,TCK-10059,20260701,40,8,1,2026-07-01 00:58:25,2026-07-01 01:51:49,0.89,1,1,5
60,TCK-10060,20250924,4,8,1,2025-09-24 12:20:13,2025-09-25 13:13:37,24.89,1,1,5
61,TCK-10061,20260427,6,7,2,2026-04-27 00:47:34,2026-04-27 12:38:34,11.85,1,0,4
62,TCK-10062,20250724,16,1,1,2025-07-24 00:39:09,2025-07-24 23:37:21,22.97,1,1,5
63,TCK-10063,20260113,17,8,3,2026-01-13 05:38:38,,,0,0,5
64,TCK-10064,20250127,7,3,2,2025-01-27 09:36:43,,,0,0,5
65,TCK-10065,20251105,45,4,1,2025-11-05 21:38:51,2025-11-06 13:16:39,15.63,1,1,4
66,TCK-10066,20250312,24,7,3,2025-03-12 16:41:21,2025-03-13 00:20:21,7.65,1,1,3
67,TCK-10067,20250606,30,6,3,2025-06-06 13:11:46,2025-06-07 08:29:10,19.29,1,1,2
68,TCK-10068,20251002,28,8,2,2025-10-02 10:54:15,,,0,0,
69,TCK-10069,20260421,49,8,1,2026-04-21 18:39:42,2026-04-21 19:13:54,0.57,1,1,
70,TCK-10070,20250806,32,6,1,2025-08-06 11:51:16,2025-08-07 19:58:28,32.12,1,1,3
71,TCK-10071,20250329,13,1,3,2025-03-29 07:46:26,2025-03-30 03:12:50,19.44,1,1,3
72,TCK-10072,20250406,2,8,2,2025-04-06 09:14:25,2025-04-06 22:15:37,13.02,1,1,5
73,TCK-10073,20260718,48,6,2,2026-07-18 10:22:44,2026-07-19 01:50:56,15.47,1,1,5
74,TCK-10074,20260703,48,6,1,2026-07-03 22:11:12,2026-07-03 23:52:00,1.68,1,1,4
75,TCK-10075,20251031,13,5,1,2025-10-31 07:23:11,2025-11-01 00:15:23,16.87,1,1,
76,TCK-10076,20250510,19,1,3,2025-05-10 20:55:48,2025-05-11 09:24:00,12.47,1,1,3
77,TCK-10077,20250222,12,8,2,2025-02-22 08:55:30,2025-02-22 21:21:54,12.44,1,1,
78,TCK-10078,20250224,37,8,1,2025-02-24 04:09:51,2025-02-24 09:56:39,5.78,1,1,
79,TCK-10079,20250820,39,7,3,2025-08-20 16:24:28,,,0,0,5
80,TCK-10080,20250303,37,7,2,2025-03-03 19:47:06,,,0,0,4
81,TCK-10081,20260720,12,3,1,2026-07-20 02:10:00,2026-07-21 13:46:36,35.61,1,0,4
82,TCK-10082,20260410,19,5,3,2026-04-10 02:43:14,,,0,0,4
83,TCK-10083,20260712,8,4,2,2026-07-12 07:41:09,,,0,0,4
84,TCK-10084,20260806,48,5,3,2026-08-06 09:28:07,2026-08-07 07:06:31,21.64,1,1,3
85,TCK-10085,20250210,6,8,2,2025-02-10 13:47:20,2025-02-11 13:47:20,24.0,1,1,
86,TCK-10086,20250122,37,4,3,2025-01-22 21:52:17,2025-01-23 16:58:53,19.11,1,1,3
87,TCK-10087,20260323,12,8,2,2026-03-23 20:52:31,,,0,0,3
88,TCK-10088,20260226,22,2,1,2026-02-26 22:31:18,2026-02-27 22:46:18,24.25,1,1,4
89,TCK-10089,20251128,17,2,2,2025-11-28 03:49:25,,,0,0,4
90,TCK-10090,20260419,35,1,3,2026-04-19 13:03:12,2026-04-19 21:26:00,8.38,1,1,3
91,TCK-10091,20260717,18,1,1,2026-07-17 04:59:18,2026-07-17 21:32:18,16.55,1,1,4
92,TCK-10092,20251115,11,4,3,2025-11-15 17:00:35,2025-11-16 15:09:35,22.15,1,1,
93,TCK-10093,20260526,10,2,3,2026-05-26 22:18:32,2026-05-28 15:32:56,41.24,1,1,3
94,TCK-10094,20260128,10,8,3,2026-01-28 06:58:38,2026-01-29 02:58:02,19.99,1,1,4
95,TCK-10095,20251001,33,7,2,2025-10-01 00:18:46,2025-10-01 11:31:58,11.22,1,0,5
96,TCK-10096,20260511,35,3,2,2026-05-11 11:21:35,2026-05-12 05:45:35,18.4,1,0,5
97,TCK-10097,20250828,25,4,3,2025-08-28 13:02:20,2025-08-28 21:37:08,8.58,1,1,4
98,TCK-10098,20250510,3,3,2,2025-05-10 16:37:21,,,0,0,3
99,TCK-10099,20260413,34,8,1,2026-04-13 00:46:09,2026-04-13 15:21:33,14.59,1,1,4
100,TCK-10100,20260212,40,5,2,2026-02-12 20:05:54,2026-02-13 07:49:06,11.72,1,1,3
101,TCK-10101,20250312,3,8,3,2025-03-12 07:40:43,,,0,0,4
102,TCK-10102,20250413,46,2,3,2025-04-13 14:10:44,2025-04-13 19:52:44,5.7,1,1,
103,TCK-10103,20260103,19,6,1,2026-01-03 11:27:09,2026-01-03 14:29:33,3.04,1,1,5
104,TCK-10104,20260127,40,3,1,2026-01-27 19:43:15,2026-01-28 06:39:39,10.94,1,1,4
105,TCK-10105,20250110,43,8,2,2025-01-10 14:57:18,2025-01-11 16:32:06,25.58,1,1,5
106,TCK-10106,20250914,28,5,3,2025-09-14 14:54:19,2025-09-14 23:04:31,8.17,1,1,5
107,TCK-10107,20251030,19,6,3,2025-10-30 00:53:42,2025-10-31 19:23:06,42.49,1,1,4
108,TCK-10108,20260524,48,1,3,2026-05-24 09:49:51,2026-05-25 07:01:51,21.2,1,1,3
109,TCK-10109,20250521,49,5,3,2025-05-21 20:06:57,2025-05-23 11:07:33,39.01,1,0,
110,TCK-10110,20250403,9,6,3,2025-04-03 09:20:47,2025-04-04 09:02:11,23.69,1,1,4
111,TCK-10111,20251007,33,6,3,2025-10-07 05:16:58,,,0,0,2
112,TCK-10112,20250428,22,5,3,2025-04-28 14:04:09,2025-04-29 11:19:09,21.25,1,1,5
113,TCK-10113,20250403,24,7,3,2025-04-03 12:00:16,2025-04-03 13:17:04,1.28,1,1,4
114,TCK-10114,20250421,24,7,3,2025-04-21 21:14:30,2025-04-23 03:15:06,30.01,1,0,3
115,TCK-10115,20260421,5,4,3,2026-04-21 22:19:41,2026-04-23 11:21:29,37.03,1,0,5
116,TCK-10116,20250829,7,8,1,2025-08-29 17:08:24,2025-08-30 02:09:36,9.02,1,1,3
117,TCK-10117,20250608,48,7,3,2025-06-08 13:41:06,,,0,0,5
118,TCK-10118,20260401,29,6,1,2026-04-01 07:54:23,2026-04-01 22:46:35,14.87,1,1,2
119,TCK-10119,20251010,26,6,1,2025-10-10 06:07:54,,,0,0,
120,TCK-10120,20250122,41,4,3,2025-01-22 01:50:21,2025-01-22 11:12:33,9.37,1,1,
121,TCK-10121,20260722,49,4,1,2026-07-22 06:37:13,2026-07-23 03:19:49,20.71,1,1,5
122,TCK-10122,20250514,10,1,2,2025-05-14 17:16:51,2025-05-15 10:19:51,17.05,1,1,
123,TCK-10123,20250117,21,4,3,2025-01-17 05:16:03,2025-01-17 21:26:15,16.17,1,1,4
124,TCK-10124,20250422,33,8,2,2025-04-22 14:32:14,,,0,0,
125,TCK-10125,20250201,42,5,2,2025-02-01 01:30:54,2025-02-01 22:51:54,21.35,1,1,2
126,TCK-10126,20250601,21,2,1,2025-06-01 02:08:17,2025-06-01 22:14:53,20.11,1,1,4
127,TCK-10127,20260317,33,5,2,2026-03-17 03:50:44,2026-03-17 10:55:32,7.08,1,1,5
128,TCK-10128,20250822,29,4,2,2025-08-22 13:21:52,2025-08-22 21:18:16,7.94,1,1,5
129,TCK-10129,20260501,10,5,2,2026-05-01 02:05:53,2026-05-02 03:43:05,25.62,1,0,4
130,TCK-10130,20260730,4,3,3,2026-07-30 17:21:42,2026-07-31 00:16:54,6.92,1,1,3
131,TCK-10131,20251116,39,1,2,2025-11-16 11:06:36,2025-11-16 12:22:48,1.27,1,1,2
132,TCK-10132,20250428,24,6,3,2025-04-28 08:36:14,2025-04-29 05:42:14,21.1,1,1,5
133,TCK-10133,20251001,43,1,3,2025-10-01 00:11:17,2025-10-01 15:09:29,14.97,1,1,4
134,TCK-10134,20260215,43,3,3,2026-02-15 02:09:47,2026-02-15 21:46:59,19.62,1,0,
135,TCK-10135,20260410,27,4,2,2026-04-10 10:10:23,2026-04-10 15:47:35,5.62,1,1,5
136,TCK-10136,20250220,11,1,1,2025-02-20 21:05:17,2025-02-21 01:01:05,3.93,1,1,5
137,TCK-10137,20251220,8,4,3,2025-12-20 13:07:18,2025-12-20 19:22:54,6.26,1,1,3
138,TCK-10138,20250226,39,4,2,2025-02-26 00:13:19,,,0,0,4
139,TCK-10139,20260317,32,2,1,2026-03-17 05:08:24,2026-03-17 13:45:36,8.62,1,1,3
140,TCK-10140,20250213,26,6,1,2025-02-13 13:01:29,,,0,0,4
141,TCK-10141,20260304,26,7,3,2026-03-04 09:07:25,2026-03-04 17:51:13,8.73,1,0,5
142,TCK-10142,20250419,28,6,1,2025-04-19 07:27:37,2025-04-20 23:19:13,39.86,1,1,5
143,TCK-10143,20250622,50,4,2,2025-06-22 02:32:40,2025-06-22 11:05:04,8.54,1,1,4
144,TCK-10144,20250530,7,3,1,2025-05-30 08:12:11,2025-05-31 03:49:23,19.62,1,0,3
145,TCK-10145,20260801,49,8,2,2026-08-01 18:28:43,,,0,0,3
146,TCK-10146,20250311,29,6,1,2025-03-11 15:28:40,2025-03-11 21:21:28,5.88,1,1,5
147,TCK-10147,20250208,29,5,2,2025-02-08 01:23:53,2025-02-09 00:50:17,23.44,1,1,4
148,TCK-10148,20260722,38,7,2,2026-07-22 23:57:02,2026-07-23 17:42:38,17.76,1,0,4
149,TCK-10149,20250305,10,8,3,2025-03-05 14:06:51,,,0,0,3
150,TCK-10150,20250626,42,2,3,2025-06-26 01:15:45,2025-06-26 06:12:45,4.95,1,1,4
151,TCK-10151,20260223,25,6,2,2026-02-23 10:43:38,2026-02-23 21:51:26,11.13,1,1,3
152,TCK-10152,20250603,17,7,2,2025-06-03 10:05:37,2025-06-04 13:33:13,27.46,1,0,4
153,TCK-10153,20250328,39,7,1,2025-03-28 09:35:24,2025-03-29 01:07:12,15.53,1,0,4
154,TCK-10154,20260310,43,2,3,2026-03-10 16:23:01,2026-03-11 14:25:25,22.04,1,1,5
155,TCK-10155,20250521,15,8,1,2025-05-21 04:04:18,,,0,0,
156,TCK-10156,20250515,22,1,3,2025-05-15 19:24:09,2025-05-16 23:58:57,28.58,1,0,3
157,TCK-10157,20250214,29,3,3,2025-02-14 13:23:43,2025-02-16 00:04:31,34.68,1,0,4
158,TCK-10158,20250902,35,8,1,2025-09-02 09:51:50,2025-09-03 10:13:26,24.36,1,1,3
159,TCK-10159,20251016,50,8,2,2025-10-16 12:32:33,2025-10-17 11:14:33,22.7,1,1,5
160,TCK-10160,20260508,42,5,1,2026-05-08 11:35:59,2026-05-09 19:22:11,31.77,1,0,3
161,TCK-10161,20260610,29,3,2,2026-06-10 04:53:27,2026-06-11 18:05:27,37.2,1,0,3
162,TCK-10162,20260210,4,1,2,2026-02-10 16:23:15,2026-02-11 18:20:51,25.96,1,0,4
163,TCK-10163,20251210,42,2,3,2025-12-10 04:08:02,2025-12-11 07:32:02,27.4,1,1,
164,TCK-10164,20250106,40,8,2,2025-01-06 02:01:16,2025-01-06 04:16:52,2.26,1,1,
165,TCK-10165,20251023,50,7,1,2025-10-23 07:19:07,2025-10-23 08:29:55,1.18,1,1,5
166,TCK-10166,20260703,39,2,2,2026-07-03 00:40:32,2026-07-03 17:12:56,16.54,1,1,
167,TCK-10167,20260303,37,6,1,2026-03-03 05:42:42,2026-03-03 14:27:06,8.74,1,1,5
168,TCK-10168,20250214,31,1,2,2025-02-14 20:24:23,2025-02-15 20:57:23,24.55,1,0,
169,TCK-10169,20250417,16,2,2,2025-04-17 18:47:48,2025-04-19 03:47:48,33.0,1,1,4
170,TCK-10170,20260506,30,3,3,2026-05-06 20:11:51,2026-05-07 08:36:27,12.41,1,0,
171,TCK-10171,20250212,13,4,1,2025-02-12 10:59:19,2025-02-12 21:36:31,10.62,1,1,3
172,TCK-10172,20250218,23,4,2,2025-02-18 20:21:17,2025-02-19 12:24:17,16.05,1,1,5
173,TCK-10173,20260524,12,7,2,2026-05-24 22:31:23,,,0,0,3
174,TCK-10174,20250322,28,2,3,2025-03-22 13:38:52,2025-03-23 06:37:40,16.98,1,1,4
175,TCK-10175,20260313,29,5,2,2026-03-13 05:44:28,2026-03-14 23:37:52,41.89,1,0,4
176,TCK-10176,20250228,41,7,2,2025-02-28 02:42:40,2025-02-28 05:07:16,2.41,1,1,4
177,TCK-10177,20260325,39,1,1,2026-03-25 01:08:04,2026-03-25 12:39:52,11.53,1,1,3
178,TCK-10178,20260406,10,1,3,2026-04-06 11:23:28,2026-04-06 16:43:16,5.33,1,1,4
179,TCK-10179,20250127,8,5,1,2025-01-27 23:11:31,2025-01-28 22:49:55,23.64,1,1,4
180,TCK-10180,20251020,40,8,1,2025-10-20 22:58:31,2025-10-21 20:34:31,21.6,1,1,4
181,TCK-10181,20251124,44,8,1,2025-11-24 21:22:45,2025-11-25 04:16:45,6.9,1,1,4
182,TCK-10182,20250818,33,3,2,2025-08-18 03:12:50,2025-08-18 22:24:50,19.2,1,0,4
183,TCK-10183,20250513,36,6,2,2025-05-13 19:56:05,2025-05-13 23:08:41,3.21,1,1,5
184,TCK-10184,20250317,37,7,2,2025-03-17 04:20:41,2025-03-17 08:41:41,4.35,1,1,
185,TCK-10185,20260530,28,3,1,2026-05-30 01:53:07,2026-05-30 23:28:31,21.59,1,0,5
186,TCK-10186,20251018,34,4,2,2025-10-18 02:16:12,2025-10-19 20:37:48,42.36,1,0,5
187,TCK-10187,20250622,42,2,3,2025-06-22 18:37:09,2025-06-23 20:19:45,25.71,1,1,5
188,TCK-10188,20250216,6,1,1,2025-02-16 20:49:36,2025-02-17 09:02:12,12.21,1,1,3
189,TCK-10189,20260713,41,1,2,2026-07-13 09:41:19,2026-07-13 20:53:55,11.21,1,1,4
190,TCK-10190,20250611,4,2,3,2025-06-11 14:26:30,2025-06-11 23:41:30,9.25,1,1,5
191,TCK-10191,20260213,23,6,3,2026-02-13 04:48:23,2026-02-14 18:02:11,37.23,1,1,
192,TCK-10192,20251001,8,4,2,2025-10-01 14:15:09,2025-10-02 05:48:09,15.55,1,1,5
193,TCK-10193,20251117,21,4,1,2025-11-17 06:48:10,2025-11-17 11:15:46,4.46,1,1,4
194,TCK-10194,20260602,26,1,1,2026-06-02 14:15:13,2026-06-03 18:03:13,27.8,1,0,4
195,TCK-10195,20250109,35,8,2,2025-01-09 03:27:08,,,0,0,4
196,TCK-10196,20260730,37,7,1,2026-07-30 06:23:35,2026-07-30 13:28:59,7.09,1,1,3
197,TCK-10197,20260208,7,2,1,2026-02-08 11:50:21,2026-02-09 10:59:21,23.15,1,1,5
198,TCK-10198,20250216,3,7,3,2025-02-16 01:08:45,2025-02-17 08:28:33,31.33,1,0,3
199,TCK-10199,20251123,40,3,2,2025-11-23 05:25:39,2025-11-24 04:17:51,22.87,1,0,3
200,TCK-10200,20251103,37,8,3,2025-11-03 15:52:01,2025-11-05 05:39:25,37.79,1,1,5
201,TCK-10201,20250929,31,1,3,2025-09-29 20:50:49,2025-09-30 13:20:49,16.5,1,1,5
202,TCK-10202,20250906,44,7,1,2025-09-06 01:36:44,2025-09-07 00:27:44,22.85,1,0,
203,TCK-10203,20260227,10,6,2,2026-02-27 22:13:26,2026-02-28 06:21:50,8.14,1,1,3
204,TCK-10204,20260616,9,1,3,2026-06-16 06:35:20,,,0,0,2
205,TCK-10205,20260714,22,8,3,2026-07-14 11:43:49,,,0,0,5
206,TCK-10206,20250716,31,5,3,2025-07-16 07:17:35,2025-07-18 09:35:35,50.3,1,0,3
207,TCK-10207,20260516,46,4,3,2026-05-16 10:30:22,2026-05-17 22:35:46,36.09,1,0,3
208,TCK-10208,20250530,23,7,2,2025-05-30 09:02:18,,,0,0,
209,TCK-10209,20260506,17,8,3,2026-05-06 06:12:52,2026-05-07 17:37:28,35.41,1,1,
210,TCK-10210,20260628,4,4,1,2026-06-28 07:40:14,2026-06-28 18:36:02,10.93,1,1,4
211,TCK-10211,20250611,36,3,1,2025-06-11 13:41:59,,,0,0,4
212,TCK-10212,20251020,21,4,2,2025-10-20 20:03:58,2025-10-21 09:32:10,13.47,1,1,3
213,TCK-10213,20250630,27,1,1,2025-06-30 01:53:25,2025-07-01 04:09:37,26.27,1,0,5
214,TCK-10214,20251102,1,5,1,2025-11-02 18:38:06,,,0,0,3
215,TCK-10215,20260425,33,8,1,2026-04-25 08:12:51,2026-04-26 07:34:27,23.36,1,1,3
216,TCK-10216,20251212,48,3,1,2025-12-12 09:36:43,2025-12-13 06:28:19,20.86,1,0,5
217,TCK-10217,20250330,21,7,3,2025-03-30 12:42:06,2025-03-30 15:18:42,2.61,1,1,
218,TCK-10218,20250925,1,6,1,2025-09-25 12:15:28,2025-09-26 16:30:28,28.25,1,1,4
219,TCK-10219,20260104,42,1,2,2026-01-04 22:15:03,2026-01-05 09:50:27,11.59,1,1,4
220,TCK-10220,20251030,8,5,3,2025-10-30 11:39:14,2025-10-31 10:46:26,23.12,1,1,4
221,TCK-10221,20260717,45,6,2,2026-07-17 15:48:34,2026-07-18 19:36:34,27.8,1,1,3
222,TCK-10222,20260625,29,2,3,2026-06-25 22:23:04,,,0,0,
223,TCK-10223,20250603,35,4,3,2025-06-03 05:20:54,2025-06-04 05:54:30,24.56,1,1,4
224,TCK-10224,20250226,29,2,3,2025-02-26 14:08:32,2025-02-26 18:30:44,4.37,1,1,4
225,TCK-10225,20260210,2,5,3,2026-02-10 08:52:00,2026-02-11 00:08:48,15.28,1,1,4
226,TCK-10226,20250312,4,2,3,2025-03-12 15:02:18,2025-03-13 11:58:06,20.93,1,1,2
227,TCK-10227,20260405,25,7,2,2026-04-05 12:24:05,2026-04-05 23:02:29,10.64,1,0,3
228,TCK-10228,20260705,12,6,1,2026-07-05 12:33:08,2026-07-06 07:13:20,18.67,1,1,
229,TCK-10229,20260712,44,5,2,2026-07-12 13:34:24,,,0,0,4
230,TCK-10230,20250713,18,6,1,2025-07-13 23:48:07,2025-07-14 09:25:55,9.63,1,1,3
231,TCK-10231,20250310,14,1,1,2025-03-10 03:38:02,2025-03-10 10:41:02,7.05,1,1,2
232,TCK-10232,20250828,29,1,2,2025-08-28 17:13:48,,,0,0,
233,TCK-10233,20260813,47,5,1,2026-08-13 10:36:38,2026-08-14 08:47:26,22.18,1,1,3
234,TCK-10234,20251009,20,4,2,2025-10-09 01:35:37,,,0,0,3
235,TCK-10235,20260126,23,8,1,2026-01-26 16:20:44,2026-01-27 01:50:08,9.49,1,1,
236,TCK-10236,20260705,49,7,1,2026-07-05 15:15:54,2026-07-06 13:57:18,22.69,1,0,4
237,TCK-10237,20260303,27,1,3,2026-03-03 17:33:08,2026-03-04 11:42:44,18.16,1,1,
238,TCK-10238,20260703,6,8,2,2026-07-03 23:53:12,2026-07-05 05:07:36,29.24,1,1,4
239,TCK-10239,20260727,49,2,1,2026-07-27 06:30:13,,,0,0,4
240,TCK-10240,20250501,13,1,1,2025-05-01 23:48:30,,,0,0,4
241,TCK-10241,20251017,21,4,3,2025-10-17 12:29:34,2025-10-17 19:25:58,6.94,1,1,3
242,TCK-10242,20260426,47,8,1,2026-04-26 10:58:13,2026-04-28 00:39:01,37.68,1,1,3
243,TCK-10243,20260721,17,3,1,2026-07-21 18:37:46,2026-07-22 09:52:46,15.25,1,0,4
244,TCK-10244,20251212,36,4,2,2025-12-12 08:48:52,2025-12-13 13:35:40,28.78,1,1,4
245,TCK-10245,20260714,9,6,1,2026-07-14 15:11:58,,,0,0,3
246,TCK-10246,20250318,3,1,3,2025-03-18 21:03:48,2025-03-20 02:33:48,29.5,1,0,
247,TCK-10247,20260602,14,3,1,2026-06-02 14:23:03,2026-06-03 21:45:51,31.38,1,0,3
248,TCK-10248,20260629,1,8,1,2026-06-29 17:26:00,2026-06-30 02:42:48,9.28,1,1,3
249,TCK-10249,20250409,7,7,1,2025-04-09 16:09:15,2025-04-10 08:27:15,16.3,1,0,4
250,TCK-10250,20260220,24,7,1,2026-02-20 14:36:15,,,0,0,3
251,TCK-10251,20250202,42,2,3,2025-02-02 02:25:24,2025-02-02 04:02:36,1.62,1,1,4
252,TCK-10252,20251206,28,2,2,2025-12-06 18:54:06,,,0,0,4
253,TCK-10253,20250318,3,8,2,2025-03-18 21:59:17,,,0,0,5
254,TCK-10254,20250117,21,1,1,2025-01-17 06:37:09,2025-01-17 22:18:33,15.69,1,1,
255,TCK-10255,20260804,16,3,3,2026-08-04 12:43:57,2026-08-04 19:27:45,6.73,1,1,4
256,TCK-10256,20251221,48,2,3,2025-12-21 01:06:27,2025-12-21 04:46:39,3.67,1,1,
257,TCK-10257,20251007,2,7,2,2025-10-07 14:31:14,2025-10-08 20:55:14,30.4,1,0,4
258,TCK-10258,20251030,50,7,1,2025-10-30 07:45:04,2025-10-31 12:57:40,29.21,1,0,5
259,TCK-10259,20250420,24,7,2,2025-04-20 02:00:19,2025-04-20 20:54:19,18.9,1,0,
260,TCK-10260,20260723,36,7,2,2026-07-23 16:26:06,2026-07-24 05:22:30,12.94,1,0,5
261,TCK-10261,20251026,1,6,2,2025-10-26 13:24:49,2025-10-27 16:51:13,27.44,1,1,5
262,TCK-10262,20250623,25,3,3,2025-06-23 04:17:19,2025-06-23 05:24:31,1.12,1,1,
263,TCK-10263,20260308,18,3,2,2026-03-08 09:30:50,2026-03-09 03:54:50,18.4,1,0,5
264,TCK-10264,20250519,7,4,2,2025-05-19 09:00:25,2025-05-19 11:43:37,2.72,1,1,3
265,TCK-10265,20250520,42,6,2,2025-05-20 09:20:38,,,0,0,3
266,TCK-10266,20260518,48,6,2,2026-05-18 18:50:15,2026-05-20 17:52:03,47.03,1,1,4
267,TCK-10267,20250704,35,4,3,2025-07-04 21:49:35,2025-07-05 05:10:35,7.35,1,1,5
268,TCK-10268,20260223,5,5,3,2026-02-23 21:31:08,2026-02-24 13:07:44,15.61,1,1,3
269,TCK-10269,20260506,29,7,1,2026-05-06 18:25:34,2026-05-06 20:57:22,2.53,1,1,4
270,TCK-10270,20250329,35,6,3,2025-03-29 03:49:15,2025-03-29 08:17:27,4.47,1,1,4
271,TCK-10271,20250419,28,7,2,2025-04-19 00:06:16,2025-04-19 15:43:28,15.62,1,0,3
272,TCK-10272,20260205,24,4,2,2026-02-05 14:49:43,2026-02-06 02:48:31,11.98,1,1,4
273,TCK-10273,20250329,27,2,2,2025-03-29 03:53:46,2025-03-30 00:36:22,20.71,1,1,3
274,TCK-10274,20250410,31,8,2,2025-04-10 14:46:44,2025-04-11 11:32:20,20.76,1,1,
275,TCK-10275,20250124,8,1,3,2025-01-24 10:41:06,2025-01-25 22:51:18,36.17,1,0,5
276,TCK-10276,20251205,11,3,3,2025-12-05 17:27:29,2025-12-06 05:37:05,12.16,1,0,4
277,TCK-10277,20250722,2,7,2,2025-07-22 14:37:27,2025-07-23 06:50:03,16.21,1,0,3
278,TCK-10278,20260704,7,2,3,2026-07-04 05:23:20,2026-07-05 13:22:44,31.99,1,1,5
279,TCK-10279,20260206,25,6,3,2026-02-06 18:07:22,2026-02-07 05:29:34,11.37,1,1,4
280,TCK-10280,20250328,38,5,3,2025-03-28 21:08:20,2025-03-29 13:02:20,15.9,1,1,5
281,TCK-10281,20250522,39,7,2,2025-05-22 18:24:27,2025-05-23 00:44:51,6.34,1,1,3
282,TCK-10282,20260517,11,3,3,2026-05-17 09:08:11,2026-05-17 23:50:11,14.7,1,0,4
283,TCK-10283,20250719,9,1,2,2025-07-19 12:35:32,2025-07-19 19:20:32,6.75,1,1,5
284,TCK-10284,20250326,11,8,2,2025-03-26 18:01:50,2025-03-27 10:01:14,15.99,1,1,5
285,TCK-10285,20260523,37,3,2,2026-05-23 17:32:07,2026-05-24 10:21:19,16.82,1,0,5
286,TCK-10286,20260714,29,1,3,2026-07-14 06:27:06,2026-07-14 19:48:06,13.35,1,1,3
287,TCK-10287,20251223,17,1,2,2025-12-23 02:28:55,,,0,0,4
288,TCK-10288,20260315,40,6,3,2026-03-15 05:39:08,2026-03-16 21:58:20,40.32,1,1,4
289,TCK-10289,20250622,35,5,3,2025-06-22 10:45:18,2025-06-22 14:35:42,3.84,1,1,5
290,TCK-10290,20260226,49,2,1,2026-02-26 01:17:55,2026-02-26 10:58:43,9.68,1,1,4
291,TCK-10291,20260207,49,6,1,2026-02-07 15:09:36,2026-02-08 14:39:36,23.5,1,1,4
292,TCK-10292,20251012,33,2,2,2025-10-12 22:59:56,2025-10-13 20:51:32,21.86,1,1,4
293,TCK-10293,20260102,30,2,3,2026-01-02 02:50:34,2026-01-02 22:05:34,19.25,1,1,4
294,TCK-10294,20260715,22,6,2,2026-07-15 18:08:36,,,0,0,3
295,TCK-10295,20260416,7,1,1,2026-04-16 00:07:59,,,0,0,5
296,TCK-10296,20251106,9,4,3,2025-11-06 05:55:59,,,0,0,
297,TCK-10297,20260116,6,6,2,2026-01-16 21:57:41,2026-01-17 16:35:29,18.63,1,1,4
298,TCK-10298,20250404,42,4,2,2025-04-04 22:06:00,2025-04-06 10:05:24,35.99,1,1,
299,TCK-10299,20260401,44,4,3,2026-04-01 00:00:44,2026-04-02 11:48:44,35.8,1,1,5
300,TCK-10300,20260128,15,8,1,2026-01-28 02:46:51,2026-01-28 11:40:51,8.9,1,1,
301,TCK-10301,20250527,44,3,3,2025-05-27 02:33:36,2025-05-28 19:52:48,41.32,1,0,3
302,TCK-10302,20260330,40,3,2,2026-03-30 06:05:57,2026-03-31 07:39:33,25.56,1,0,3
303,TCK-10303,20250911,9,7,2,2025-09-11 08:41:05,2025-09-11 20:53:05,12.2,1,0,4
304,TCK-10304,20250730,20,1,3,2025-07-30 16:38:32,2025-07-31 01:28:20,8.83,1,1,3
305,TCK-10305,20250426,25,4,2,2025-04-26 07:31:40,2025-04-26 09:20:16,1.81,1,1,5
306,TCK-10306,20260806,25,6,1,2026-08-06 13:23:34,2026-08-07 02:57:46,13.57,1,1,5
307,TCK-10307,20250115,5,1,3,2025-01-15 08:13:02,,,0,0,4
308,TCK-10308,20260529,19,7,3,2026-05-29 13:27:44,2026-05-29 22:30:08,9.04,1,0,3
309,TCK-10309,20260608,6,2,2,2026-06-08 06:51:09,2026-06-08 12:11:33,5.34,1,1,5
310,TCK-10310,20260324,45,2,2,2026-03-24 23:54:15,2026-03-26 05:23:03,29.48,1,1,4
311,TCK-10311,20250629,43,1,2,2025-06-29 03:00:45,2025-06-30 11:31:57,32.52,1,0,4
312,TCK-10312,20250510,24,5,1,2025-05-10 23:49:55,2025-05-12 09:55:19,34.09,1,0,
313,TCK-10313,20250307,34,7,2,2025-03-07 08:45:36,2025-03-07 13:45:36,5.0,1,1,4
314,TCK-10314,20250919,11,3,2,2025-09-19 03:57:36,2025-09-19 22:11:24,18.23,1,0,
315,TCK-10315,20250908,1,1,1,2025-09-08 01:30:23,2025-09-09 12:18:59,34.81,1,0,5
316,TCK-10316,20250912,21,7,1,2025-09-12 13:58:46,2025-09-13 15:39:34,25.68,1,0,
317,TCK-10317,20260613,15,1,1,2026-06-13 01:25:04,,,0,0,3
318,TCK-10318,20260721,6,5,2,2026-07-21 14:00:23,2026-07-21 23:06:23,9.1,1,1,4
319,TCK-10319,20260521,38,8,2,2026-05-21 06:46:57,2026-05-22 03:13:57,20.45,1,1,4
320,TCK-10320,20251221,35,1,1,2025-12-21 20:53:44,,,0,0,5
321,TCK-10321,20260627,14,5,1,2026-06-27 07:26:31,,,0,0,4
322,TCK-10322,20250406,18,3,3,2025-04-06 01:58:14,,,0,0,4
323,TCK-10323,20260602,7,2,3,2026-06-02 04:40:52,2026-06-02 12:08:28,7.46,1,1,5
324,TCK-10324,20250925,19,3,1,2025-09-25 10:59:51,2025-09-26 12:14:51,25.25,1,0,4
325,TCK-10325,20250520,13,4,1,2025-05-20 18:06:09,2025-05-22 00:17:33,30.19,1,1,4
326,TCK-10326,20251112,29,6,1,2025-11-12 14:16:54,2025-11-13 14:22:54,24.1,1,1,3
327,TCK-10327,20250601,21,1,1,2025-06-01 02:45:15,,,0,0,2
328,TCK-10328,20250924,20,1,3,2025-09-24 05:01:25,,,0,0,4
329,TCK-10329,20250113,8,2,1,2025-01-13 01:53:49,,,0,0,
330,TCK-10330,20250328,44,7,2,2025-03-28 18:37:16,,,0,0,
331,TCK-10331,20260331,42,2,1,2026-03-31 04:05:57,,,0,0,4
332,TCK-10332,20250221,30,2,1,2025-02-21 05:59:36,2025-02-21 22:14:36,16.25,1,1,3
333,TCK-10333,20250808,23,7,1,2025-08-08 05:17:17,2025-08-09 09:38:17,28.35,1,0,5
334,TCK-10334,20260718,27,5,2,2026-07-18 15:03:05,2026-07-19 14:45:41,23.71,1,1,4
335,TCK-10335,20250120,35,4,3,2025-01-20 12:50:45,2025-01-20 18:03:57,5.22,1,1,4
336,TCK-10336,20250704,18,6,2,2025-07-04 00:20:38,2025-07-05 11:22:26,35.03,1,1,
337,TCK-10337,20250827,23,8,3,2025-08-27 05:06:15,2025-08-27 10:54:51,5.81,1,1,5
338,TCK-10338,20260202,37,1,1,2026-02-02 11:59:53,,,0,0,2
339,TCK-10339,20260103,21,4,3,2026-01-03 18:01:45,2026-01-05 03:08:57,33.12,1,1,4
340,TCK-10340,20251113,35,4,2,2025-11-13 05:31:02,2025-11-14 00:56:14,19.42,1,1,5
341,TCK-10341,20250726,40,1,2,2025-07-26 04:21:45,2025-07-27 06:40:21,26.31,1,0,
342,TCK-10342,20250526,46,3,3,2025-05-26 03:54:33,,,0,0,2
343,TCK-10343,20260210,43,6,3,2026-02-10 18:06:21,2026-02-11 17:12:21,23.1,1,1,4
344,TCK-10344,20250628,21,8,3,2025-06-28 22:35:44,,,0,0,3
345,TCK-10345,20251029,20,3,2,2025-10-29 04:11:46,2025-10-30 12:36:22,32.41,1,0,2
346,TCK-10346,20251122,39,1,1,2025-11-22 19:14:40,2025-11-23 03:24:16,8.16,1,1,5
347,TCK-10347,20250621,21,4,2,2025-06-21 20:56:05,,,0,0,5
348,TCK-10348,20250929,1,6,2,2025-09-29 06:15:44,2025-09-30 00:31:20,18.26,1,1,
349,TCK-10349,20260306,47,7,2,2026-03-06 05:56:26,2026-03-07 06:10:14,24.23,1,0,4
350,TCK-10350,20250819,42,8,3,2025-08-19 05:28:04,2025-08-19 22:23:16,16.92,1,1,
351,TCK-10351,20250418,17,1,2,2025-04-18 02:21:10,,,0,0,5
352,TCK-10352,20260510,39,2,2,2026-05-10 22:01:27,,,0,0,5
353,TCK-10353,20250414,4,7,1,2025-04-14 10:13:12,2025-04-14 18:30:36,8.29,1,0,3
354,TCK-10354,20250409,16,5,2,2025-04-09 01:25:36,2025-04-09 15:55:00,14.49,1,1,
355,TCK-10355,20260507,43,2,2,2026-05-07 06:06:01,2026-05-08 00:49:49,18.73,1,1,5
356,TCK-10356,20260428,26,2,2,2026-04-28 15:57:42,2026-04-29 08:30:42,16.55,1,1,3
357,TCK-10357,20260402,12,7,2,2026-04-02 01:16:28,2026-04-03 03:16:28,26.0,1,0,4
358,TCK-10358,20251219,43,2,1,2025-12-19 17:26:48,2025-12-20 16:11:48,22.75,1,1,5
359,TCK-10359,20260502,44,7,3,2026-05-02 18:56:15,2026-05-02 20:05:51,1.16,1,1,
360,TCK-10360,20260614,37,1,3,2026-06-14 18:43:39,2026-06-16 01:40:03,30.94,1,0,4
361,TCK-10361,20250510,13,3,1,2025-05-10 01:27:05,,,0,0,5
362,TCK-10362,20250310,47,5,2,2025-03-10 02:24:35,2025-03-10 20:37:11,18.21,1,1,4
363,TCK-10363,20260620,40,1,3,2026-06-20 13:07:26,2026-06-21 20:43:26,31.6,1,0,2
364,TCK-10364,20250414,37,2,1,2025-04-14 09:55:34,,,0,0,3
365,TCK-10365,20260513,42,5,2,2026-05-13 18:38:30,2026-05-14 12:04:54,17.44,1,1,4
366,TCK-10366,20251206,26,7,1,2025-12-06 22:15:03,2025-12-08 15:14:27,40.99,1,0,
367,TCK-10367,20260519,18,5,2,2026-05-19 22:43:06,,,0,0,3
368,TCK-10368,20251125,29,5,3,2025-11-25 08:46:26,2025-11-26 14:14:38,29.47,1,0,5
369,TCK-10369,20260613,32,7,3,2026-06-13 11:52:03,2026-06-14 11:58:39,24.11,1,0,5
370,TCK-10370,20250130,37,3,3,2025-01-30 05:12:56,,,0,0,4
371,TCK-10371,20251008,13,6,3,2025-10-08 11:52:29,2025-10-09 19:37:29,31.75,1,1,4
372,TCK-10372,20260402,39,6,2,2026-04-02 05:55:30,2026-04-03 02:31:30,20.6,1,1,5
373,TCK-10373,20260131,2,2,2,2026-01-31 01:10:54,2026-02-01 17:27:42,40.28,1,1,5
374,TCK-10374,20260224,42,4,2,2026-02-24 16:01:55,2026-02-24 20:58:55,4.95,1,1,5
375,TCK-10375,20250818,1,3,3,2025-08-18 08:38:51,,,0,0,4
376,TCK-10376,20251224,25,5,2,2025-12-24 14:16:13,2025-12-24 22:53:25,8.62,1,1,2
377,TCK-10377,20260119,33,2,1,2026-01-19 17:41:38,2026-01-20 10:28:26,16.78,1,1,
378,TCK-10378,20251011,21,5,3,2025-10-11 08:41:45,,,0,0,4
379,TCK-10379,20250904,34,4,1,2025-09-04 01:51:54,2025-09-04 06:05:42,4.23,1,1,3
380,TCK-10380,20251030,32,1,3,2025-10-30 08:58:26,2025-10-31 02:09:14,17.18,1,1,3
381,TCK-10381,20250816,47,4,2,2025-08-16 21:34:40,2025-08-18 06:59:16,33.41,1,1,3
382,TCK-10382,20250705,36,3,3,2025-07-05 09:06:30,2025-07-06 02:25:06,17.31,1,0,5
383,TCK-10383,20250402,22,3,3,2025-04-02 07:22:14,2025-04-02 18:27:02,11.08,1,1,5
384,TCK-10384,20260420,19,5,3,2026-04-20 03:30:03,,,0,0,4
385,TCK-10385,20260126,8,4,3,2026-01-26 16:19:26,2026-01-27 09:14:38,16.92,1,1,4
386,TCK-10386,20250527,30,7,3,2025-05-27 10:55:45,2025-05-28 11:31:45,24.6,1,0,
387,TCK-10387,20251117,12,6,3,2025-11-17 20:03:00,2025-11-18 19:46:12,23.72,1,1,5
388,TCK-10388,20250401,49,3,2,2025-04-01 04:39:27,2025-04-01 12:43:03,8.06,1,1,5
389,TCK-10389,20260118,13,1,3,2026-01-18 00:57:20,2026-01-18 17:12:56,16.26,1,1,
390,TCK-10390,20251219,45,4,1,2025-12-19 09:08:06,2025-12-20 03:11:42,18.06,1,1,5
391,TCK-10391,20260617,30,5,2,2026-06-17 19:33:21,2026-06-19 09:26:45,37.89,1,0,5
392,TCK-10392,20250712,49,8,2,2025-07-12 05:58:58,2025-07-14 06:17:34,48.31,1,0,
393,TCK-10393,20250805,9,4,3,2025-08-05 23:01:37,2025-08-07 07:03:25,32.03,1,1,5
394,TCK-10394,20260702,17,7,3,2026-07-02 19:03:38,,,0,0,4
395,TCK-10395,20260125,29,2,2,2026-01-25 03:35:16,2026-01-25 20:07:04,16.53,1,1,4
396,TCK-10396,20250414,43,5,2,2025-04-14 21:33:17,2025-04-15 00:07:29,2.57,1,1,2
397,TCK-10397,20250419,8,2,2,2025-04-19 15:12:38,2025-04-20 22:14:26,31.03,1,1,3
398,TCK-10398,20250210,11,7,2,2025-02-10 17:31:58,2025-02-11 10:51:46,17.33,1,0,4
399,TCK-10399,20260521,37,2,1,2026-05-21 04:05:49,2026-05-21 23:22:37,19.28,1,1,5
400,TCK-10400,20250928,19,4,2,2025-09-28 14:03:06,2025-09-29 14:01:54,23.98,1,1,5
401,TCK-10401,20250429,48,6,2,2025-04-29 03:54:48,,,0,0,
402,TCK-10402,20250624,42,3,3,2025-06-24 10:22:57,2025-06-24 19:48:09,9.42,1,1,4
403,TCK-10403,20260215,8,6,1,2026-02-15 12:29:17,,,0,0,4
404,TCK-10404,20250620,42,8,2,2025-06-20 03:08:44,2025-06-21 20:38:08,41.49,1,1,
405,TCK-10405,20260325,44,8,3,2026-03-25 05:39:24,2026-03-25 21:29:12,15.83,1,1,5
406,TCK-10406,20250426,32,3,2,2025-04-26 13:28:02,2025-04-26 14:44:50,1.28,1,1,5
407,TCK-10407,20260616,22,4,3,2026-06-16 16:44:44,2026-06-17 13:06:56,20.37,1,1,4
408,TCK-10408,20250225,36,7,1,2025-02-25 00:41:59,2025-02-25 05:35:23,4.89,1,1,5
409,TCK-10409,20250904,21,2,2,2025-09-04 10:17:03,2025-09-04 12:12:15,1.92,1,1,3
410,TCK-10410,20260810,29,2,2,2026-08-10 14:05:54,2026-08-11 23:52:42,33.78,1,1,5
411,TCK-10411,20260227,26,1,1,2026-02-27 01:35:35,2026-02-27 17:41:35,16.1,1,1,
412,TCK-10412,20250731,36,5,3,2025-07-31 20:42:29,,,0,0,5
413,TCK-10413,20260430,36,8,2,2026-04-30 22:42:23,2026-05-01 20:03:23,21.35,1,1,
414,TCK-10414,20251230,22,4,1,2025-12-30 20:51:18,2025-12-31 11:21:18,14.5,1,1,4
415,TCK-10415,20260224,46,8,1,2026-02-24 03:16:39,2026-02-25 14:48:27,35.53,1,1,5
416,TCK-10416,20250421,22,4,3,2025-04-21 13:02:59,2025-04-22 04:39:35,15.61,1,1,4
417,TCK-10417,20260601,38,8,3,2026-06-01 04:31:00,2026-06-03 01:47:48,45.28,1,1,5
418,TCK-10418,20250701,50,8,3,2025-07-01 22:37:11,2025-07-03 01:20:23,26.72,1,1,5
419,TCK-10419,20260305,25,6,3,2026-03-05 19:58:44,2026-03-06 09:55:08,13.94,1,1,5
420,TCK-10420,20260227,9,8,1,2026-02-27 19:44:56,2026-02-28 08:36:32,12.86,1,1,5
421,TCK-10421,20251025,14,4,1,2025-10-25 21:22:58,2025-10-27 09:09:10,35.77,1,1,4
422,TCK-10422,20251227,8,6,3,2025-12-27 17:30:37,2025-12-28 05:48:37,12.3,1,1,3
423,TCK-10423,20260620,1,5,2,2026-06-20 03:01:24,2026-06-20 17:40:24,14.65,1,1,3
424,TCK-10424,20250914,44,3,2,2025-09-14 04:53:03,2025-09-14 17:45:51,12.88,1,0,
425,TCK-10425,20260730,40,8,1,2026-07-30 07:47:41,2026-07-31 21:34:29,37.78,1,1,4
426,TCK-10426,20250218,43,5,3,2025-02-18 12:24:26,,,0,0,2
427,TCK-10427,20250114,4,6,3,2025-01-14 23:16:12,2025-01-15 22:27:00,23.18,1,1,2
428,TCK-10428,20250721,35,6,3,2025-07-21 23:12:18,2025-07-22 22:24:18,23.2,1,1,4
429,TCK-10429,20260315,3,2,2,2026-03-15 08:35:16,2026-03-15 19:07:40,10.54,1,1,4
430,TCK-10430,20251127,10,3,1,2025-11-27 19:03:49,,,0,0,3
431,TCK-10431,20251122,46,6,1,2025-11-22 16:14:11,2025-11-22 22:52:35,6.64,1,1,5
432,TCK-10432,20250815,23,7,1,2025-08-15 06:42:21,2025-08-16 13:51:21,31.15,1,0,5
433,TCK-10433,20250110,49,8,3,2025-01-10 03:42:22,2025-01-10 17:05:10,13.38,1,1,3
434,TCK-10434,20260126,21,1,3,2026-01-26 03:24:16,2026-01-26 10:57:16,7.55,1,1,5
435,TCK-10435,20260402,33,6,3,2026-04-02 15:02:18,,,0,0,3
436,TCK-10436,20260705,11,2,1,2026-07-05 17:00:40,2026-07-06 01:34:52,8.57,1,1,3
437,TCK-10437,20260705,14,7,1,2026-07-05 22:56:47,2026-07-06 00:14:11,1.29,1,1,2
438,TCK-10438,20251206,30,3,1,2025-12-06 01:05:04,2025-12-06 23:47:40,22.71,1,0,3
439,TCK-10439,20260202,27,4,2,2026-02-02 14:40:25,2026-02-04 03:01:25,36.35,1,0,4
440,TCK-10440,20250216,38,2,3,2025-02-16 22:54:04,2025-02-17 07:28:16,8.57,1,1,4
441,TCK-10441,20260325,49,2,2,2026-03-25 12:25:52,2026-03-25 16:18:40,3.88,1,1,
442,TCK-10442,20250528,19,7,3,2025-05-28 09:43:56,,,0,0,4
443,TCK-10443,20260723,36,6,1,2026-07-23 04:07:02,2026-07-23 10:23:14,6.27,1,1,3
444,TCK-10444,20251219,48,5,1,2025-12-19 06:26:57,2025-12-19 17:51:33,11.41,1,1,4
445,TCK-10445,20250705,8,5,1,2025-07-05 21:51:36,,,0,0,5
446,TCK-10446,20250316,36,8,3,2025-03-16 09:42:04,2025-03-16 12:17:28,2.59,1,1,2
447,TCK-10447,20250829,43,6,1,2025-08-29 03:18:39,2025-08-29 07:29:27,4.18,1,1,3
448,TCK-10448,20250606,38,5,3,2025-06-06 18:36:23,2025-06-07 14:03:23,19.45,1,1,4
449,TCK-10449,20260323,48,4,3,2026-03-23 08:53:23,2026-03-24 12:27:35,27.57,1,1,5
450,TCK-10450,20260719,32,6,2,2026-07-19 03:11:41,2026-07-19 12:24:17,9.21,1,1,4
451,TCK-10451,20250320,47,4,2,2025-03-20 23:04:57,2025-03-21 12:28:21,13.39,1,1,5
452,TCK-10452,20250207,14,7,3,2025-02-07 17:16:34,,,0,0,4
453,TCK-10453,20250817,26,3,2,2025-08-17 18:46:54,2025-08-17 23:17:30,4.51,1,1,4
454,TCK-10454,20250619,16,1,3,2025-06-19 16:08:28,2025-06-19 20:28:16,4.33,1,1,4
455,TCK-10455,20260511,47,3,3,2026-05-11 11:02:14,2026-05-12 06:37:02,19.58,1,0,5
456,TCK-10456,20260202,24,4,3,2026-02-02 15:58:29,,,0,0,
457,TCK-10457,20260618,46,6,1,2026-06-18 20:53:17,,,0,0,3
458,TCK-10458,20250321,38,7,2,2025-03-21 16:16:24,,,0,0,4
459,TCK-10459,20260514,23,7,2,2026-05-14 15:56:38,2026-05-15 19:58:26,28.03,1,0,3
460,TCK-10460,20250711,10,5,1,2025-07-11 05:23:38,2025-07-12 06:17:02,24.89,1,0,4
461,TCK-10461,20260506,44,2,2,2026-05-06 15:13:37,2026-05-07 11:00:25,19.78,1,1,
462,TCK-10462,20260609,41,3,1,2026-06-09 01:57:36,2026-06-09 18:15:00,16.29,1,0,5
463,TCK-10463,20250120,37,7,3,2025-01-20 23:46:42,,,0,0,3
464,TCK-10464,20260428,39,4,2,2026-04-28 15:10:14,,,0,0,4
465,TCK-10465,20260608,43,3,3,2026-06-08 08:10:46,2026-06-08 12:02:58,3.87,1,1,4
466,TCK-10466,20250422,9,7,2,2025-04-22 00:12:33,,,0,0,4
467,TCK-10467,20250409,39,7,1,2025-04-09 05:30:57,2025-04-10 20:23:45,38.88,1,0,4
468,TCK-10468,20250514,31,2,1,2025-05-14 19:34:52,2025-05-16 06:47:28,35.21,1,1,3
469,TCK-10469,20260627,3,7,2,2026-06-27 13:14:51,2026-06-28 09:02:51,19.8,1,0,3
470,TCK-10470,20250918,9,2,2,2025-09-18 15:49:14,,,0,0,
471,TCK-10471,20250106,13,7,2,2025-01-06 22:47:50,2025-01-07 02:54:26,4.11,1,1,4
472,TCK-10472,20260223,21,4,3,2026-02-23 11:06:09,2026-02-23 21:34:21,10.47,1,1,4
473,TCK-10473,20260211,18,6,3,2026-02-11 06:26:35,2026-02-11 13:28:23,7.03,1,1,4
474,TCK-10474,20251219,37,5,2,2025-12-19 22:25:47,2025-12-20 20:53:23,22.46,1,1,4
475,TCK-10475,20260605,14,3,1,2026-06-05 12:50:21,2026-06-05 17:35:21,4.75,1,1,
476,TCK-10476,20250404,1,7,3,2025-04-04 04:30:59,2025-04-04 11:02:47,6.53,1,1,
477,TCK-10477,20250323,24,5,1,2025-03-23 19:02:46,2025-03-25 06:01:34,34.98,1,0,4
478,TCK-10478,20260522,41,1,1,2026-05-22 14:00:12,,,0,0,3
479,TCK-10479,20250206,11,4,3,2025-02-06 11:15:41,2025-02-07 04:51:41,17.6,1,1,5
480,TCK-10480,20260220,26,6,3,2026-02-20 18:12:33,2026-02-21 12:17:21,18.08,1,1,5
481,TCK-10481,20250820,18,6,2,2025-08-20 19:12:29,,,0,0,3
482,TCK-10482,20260603,27,5,1,2026-06-03 03:35:04,2026-06-03 18:52:28,15.29,1,1,4
483,TCK-10483,20250914,37,5,3,2025-09-14 22:28:24,2025-09-15 19:30:12,21.03,1,1,2
484,TCK-10484,20250129,30,8,3,2025-01-29 15:07:16,2025-01-29 23:19:52,8.21,1,1,2
485,TCK-10485,20251228,27,4,2,2025-12-28 16:34:00,2025-12-29 10:14:12,17.67,1,1,5
486,TCK-10486,20250702,36,6,1,2025-07-02 15:20:22,2025-07-03 03:01:10,11.68,1,1,4
487,TCK-10487,20250724,48,4,2,2025-07-24 07:47:15,,,0,0,4
488,TCK-10488,20250420,50,6,1,2025-04-20 03:58:05,2025-04-21 07:10:05,27.2,1,1,3
489,TCK-10489,20251119,24,1,2,2025-11-19 15:57:56,,,0,0,3
490,TCK-10490,20260608,49,8,1,2026-06-08 08:25:14,2026-06-09 13:04:14,28.65,1,1,5
491,TCK-10491,20260208,23,1,3,2026-02-08 21:49:11,2026-02-10 02:52:11,29.05,1,0,5
492,TCK-10492,20250804,44,1,1,2025-08-04 12:37:06,2025-08-05 00:02:54,11.43,1,1,4
493,TCK-10493,20251218,31,4,2,2025-12-18 11:11:31,2025-12-18 12:10:55,0.99,1,1,5
494,TCK-10494,20250704,29,7,2,2025-07-04 18:08:36,2025-07-05 20:09:48,26.02,1,0,3
495,TCK-10495,20250530,13,7,2,2025-05-30 23:09:30,2025-05-31 23:56:18,24.78,1,0,5
496,TCK-10496,20250914,20,6,2,2025-09-14 17:54:36,2025-09-15 18:14:24,24.33,1,1,4
497,TCK-10497,20250409,41,5,2,2025-04-09 14:47:21,2025-04-09 23:29:57,8.71,1,1,5
498,TCK-10498,20250505,27,6,1,2025-05-05 11:55:43,,,0,0,3
499,TCK-10499,20251129,23,3,2,2025-11-29 21:32:31,2025-11-30 08:04:19,10.53,1,1,5
500,TCK-10500,20250621,10,8,3,2025-06-21 20:51:59,2025-06-22 23:11:47,26.33,1,1,2
501,TCK-10501,20251218,11,2,1,2025-12-18 07:20:20,2025-12-18 15:41:20,8.35,1,1,3
502,TCK-10502,20260618,48,8,2,2026-06-18 14:26:10,2026-06-19 01:32:10,11.1,1,1,
503,TCK-10503,20250323,17,4,3,2025-03-23 06:10:25,2025-03-24 23:21:49,41.19,1,0,5
504,TCK-10504,20250327,34,1,2,2025-03-27 03:16:39,2025-03-27 07:43:03,4.44,1,1,2
505,TCK-10505,20260330,19,4,3,2026-03-30 20:08:08,2026-03-31 16:10:32,20.04,1,1,4
506,TCK-10506,20260708,30,6,2,2026-07-08 08:35:28,2026-07-09 17:15:04,32.66,1,1,4
507,TCK-10507,20260801,48,8,3,2026-08-01 13:33:40,2026-08-02 04:00:04,14.44,1,1,5
508,TCK-10508,20260110,20,2,2,2026-01-10 13:16:09,2026-01-12 05:49:45,40.56,1,1,4
509,TCK-10509,20260702,31,6,2,2026-07-02 00:44:59,2026-07-02 19:35:59,18.85,1,1,3
510,TCK-10510,20250108,15,5,3,2025-01-08 17:23:12,2025-01-09 00:43:00,7.33,1,1,4
511,TCK-10511,20250927,15,7,2,2025-09-27 02:27:40,2025-09-27 23:21:40,20.9,1,0,2
512,TCK-10512,20260629,42,5,2,2026-06-29 08:26:12,,,0,0,4
513,TCK-10513,20260519,45,8,2,2026-05-19 06:20:01,2026-05-20 17:23:37,35.06,1,1,5
514,TCK-10514,20260325,9,5,2,2026-03-25 23:00:14,2026-03-26 21:57:50,22.96,1,1,
515,TCK-10515,20251116,27,4,2,2025-11-16 15:23:29,2025-11-17 14:42:05,23.31,1,1,4
516,TCK-10516,20260206,18,3,1,2026-02-06 02:34:30,2026-02-07 04:17:42,25.72,1,0,4
517,TCK-10517,20250912,50,1,1,2025-09-12 12:49:28,2025-09-13 15:18:52,26.49,1,0,4
518,TCK-10518,20250802,43,2,3,2025-08-02 15:24:43,,,0,0,5
519,TCK-10519,20251102,31,2,2,2025-11-02 06:23:56,2025-11-03 17:09:32,34.76,1,1,5
520,TCK-10520,20250621,1,7,2,2025-06-21 08:37:07,2025-06-22 01:38:55,17.03,1,0,5
521,TCK-10521,20250608,39,8,3,2025-06-08 11:49:05,2025-06-09 03:14:17,15.42,1,1,4
522,TCK-10522,20250607,23,1,1,2025-06-07 22:34:50,2025-06-08 07:02:26,8.46,1,1,4
523,TCK-10523,20250717,47,6,2,2025-07-17 00:44:24,2025-07-18 09:15:00,32.51,1,1,
524,TCK-10524,20260325,46,1,2,2026-03-25 17:18:34,2026-03-26 14:39:34,21.35,1,1,5
525,TCK-10525,20260722,39,8,2,2026-07-22 05:04:33,2026-07-22 20:54:57,15.84,1,1,5
526,TCK-10526,20260124,33,1,3,2026-01-24 23:11:56,2026-01-26 06:36:32,31.41,1,0,3
527,TCK-10527,20260201,35,2,3,2026-02-01 06:33:43,2026-02-01 09:22:55,2.82,1,1,4
528,TCK-10528,20260620,7,6,1,2026-06-20 21:04:02,,,0,0,
529,TCK-10529,20260513,7,1,1,2026-05-13 06:06:02,2026-05-14 09:40:14,27.57,1,0,3
530,TCK-10530,20250815,24,5,1,2025-08-15 19:45:04,2025-08-17 05:39:40,33.91,1,0,3
531,TCK-10531,20250304,41,2,2,2025-03-04 11:35:47,,,0,0,3
532,TCK-10532,20250314,3,5,3,2025-03-14 09:04:13,,,0,0,
533,TCK-10533,20250714,25,4,3,2025-07-14 06:33:42,2025-07-15 14:52:18,32.31,1,1,5
534,TCK-10534,20260102,7,7,3,2026-01-02 21:29:44,2026-01-04 09:59:44,36.5,1,0,4
535,TCK-10535,20250611,22,7,3,2025-06-11 17:38:28,,,0,0,4
536,TCK-10536,20260317,27,6,2,2026-03-17 23:20:38,2026-03-18 06:41:02,7.34,1,1,4
537,TCK-10537,20260404,29,5,2,2026-04-04 12:00:46,2026-04-05 06:02:34,18.03,1,1,
538,TCK-10538,20250816,20,5,1,2025-08-16 06:54:20,2025-08-17 03:31:32,20.62,1,1,4
539,TCK-10539,20260417,3,3,1,2026-04-17 11:09:08,2026-04-17 20:41:32,9.54,1,1,4
540,TCK-10540,20260214,37,5,1,2026-02-14 18:58:13,2026-02-15 22:42:01,27.73,1,0,4
541,TCK-10541,20251104,42,2,3,2025-11-04 01:46:51,2025-11-04 13:09:03,11.37,1,1,
542,TCK-10542,20260321,23,1,2,2026-03-21 13:59:55,2026-03-22 11:02:19,21.04,1,1,3
543,TCK-10543,20260127,50,1,3,2026-01-27 01:19:33,2026-01-27 13:12:21,11.88,1,1,4
544,TCK-10544,20260207,4,4,1,2026-02-07 14:48:38,2026-02-08 20:04:50,29.27,1,1,5
545,TCK-10545,20250326,22,3,1,2025-03-26 15:36:47,2025-03-27 06:01:59,14.42,1,0,4
546,TCK-10546,20260727,31,3,1,2026-07-27 06:31:25,2026-07-28 06:32:37,24.02,1,0,5
547,TCK-10547,20250930,5,4,1,2025-09-30 13:20:43,,,0,0,
548,TCK-10548,20251223,24,7,2,2025-12-23 06:20:22,2025-12-24 10:56:58,28.61,1,0,4
549,TCK-10549,20260328,10,8,3,2026-03-28 01:59:52,2026-03-28 17:44:16,15.74,1,1,4
550,TCK-10550,20250225,48,2,1,2025-02-25 07:39:59,2025-02-26 07:03:23,23.39,1,1,3
551,TCK-10551,20260428,29,2,2,2026-04-28 00:21:13,2026-04-28 22:26:01,22.08,1,1,5
552,TCK-10552,20250525,47,8,3,2025-05-25 22:44:42,2025-05-26 01:53:06,3.14,1,1,
553,TCK-10553,20250725,19,3,1,2025-07-25 22:39:17,2025-07-26 08:20:05,9.68,1,1,5
554,TCK-10554,20260104,43,5,3,2026-01-04 03:01:18,,,0,0,4
555,TCK-10555,20250412,33,4,2,2025-04-12 10:31:55,2025-04-13 11:49:55,25.3,1,1,4
556,TCK-10556,20260627,16,1,1,2026-06-27 09:21:31,2026-06-28 09:58:07,24.61,1,0,5
557,TCK-10557,20251010,33,5,1,2025-10-10 01:40:16,,,0,0,4
558,TCK-10558,20251216,10,5,1,2025-12-16 12:42:08,2025-12-17 04:30:44,15.81,1,1,5
559,TCK-10559,20260810,16,4,2,2026-08-10 04:27:19,,,0,0,4
560,TCK-10560,20250522,42,3,1,2025-05-22 18:34:43,2025-05-23 19:46:43,25.2,1,0,3
561,TCK-10561,20250529,50,3,2,2025-05-29 20:59:36,,,0,0,2
562,TCK-10562,20250530,21,2,1,2025-05-30 23:01:48,2025-05-31 07:13:12,8.19,1,1,5
563,TCK-10563,20250712,50,5,1,2025-07-12 03:08:11,2025-07-12 19:10:35,16.04,1,1,3
564,TCK-10564,20250825,15,4,3,2025-08-25 21:01:22,2025-08-26 04:33:10,7.53,1,1,5
565,TCK-10565,20260118,42,8,3,2026-01-18 05:54:24,2026-01-19 17:44:12,35.83,1,1,
566,TCK-10566,20260223,3,4,1,2026-02-23 00:59:17,,,0,0,4
567,TCK-10567,20260326,12,4,1,2026-03-26 19:31:44,2026-03-27 06:55:08,11.39,1,1,4
568,TCK-10568,20260125,48,1,3,2026-01-25 23:20:25,2026-01-27 06:03:37,30.72,1,0,3
569,TCK-10569,20260408,7,1,3,2026-04-08 14:52:56,2026-04-09 01:14:32,10.36,1,1,3
570,TCK-10570,20260613,25,1,3,2026-06-13 20:03:12,2026-06-14 13:08:36,17.09,1,1,3
571,TCK-10571,20251029,28,8,1,2025-10-29 19:58:03,2025-10-31 11:39:27,39.69,1,1,3
572,TCK-10572,20250426,33,2,3,2025-04-26 05:49:37,,,0,0,4
573,TCK-10573,20251128,27,3,2,2025-11-28 14:01:11,2025-11-30 04:50:23,38.82,1,0,3
574,TCK-10574,20250617,21,2,2,2025-06-17 22:46:07,2025-06-18 12:38:55,13.88,1,1,
575,TCK-10575,20250613,33,7,3,2025-06-13 12:35:24,2025-06-13 14:42:36,2.12,1,1,3
576,TCK-10576,20250703,10,3,1,2025-07-03 22:03:26,2025-07-05 13:27:26,39.4,1,0,5
577,TCK-10577,20250727,9,3,1,2025-07-27 00:39:48,2025-07-27 16:45:12,16.09,1,0,5
578,TCK-10578,20250901,32,1,3,2025-09-01 06:37:42,2025-09-01 13:16:42,6.65,1,1,5
579,TCK-10579,20260725,18,4,3,2026-07-25 06:03:11,2026-07-26 08:19:23,26.27,1,1,5
580,TCK-10580,20250220,6,5,2,2025-02-20 03:26:11,2025-02-21 03:18:59,23.88,1,1,3
581,TCK-10581,20260104,48,3,2,2026-01-04 01:05:49,2026-01-04 03:49:01,2.72,1,1,4
582,TCK-10582,20251027,5,7,3,2025-10-27 15:08:07,2025-10-28 12:44:07,21.6,1,0,3
583,TCK-10583,20250422,4,4,3,2025-04-22 18:46:40,2025-04-23 10:47:52,16.02,1,1,
584,TCK-10584,20251121,39,5,2,2025-11-21 08:33:36,,,0,0,5
585,TCK-10585,20250827,12,8,2,2025-08-27 22:18:12,2025-08-29 04:02:00,29.73,1,1,
586,TCK-10586,20260301,14,2,3,2026-03-01 13:02:21,2026-03-02 10:23:57,21.36,1,1,3
587,TCK-10587,20251112,5,5,2,2025-11-12 09:32:35,2025-11-13 22:17:35,36.75,1,0,4
588,TCK-10588,20251205,13,1,1,2025-12-05 10:59:43,2025-12-06 02:18:19,15.31,1,1,
589,TCK-10589,20260704,30,3,3,2026-07-04 10:29:50,2026-07-05 05:31:02,19.02,1,0,5
590,TCK-10590,20250120,35,6,3,2025-01-20 06:36:43,2025-01-21 06:07:55,23.52,1,1,4
591,TCK-10591,20251214,2,3,2,2025-12-14 12:40:34,,,0,0,4
592,TCK-10592,20250430,39,7,1,2025-04-30 09:45:54,2025-05-01 16:25:30,30.66,1,0,4
593,TCK-10593,20251106,29,4,2,2025-11-06 06:33:19,2025-11-06 22:43:31,16.17,1,1,4
594,TCK-10594,20250126,33,2,2,2025-01-26 15:57:32,2025-01-27 03:03:32,11.1,1,1,5
595,TCK-10595,20250411,10,5,2,2025-04-11 16:43:08,2025-04-12 22:47:20,30.07,1,0,4
596,TCK-10596,20250215,20,2,1,2025-02-15 21:54:38,,,0,0,4
597,TCK-10597,20251116,37,5,1,2025-11-16 20:57:13,2025-11-17 11:51:49,14.91,1,1,4
598,TCK-10598,20251007,8,8,3,2025-10-07 04:10:17,2025-10-08 09:02:29,28.87,1,1,4
599,TCK-10599,20251005,21,6,3,2025-10-05 04:45:51,2025-10-05 21:13:27,16.46,1,1,5
600,TCK-10600,20250221,29,6,3,2025-02-21 04:01:30,,,0,0,
601,TCK-10601,20260313,6,7,1,2026-03-13 12:11:45,2026-03-14 13:51:21,25.66,1,0,5
602,TCK-10602,20250722,22,6,2,2025-07-22 22:48:42,2025-07-23 01:22:18,2.56,1,1,
603,TCK-10603,20250406,9,8,3,2025-04-06 22:29:06,2025-04-07 09:25:30,10.94,1,1,3
604,TCK-10604,20250922,10,4,1,2025-09-22 11:25:11,2025-09-22 19:10:11,7.75,1,1,3
605,TCK-10605,20250308,2,8,2,2025-03-08 15:07:22,2025-03-09 15:09:10,24.03,1,1,3
606,TCK-10606,20260220,7,3,3,2026-02-20 22:50:06,2026-02-21 04:45:54,5.93,1,1,3
607,TCK-10607,20250902,27,7,3,2025-09-02 19:15:35,2025-09-03 09:20:59,14.09,1,0,4
608,TCK-10608,20251217,37,7,2,2025-12-17 17:44:15,2025-12-18 02:43:03,8.98,1,0,3
609,TCK-10609,20260420,38,8,1,2026-04-20 10:35:06,,,0,0,4
610,TCK-10610,20260124,39,2,3,2026-01-24 10:31:41,2026-01-25 03:46:41,17.25,1,1,
611,TCK-10611,20250101,49,3,3,2025-01-01 04:42:09,2025-01-01 18:55:21,14.22,1,0,5
612,TCK-10612,20251103,21,4,3,2025-11-03 18:50:58,2025-11-05 13:55:46,43.08,1,0,3
613,TCK-10613,20250109,38,6,1,2025-01-09 19:32:25,,,0,0,5
614,TCK-10614,20260728,46,1,1,2026-07-28 11:07:55,2026-07-29 15:29:31,28.36,1,0,
615,TCK-10615,20260208,38,7,3,2026-02-08 20:20:45,2026-02-09 03:45:57,7.42,1,1,5
616,TCK-10616,20260723,13,8,1,2026-07-23 12:53:59,2026-07-23 22:48:35,9.91,1,1,4
617,TCK-10617,20250315,1,3,1,2025-03-15 20:01:09,2025-03-16 01:42:33,5.69,1,1,4
618,TCK-10618,20260302,42,2,1,2026-03-02 14:57:50,2026-03-04 00:39:14,33.69,1,1,3
619,TCK-10619,20260129,29,7,3,2026-01-29 11:14:11,2026-01-30 19:48:59,32.58,1,0,4
620,TCK-10620,20260111,35,5,2,2026-01-11 01:02:36,2026-01-11 08:49:24,7.78,1,1,5
621,TCK-10621,20260624,47,2,1,2026-06-24 08:29:33,2026-06-25 06:58:21,22.48,1,1,4
622,TCK-10622,20260707,41,2,3,2026-07-07 18:19:39,2026-07-08 01:16:39,6.95,1,1,5
623,TCK-10623,20251206,47,8,3,2025-12-06 13:22:51,2025-12-07 17:02:27,27.66,1,1,5
624,TCK-10624,20250924,37,5,3,2025-09-24 01:40:30,2025-09-24 04:26:42,2.77,1,1,3
625,TCK-10625,20250326,32,1,2,2025-03-26 04:32:04,,,0,0,4
626,TCK-10626,20250425,48,5,1,2025-04-25 19:11:58,2025-04-26 20:54:34,25.71,1,0,2
627,TCK-10627,20260512,16,5,3,2026-05-12 05:51:33,,,0,0,5
628,TCK-10628,20250607,39,2,1,2025-06-07 15:48:26,2025-06-08 11:17:14,19.48,1,1,5
629,TCK-10629,20251220,47,4,3,2025-12-20 01:41:16,2025-12-21 01:36:28,23.92,1,1,4
630,TCK-10630,20260630,48,5,2,2026-06-30 07:24:43,2026-06-30 19:16:19,11.86,1,1,4
631,TCK-10631,20260127,29,1,2,2026-01-27 21:20:33,2026-01-29 17:46:21,44.43,1,0,5
632,TCK-10632,20251007,42,7,3,2025-10-07 10:17:17,2025-10-08 04:15:29,17.97,1,0,5
633,TCK-10633,20250719,44,4,3,2025-07-19 16:21:43,2025-07-20 17:18:07,24.94,1,1,5
634,TCK-10634,20250411,27,2,1,2025-04-11 16:06:43,2025-04-12 12:28:55,20.37,1,1,5
635,TCK-10635,20250228,6,1,3,2025-02-28 19:42:57,,,0,0,3
636,TCK-10636,20250514,39,2,1,2025-05-14 12:42:48,,,0,0,3
637,TCK-10637,20250708,45,3,1,2025-07-08 08:18:29,2025-07-09 14:32:17,30.23,1,0,4
638,TCK-10638,20251128,43,7,3,2025-11-28 08:10:49,2025-11-29 04:40:49,20.5,1,0,3
639,TCK-10639,20250702,17,1,2,2025-07-02 14:04:31,,,0,0,3
640,TCK-10640,20260318,35,2,1,2026-03-18 06:39:41,2026-03-19 11:57:05,29.29,1,1,4
641,TCK-10641,20250914,47,2,3,2025-09-14 14:01:57,2025-09-15 11:43:21,21.69,1,1,4
642,TCK-10642,20251204,10,7,2,2025-12-04 12:36:00,2025-12-05 07:07:12,18.52,1,0,3
643,TCK-10643,20250104,15,2,3,2025-01-04 12:44:52,2025-01-05 07:59:52,19.25,1,1,
644,TCK-10644,20251107,44,6,2,2025-11-07 12:03:40,,,0,0,3
645,TCK-10645,20251024,30,6,1,2025-10-24 20:12:11,2025-10-26 08:18:11,36.1,1,1,4
646,TCK-10646,20260103,41,7,1,2026-01-03 15:05:56,2026-01-04 01:02:20,9.94,1,0,4
647,TCK-10647,20250306,25,4,2,2025-03-06 17:41:19,2025-03-07 18:14:19,24.55,1,1,5
648,TCK-10648,20250227,22,1,1,2025-02-27 10:50:46,2025-02-27 22:18:22,11.46,1,1,
649,TCK-10649,20250602,35,8,3,2025-06-02 23:37:14,,,0,0,
650,TCK-10650,20250120,42,3,2,2025-01-20 15:58:58,2025-01-21 11:16:58,19.3,1,0,
651,TCK-10651,20260413,7,1,2,2026-04-13 19:10:53,2026-04-15 07:01:17,35.84,1,0,5
652,TCK-10652,20260313,13,4,1,2026-03-13 10:51:53,,,0,0,5
653,TCK-10653,20260813,44,6,1,2026-08-13 17:08:20,,,0,0,4
654,TCK-10654,20251008,8,6,1,2025-10-08 04:48:26,2025-10-08 07:16:38,2.47,1,1,4
655,TCK-10655,20260121,7,1,1,2026-01-21 05:01:56,2026-01-22 07:15:08,26.22,1,0,
656,TCK-10656,20251018,46,3,1,2025-10-18 13:44:51,2025-10-19 02:04:03,12.32,1,0,
657,TCK-10657,20260226,29,5,3,2026-02-26 07:11:39,2026-02-27 02:38:03,19.44,1,1,4
658,TCK-10658,20251223,20,2,3,2025-12-23 13:00:35,2025-12-23 15:20:59,2.34,1,1,
659,TCK-10659,20260707,24,2,3,2026-07-07 16:14:29,2026-07-08 05:31:53,13.29,1,1,3
660,TCK-10660,20260525,31,3,3,2026-05-25 05:10:42,,,0,0,
661,TCK-10661,20260322,14,6,2,2026-03-22 08:21:39,2026-03-23 03:03:03,18.69,1,1,4
662,TCK-10662,20260512,2,3,1,2026-05-12 16:07:04,,,0,0,3
663,TCK-10663,20251130,44,4,3,2025-11-30 07:49:07,2025-11-30 20:27:31,12.64,1,1,
664,TCK-10664,20250814,25,7,1,2025-08-14 02:30:37,2025-08-15 02:12:01,23.69,1,0,4
665,TCK-10665,20260118,25,8,1,2026-01-18 04:29:46,2026-01-18 16:59:46,12.5,1,1,5
666,TCK-10666,20250303,37,1,3,2025-03-03 08:08:07,,,0,0,4
667,TCK-10667,20250624,11,5,3,2025-06-24 18:35:54,2025-06-25 22:47:18,28.19,1,0,2
668,TCK-10668,20260419,31,4,3,2026-04-19 08:00:46,2026-04-19 23:15:10,15.24,1,1,4
669,TCK-10669,20260811,10,4,3,2026-08-11 00:26:02,2026-08-12 07:44:38,31.31,1,1,4
670,TCK-10670,20250411,45,7,2,2025-04-11 14:31:15,2025-04-12 05:54:03,15.38,1,0,4
671,TCK-10671,20251030,23,4,1,2025-10-30 07:41:05,2025-10-30 14:41:41,7.01,1,1,5
672,TCK-10672,20250522,30,1,2,2025-05-22 22:25:11,2025-05-24 04:14:23,29.82,1,0,3
673,TCK-10673,20251207,45,2,2,2025-12-07 16:02:18,2025-12-08 14:19:06,22.28,1,1,5
674,TCK-10674,20251210,6,4,3,2025-12-10 23:59:03,2025-12-11 13:29:39,13.51,1,1,4
675,TCK-10675,20250211,30,7,2,2025-02-11 11:23:11,2025-02-12 08:50:11,21.45,1,0,3
676,TCK-10676,20260707,16,3,2,2026-07-07 03:41:30,2026-07-07 14:28:54,10.79,1,1,5
677,TCK-10677,20251001,23,4,2,2025-10-01 16:43:27,2025-10-01 21:41:03,4.96,1,1,
678,TCK-10678,20260529,32,6,2,2026-05-29 16:53:07,2026-05-29 21:21:19,4.47,1,1,4
679,TCK-10679,20250309,24,8,3,2025-03-09 06:57:56,2025-03-10 23:54:56,40.95,1,1,5
680,TCK-10680,20251010,11,2,1,2025-10-10 03:44:09,2025-10-11 08:31:33,28.79,1,1,3
681,TCK-10681,20260709,44,5,2,2026-07-09 04:30:22,2026-07-09 22:48:58,18.31,1,1,4
682,TCK-10682,20251210,34,1,1,2025-12-10 13:37:21,2025-12-11 11:18:09,21.68,1,1,3
683,TCK-10683,20260804,20,8,2,2026-08-04 04:57:50,2026-08-05 01:33:50,20.6,1,1,3
684,TCK-10684,20251228,10,5,1,2025-12-28 09:29:10,2025-12-29 11:53:10,26.4,1,0,5
685,TCK-10685,20250607,45,3,3,2025-06-07 05:15:07,2025-06-07 21:12:43,15.96,1,0,4
686,TCK-10686,20250205,36,3,1,2025-02-05 21:20:22,2025-02-06 10:49:10,13.48,1,0,5
687,TCK-10687,20260527,26,2,1,2026-05-27 04:29:59,2026-05-28 18:38:59,38.15,1,1,4
688,TCK-10688,20251030,46,6,3,2025-10-30 15:57:18,,,0,0,5
689,TCK-10689,20250426,45,8,2,2025-04-26 23:30:57,2025-04-27 17:21:21,17.84,1,1,4
690,TCK-10690,20250405,23,4,2,2025-04-05 10:03:38,2025-04-06 06:21:38,20.3,1,1,4
691,TCK-10691,20250327,2,5,1,2025-03-27 17:54:28,2025-03-29 16:05:16,46.18,1,0,5
692,TCK-10692,20260608,39,8,2,2026-06-08 01:58:42,2026-06-08 18:39:30,16.68,1,1,
693,TCK-10693,20260117,25,7,2,2026-01-17 00:18:22,2026-01-18 19:00:22,42.7,1,0,
694,TCK-10694,20260330,27,8,3,2026-03-30 09:10:51,2026-03-31 00:14:27,15.06,1,1,4
695,TCK-10695,20251107,14,2,1,2025-11-07 15:55:33,,,0,0,
696,TCK-10696,20260224,1,7,1,2026-02-24 20:58:17,2026-02-25 03:10:17,6.2,1,1,4
697,TCK-10697,20260126,12,3,1,2026-01-26 09:35:31,2026-01-26 11:36:07,2.01,1,1,4
698,TCK-10698,20250103,2,8,1,2025-01-03 04:16:19,,,0,0,3
699,TCK-10699,20251022,42,8,1,2025-10-22 13:11:31,,,0,0,5
700,TCK-10700,20260106,39,8,1,2026-01-06 18:30:36,2026-01-07 16:38:24,22.13,1,1,3
701,TCK-10701,20260813,33,2,2,2026-08-13 00:54:16,2026-08-13 13:16:28,12.37,1,1,
702,TCK-10702,20250519,45,6,2,2025-05-19 11:10:03,2025-05-19 16:49:03,5.65,1,1,5
703,TCK-10703,20250320,34,5,2,2025-03-20 16:12:49,2025-03-21 12:12:13,19.99,1,1,3
704,TCK-10704,20251105,44,6,2,2025-11-05 08:43:44,2025-11-06 16:15:32,31.53,1,1,5
705,TCK-10705,20251016,34,1,1,2025-10-16 11:49:31,2025-10-17 12:36:55,24.79,1,0,4
706,TCK-10706,20260623,36,4,1,2026-06-23 17:45:35,2026-06-24 16:18:35,22.55,1,1,3
707,TCK-10707,20260507,2,2,1,2026-05-07 11:19:44,2026-05-08 16:07:44,28.8,1,1,2
708,TCK-10708,20251108,46,6,1,2025-11-08 00:47:52,2025-11-09 08:02:52,31.25,1,1,5
709,TCK-10709,20250514,14,5,1,2025-05-14 02:27:44,2025-05-14 22:45:08,20.29,1,1,4
710,TCK-10710,20250421,13,7,1,2025-04-21 01:50:42,2025-04-22 01:57:54,24.12,1,0,4
711,TCK-10711,20250111,43,2,2,2025-01-11 03:50:07,,,0,0,4
712,TCK-10712,20250530,6,6,1,2025-05-30 23:17:37,2025-05-31 13:20:01,14.04,1,1,3
713,TCK-10713,20250311,37,4,3,2025-03-11 03:52:37,2025-03-11 22:17:49,18.42,1,1,4
714,TCK-10714,20250412,1,3,3,2025-04-12 06:58:32,,,0,0,2
715,TCK-10715,20250420,44,3,2,2025-04-20 05:53:22,,,0,0,3
716,TCK-10716,20250423,30,6,1,2025-04-23 16:08:31,2025-04-24 09:32:31,17.4,1,1,4
717,TCK-10717,20260130,8,6,2,2026-01-30 09:29:38,2026-01-31 02:47:02,17.29,1,1,4
718,TCK-10718,20250713,28,7,2,2025-07-13 02:57:53,2025-07-13 14:14:41,11.28,1,0,4
719,TCK-10719,20260210,7,8,3,2026-02-10 14:33:42,2026-02-11 10:28:54,19.92,1,1,
720,TCK-10720,20250415,45,7,2,2025-04-15 23:59:57,,,0,0,
721,TCK-10721,20260218,13,4,2,2026-02-18 03:14:53,2026-02-18 06:10:05,2.92,1,1,4
722,TCK-10722,20251231,26,5,3,2025-12-31 15:42:38,,,0,0,3
723,TCK-10723,20250914,8,8,1,2025-09-14 15:31:14,2025-09-15 09:31:50,18.01,1,1,
724,TCK-10724,20250311,4,2,3,2025-03-11 15:43:01,,,0,0,4
725,TCK-10725,20260617,43,2,1,2026-06-17 15:50:29,2026-06-18 04:06:05,12.26,1,1,3
726,TCK-10726,20250119,35,6,3,2025-01-19 01:27:56,,,0,0,4
727,TCK-10727,20260416,29,6,2,2026-04-16 01:02:11,2026-04-17 02:03:23,25.02,1,1,3
728,TCK-10728,20251116,9,8,2,2025-11-16 22:24:31,2025-11-17 04:15:31,5.85,1,1,4
729,TCK-10729,20250610,36,8,2,2025-06-10 16:03:25,2025-06-11 00:43:37,8.67,1,1,4
730,TCK-10730,20250129,4,5,2,2025-01-29 18:02:08,,,0,0,4
731,TCK-10731,20260315,7,6,2,2026-03-15 11:22:26,2026-03-16 03:04:26,15.7,1,1,4
732,TCK-10732,20251109,5,2,3,2025-11-09 03:21:10,2025-11-10 15:11:34,35.84,1,1,2
733,TCK-10733,20260426,2,7,2,2026-04-26 18:01:20,2026-04-27 18:20:32,24.32,1,0,3
734,TCK-10734,20250730,44,2,3,2025-07-30 10:31:32,2025-07-30 19:25:32,8.9,1,1,4
735,TCK-10735,20250319,32,7,1,2025-03-19 17:13:18,2025-03-20 20:29:30,27.27,1,0,3
736,TCK-10736,20250408,38,2,3,2025-04-08 18:21:17,2025-04-09 03:11:41,8.84,1,1,3
737,TCK-10737,20260601,20,2,3,2026-06-01 09:27:42,2026-06-02 05:13:54,19.77,1,1,3
738,TCK-10738,20260715,49,8,3,2026-07-15 05:56:01,2026-07-16 10:06:49,28.18,1,1,4
739,TCK-10739,20260630,41,8,2,2026-06-30 19:54:49,,,0,0,5
740,TCK-10740,20260109,13,1,3,2026-01-09 14:09:15,2026-01-10 04:38:39,14.49,1,1,3
741,TCK-10741,20250728,41,6,1,2025-07-28 13:17:52,2025-07-29 17:32:16,28.24,1,1,5
742,TCK-10742,20250716,10,4,1,2025-07-16 00:15:51,,,0,0,3
743,TCK-10743,20251007,11,1,1,2025-10-07 04:01:16,2025-10-07 17:48:04,13.78,1,1,3
744,TCK-10744,20250121,32,1,3,2025-01-21 01:55:57,2025-01-21 15:01:57,13.1,1,1,5
745,TCK-10745,20250403,43,7,2,2025-04-03 12:53:46,,,0,0,3
746,TCK-10746,20260622,43,2,3,2026-06-22 08:31:56,2026-06-22 10:17:32,1.76,1,1,3
747,TCK-10747,20250830,48,7,3,2025-08-30 13:13:09,2025-08-31 09:52:09,20.65,1,0,5
748,TCK-10748,20260119,35,1,2,2026-01-19 22:07:20,2026-01-20 07:42:44,9.59,1,1,4
749,TCK-10749,20260112,31,3,2,2026-01-12 09:01:41,,,0,0,5
750,TCK-10750,20250903,43,1,3,2025-09-03 08:35:24,2025-09-03 12:15:00,3.66,1,1,3
751,TCK-10751,20260330,16,2,3,2026-03-30 12:00:58,,,0,0,5
752,TCK-10752,20250830,6,5,2,2025-08-30 09:13:55,,,0,0,3
753,TCK-10753,20250324,18,7,1,2025-03-24 15:30:47,2025-03-24 16:09:11,0.64,1,1,4
754,TCK-10754,20250925,45,2,1,2025-09-25 16:04:22,2025-09-25 22:36:46,6.54,1,1,3
755,TCK-10755,20250708,42,1,1,2025-07-08 20:28:50,2025-07-09 11:49:50,15.35,1,1,
756,TCK-10756,20251118,20,4,3,2025-11-18 18:05:07,2025-11-19 08:08:43,14.06,1,1,4
757,TCK-10757,20260225,44,3,3,2026-02-25 10:28:30,,,0,0,
758,TCK-10758,20251202,38,3,3,2025-12-02 09:12:05,2025-12-03 13:52:53,28.68,1,0,5
759,TCK-10759,20260726,2,4,1,2026-07-26 20:39:40,2026-07-28 02:29:28,29.83,1,1,5
760,TCK-10760,20260316,26,3,1,2026-03-16 19:16:09,2026-03-16 21:25:09,2.15,1,1,
761,TCK-10761,20260522,44,7,2,2026-05-22 03:14:45,2026-05-23 19:13:33,39.98,1,0,4
762,TCK-10762,20260318,9,8,2,2026-03-18 06:38:13,,,0,0,3
763,TCK-10763,20260223,12,4,2,2026-02-23 04:01:18,,,0,0,3
764,TCK-10764,20260426,1,8,1,2026-04-26 04:55:20,,,0,0,4
765,TCK-10765,20260310,25,4,3,2026-03-10 23:38:16,2026-03-11 14:27:28,14.82,1,1,4
766,TCK-10766,20250216,39,8,2,2025-02-16 00:16:32,2025-02-16 14:52:32,14.6,1,1,5
767,TCK-10767,20250924,12,1,3,2025-09-24 05:32:31,,,0,0,5
768,TCK-10768,20250430,17,7,1,2025-04-30 10:02:08,2025-05-01 12:15:56,26.23,1,0,4
769,TCK-10769,20250928,17,7,2,2025-09-28 16:20:27,,,0,0,5
770,TCK-10770,20260327,36,8,1,2026-03-27 01:12:09,2026-03-28 01:13:21,24.02,1,1,5
771,TCK-10771,20260522,8,8,2,2026-05-22 01:28:22,,,0,0,4
772,TCK-10772,20250406,23,3,1,2025-04-06 06:55:18,2025-04-07 02:57:42,20.04,1,0,3
773,TCK-10773,20260623,1,4,3,2026-06-23 18:11:26,,,0,0,4
774,TCK-10774,20251203,7,8,3,2025-12-03 00:18:43,,,0,0,
775,TCK-10775,20251128,7,6,3,2025-11-28 04:01:05,2025-11-28 18:55:05,14.9,1,1,3
776,TCK-10776,20250106,43,5,3,2025-01-06 10:02:41,2025-01-06 20:24:53,10.37,1,1,5
777,TCK-10777,20251017,4,3,1,2025-10-17 10:51:03,2025-10-17 13:45:39,2.91,1,1,
778,TCK-10778,20260213,16,5,1,2026-02-13 02:01:54,2026-02-13 15:46:18,13.74,1,1,3
779,TCK-10779,20260518,20,3,1,2026-05-18 13:47:51,,,0,0,5
780,TCK-10780,20250409,43,3,2,2025-04-09 11:32:12,2025-04-10 16:17:48,28.76,1,0,3
781,TCK-10781,20260309,49,7,1,2026-03-09 11:39:11,2026-03-10 03:04:23,15.42,1,0,4
782,TCK-10782,20250608,15,8,3,2025-06-08 15:33:40,2025-06-09 21:42:40,30.15,1,1,
783,TCK-10783,20250511,10,8,2,2025-05-11 21:57:19,,,0,0,5
784,TCK-10784,20260719,4,5,3,2026-07-19 02:58:02,2026-07-19 09:06:26,6.14,1,1,4
785,TCK-10785,20250325,17,5,2,2025-03-25 16:01:07,2025-03-25 19:01:43,3.01,1,1,4
786,TCK-10786,20251101,27,1,1,2025-11-01 10:37:46,2025-11-01 21:04:10,10.44,1,1,3
787,TCK-10787,20250322,12,3,1,2025-03-22 23:38:16,,,0,0,
788,TCK-10788,20250430,26,1,1,2025-04-30 00:10:41,2025-04-30 10:01:41,9.85,1,1,2
789,TCK-10789,20260105,40,8,2,2026-01-05 22:43:44,2026-01-06 18:57:32,20.23,1,1,
790,TCK-10790,20250712,2,4,1,2025-07-12 00:13:30,2025-07-12 13:53:06,13.66,1,1,3
791,TCK-10791,20260420,20,4,1,2026-04-20 04:30:27,2026-04-21 05:37:03,25.11,1,1,5
792,TCK-10792,20260406,2,8,2,2026-04-06 18:15:12,2026-04-08 04:02:00,33.78,1,1,3
793,TCK-10793,20260319,46,2,3,2026-03-19 13:54:31,2026-03-20 15:12:31,25.3,1,1,3
794,TCK-10794,20260610,32,8,2,2026-06-10 18:46:39,,,0,0,4
795,TCK-10795,20250304,46,8,1,2025-03-04 16:01:27,2025-03-05 01:34:27,9.55,1,1,4
796,TCK-10796,20251222,32,8,1,2025-12-22 14:44:27,2025-12-23 07:23:27,16.65,1,1,5
797,TCK-10797,20251214,15,4,3,2025-12-14 19:54:53,2025-12-15 02:47:41,6.88,1,1,4
798,TCK-10798,20260104,44,7,2,2026-01-04 15:51:54,2026-01-05 15:14:42,23.38,1,0,
799,TCK-10799,20250724,12,8,1,2025-07-24 05:38:31,2025-07-25 17:51:43,36.22,1,1,5
800,TCK-10800,20250119,4,4,3,2025-01-19 11:56:16,2025-01-20 06:02:16,18.1,1,1,5
801,TCK-10801,20260317,22,1,1,2026-03-17 03:39:14,2026-03-17 08:36:50,4.96,1,1,4
802,TCK-10802,20260725,50,6,1,2026-07-25 08:57:09,,,0,0,5
803,TCK-10803,20260325,4,2,3,2026-03-25 14:53:48,2026-03-26 22:22:00,31.47,1,1,5
804,TCK-10804,20260604,3,2,3,2026-06-04 03:10:40,2026-06-05 00:49:40,21.65,1,1,5
805,TCK-10805,20250412,32,8,3,2025-04-12 04:41:23,2025-04-13 14:17:59,33.61,1,1,5
806,TCK-10806,20260501,16,7,1,2026-05-01 10:18:32,2026-05-02 02:53:56,16.59,1,0,5
807,TCK-10807,20260627,49,4,1,2026-06-27 13:50:14,2026-06-27 20:32:14,6.7,1,1,5
808,TCK-10808,20250530,29,6,1,2025-05-30 00:45:51,2025-05-31 05:08:39,28.38,1,1,4
809,TCK-10809,20260207,4,3,2,2026-02-07 01:42:59,2026-02-07 23:36:23,21.89,1,0,4
810,TCK-10810,20260721,26,5,2,2026-07-21 09:46:47,2026-07-21 15:44:23,5.96,1,1,5
811,TCK-10811,20260402,26,3,3,2026-04-02 20:13:56,2026-04-03 18:53:32,22.66,1,0,3
812,TCK-10812,20250328,20,7,1,2025-03-28 01:34:21,2025-03-28 15:16:21,13.7,1,0,2
813,TCK-10813,20260608,6,5,1,2026-06-08 17:19:33,2026-06-09 10:06:21,16.78,1,1,4
814,TCK-10814,20251108,50,5,1,2025-11-08 23:27:32,2025-11-10 04:44:20,29.28,1,0,4
815,TCK-10815,20250508,4,6,1,2025-05-08 14:19:36,2025-05-09 05:35:48,15.27,1,1,5
816,TCK-10816,20251019,20,4,2,2025-10-19 21:50:52,2025-10-20 07:26:52,9.6,1,1,3
817,TCK-10817,20260613,21,4,1,2026-06-13 18:12:52,2026-06-14 06:14:04,12.02,1,1,4
818,TCK-10818,20250305,6,7,1,2025-03-05 13:56:08,2025-03-05 21:33:56,7.63,1,1,4
819,TCK-10819,20260526,38,7,2,2026-05-26 20:27:28,2026-05-28 09:23:16,36.93,1,0,4
820,TCK-10820,20250511,33,3,1,2025-05-11 15:45:29,2025-05-12 03:30:29,11.75,1,1,
821,TCK-10821,20250203,31,4,2,2025-02-03 23:10:35,2025-02-04 04:38:47,5.47,1,1,3
822,TCK-10822,20251024,37,2,2,2025-10-24 01:33:09,2025-10-24 12:43:21,11.17,1,1,3
823,TCK-10823,20260308,10,1,1,2026-03-08 01:59:57,2026-03-09 03:35:57,25.6,1,0,5
824,TCK-10824,20251224,36,1,1,2025-12-24 02:55:02,2025-12-25 15:23:14,36.47,1,0,2
825,TCK-10825,20250516,47,7,2,2025-05-16 04:32:40,2025-05-16 12:41:40,8.15,1,0,2
826,TCK-10826,20260224,40,6,1,2026-02-24 12:14:57,2026-02-25 14:19:09,26.07,1,1,5
827,TCK-10827,20250619,6,5,3,2025-06-19 22:01:36,2025-06-20 09:57:24,11.93,1,1,4
828,TCK-10828,20260709,40,2,1,2026-07-09 18:48:03,,,0,0,5
829,TCK-10829,20250504,2,8,3,2025-05-04 21:59:34,2025-05-06 13:26:34,39.45,1,1,4
830,TCK-10830,20251125,35,8,1,2025-11-25 12:37:02,2025-11-26 17:07:38,28.51,1,1,4
831,TCK-10831,20260127,21,1,3,2026-01-27 08:05:07,,,0,0,4
832,TCK-10832,20260222,20,2,1,2026-02-22 21:10:03,2026-02-23 23:05:51,25.93,1,1,4
833,TCK-10833,20250526,21,7,1,2025-05-26 13:57:20,2025-05-27 09:09:56,19.21,1,0,4
834,TCK-10834,20250831,38,4,3,2025-08-31 15:32:48,2025-09-01 07:44:12,16.19,1,1,4
835,TCK-10835,20250130,31,7,1,2025-01-30 13:40:14,,,0,0,
836,TCK-10836,20260723,49,2,1,2026-07-23 20:50:08,2026-07-25 01:45:56,28.93,1,1,5
837,TCK-10837,20260708,24,4,1,2026-07-08 05:50:15,2026-07-09 08:55:03,27.08,1,1,5
838,TCK-10838,20251024,40,1,2,2025-10-24 20:10:00,2025-10-25 07:43:00,11.55,1,1,4
839,TCK-10839,20250806,41,7,2,2025-08-06 18:53:32,2025-08-07 22:24:44,27.52,1,0,4
840,TCK-10840,20250506,45,2,2,2025-05-06 04:46:35,,,0,0,4
841,TCK-10841,20251122,33,4,3,2025-11-22 21:21:40,2025-11-23 16:04:52,18.72,1,1,3
842,TCK-10842,20260416,14,6,2,2026-04-16 19:21:01,,,0,0,
843,TCK-10843,20250105,31,1,3,2025-01-05 00:43:11,2025-01-06 10:01:11,33.3,1,0,3
844,TCK-10844,20250321,42,2,3,2025-03-21 17:01:57,,,0,0,4
845,TCK-10845,20260201,23,7,3,2026-02-01 05:53:49,2026-02-01 14:30:25,8.61,1,0,5
846,TCK-10846,20250815,1,4,2,2025-08-15 23:01:48,2025-08-17 01:40:48,26.65,1,1,4
847,TCK-10847,20250828,15,5,3,2025-08-28 15:23:02,2025-08-29 13:56:38,22.56,1,1,4
848,TCK-10848,20250424,26,4,3,2025-04-24 08:36:32,2025-04-24 19:11:20,10.58,1,1,3
849,TCK-10849,20250512,38,3,1,2025-05-12 23:04:08,2025-05-13 04:29:20,5.42,1,1,4
850,TCK-10850,20250124,44,5,1,2025-01-24 22:43:34,2025-01-26 07:41:10,32.96,1,0,4
851,TCK-10851,20250223,44,7,3,2025-02-23 10:27:54,,,0,0,4
852,TCK-10852,20260614,24,8,2,2026-06-14 01:56:46,2026-06-14 18:15:22,16.31,1,1,5
853,TCK-10853,20251209,13,1,2,2025-12-09 02:56:36,2025-12-10 06:00:48,27.07,1,0,4
854,TCK-10854,20250618,13,2,1,2025-06-18 10:19:04,2025-06-19 16:05:16,29.77,1,1,5
855,TCK-10855,20250421,16,6,2,2025-04-21 15:15:21,,,0,0,3
856,TCK-10856,20260326,40,2,3,2026-03-26 03:40:28,2026-03-26 21:05:04,17.41,1,1,
857,TCK-10857,20251117,25,1,1,2025-11-17 22:04:50,2025-11-19 03:54:02,29.82,1,0,4
858,TCK-10858,20250227,7,7,1,2025-02-27 17:03:18,,,0,0,3
859,TCK-10859,20260421,25,1,2,2026-04-21 13:56:39,2026-04-22 00:08:39,10.2,1,1,5
860,TCK-10860,20250717,22,8,3,2025-07-17 03:06:00,2025-07-17 13:34:48,10.48,1,1,
861,TCK-10861,20260606,9,4,3,2026-06-06 08:22:26,2026-06-06 21:17:38,12.92,1,1,
862,TCK-10862,20251116,9,1,1,2025-11-16 18:27:32,,,0,0,4
863,TCK-10863,20250530,35,5,3,2025-05-30 04:30:19,2025-05-30 14:53:07,10.38,1,1,5
864,TCK-10864,20260604,16,3,1,2026-06-04 17:54:03,2026-06-05 15:06:03,21.2,1,0,5
865,TCK-10865,20260503,13,2,2,2026-05-03 22:44:29,2026-05-04 09:32:29,10.8,1,1,5
866,TCK-10866,20250616,22,5,2,2025-06-16 03:29:56,2025-06-17 06:08:56,26.65,1,0,
867,TCK-10867,20260423,15,4,3,2026-04-23 19:13:15,2026-04-24 15:55:51,20.71,1,1,5
868,TCK-10868,20250708,26,7,1,2025-07-08 00:23:00,2025-07-08 02:53:00,2.5,1,1,
869,TCK-10869,20260327,19,2,1,2026-03-27 06:40:37,,,0,0,5
870,TCK-10870,20250926,15,5,1,2025-09-26 23:11:21,,,0,0,4
871,TCK-10871,20250926,12,4,1,2025-09-26 03:01:53,2025-09-26 06:13:53,3.2,1,1,
872,TCK-10872,20250903,30,4,2,2025-09-03 11:51:23,2025-09-04 20:54:59,33.06,1,1,5
873,TCK-10873,20250502,5,7,3,2025-05-02 04:56:59,2025-05-02 17:26:59,12.5,1,0,3
874,TCK-10874,20250908,28,6,3,2025-09-08 01:48:39,2025-09-08 16:33:39,14.75,1,1,4
875,TCK-10875,20251014,41,4,1,2025-10-14 04:54:32,,,0,0,4
876,TCK-10876,20260427,6,4,3,2026-04-27 21:39:04,2026-04-27 23:05:28,1.44,1,1,5
877,TCK-10877,20260421,34,6,2,2026-04-21 05:20:45,2026-04-21 17:20:45,12.0,1,1,3
878,TCK-10878,20250207,26,5,3,2025-02-07 06:14:57,2025-02-08 08:36:33,26.36,1,0,3
879,TCK-10879,20260119,11,7,3,2026-01-19 08:35:05,2026-01-20 14:19:29,29.74,1,0,4
880,TCK-10880,20251211,33,1,2,2025-12-11 13:28:29,2025-12-11 22:29:41,9.02,1,1,5
881,TCK-10881,20250828,29,1,1,2025-08-28 08:41:04,2025-08-29 23:14:04,38.55,1,0,5
882,TCK-10882,20250411,15,2,2,2025-04-11 03:04:23,2025-04-12 00:00:47,20.94,1,1,5
883,TCK-10883,20251009,50,5,3,2025-10-09 06:45:38,,,0,0,4
884,TCK-10884,20251103,50,5,1,2025-11-03 09:52:22,2025-11-03 12:03:46,2.19,1,1,3
885,TCK-10885,20260609,42,1,2,2026-06-09 04:55:25,2026-06-10 08:14:37,27.32,1,0,4
886,TCK-10886,20251215,30,8,3,2025-12-15 02:20:54,2025-12-16 05:19:42,26.98,1,1,4
887,TCK-10887,20260119,2,8,3,2026-01-19 04:36:55,2026-01-19 15:19:31,10.71,1,1,5
888,TCK-10888,20260306,15,6,2,2026-03-06 13:43:48,2026-03-07 09:33:36,19.83,1,1,3
889,TCK-10889,20250523,3,1,3,2025-05-23 04:21:36,2025-05-23 20:21:36,16.0,1,1,3
890,TCK-10890,20250307,26,7,1,2025-03-07 17:24:12,2025-03-07 20:47:36,3.39,1,1,5
891,TCK-10891,20250417,11,5,1,2025-04-17 21:35:11,2025-04-18 12:01:35,14.44,1,1,3
892,TCK-10892,20250730,19,2,2,2025-07-30 07:18:42,2025-07-31 02:21:42,19.05,1,1,4
893,TCK-10893,20250610,26,6,2,2025-06-10 03:08:34,2025-06-10 22:57:10,19.81,1,1,3
894,TCK-10894,20251114,14,4,1,2025-11-14 13:52:45,2025-11-16 01:02:57,35.17,1,1,3
895,TCK-10895,20260415,46,4,3,2026-04-15 08:12:00,,,0,0,4
896,TCK-10896,20260623,16,7,3,2026-06-23 10:58:36,,,0,0,3
897,TCK-10897,20251222,30,5,3,2025-12-22 22:53:45,2025-12-23 08:21:57,9.47,1,1,5
898,TCK-10898,20260319,12,7,1,2026-03-19 14:24:58,2026-03-19 17:50:10,3.42,1,1,5
899,TCK-10899,20251008,11,1,1,2025-10-08 20:34:18,2025-10-10 01:34:18,29.0,1,0,
900,TCK-10900,20260721,27,4,2,2026-07-21 03:23:04,2026-07-21 06:44:40,3.36,1,1,4
901,TCK-10901,20260603,14,3,2,2026-06-03 01:29:01,2026-06-03 13:09:13,11.67,1,1,3
902,TCK-10902,20250208,26,7,1,2025-02-08 00:16:07,2025-02-09 06:28:07,30.2,1,0,5
903,TCK-10903,20260716,6,8,1,2026-07-16 21:15:45,,,0,0,
904,TCK-10904,20250119,11,5,1,2025-01-19 19:06:11,2025-01-20 01:55:59,6.83,1,1,
905,TCK-10905,20250607,18,1,3,2025-06-07 14:22:11,2025-06-08 06:17:23,15.92,1,1,
906,TCK-10906,20250218,45,4,2,2025-02-18 20:51:33,2025-02-19 09:59:57,13.14,1,1,2
907,TCK-10907,20250105,4,5,2,2025-01-05 01:49:24,2025-01-06 06:48:12,28.98,1,0,4
908,TCK-10908,20250129,27,2,1,2025-01-29 00:21:52,2025-01-29 14:44:04,14.37,1,1,3
909,TCK-10909,20250215,11,3,3,2025-02-15 13:32:06,2025-02-16 00:36:18,11.07,1,1,5
910,TCK-10910,20250826,8,7,2,2025-08-26 06:06:22,2025-08-27 18:00:58,35.91,1,0,
911,TCK-10911,20250309,15,4,2,2025-03-09 21:52:17,2025-03-10 18:00:41,20.14,1,1,5
912,TCK-10912,20250415,32,5,3,2025-04-15 22:34:50,,,0,0,4
913,TCK-10913,20251129,7,3,2,2025-11-29 20:44:24,2025-12-01 09:25:12,36.68,1,0,4
914,TCK-10914,20250311,31,6,3,2025-03-11 10:01:38,,,0,0,3
915,TCK-10915,20250508,2,1,1,2025-05-08 09:15:47,2025-05-09 02:23:35,17.13,1,1,4
916,TCK-10916,20250605,13,8,2,2025-06-05 12:13:41,2025-06-06 09:50:53,21.62,1,1,2
917,TCK-10917,20251122,18,6,1,2025-11-22 20:50:48,2025-11-22 22:35:48,1.75,1,1,3
918,TCK-10918,20251206,47,1,1,2025-12-06 10:15:13,2025-12-07 15:56:37,29.69,1,0,4
919,TCK-10919,20260618,25,4,3,2026-06-18 10:11:28,2026-06-18 20:53:28,10.7,1,1,
920,TCK-10920,20250223,13,8,1,2025-02-23 20:09:13,2025-02-24 21:38:37,25.49,1,1,5
921,TCK-10921,20250322,33,4,1,2025-03-22 13:46:29,2025-03-23 06:41:05,16.91,1,1,3
922,TCK-10922,20260405,19,4,2,2026-04-05 20:12:17,,,0,0,5
923,TCK-10923,20260328,31,7,1,2026-03-28 13:32:39,2026-03-29 04:36:51,15.07,1,0,5
924,TCK-10924,20250327,28,1,2,2025-03-27 09:38:34,2025-03-27 11:27:10,1.81,1,1,4
925,TCK-10925,20260730,25,8,2,2026-07-30 19:30:04,2026-08-01 03:22:52,31.88,1,1,5
926,TCK-10926,20260119,33,1,1,2026-01-19 15:25:59,2026-01-21 11:06:47,43.68,1,0,4
927,TCK-10927,20250314,38,5,3,2025-03-14 13:56:02,,,0,0,
928,TCK-10928,20260323,49,3,1,2026-03-23 08:49:58,2026-03-23 15:31:58,6.7,1,1,4
929,TCK-10929,20260130,4,6,3,2026-01-30 13:47:15,2026-01-30 15:48:27,2.02,1,1,
930,TCK-10930,20250129,46,6,3,2025-01-29 22:42:41,2025-01-30 03:57:05,5.24,1,1,
931,TCK-10931,20250615,38,4,3,2025-06-15 00:07:49,2025-06-15 00:53:25,0.76,1,1,3
932,TCK-10932,20260310,13,2,3,2026-03-10 05:53:27,2026-03-11 12:52:15,30.98,1,1,5
933,TCK-10933,20260226,20,7,3,2026-02-26 23:55:05,2026-02-27 14:52:05,14.95,1,0,4
934,TCK-10934,20260212,14,5,3,2026-02-12 22:19:00,,,0,0,2
935,TCK-10935,20260304,5,1,1,2026-03-04 16:26:41,2026-03-05 04:09:53,11.72,1,1,4
936,TCK-10936,20250706,32,3,1,2025-07-06 16:07:28,2025-07-07 12:29:40,20.37,1,0,5
937,TCK-10937,20260328,27,4,2,2026-03-28 20:58:39,2026-03-29 12:16:39,15.3,1,1,
938,TCK-10938,20251217,5,2,2,2025-12-17 00:37:15,2025-12-17 15:25:15,14.8,1,1,4
939,TCK-10939,20250212,38,1,3,2025-02-12 03:13:33,2025-02-13 00:14:45,21.02,1,1,2
940,TCK-10940,20251212,31,5,2,2025-12-12 19:27:21,2025-12-13 10:05:45,14.64,1,1,5
941,TCK-10941,20260123,26,6,3,2026-01-23 19:03:22,,,0,0,4
942,TCK-10942,20260216,45,1,2,2026-02-16 23:53:56,,,0,0,
943,TCK-10943,20250912,18,2,3,2025-09-12 11:28:39,2025-09-13 15:50:51,28.37,1,1,3
944,TCK-10944,20250118,21,1,3,2025-01-18 20:23:55,2025-01-19 18:40:07,22.27,1,1,3
945,TCK-10945,20250325,48,8,2,2025-03-25 11:27:59,,,0,0,3
946,TCK-10946,20251028,25,2,3,2025-10-28 19:12:45,2025-10-28 22:06:09,2.89,1,1,2
947,TCK-10947,20250331,32,1,1,2025-03-31 09:53:43,,,0,0,3
948,TCK-10948,20250429,29,8,1,2025-04-29 15:42:34,2025-04-30 14:59:58,23.29,1,1,5
949,TCK-10949,20250130,28,2,1,2025-01-30 05:59:59,2025-01-30 17:15:35,11.26,1,1,4
950,TCK-10950,20250520,8,8,3,2025-05-20 17:40:46,2025-05-21 15:13:46,21.55,1,1,3
951,TCK-10951,20260122,22,2,3,2026-01-22 22:47:47,2026-01-23 05:20:47,6.55,1,1,3
952,TCK-10952,20250923,15,7,1,2025-09-23 03:18:05,2025-09-23 13:10:17,9.87,1,0,5
953,TCK-10953,20250511,24,2,3,2025-05-11 10:24:36,2025-05-11 22:56:24,12.53,1,1,5
954,TCK-10954,20260109,21,7,2,2026-01-09 21:59:50,2026-01-10 08:13:38,10.23,1,0,
955,TCK-10955,20251120,30,1,3,2025-11-20 04:52:18,,,0,0,3
956,TCK-10956,20251018,39,8,1,2025-10-18 04:47:42,,,0,0,5
957,TCK-10957,20260811,46,2,2,2026-08-11 15:40:53,2026-08-12 12:26:29,20.76,1,1,4
958,TCK-10958,20250804,46,6,1,2025-08-04 23:59:51,2025-08-05 17:37:39,17.63,1,1,5
959,TCK-10959,20251103,26,8,3,2025-11-03 21:58:54,2025-11-04 06:50:30,8.86,1,1,
960,TCK-10960,20260430,28,7,2,2026-04-30 11:48:25,2026-04-30 20:40:01,8.86,1,0,4
961,TCK-10961,20260208,36,4,3,2026-02-08 03:08:20,2026-02-08 04:37:44,1.49,1,1,3
962,TCK-10962,20250617,42,5,2,2025-06-17 18:08:28,2025-06-18 10:55:52,16.79,1,1,4
963,TCK-10963,20250110,42,4,3,2025-01-10 11:46:54,2025-01-10 14:40:18,2.89,1,1,
964,TCK-10964,20250227,11,7,3,2025-02-27 03:22:30,2025-02-27 18:09:18,14.78,1,0,
965,TCK-10965,20250602,28,6,3,2025-06-02 20:46:25,2025-06-04 00:08:01,27.36,1,1,5
966,TCK-10966,20260120,48,3,3,2026-01-20 22:50:42,2026-01-21 21:30:18,22.66,1,0,2
967,TCK-10967,20260401,42,5,3,2026-04-01 11:00:07,2026-04-02 17:52:55,30.88,1,0,5
968,TCK-10968,20260810,38,4,1,2026-08-10 18:30:17,2026-08-12 02:20:05,31.83,1,1,5
969,TCK-10969,20250509,37,7,2,2025-05-09 03:20:04,2025-05-10 07:29:40,28.16,1,0,3
970,TCK-10970,20260704,36,1,2,2026-07-04 16:31:04,2026-07-04 18:40:04,2.15,1,1,3
971,TCK-10971,20250501,43,2,1,2025-05-01 05:55:38,2025-05-02 13:29:14,31.56,1,1,4
972,TCK-10972,20250731,37,1,1,2025-07-31 20:10:05,2025-08-01 16:34:41,20.41,1,1,4
973,TCK-10973,20250625,35,5,2,2025-06-25 13:42:00,2025-06-27 11:57:36,46.26,1,0,5
974,TCK-10974,20260401,35,5,3,2026-04-01 04:36:31,2026-04-01 21:49:07,17.21,1,1,4
975,TCK-10975,20250215,7,4,3,2025-02-15 07:02:12,2025-02-16 06:42:24,23.67,1,1,
976,TCK-10976,20251012,23,4,3,2025-10-12 04:46:39,2025-10-12 16:42:27,11.93,1,1,4
977,TCK-10977,20250327,30,3,2,2025-03-27 08:43:27,,,0,0,
978,TCK-10978,20251003,41,4,1,2025-10-03 20:44:41,2025-10-05 08:35:05,35.84,1,1,3
979,TCK-10979,20251120,10,3,2,2025-11-20 13:24:01,,,0,0,3
980,TCK-10980,20250423,35,5,1,2025-04-23 21:35:26,2025-04-24 08:50:26,11.25,1,1,3
981,TCK-10981,20251008,15,5,1,2025-10-08 00:06:24,,,0,0,5
982,TCK-10982,20251110,34,2,1,2025-11-10 18:52:51,2025-11-11 07:07:15,12.24,1,1,3
983,TCK-10983,20250219,7,5,3,2025-02-19 05:20:48,2025-02-19 10:43:36,5.38,1,1,4
984,TCK-10984,20250511,38,7,2,2025-05-11 08:00:43,2025-05-11 21:57:07,13.94,1,0,5
985,TCK-10985,20260115,47,5,1,2026-01-15 22:49:15,2026-01-17 01:40:15,26.85,1,0,3
986,TCK-10986,20251021,33,6,2,2025-10-21 08:27:33,,,0,0,4
987,TCK-10987,20250331,41,4,2,2025-03-31 09:26:49,2025-04-01 08:04:01,22.62,1,1,4
988,TCK-10988,20250228,37,2,1,2025-02-28 02:47:18,2025-02-28 09:42:30,6.92,1,1,4
989,TCK-10989,20250520,33,7,3,2025-05-20 15:31:32,2025-05-21 03:27:20,11.93,1,0,
990,TCK-10990,20250108,13,1,3,2025-01-08 22:27:44,2025-01-09 03:42:08,5.24,1,1,5
991,TCK-10991,20250622,29,1,3,2025-06-22 21:59:56,2025-06-23 15:51:32,17.86,1,1,4
992,TCK-10992,20250222,23,3,3,2025-02-22 13:31:24,2025-02-23 18:14:36,28.72,1,0,3
993,TCK-10993,20260510,20,2,2,2026-05-10 09:16:13,2026-05-11 19:10:13,33.9,1,1,2
994,TCK-10994,20260515,40,1,2,2026-05-15 01:22:00,2026-05-16 12:42:24,35.34,1,0,4
995,TCK-10995,20250110,23,3,2,2025-01-10 03:27:31,2025-01-10 22:55:43,19.47,1,0,5
996,TCK-10996,20250914,10,8,1,2025-09-14 07:30:25,2025-09-14 18:39:25,11.15,1,1,5
997,TCK-10997,20260326,29,5,1,2026-03-26 05:08:22,2026-03-26 14:18:34,9.17,1,1,
998,TCK-10998,20251019,13,4,1,2025-10-19 01:08:25,2025-10-19 18:09:01,17.01,1,1,4
999,TCK-10999,20250502,18,8,3,2025-05-02 13:31:35,2025-05-03 05:24:59,15.89,1,1,4
1000,TCK-11000,20260203,47,7,3,2026-02-03 04:07:06,2026-02-04 06:21:30,26.24,1,0,
1001,TCK-11001,20251217,44,4,1,2025-12-17 13:38:47,2025-12-18 15:59:47,26.35,1,1,4
1002,TCK-11002,20250606,40,7,1,2025-06-06 23:32:11,2025-06-07 22:54:59,23.38,1,0,5
1003,TCK-11003,20250723,28,4,3,2025-07-23 15:45:50,2025-07-24 03:18:50,11.55,1,1,3
1004,TCK-11004,20250516,8,3,1,2025-05-16 12:02:17,,,0,0,4
1005,TCK-11005,20250724,40,7,1,2025-07-24 02:55:03,2025-07-24 03:49:03,0.9,1,1,4
1006,TCK-11006,20260506,28,4,2,2026-05-06 01:32:27,2026-05-06 16:51:39,15.32,1,1,5
1007,TCK-11007,20250910,27,6,3,2025-09-10 10:57:03,2025-09-11 23:05:27,36.14,1,1,4
1008,TCK-11008,20250414,18,5,2,2025-04-14 13:11:16,,,0,0,4
1009,TCK-11009,20250514,36,1,3,2025-05-14 10:23:47,2025-05-15 09:59:47,23.6,1,1,3
1010,TCK-11010,20250804,18,4,3,2025-08-04 18:24:05,,,0,0,
1011,TCK-11011,20250715,38,2,1,2025-07-15 06:45:28,,,0,0,
1012,TCK-11012,20260501,47,6,2,2026-05-01 06:34:46,2026-05-01 16:24:34,9.83,1,1,
1013,TCK-11013,20250916,46,7,3,2025-09-16 17:22:57,2025-09-17 07:46:21,14.39,1,0,4
1014,TCK-11014,20260531,34,8,2,2026-05-31 00:10:38,2026-06-01 04:23:50,28.22,1,1,4
1015,TCK-11015,20260212,13,1,3,2026-02-12 15:43:34,,,0,0,5
1016,TCK-11016,20260204,50,7,3,2026-02-04 12:38:17,2026-02-06 00:23:17,35.75,1,0,
1017,TCK-11017,20250110,45,4,3,2025-01-10 16:29:32,2025-01-11 00:54:44,8.42,1,1,4
1018,TCK-11018,20250625,8,5,3,2025-06-25 07:02:34,2025-06-26 08:07:58,25.09,1,0,4
1019,TCK-11019,20250912,4,3,2,2025-09-12 06:34:07,2025-09-12 15:40:07,9.1,1,1,5
1020,TCK-11020,20250928,36,2,3,2025-09-28 23:08:26,,,0,0,5
1021,TCK-11021,20251014,15,1,2,2025-10-14 05:16:01,2025-10-14 22:12:25,16.94,1,1,4
1022,TCK-11022,20260127,48,2,3,2026-01-27 20:16:55,2026-01-27 23:21:07,3.07,1,1,4
1023,TCK-11023,20260209,14,6,2,2026-02-09 04:28:14,2026-02-10 11:27:02,30.98,1,1,5
1024,TCK-11024,20250709,30,8,1,2025-07-09 05:12:36,2025-07-10 10:42:36,29.5,1,1,4
1025,TCK-11025,20250712,26,3,1,2025-07-12 02:09:04,2025-07-12 18:40:16,16.52,1,0,3
1026,TCK-11026,20250113,49,3,3,2025-01-13 19:06:24,2025-01-14 03:58:36,8.87,1,1,
1027,TCK-11027,20250516,3,1,3,2025-05-16 07:49:05,2025-05-17 17:21:29,33.54,1,0,4
1028,TCK-11028,20251213,35,1,1,2025-12-13 22:05:12,2025-12-14 18:07:36,20.04,1,1,2
1029,TCK-11029,20250608,31,5,2,2025-06-08 07:03:34,2025-06-08 21:16:46,14.22,1,1,4
1030,TCK-11030,20250416,19,2,3,2025-04-16 16:56:53,2025-04-17 19:59:53,27.05,1,1,4
1031,TCK-11031,20251021,23,7,1,2025-10-21 07:58:56,2025-10-21 19:07:20,11.14,1,0,3
1032,TCK-11032,20250818,8,8,1,2025-08-18 03:18:22,2025-08-18 16:06:22,12.8,1,1,5
1033,TCK-11033,20250604,39,2,1,2025-06-04 05:27:33,2025-06-05 05:14:21,23.78,1,1,5
1034,TCK-11034,20251223,19,5,3,2025-12-23 03:17:58,2025-12-23 15:23:22,12.09,1,1,5
1035,TCK-11035,20250531,10,2,1,2025-05-31 10:09:24,2025-06-01 14:11:12,28.03,1,1,2
1036,TCK-11036,20251013,28,2,3,2025-10-13 04:05:20,,,0,0,3
1037,TCK-11037,20260228,45,7,2,2026-02-28 19:50:40,2026-03-01 21:18:16,25.46,1,0,4
1038,TCK-11038,20260706,32,7,3,2026-07-06 17:31:34,2026-07-07 04:36:22,11.08,1,0,5
1039,TCK-11039,20250829,6,4,3,2025-08-29 11:00:13,,,0,0,
1040,TCK-11040,20250303,8,8,1,2025-03-03 11:23:54,,,0,0,5
1041,TCK-11041,20250528,30,3,2,2025-05-28 17:59:58,2025-05-29 14:35:22,20.59,1,0,5
1042,TCK-11042,20250527,46,2,3,2025-05-27 12:46:01,2025-05-28 03:42:25,14.94,1,1,
1043,TCK-11043,20250611,39,2,2,2025-06-11 00:09:23,2025-06-11 20:28:35,20.32,1,1,5
1044,TCK-11044,20250706,49,7,1,2025-07-06 15:47:08,2025-07-07 12:03:20,20.27,1,0,4
1045,TCK-11045,20250114,42,6,2,2025-01-14 09:07:09,2025-01-15 15:22:45,30.26,1,1,4
1046,TCK-11046,20260310,26,3,1,2026-03-10 21:56:29,2026-03-11 11:55:53,13.99,1,0,5
1047,TCK-11047,20251006,11,4,2,2025-10-06 02:33:24,,,0,0,
1048,TCK-11048,20250227,40,4,2,2025-02-27 07:25:11,,,0,0,3
1049,TCK-11049,20260504,30,2,3,2026-05-04 10:41:41,2026-05-05 02:15:17,15.56,1,1,4
1050,TCK-11050,20250422,18,7,1,2025-04-22 03:04:23,2025-04-22 23:12:11,20.13,1,0,4
1051,TCK-11051,20250112,14,2,1,2025-01-12 09:12:35,2025-01-13 11:44:23,26.53,1,1,
1052,TCK-11052,20250216,31,1,3,2025-02-16 01:20:05,,,0,0,
1053,TCK-11053,20260528,26,6,2,2026-05-28 06:20:48,2026-05-28 21:01:00,14.67,1,1,5
1054,TCK-11054,20260531,48,6,2,2026-05-31 03:32:51,2026-06-01 11:07:03,31.57,1,1,
1055,TCK-11055,20250208,38,7,2,2025-02-08 09:10:09,2025-02-09 18:28:45,33.31,1,0,5
1056,TCK-11056,20250525,44,4,1,2025-05-25 22:10:32,2025-05-26 14:21:20,16.18,1,1,3
1057,TCK-11057,20251214,9,6,2,2025-12-14 09:23:39,,,0,0,5
1058,TCK-11058,20250318,14,7,1,2025-03-18 04:36:40,,,0,0,
1059,TCK-11059,20251113,50,1,1,2025-11-13 17:55:51,2025-11-13 23:18:03,5.37,1,1,
1060,TCK-11060,20250623,21,2,2,2025-06-23 09:10:04,2025-06-24 00:16:40,15.11,1,1,4
1061,TCK-11061,20250920,31,8,2,2025-09-20 14:41:59,2025-09-21 20:16:47,29.58,1,1,
1062,TCK-11062,20250513,27,5,2,2025-05-13 14:23:32,,,0,0,5
1063,TCK-11063,20260228,44,6,1,2026-02-28 16:28:16,,,0,0,5
1064,TCK-11064,20260729,16,1,3,2026-07-29 00:09:54,2026-07-30 03:24:54,27.25,1,0,2
1065,TCK-11065,20250406,30,4,2,2025-04-06 11:29:29,2025-04-06 19:57:05,8.46,1,1,4
1066,TCK-11066,20260320,50,2,2,2026-03-20 06:25:21,2026-03-21 02:01:57,19.61,1,1,4
1067,TCK-11067,20260411,18,8,1,2026-04-11 01:34:09,,,0,0,
1068,TCK-11068,20250202,37,4,2,2025-02-02 19:49:24,2025-02-03 09:15:48,13.44,1,1,5
1069,TCK-11069,20250124,14,4,1,2025-01-24 21:27:17,2025-01-25 12:11:41,14.74,1,1,4
1070,TCK-11070,20260408,46,2,2,2026-04-08 13:33:13,2026-04-09 15:30:49,25.96,1,1,4
1071,TCK-11071,20251101,49,7,2,2025-11-01 05:12:22,,,0,0,4
1072,TCK-11072,20251230,28,3,3,2025-12-30 22:36:24,,,0,0,4
1073,TCK-11073,20251121,43,3,2,2025-11-21 00:09:57,2025-11-21 13:43:33,13.56,1,0,
1074,TCK-11074,20260221,44,6,1,2026-02-21 08:33:46,2026-02-21 12:39:46,4.1,1,1,
1075,TCK-11075,20250410,38,8,3,2025-04-10 01:13:47,,,0,0,5
1076,TCK-11076,20250810,25,3,3,2025-08-10 11:13:12,,,0,0,5
1077,TCK-11077,20260530,20,1,2,2026-05-30 03:44:31,2026-05-31 00:13:19,20.48,1,1,3
1078,TCK-11078,20251210,49,7,3,2025-12-10 03:59:11,2025-12-11 04:27:23,24.47,1,0,3
1079,TCK-11079,20260324,19,7,2,2026-03-24 20:18:44,2026-03-25 12:28:56,16.17,1,0,5
1080,TCK-11080,20250117,42,2,1,2025-01-17 19:59:26,2025-01-18 09:16:14,13.28,1,1,3
1081,TCK-11081,20250203,38,8,3,2025-02-03 21:18:54,2025-02-04 05:14:42,7.93,1,1,3
1082,TCK-11082,20251226,8,4,2,2025-12-26 14:26:58,,,0,0,4
1083,TCK-11083,20250818,24,7,1,2025-08-18 16:18:17,,,0,0,5
1084,TCK-11084,20250105,16,7,3,2025-01-05 13:02:00,2025-01-05 13:41:00,0.65,1,1,5
1085,TCK-11085,20260809,11,6,2,2026-08-09 13:15:35,,,0,0,3
1086,TCK-11086,20260316,37,7,1,2026-03-16 04:40:24,,,0,0,5
1087,TCK-11087,20250510,7,7,1,2025-05-10 16:07:40,2025-05-11 02:25:40,10.3,1,0,4
1088,TCK-11088,20250406,14,3,2,2025-04-06 02:01:27,2025-04-06 11:11:39,9.17,1,1,5
1089,TCK-11089,20250126,25,2,3,2025-01-26 23:46:08,,,0,0,5
1090,TCK-11090,20250816,16,6,1,2025-08-16 09:12:34,,,0,0,4
1091,TCK-11091,20251009,4,5,3,2025-10-09 02:59:09,2025-10-09 10:32:09,7.55,1,1,4
1092,TCK-11092,20250420,8,8,3,2025-04-20 04:18:16,,,0,0,
1093,TCK-11093,20260205,14,8,2,2026-02-05 03:31:50,2026-02-05 19:21:02,15.82,1,1,
1094,TCK-11094,20260306,44,2,1,2026-03-06 12:56:20,2026-03-07 00:39:32,11.72,1,1,4
1095,TCK-11095,20250202,37,3,3,2025-02-02 03:21:22,2025-02-02 10:28:34,7.12,1,1,3
1096,TCK-11096,20250131,13,5,1,2025-01-31 17:01:33,2025-02-02 01:24:21,32.38,1,0,
1097,TCK-11097,20250522,21,4,1,2025-05-22 07:05:46,2025-05-23 21:17:46,38.2,1,0,
1098,TCK-11098,20250405,13,5,2,2025-04-05 11:45:35,2025-04-05 15:37:47,3.87,1,1,4
1099,TCK-11099,20250627,17,7,1,2025-06-27 06:43:54,,,0,0,3
1100,TCK-11100,20260515,14,5,1,2026-05-15 13:56:28,2026-05-16 18:21:04,28.41,1,0,5
1101,TCK-11101,20260804,13,7,2,2026-08-04 11:23:57,2026-08-04 14:33:33,3.16,1,1,
1102,TCK-11102,20250917,33,3,1,2025-09-17 18:26:18,2025-09-19 10:01:42,39.59,1,0,2
1103,TCK-11103,20250704,8,7,1,2025-07-04 10:27:50,2025-07-05 05:12:50,18.75,1,0,5
1104,TCK-11104,20250110,8,3,2,2025-01-10 10:44:00,2025-01-11 08:44:36,22.01,1,0,5
1105,TCK-11105,20260130,5,4,3,2026-01-30 09:38:13,2026-01-31 11:52:01,26.23,1,1,4
1106,TCK-11106,20260308,42,2,3,2026-03-08 21:48:27,2026-03-09 12:55:03,15.11,1,1,5
1107,TCK-11107,20260308,18,8,1,2026-03-08 03:07:28,2026-03-08 16:08:40,13.02,1,1,5
1108,TCK-11108,20260813,42,5,1,2026-08-13 00:58:29,2026-08-14 02:06:17,25.13,1,0,3
1109,TCK-11109,20250117,42,1,2,2025-01-17 02:30:06,,,0,0,4
1110,TCK-11110,20260724,6,6,2,2026-07-24 10:31:39,2026-07-25 14:58:39,28.45,1,1,5
1111,TCK-11111,20250416,40,2,2,2025-04-16 00:14:03,,,0,0,
1112,TCK-11112,20260323,47,6,3,2026-03-23 07:10:05,2026-03-24 00:15:29,17.09,1,1,3
1113,TCK-11113,20250923,4,1,3,2025-09-23 01:07:03,,,0,0,
1114,TCK-11114,20260124,40,6,3,2026-01-24 08:44:10,,,0,0,5
1115,TCK-11115,20250601,21,2,1,2025-06-01 18:56:54,,,0,0,4
1116,TCK-11116,20260517,31,4,3,2026-05-17 08:20:49,2026-05-18 04:51:25,20.51,1,1,4
1117,TCK-11117,20250906,36,2,2,2025-09-06 21:41:47,,,0,0,5
1118,TCK-11118,20250806,4,2,2,2025-08-06 00:42:13,2025-08-06 08:47:37,8.09,1,1,5
1119,TCK-11119,20260410,46,6,2,2026-04-10 20:09:54,2026-04-11 21:53:42,25.73,1,1,4
1120,TCK-11120,20250727,33,8,3,2025-07-27 12:12:04,2025-07-28 11:58:52,23.78,1,1,5
1121,TCK-11121,20250420,30,2,1,2025-04-20 23:07:15,2025-04-21 08:27:03,9.33,1,1,4
1122,TCK-11122,20250502,17,8,2,2025-05-02 17:05:22,2025-05-03 19:52:46,26.79,1,1,5
1123,TCK-11123,20260114,18,1,2,2026-01-14 03:03:41,2026-01-15 04:39:05,25.59,1,0,4
1124,TCK-11124,20260627,18,3,3,2026-06-27 19:31:33,2026-06-28 06:46:33,11.25,1,1,3
1125,TCK-11125,20250206,4,4,1,2025-02-06 18:17:15,2025-02-07 19:42:27,25.42,1,1,4
1126,TCK-11126,20250414,26,7,2,2025-04-14 07:46:52,,,0,0,4
1127,TCK-11127,20251022,19,6,3,2025-10-22 23:00:06,2025-10-24 13:45:06,38.75,1,1,3
1128,TCK-11128,20250313,21,4,1,2025-03-13 05:11:21,,,0,0,
1129,TCK-11129,20260315,31,1,3,2026-03-15 10:01:11,,,0,0,3
1130,TCK-11130,20250110,49,3,3,2025-01-10 19:22:30,2025-01-11 04:50:42,9.47,1,1,
1131,TCK-11131,20251025,44,1,3,2025-10-25 07:33:32,2025-10-26 02:43:08,19.16,1,1,
1132,TCK-11132,20251210,20,2,1,2025-12-10 14:31:47,2025-12-10 16:02:59,1.52,1,1,4
1133,TCK-11133,20251105,23,8,1,2025-11-05 22:21:57,2025-11-06 04:29:45,6.13,1,1,2
1134,TCK-11134,20260616,18,8,1,2026-06-16 23:40:01,2026-06-17 11:00:25,11.34,1,1,4
1135,TCK-11135,20250908,2,6,2,2025-09-08 18:47:44,,,0,0,4
1136,TCK-11136,20251008,7,7,3,2025-10-08 20:43:34,,,0,0,3
1137,TCK-11137,20251224,44,3,2,2025-12-24 10:25:37,2025-12-25 15:14:49,28.82,1,0,
1138,TCK-11138,20260320,8,6,3,2026-03-20 14:36:50,2026-03-21 08:43:26,18.11,1,1,5
1139,TCK-11139,20250603,44,3,2,2025-06-03 16:18:39,2025-06-04 08:07:15,15.81,1,0,4
1140,TCK-11140,20250211,30,5,1,2025-02-11 06:18:52,2025-02-12 01:10:28,18.86,1,1,
1141,TCK-11141,20251227,28,5,1,2025-12-27 21:53:00,2025-12-29 08:21:48,34.48,1,0,5
1142,TCK-11142,20251005,46,3,1,2025-10-05 04:46:12,2025-10-06 07:55:48,27.16,1,0,
1143,TCK-11143,20260131,44,6,1,2026-01-31 13:25:57,2026-02-01 03:02:33,13.61,1,1,4
1144,TCK-11144,20250523,21,7,3,2025-05-23 21:49:12,2025-05-25 02:07:12,28.3,1,0,4
1145,TCK-11145,20260418,41,5,3,2026-04-18 17:11:24,2026-04-19 21:25:12,28.23,1,0,5
1146,TCK-11146,20260102,44,6,3,2026-01-02 14:22:27,2026-01-03 17:12:15,26.83,1,1,2
1147,TCK-11147,20250524,6,1,2,2025-05-24 19:58:19,2025-05-25 20:51:07,24.88,1,0,3
1148,TCK-11148,20260207,49,5,1,2026-02-07 04:25:42,2026-02-08 10:53:18,30.46,1,0,5
1149,TCK-11149,20251004,4,1,1,2025-10-04 20:06:21,2025-10-05 05:10:33,9.07,1,1,3
1150,TCK-11150,20260608,48,1,1,2026-06-08 23:45:03,2026-06-09 10:54:03,11.15,1,1,2
1151,TCK-11151,20250608,44,3,1,2025-06-08 09:40:19,2025-06-08 16:14:31,6.57,1,1,4
1152,TCK-11152,20250101,5,4,1,2025-01-01 04:38:56,2025-01-01 07:23:20,2.74,1,1,
1153,TCK-11153,20250126,31,4,1,2025-01-26 16:28:25,2025-01-27 19:47:01,27.31,1,1,5
1154,TCK-11154,20260326,17,4,3,2026-03-26 21:39:07,2026-03-27 11:07:19,13.47,1,1,4
1155,TCK-11155,20260714,33,4,1,2026-07-14 06:30:30,2026-07-14 09:58:42,3.47,1,1,2
1156,TCK-11156,20250420,25,5,2,2025-04-20 14:26:52,2025-04-21 22:00:28,31.56,1,0,4
1157,TCK-11157,20250204,20,1,3,2025-02-04 20:41:57,2025-02-05 03:50:21,7.14,1,1,5
1158,TCK-11158,20260415,47,3,2,2026-04-15 08:00:10,2026-04-16 11:15:46,27.26,1,0,3
1159,TCK-11159,20250628,5,7,3,2025-06-28 20:09:22,2025-06-29 02:22:34,6.22,1,1,4
1160,TCK-11160,20251107,49,3,2,2025-11-07 12:04:58,,,0,0,5
1161,TCK-11161,20260604,46,3,3,2026-06-04 21:33:16,2026-06-05 12:14:04,14.68,1,0,5
1162,TCK-11162,20250131,3,7,1,2025-01-31 23:10:14,2025-02-01 14:35:26,15.42,1,0,
1163,TCK-11163,20250826,49,8,2,2025-08-26 23:50:15,2025-08-28 08:31:03,32.68,1,1,3
1164,TCK-11164,20250914,4,7,1,2025-09-14 03:02:54,2025-09-14 10:41:54,7.65,1,1,4
1165,TCK-11165,20250421,21,1,1,2025-04-21 22:28:24,2025-04-22 07:01:24,8.55,1,1,3
1166,TCK-11166,20251020,44,8,2,2025-10-20 07:12:47,2025-10-21 10:13:59,27.02,1,1,2
1167,TCK-11167,20250409,43,1,3,2025-04-09 06:02:51,2025-04-10 21:14:51,39.2,1,0,4
1168,TCK-11168,20260625,12,2,2,2026-06-25 15:12:53,2026-06-26 16:20:41,25.13,1,1,3
1169,TCK-11169,20260314,29,3,1,2026-03-14 20:24:55,2026-03-16 09:23:43,36.98,1,0,5
1170,TCK-11170,20250222,15,2,2,2025-02-22 19:34:21,2025-02-23 18:22:21,22.8,1,1,3
1171,TCK-11171,20250311,23,7,3,2025-03-11 05:18:04,2025-03-12 00:34:52,19.28,1,0,5
1172,TCK-11172,20250228,40,5,2,2025-02-28 17:44:57,2025-03-01 02:35:57,8.85,1,1,4
1173,TCK-11173,20260308,22,1,1,2026-03-08 08:12:21,,,0,0,
1174,TCK-11174,20251204,47,4,3,2025-12-04 21:58:56,2025-12-05 02:10:56,4.2,1,1,4
1175,TCK-11175,20260303,5,1,2,2026-03-03 19:47:39,,,0,0,4
1176,TCK-11176,20260524,3,1,1,2026-05-24 16:14:41,2026-05-25 11:35:05,19.34,1,1,4
1177,TCK-11177,20250127,4,4,1,2025-01-27 06:34:38,,,0,0,2
1178,TCK-11178,20250223,31,1,3,2025-02-23 12:49:24,2025-02-23 19:52:24,7.05,1,1,
1179,TCK-11179,20260112,40,8,1,2026-01-12 11:12:21,2026-01-13 11:06:57,23.91,1,1,
1180,TCK-11180,20250111,38,4,1,2025-01-11 07:26:47,2025-01-12 07:13:35,23.78,1,1,
1181,TCK-11181,20250228,16,1,3,2025-02-28 02:03:08,2025-02-28 06:38:32,4.59,1,1,4
1182,TCK-11182,20260212,9,4,2,2026-02-12 15:42:07,2026-02-14 01:11:31,33.49,1,1,
1183,TCK-11183,20260101,46,4,2,2026-01-01 07:28:45,2026-01-01 15:47:21,8.31,1,1,5
1184,TCK-11184,20251123,18,4,3,2025-11-23 22:34:32,2025-11-24 10:02:08,11.46,1,1,5
1185,TCK-11185,20250728,6,8,2,2025-07-28 04:53:33,2025-07-28 22:58:21,18.08,1,1,3
1186,TCK-11186,20260327,16,3,1,2026-03-27 20:48:29,,,0,0,
1187,TCK-11187,20260129,18,1,2,2026-01-29 09:52:05,2026-01-30 11:34:41,25.71,1,0,
1188,TCK-11188,20250215,29,7,2,2025-02-15 07:13:24,2025-02-15 16:22:24,9.15,1,0,5
1189,TCK-11189,20251211,39,6,1,2025-12-11 08:51:48,2025-12-12 06:39:48,21.8,1,1,3
1190,TCK-11190,20250228,47,7,2,2025-02-28 03:35:24,,,0,0,5
1191,TCK-11191,20260311,30,5,3,2026-03-11 18:46:36,2026-03-12 11:20:48,16.57,1,1,5
1192,TCK-11192,20251015,1,4,1,2025-10-15 21:17:05,,,0,0,4
1193,TCK-11193,20260106,18,1,3,2026-01-06 08:42:16,2026-01-07 18:10:28,33.47,1,0,4
1194,TCK-11194,20260331,12,6,2,2026-03-31 14:01:28,2026-04-01 04:38:40,14.62,1,1,
1195,TCK-11195,20260724,41,6,2,2026-07-24 06:26:03,2026-07-25 23:23:39,40.96,1,1,5
1196,TCK-11196,20250922,12,2,2,2025-09-22 08:16:55,2025-09-23 03:49:55,19.55,1,1,5
1197,TCK-11197,20250209,8,1,1,2025-02-09 05:43:32,,,0,0,5
1198,TCK-11198,20250921,17,1,3,2025-09-21 00:43:54,,,0,0,4
1199,TCK-11199,20251225,16,1,3,2025-12-25 03:04:32,2025-12-25 12:46:32,9.7,1,1,4
1200,TCK-11200,20250315,27,6,3,2025-03-15 20:27:56,2025-03-17 07:09:56,34.7,1,1,4
1201,TCK-11201,20260427,24,7,3,2026-04-27 09:39:01,2026-04-29 06:46:13,45.12,1,0,5
1202,TCK-11202,20250805,39,1,1,2025-08-05 10:32:45,2025-08-05 13:13:33,2.68,1,1,4
1203,TCK-11203,20250203,38,4,2,2025-02-03 21:46:09,2025-02-04 21:07:09,23.35,1,1,
1204,TCK-11204,20260812,33,4,3,2026-08-12 20:35:46,2026-08-13 15:01:34,18.43,1,1,5
1205,TCK-11205,20260622,31,1,3,2026-06-22 16:28:20,2026-06-22 22:57:08,6.48,1,1,4
1206,TCK-11206,20260412,15,4,2,2026-04-12 10:47:07,2026-04-13 13:56:07,27.15,1,1,5
1207,TCK-11207,20260602,36,2,2,2026-06-02 02:58:23,2026-06-02 18:13:59,15.26,1,1,3
1208,TCK-11208,20260222,16,3,3,2026-02-22 21:37:42,2026-02-23 20:04:06,22.44,1,0,4
1209,TCK-11209,20260602,27,2,2,2026-06-02 04:36:31,2026-06-03 09:14:55,28.64,1,1,5
1210,TCK-11210,20260305,8,1,1,2026-03-05 08:48:35,2026-03-05 12:52:11,4.06,1,1,5
1211,TCK-11211,20250620,45,7,1,2025-06-20 02:08:32,,,0,0,5
1212,TCK-11212,20260216,9,7,2,2026-02-16 22:35:15,2026-02-18 11:51:27,37.27,1,0,5
1213,TCK-11213,20250317,3,2,3,2025-03-17 23:58:22,,,0,0,3
1214,TCK-11214,20260504,49,7,2,2026-05-04 22:08:46,2026-05-05 02:12:22,4.06,1,1,5
1215,TCK-11215,20260114,1,2,1,2026-01-14 21:41:29,2026-01-15 02:03:05,4.36,1,1,3
1216,TCK-11216,20260521,20,2,1,2026-05-21 10:03:36,2026-05-22 03:41:24,17.63,1,1,2
1217,TCK-11217,20251123,25,5,2,2025-11-23 05:09:02,2025-11-23 22:13:50,17.08,1,1,5
1218,TCK-11218,20251118,40,5,3,2025-11-18 03:22:18,2025-11-18 21:18:42,17.94,1,1,3
1219,TCK-11219,20250419,17,3,2,2025-04-19 07:42:17,2025-04-20 02:55:29,19.22,1,0,5
1220,TCK-11220,20260707,3,1,3,2026-07-07 17:51:12,2026-07-07 19:17:00,1.43,1,1,5
1221,TCK-11221,20260618,29,7,3,2026-06-18 04:53:29,2026-06-19 00:41:29,19.8,1,0,
1222,TCK-11222,20260521,28,2,2,2026-05-21 08:05:55,2026-05-21 23:25:43,15.33,1,1,5
1223,TCK-11223,20250318,15,2,3,2025-03-18 10:10:32,2025-03-18 11:24:56,1.24,1,1,4
1224,TCK-11224,20251119,45,2,3,2025-11-19 01:27:06,,,0,0,3
1225,TCK-11225,20250109,41,1,3,2025-01-09 07:08:37,2025-01-10 22:38:01,39.49,1,0,4
1226,TCK-11226,20260524,12,3,2,2026-05-24 09:08:12,2026-05-24 19:17:12,10.15,1,1,
1227,TCK-11227,20250310,28,4,1,2025-03-10 15:35:39,2025-03-11 15:32:39,23.95,1,1,5
1228,TCK-11228,20250829,38,7,3,2025-08-29 20:22:30,2025-08-31 14:28:30,42.1,1,0,3
1229,TCK-11229,20260517,32,5,3,2026-05-17 20:25:38,2026-05-18 09:33:26,13.13,1,1,
1230,TCK-11230,20251130,29,5,2,2025-11-30 07:42:27,2025-12-01 02:51:27,19.15,1,1,4
1231,TCK-11231,20260511,9,7,3,2026-05-11 15:38:26,2026-05-12 15:29:26,23.85,1,0,
1232,TCK-11232,20260223,14,5,3,2026-02-23 01:35:49,2026-02-23 14:29:13,12.89,1,1,3
1233,TCK-11233,20250225,17,7,2,2025-02-25 08:31:46,2025-02-26 00:37:46,16.1,1,0,4
1234,TCK-11234,20260703,11,4,3,2026-07-03 06:49:40,2026-07-04 17:29:16,34.66,1,1,
1235,TCK-11235,20260124,2,1,3,2026-01-24 02:49:45,2026-01-24 18:03:33,15.23,1,1,4
1236,TCK-11236,20260106,14,1,3,2026-01-06 17:12:10,,,0,0,4
1237,TCK-11237,20260118,11,4,2,2026-01-18 10:26:13,2026-01-19 04:57:25,18.52,1,1,4
1238,TCK-11238,20260512,26,2,3,2026-05-12 01:10:18,2026-05-12 22:15:42,21.09,1,1,5
1239,TCK-11239,20260122,8,5,3,2026-01-22 20:25:08,2026-01-24 07:58:44,35.56,1,0,
1240,TCK-11240,20260709,1,7,1,2026-07-09 19:58:09,2026-07-09 21:45:33,1.79,1,1,3
1241,TCK-11241,20260609,28,5,2,2026-06-09 23:01:19,2026-06-11 07:49:55,32.81,1,0,4
1242,TCK-11242,20260316,19,8,2,2026-03-16 02:14:26,2026-03-17 14:12:02,35.96,1,1,5
1243,TCK-11243,20260524,2,4,2,2026-05-24 23:25:23,2026-05-25 09:48:11,10.38,1,1,3
1244,TCK-11244,20250826,50,1,2,2025-08-26 14:23:30,2025-08-27 13:33:06,23.16,1,1,3
1245,TCK-11245,20250623,36,2,1,2025-06-23 06:55:31,2025-06-24 20:24:55,37.49,1,1,
1246,TCK-11246,20260620,31,7,3,2026-06-20 23:53:36,2026-06-22 07:26:36,31.55,1,0,4
1247,TCK-11247,20251126,3,6,1,2025-11-26 22:36:38,2025-11-28 11:28:14,36.86,1,1,4
1248,TCK-11248,20251117,32,8,3,2025-11-17 20:15:20,2025-11-17 23:34:32,3.32,1,1,4
1249,TCK-11249,20250321,28,2,1,2025-03-21 12:08:48,2025-03-22 00:35:12,12.44,1,1,4
1250,TCK-11250,20260523,28,2,1,2026-05-23 05:40:51,2026-05-24 15:46:15,34.09,1,1,5
1251,TCK-11251,20260322,8,1,2,2026-03-22 09:46:59,,,0,0,3
1252,TCK-11252,20260620,19,3,1,2026-06-20 21:13:51,2026-06-22 14:21:39,41.13,1,0,3
1253,TCK-11253,20250519,22,8,1,2025-05-19 05:33:45,,,0,0,
1254,TCK-11254,20260427,10,7,1,2026-04-27 02:00:19,2026-04-27 19:23:43,17.39,1,0,5
1255,TCK-11255,20260425,40,2,1,2026-04-25 19:10:04,2026-04-26 21:03:28,25.89,1,1,4
1256,TCK-11256,20260313,19,4,2,2026-03-13 18:46:19,2026-03-15 05:58:19,35.2,1,1,5
1257,TCK-11257,20250606,38,4,1,2025-06-06 03:46:13,2025-06-06 16:05:25,12.32,1,1,5
1258,TCK-11258,20251011,37,7,2,2025-10-11 23:55:39,2025-10-13 07:16:39,31.35,1,0,5
1259,TCK-11259,20250531,40,4,1,2025-05-31 04:10:30,,,0,0,5
1260,TCK-11260,20260327,33,1,1,2026-03-27 13:42:30,2026-03-28 02:13:06,12.51,1,1,4
1261,TCK-11261,20260501,46,7,2,2026-05-01 11:19:53,2026-05-01 18:14:29,6.91,1,1,4
1262,TCK-11262,20250527,18,3,3,2025-05-27 13:35:28,2025-05-28 12:30:40,22.92,1,0,3
1263,TCK-11263,20250702,23,7,3,2025-07-02 00:55:23,,,0,0,3
1264,TCK-11264,20250703,24,4,2,2025-07-03 23:00:12,2025-07-05 03:53:00,28.88,1,1,5
1265,TCK-11265,20260530,17,2,2,2026-05-30 00:38:17,2026-05-30 19:29:53,18.86,1,1,4
1266,TCK-11266,20250228,41,5,2,2025-02-28 18:52:01,,,0,0,4
1267,TCK-11267,20260430,12,8,2,2026-04-30 23:55:41,2026-05-01 19:36:29,19.68,1,1,
1268,TCK-11268,20250701,48,3,3,2025-07-01 04:05:26,,,0,0,
1269,TCK-11269,20250305,46,8,3,2025-03-05 10:06:54,2025-03-06 01:29:06,15.37,1,1,4
1270,TCK-11270,20251121,44,1,2,2025-11-21 22:10:57,,,0,0,5
1271,TCK-11271,20260217,1,6,3,2026-02-17 13:53:42,2026-02-19 04:57:54,39.07,1,1,5
1272,TCK-11272,20260331,12,5,1,2026-03-31 01:17:38,2026-03-31 12:24:14,11.11,1,1,4
1273,TCK-11273,20260729,18,1,2,2026-07-29 11:07:21,2026-07-30 08:14:33,21.12,1,1,4
1274,TCK-11274,20250706,6,2,1,2025-07-06 23:05:11,2025-07-07 15:53:47,16.81,1,1,4
1275,TCK-11275,20260119,41,1,1,2026-01-19 14:05:56,2026-01-20 09:04:08,18.97,1,1,5
1276,TCK-11276,20250516,49,4,3,2025-05-16 09:03:24,2025-05-17 06:26:48,21.39,1,1,4
1277,TCK-11277,20250724,18,4,1,2025-07-24 05:18:16,2025-07-24 22:32:04,17.23,1,1,5
1278,TCK-11278,20260406,34,6,3,2026-04-06 20:43:53,2026-04-08 06:21:41,33.63,1,1,4
1279,TCK-11279,20251222,28,4,3,2025-12-22 20:51:43,2025-12-23 20:16:55,23.42,1,1,5
1280,TCK-11280,20250804,33,5,1,2025-08-04 08:13:29,2025-08-05 15:29:41,31.27,1,0,3
1281,TCK-11281,20251127,30,8,1,2025-11-27 11:36:24,2025-11-28 14:43:00,27.11,1,1,
1282,TCK-11282,20260308,11,6,1,2026-03-08 15:21:21,2026-03-09 03:42:21,12.35,1,1,
1283,TCK-11283,20260424,11,6,2,2026-04-24 17:11:48,2026-04-25 16:31:00,23.32,1,1,3
1284,TCK-11284,20260430,26,7,3,2026-04-30 07:16:46,2026-04-30 16:17:58,9.02,1,0,5
1285,TCK-11285,20260308,7,4,3,2026-03-08 13:49:17,,,0,0,5
1286,TCK-11286,20260621,45,5,3,2026-06-21 06:36:48,2026-06-22 03:41:00,21.07,1,1,4
1287,TCK-11287,20250525,50,2,2,2025-05-25 11:29:25,2025-05-26 02:07:13,14.63,1,1,
1288,TCK-11288,20251105,12,3,1,2025-11-05 09:05:11,2025-11-06 05:05:47,20.01,1,0,4
1289,TCK-11289,20250613,31,6,1,2025-06-13 11:06:30,2025-06-13 23:05:18,11.98,1,1,4
1290,TCK-11290,20250906,46,7,2,2025-09-06 03:24:08,2025-09-07 09:02:32,29.64,1,0,4
1291,TCK-11291,20260311,47,5,3,2026-03-11 19:25:34,2026-03-11 21:35:10,2.16,1,1,4
1292,TCK-11292,20250829,12,4,3,2025-08-29 11:23:21,2025-08-30 22:07:09,34.73,1,1,4
1293,TCK-11293,20250522,15,2,3,2025-05-22 15:12:02,2025-05-22 23:39:38,8.46,1,1,4
1294,TCK-11294,20251115,19,7,1,2025-11-15 12:43:52,2025-11-16 05:09:40,16.43,1,0,5
1295,TCK-11295,20250419,34,7,3,2025-04-19 14:51:05,2025-04-20 07:27:05,16.6,1,0,3
1296,TCK-11296,20250512,21,1,1,2025-05-12 18:32:24,2025-05-14 06:28:12,35.93,1,0,4
1297,TCK-11297,20260312,20,7,1,2026-03-12 08:47:40,2026-03-13 12:30:16,27.71,1,0,2
1298,TCK-11298,20260702,22,8,3,2026-07-02 11:07:50,2026-07-02 11:37:50,0.5,1,1,5
1299,TCK-11299,20251212,1,2,1,2025-12-12 22:37:16,2025-12-14 00:33:40,25.94,1,1,3
1300,TCK-11300,20250210,19,1,2,2025-02-10 03:55:31,2025-02-11 13:51:19,33.93,1,0,4
1301,TCK-11301,20251031,44,7,2,2025-10-31 00:34:17,2025-10-31 17:40:17,17.1,1,0,4
1302,TCK-11302,20260101,8,1,3,2026-01-01 23:02:34,2026-01-02 17:34:58,18.54,1,1,
1303,TCK-11303,20260318,32,3,3,2026-03-18 08:22:29,2026-03-19 07:54:17,23.53,1,0,5
1304,TCK-11304,20251201,5,8,1,2025-12-01 11:02:09,2025-12-01 13:47:45,2.76,1,1,4
1305,TCK-11305,20251106,41,2,2,2025-11-06 13:25:01,2025-11-07 02:47:49,13.38,1,1,4
1306,TCK-11306,20250716,8,2,2,2025-07-16 18:16:19,2025-07-16 20:13:55,1.96,1,1,4
1307,TCK-11307,20260430,37,1,2,2026-04-30 06:48:59,2026-04-30 07:32:11,0.72,1,1,4
1308,TCK-11308,20250705,26,1,3,2025-07-05 21:18:17,2025-07-06 06:17:41,8.99,1,1,4
1309,TCK-11309,20251122,30,5,2,2025-11-22 03:14:14,2025-11-22 04:32:14,1.3,1,1,5
1310,TCK-11310,20251203,27,8,3,2025-12-03 17:24:30,,,0,0,
1311,TCK-11311,20260401,23,6,2,2026-04-01 04:29:54,2026-04-02 02:50:54,22.35,1,1,4
1312,TCK-11312,20260809,3,5,2,2026-08-09 02:40:31,2026-08-09 04:11:43,1.52,1,1,5
1313,TCK-11313,20251119,19,6,2,2025-11-19 14:43:29,2025-11-21 18:44:05,52.01,1,1,4
1314,TCK-11314,20250124,49,7,2,2025-01-24 09:35:47,2025-01-25 13:46:35,28.18,1,0,4
1315,TCK-11315,20250812,26,2,1,2025-08-12 06:07:36,2025-08-12 21:35:48,15.47,1,1,4
1316,TCK-11316,20251227,27,7,3,2025-12-27 06:26:57,2025-12-27 23:22:09,16.92,1,0,4
1317,TCK-11317,20260630,35,6,3,2026-06-30 12:14:54,2026-07-01 11:02:54,22.8,1,1,4
1318,TCK-11318,20251023,26,3,1,2025-10-23 00:34:53,2025-10-24 21:39:41,45.08,1,0,5
1319,TCK-11319,20260305,42,7,3,2026-03-05 13:26:12,2026-03-07 07:02:48,41.61,1,0,5
1320,TCK-11320,20260223,37,2,3,2026-02-23 00:20:39,2026-02-24 07:36:15,31.26,1,1,4
1321,TCK-11321,20260203,48,6,1,2026-02-03 17:32:55,2026-02-04 12:58:07,19.42,1,1,3
1322,TCK-11322,20250724,31,4,1,2025-07-24 10:08:18,2025-07-25 09:40:42,23.54,1,1,
1323,TCK-11323,20260331,16,8,2,2026-03-31 07:50:11,,,0,0,5
1324,TCK-11324,20260419,16,6,1,2026-04-19 23:04:00,2026-04-21 04:04:00,29.0,1,1,3
1325,TCK-11325,20260304,5,8,2,2026-03-04 08:56:45,2026-03-05 11:30:57,26.57,1,1,2
1326,TCK-11326,20250303,31,1,2,2025-03-03 09:51:25,,,0,0,2
1327,TCK-11327,20260608,26,1,2,2026-06-08 20:41:28,2026-06-09 19:59:28,23.3,1,1,4
1328,TCK-11328,20260111,11,2,3,2026-01-11 13:42:21,2026-01-12 08:48:21,19.1,1,1,5
1329,TCK-11329,20250317,45,6,3,2025-03-17 14:57:45,2025-03-18 09:46:21,18.81,1,1,5
1330,TCK-11330,20250922,29,8,2,2025-09-22 18:17:38,2025-09-23 22:05:02,27.79,1,1,
1331,TCK-11331,20251026,24,6,3,2025-10-26 09:45:10,2025-10-27 15:28:58,29.73,1,1,4
1332,TCK-11332,20250512,45,3,3,2025-05-12 04:38:18,,,0,0,3
1333,TCK-11333,20251107,14,4,1,2025-11-07 04:37:00,2025-11-07 19:32:12,14.92,1,1,3
1334,TCK-11334,20250624,40,7,2,2025-06-24 11:41:09,2025-06-24 15:34:33,3.89,1,1,4
1335,TCK-11335,20260622,11,8,3,2026-06-22 15:11:30,,,0,0,
1336,TCK-11336,20251113,15,2,2,2025-11-13 06:14:09,2025-11-14 04:26:45,22.21,1,1,2
1337,TCK-11337,20260807,30,6,2,2026-08-07 20:58:00,,,0,0,4
1338,TCK-11338,20260108,13,4,3,2026-01-08 21:02:25,2026-01-09 01:13:49,4.19,1,1,3
1339,TCK-11339,20260804,29,2,1,2026-08-04 16:15:15,2026-08-05 10:18:51,18.06,1,1,4
1340,TCK-11340,20260413,45,4,1,2026-04-13 05:02:38,2026-04-13 07:22:26,2.33,1,1,4
1341,TCK-11341,20251107,34,2,1,2025-11-07 01:13:14,2025-11-07 03:12:38,1.99,1,1,4
1342,TCK-11342,20250316,41,1,2,2025-03-16 06:30:07,2025-03-17 01:46:55,19.28,1,1,5
1343,TCK-11343,20250110,37,8,2,2025-01-10 18:27:55,,,0,0,5
1344,TCK-11344,20260413,13,8,3,2026-04-13 00:16:48,2026-04-13 16:34:48,16.3,1,1,5
1345,TCK-11345,20251103,19,8,3,2025-11-03 08:55:34,2025-11-04 00:59:10,16.06,1,1,5
1346,TCK-11346,20250706,49,8,1,2025-07-06 15:00:20,,,0,0,3
1347,TCK-11347,20250407,20,7,3,2025-04-07 14:21:40,2025-04-08 09:03:40,18.7,1,0,4
1348,TCK-11348,20260529,20,4,1,2026-05-29 09:20:49,2026-05-30 09:14:49,23.9,1,1,
1349,TCK-11349,20260808,14,5,3,2026-08-08 21:09:20,2026-08-09 17:49:32,20.67,1,1,2
1350,TCK-11350,20260501,34,3,2,2026-05-01 20:38:50,2026-05-02 13:52:38,17.23,1,0,3
1351,TCK-11351,20251110,10,5,2,2025-11-10 10:46:22,,,0,0,4
1352,TCK-11352,20260218,49,7,1,2026-02-18 01:26:22,2026-02-19 10:22:10,32.93,1,0,
1353,TCK-11353,20250727,2,8,2,2025-07-27 06:42:45,2025-07-28 02:30:45,19.8,1,1,4
1354,TCK-11354,20260728,36,7,2,2026-07-28 23:12:51,2026-07-29 05:21:15,6.14,1,1,
1355,TCK-11355,20260507,21,4,1,2026-05-07 23:37:30,,,0,0,4
1356,TCK-11356,20260514,46,7,3,2026-05-14 07:17:38,2026-05-15 05:35:38,22.3,1,0,4
1357,TCK-11357,20250424,19,6,2,2025-04-24 15:08:56,2025-04-25 00:17:20,9.14,1,1,5
1358,TCK-11358,20251103,38,3,1,2025-11-03 18:12:35,2025-11-04 13:10:47,18.97,1,0,5
1359,TCK-11359,20251026,34,5,3,2025-10-26 22:01:08,2025-10-28 11:41:20,37.67,1,0,5
1360,TCK-11360,20260402,50,6,2,2026-04-02 23:56:13,2026-04-03 05:22:01,5.43,1,1,4
1361,TCK-11361,20250124,39,5,2,2025-01-24 04:07:41,2025-01-24 11:37:05,7.49,1,1,
1362,TCK-11362,20250117,24,1,3,2025-01-17 18:27:02,,,0,0,5
1363,TCK-11363,20251017,32,6,3,2025-10-17 18:21:40,2025-10-18 17:33:04,23.19,1,1,4
1364,TCK-11364,20260610,11,2,3,2026-06-10 02:36:59,2026-06-10 16:32:11,13.92,1,1,
1365,TCK-11365,20260408,30,7,2,2026-04-08 23:09:41,2026-04-09 11:20:29,12.18,1,0,3
1366,TCK-11366,20260812,26,7,1,2026-08-12 09:00:39,,,0,0,
1367,TCK-11367,20250604,28,4,2,2025-06-04 08:54:14,2025-06-04 21:23:38,12.49,1,1,3
1368,TCK-11368,20250606,23,4,3,2025-06-06 06:49:09,2025-06-06 21:47:21,14.97,1,1,5
1369,TCK-11369,20251223,35,1,1,2025-12-23 02:20:55,2025-12-23 23:31:07,21.17,1,1,4
1370,TCK-11370,20250811,15,7,2,2025-08-11 11:01:08,,,0,0,5
1371,TCK-11371,20260331,2,2,2,2026-03-31 23:54:47,2026-04-02 06:41:35,30.78,1,1,4
1372,TCK-11372,20250406,8,7,3,2025-04-06 05:32:58,2025-04-06 16:55:46,11.38,1,0,4
1373,TCK-11373,20260102,39,8,3,2026-01-02 23:20:26,2026-01-04 15:16:14,39.93,1,1,4
1374,TCK-11374,20260413,8,5,3,2026-04-13 00:00:24,2026-04-13 01:41:48,1.69,1,1,5
1375,TCK-11375,20251104,28,5,1,2025-11-04 07:44:05,2025-11-05 11:17:05,27.55,1,0,
1376,TCK-11376,20251128,42,5,3,2025-11-28 01:09:54,2025-11-28 06:27:18,5.29,1,1,4
1377,TCK-11377,20250803,4,8,1,2025-08-03 23:42:18,2025-08-04 23:14:06,23.53,1,1,4
1378,TCK-11378,20250705,43,3,3,2025-07-05 11:56:59,2025-07-06 12:37:11,24.67,1,0,3
1379,TCK-11379,20251125,40,6,2,2025-11-25 00:50:01,2025-11-25 19:29:37,18.66,1,1,5
1380,TCK-11380,20260122,35,7,1,2026-01-22 19:46:33,2026-01-23 19:27:57,23.69,1,0,
1381,TCK-11381,20260306,6,6,1,2026-03-06 02:07:30,2026-03-06 06:42:18,4.58,1,1,5
1382,TCK-11382,20260426,31,1,2,2026-04-26 08:08:20,2026-04-26 15:38:56,7.51,1,1,5
1383,TCK-11383,20260808,48,8,2,2026-08-08 06:08:14,2026-08-09 02:54:26,20.77,1,1,4
1384,TCK-11384,20251017,26,2,3,2025-10-17 19:06:15,2025-10-18 20:38:03,25.53,1,1,5
1385,TCK-11385,20260617,38,8,3,2026-06-17 16:36:56,2026-06-18 19:45:20,27.14,1,1,4
1386,TCK-11386,20250205,48,3,3,2025-02-05 23:57:51,2025-02-07 02:04:27,26.11,1,0,4
1387,TCK-11387,20250901,3,3,3,2025-09-01 05:25:20,2025-09-01 11:26:32,6.02,1,1,4
1388,TCK-11388,20260410,14,7,2,2026-04-10 19:16:34,2026-04-11 13:13:34,17.95,1,0,3
1389,TCK-11389,20250919,12,6,2,2025-09-19 10:51:55,2025-09-19 12:29:07,1.62,1,1,4
1390,TCK-11390,20250306,17,6,3,2025-03-06 11:27:41,2025-03-07 00:48:41,13.35,1,1,4
1391,TCK-11391,20251030,36,2,1,2025-10-30 04:55:22,2025-10-30 19:16:22,14.35,1,1,
1392,TCK-11392,20250719,33,3,2,2025-07-19 04:53:43,2025-07-20 12:54:19,32.01,1,0,
1393,TCK-11393,20250605,39,6,3,2025-06-05 18:55:33,2025-06-06 16:57:57,22.04,1,1,3
1394,TCK-11394,20250413,11,3,2,2025-04-13 21:10:40,2025-04-13 22:39:28,1.48,1,1,3
1395,TCK-11395,20260311,40,3,3,2026-03-11 06:17:03,,,0,0,3
1396,TCK-11396,20251126,30,7,2,2025-11-26 04:46:19,2025-11-27 23:58:55,43.21,1,0,3
1397,TCK-11397,20260225,49,2,1,2026-02-25 04:09:30,,,0,0,4
1398,TCK-11398,20260306,11,4,2,2026-03-06 12:37:12,2026-03-07 02:03:00,13.43,1,1,5
1399,TCK-11399,20250605,8,3,2,2025-06-05 06:28:09,2025-06-06 01:05:21,18.62,1,0,
1400,TCK-11400,20260428,7,5,3,2026-04-28 07:42:28,2026-04-29 00:26:52,16.74,1,1,
1401,TCK-11401,20251216,5,8,1,2025-12-16 08:02:24,,,0,0,3
1402,TCK-11402,20260514,45,3,3,2026-05-14 09:14:33,2026-05-14 18:41:33,9.45,1,1,3
1403,TCK-11403,20260522,43,6,1,2026-05-22 22:27:26,2026-05-23 07:08:50,8.69,1,1,
1404,TCK-11404,20251010,47,5,3,2025-10-10 08:40:32,2025-10-10 22:37:32,13.95,1,1,3
1405,TCK-11405,20260513,46,1,1,2026-05-13 07:37:31,2026-05-13 17:29:43,9.87,1,1,4
1406,TCK-11406,20260803,39,8,3,2026-08-03 12:38:33,,,0,0,4
1407,TCK-11407,20250501,7,2,3,2025-05-01 07:23:37,2025-05-02 03:23:37,20.0,1,1,3
1408,TCK-11408,20260327,42,1,2,2026-03-27 14:36:55,2026-03-28 14:46:31,24.16,1,0,4
1409,TCK-11409,20250810,2,7,3,2025-08-10 18:11:01,2025-08-10 21:06:49,2.93,1,1,4
1410,TCK-11410,20250917,30,1,3,2025-09-17 11:52:43,2025-09-18 18:19:07,30.44,1,0,4
1411,TCK-11411,20250927,30,1,2,2025-09-27 05:13:35,2025-09-28 12:45:59,31.54,1,0,4
1412,TCK-11412,20250402,32,6,1,2025-04-02 10:22:39,2025-04-03 15:49:03,29.44,1,1,5
1413,TCK-11413,20250403,47,5,1,2025-04-03 20:25:20,2025-04-04 12:41:32,16.27,1,1,4
1414,TCK-11414,20260325,22,8,2,2026-03-25 11:48:10,,,0,0,3
1415,TCK-11415,20251114,38,2,1,2025-11-14 16:44:41,2025-11-15 11:52:29,19.13,1,1,3
1416,TCK-11416,20250403,6,2,1,2025-04-03 22:38:58,,,0,0,4
1417,TCK-11417,20260130,9,6,2,2026-01-30 03:54:47,2026-01-31 17:22:59,37.47,1,1,4
1418,TCK-11418,20260330,15,2,2,2026-03-30 01:15:35,2026-03-31 10:45:35,33.5,1,1,5
1419,TCK-11419,20260327,15,4,1,2026-03-27 20:51:13,2026-03-28 16:45:49,19.91,1,1,5
1420,TCK-11420,20260724,27,8,2,2026-07-24 17:36:12,2026-07-25 06:52:24,13.27,1,1,3
1421,TCK-11421,20260108,17,7,3,2026-01-08 08:27:23,2026-01-08 18:45:23,10.3,1,0,4
1422,TCK-11422,20251126,9,2,3,2025-11-26 22:15:50,2025-11-28 07:39:14,33.39,1,1,
1423,TCK-11423,20250418,21,8,3,2025-04-18 19:14:46,2025-04-19 04:00:58,8.77,1,1,2
1424,TCK-11424,20260812,18,4,2,2026-08-12 01:29:39,2026-08-12 16:18:15,14.81,1,1,4
1425,TCK-11425,20260727,29,1,3,2026-07-27 20:03:57,2026-07-28 19:08:09,23.07,1,1,4
1426,TCK-11426,20260807,18,2,3,2026-08-07 08:57:46,2026-08-07 17:03:10,8.09,1,1,3
1427,TCK-11427,20260408,14,3,2,2026-04-08 09:34:44,2026-04-08 20:31:08,10.94,1,1,5
1428,TCK-11428,20260707,50,7,1,2026-07-07 21:37:20,,,0,0,5
1429,TCK-11429,20250307,40,2,1,2025-03-07 16:26:46,2025-03-08 17:30:58,25.07,1,1,5
1430,TCK-11430,20260522,2,3,1,2026-05-22 23:07:21,2026-05-23 15:00:09,15.88,1,0,2
1431,TCK-11431,20260501,25,7,2,2026-05-01 04:54:21,2026-05-01 10:16:33,5.37,1,1,4
1432,TCK-11432,20250708,6,5,2,2025-07-08 08:25:12,2025-07-09 14:21:00,29.93,1,0,3
1433,TCK-11433,20250121,17,2,3,2025-01-21 19:03:35,2025-01-22 05:26:59,10.39,1,1,5
1434,TCK-11434,20260129,21,1,1,2026-01-29 09:01:51,,,0,0,5
1435,TCK-11435,20260526,13,2,1,2026-05-26 05:34:13,,,0,0,
1436,TCK-11436,20260811,24,3,3,2026-08-11 05:57:28,2026-08-12 05:55:04,23.96,1,0,
1437,TCK-11437,20250209,40,8,1,2025-02-09 17:56:50,,,0,0,4
1438,TCK-11438,20251224,7,5,2,2025-12-24 21:11:37,2025-12-26 03:05:37,29.9,1,0,3
1439,TCK-11439,20260716,43,6,2,2026-07-16 12:50:28,,,0,0,5
1440,TCK-11440,20250712,32,3,1,2025-07-12 12:02:22,2025-07-13 10:08:58,22.11,1,0,2
1441,TCK-11441,20251125,6,2,3,2025-11-25 16:36:36,2025-11-26 13:57:00,21.34,1,1,4
1442,TCK-11442,20260404,9,5,2,2026-04-04 06:18:40,2026-04-04 07:36:04,1.29,1,1,4
1443,TCK-11443,20260511,36,2,2,2026-05-11 19:24:19,2026-05-12 15:12:19,19.8,1,1,4
1444,TCK-11444,20250712,3,1,3,2025-07-12 02:19:57,2025-07-13 14:33:09,36.22,1,0,3
1445,TCK-11445,20250218,2,1,3,2025-02-18 09:24:12,2025-02-18 23:20:36,13.94,1,1,5
1446,TCK-11446,20260621,33,7,3,2026-06-21 05:32:23,2026-06-21 07:44:23,2.2,1,1,
1447,TCK-11447,20250710,30,4,1,2025-07-10 07:45:20,2025-07-11 04:36:20,20.85,1,1,5
1448,TCK-11448,20250730,25,1,1,2025-07-30 22:07:59,2025-08-01 07:09:47,33.03,1,0,3
1449,TCK-11449,20250822,25,6,1,2025-08-22 11:58:53,2025-08-23 15:31:17,27.54,1,1,5
1450,TCK-11450,20260808,44,5,2,2026-08-08 22:55:57,2026-08-10 00:19:21,25.39,1,0,5
1451,TCK-11451,20250111,45,5,2,2025-01-11 13:52:26,2025-01-12 12:39:14,22.78,1,1,4
1452,TCK-11452,20260209,1,5,3,2026-02-09 01:44:49,2026-02-09 15:49:01,14.07,1,1,3
1453,TCK-11453,20250310,32,2,1,2025-03-10 05:34:20,2025-03-10 22:12:44,16.64,1,1,2
1454,TCK-11454,20251021,35,7,2,2025-10-21 09:54:36,2025-10-22 05:14:24,19.33,1,0,3
1455,TCK-11455,20260525,36,4,1,2026-05-25 06:08:33,,,0,0,5
1456,TCK-11456,20250311,6,7,1,2025-03-11 07:27:39,2025-03-12 07:26:27,23.98,1,0,3
1457,TCK-11457,20251122,47,4,1,2025-11-22 01:36:00,,,0,0,5
1458,TCK-11458,20260419,23,5,1,2026-04-19 06:57:41,2026-04-19 10:39:05,3.69,1,1,5
1459,TCK-11459,20250719,41,4,1,2025-07-19 10:42:46,2025-07-20 08:21:10,21.64,1,1,4
1460,TCK-11460,20250527,11,5,3,2025-05-27 17:20:03,2025-05-29 01:08:03,31.8,1,0,
1461,TCK-11461,20260115,21,3,3,2026-01-15 01:09:57,2026-01-16 01:26:09,24.27,1,0,3
1462,TCK-11462,20250818,8,7,3,2025-08-18 20:02:36,2025-08-20 01:01:24,28.98,1,0,
1463,TCK-11463,20260131,42,8,3,2026-01-31 09:43:39,2026-02-01 11:41:51,25.97,1,1,4
1464,TCK-11464,20260411,41,5,2,2026-04-11 15:58:57,2026-04-11 23:26:33,7.46,1,1,
1465,TCK-11465,20250614,17,3,2,2025-06-14 11:47:01,2025-06-15 03:42:49,15.93,1,0,5
1466,TCK-11466,20251228,9,4,2,2025-12-28 06:25:26,,,0,0,4
1467,TCK-11467,20260420,25,8,2,2026-04-20 11:21:20,2026-04-21 15:44:08,28.38,1,1,5
1468,TCK-11468,20260108,13,4,3,2026-01-08 14:35:55,2026-01-08 18:38:19,4.04,1,1,5
1469,TCK-11469,20260710,7,3,2,2026-07-10 20:28:19,,,0,0,5
1470,TCK-11470,20260719,22,4,1,2026-07-19 05:42:24,,,0,0,3
1471,TCK-11471,20250731,45,8,1,2025-07-31 12:36:42,2025-08-02 01:08:30,36.53,1,1,4
1472,TCK-11472,20250604,13,7,3,2025-06-04 13:20:29,2025-06-05 06:22:17,17.03,1,0,2
1473,TCK-11473,20250308,7,1,3,2025-03-08 02:01:00,,,0,0,4
1474,TCK-11474,20250604,48,6,1,2025-06-04 06:19:53,2025-06-05 05:22:17,23.04,1,1,3
1475,TCK-11475,20250629,22,8,2,2025-06-29 09:19:06,2025-07-01 03:39:30,42.34,1,1,4
1476,TCK-11476,20260224,40,2,3,2026-02-24 05:35:35,2026-02-24 19:12:11,13.61,1,1,4
1477,TCK-11477,20250531,43,4,1,2025-05-31 14:06:48,2025-06-02 07:27:48,41.35,1,0,3
1478,TCK-11478,20260107,45,1,3,2026-01-07 14:37:36,2026-01-08 11:26:48,20.82,1,1,5
1479,TCK-11479,20260114,6,6,2,2026-01-14 02:11:08,2026-01-14 15:17:44,13.11,1,1,4
1480,TCK-11480,20251027,21,4,3,2025-10-27 22:50:50,2025-10-28 14:26:14,15.59,1,1,4
1481,TCK-11481,20250916,24,7,1,2025-09-16 06:32:17,,,0,0,4
1482,TCK-11482,20250620,21,1,2,2025-06-20 01:41:15,2025-06-20 16:53:51,15.21,1,1,5
1483,TCK-11483,20260415,49,5,3,2026-04-15 21:05:21,2026-04-17 14:13:09,41.13,1,0,5
1484,TCK-11484,20250724,25,1,2,2025-07-24 15:24:24,2025-07-25 01:10:00,9.76,1,1,3
1485,TCK-11485,20251217,46,7,2,2025-12-17 04:22:46,2025-12-18 02:18:34,21.93,1,0,
1486,TCK-11486,20251123,6,8,3,2025-11-23 16:57:07,2025-11-24 20:35:31,27.64,1,1,
1487,TCK-11487,20250701,5,2,1,2025-07-01 11:04:09,2025-07-02 05:59:21,18.92,1,1,
1488,TCK-11488,20250314,22,1,3,2025-03-14 04:37:40,,,0,0,4
1489,TCK-11489,20250505,7,6,3,2025-05-05 01:45:08,2025-05-05 20:07:56,18.38,1,1,
1490,TCK-11490,20250827,28,2,1,2025-08-27 06:03:45,2025-08-27 19:37:21,13.56,1,1,3
1491,TCK-11491,20250710,32,4,3,2025-07-10 15:18:46,2025-07-11 07:18:46,16.0,1,1,5
1492,TCK-11492,20250722,12,1,1,2025-07-22 08:09:56,2025-07-23 05:32:44,21.38,1,1,4
1493,TCK-11493,20251126,12,2,1,2025-11-26 07:10:25,2025-11-26 07:53:37,0.72,1,1,3
1494,TCK-11494,20250914,28,5,1,2025-09-14 11:47:15,2025-09-14 21:47:15,10.0,1,1,5
1495,TCK-11495,20250306,4,3,1,2025-03-06 15:22:57,2025-03-07 08:03:45,16.68,1,0,4
1496,TCK-11496,20250401,48,8,1,2025-04-01 10:37:49,,,0,0,4
1497,TCK-11497,20251123,17,2,3,2025-11-23 14:22:47,2025-11-24 01:55:11,11.54,1,1,5
1498,TCK-11498,20250624,38,4,1,2025-06-24 01:44:22,2025-06-25 03:59:22,26.25,1,1,3
1499,TCK-11499,20260409,30,7,2,2026-04-09 04:09:47,2026-04-09 20:19:23,16.16,1,0,
1500,TCK-11500,20250602,41,6,2,2025-06-02 12:23:00,2025-06-03 08:10:24,19.79,1,1,4
1501,TCK-11501,20250117,7,3,1,2025-01-17 12:30:09,2025-01-18 03:09:09,14.65,1,0,3
1502,TCK-11502,20260514,13,5,1,2026-05-14 19:46:31,2026-05-15 14:23:43,18.62,1,1,5
1503,TCK-11503,20250310,7,1,2,2025-03-10 10:45:30,2025-03-12 07:57:30,45.2,1,0,
1504,TCK-11504,20260518,27,8,1,2026-05-18 00:19:40,2026-05-18 06:23:52,6.07,1,1,3
1505,TCK-11505,20260627,9,2,3,2026-06-27 09:21:46,2026-06-28 01:29:34,16.13,1,1,4
1506,TCK-11506,20260403,2,8,1,2026-04-03 11:26:15,2026-04-04 01:54:27,14.47,1,1,5
1507,TCK-11507,20251015,31,6,3,2025-10-15 17:21:36,2025-10-16 03:36:36,10.25,1,1,2
1508,TCK-11508,20250831,38,4,3,2025-08-31 07:31:36,2025-09-01 16:16:36,32.75,1,1,
1509,TCK-11509,20250325,21,3,3,2025-03-25 16:31:29,2025-03-26 12:45:53,20.24,1,0,5
1510,TCK-11510,20250717,50,8,2,2025-07-17 08:45:09,2025-07-18 00:48:09,16.05,1,1,3
1511,TCK-11511,20260510,23,1,2,2026-05-10 17:09:50,2026-05-11 13:03:50,19.9,1,1,5
1512,TCK-11512,20250504,13,4,3,2025-05-04 09:46:03,2025-05-05 02:45:27,16.99,1,1,4
1513,TCK-11513,20250112,45,7,2,2025-01-12 09:16:13,2025-01-12 18:27:01,9.18,1,0,
1514,TCK-11514,20260422,24,7,1,2026-04-22 04:28:40,2026-04-23 06:09:28,25.68,1,0,5
1515,TCK-11515,20250722,18,5,2,2025-07-22 22:38:29,2025-07-23 08:04:17,9.43,1,1,
1516,TCK-11516,20260504,36,1,2,2026-05-04 11:09:20,,,0,0,4
1517,TCK-11517,20251128,28,1,3,2025-11-28 12:11:20,2025-11-29 07:49:44,19.64,1,1,3
1518,TCK-11518,20250516,4,1,3,2025-05-16 15:04:59,2025-05-17 18:02:35,26.96,1,0,5
1519,TCK-11519,20260104,49,4,1,2026-01-04 11:21:05,2026-01-05 05:55:17,18.57,1,1,3
1520,TCK-11520,20250608,26,7,3,2025-06-08 17:52:05,2025-06-09 06:44:17,12.87,1,0,4
1521,TCK-11521,20250227,16,5,1,2025-02-27 20:43:35,2025-02-28 03:39:59,6.94,1,1,3
1522,TCK-11522,20250827,49,1,1,2025-08-27 04:55:08,2025-08-27 14:29:56,9.58,1,1,5
1523,TCK-11523,20251024,49,1,3,2025-10-24 15:01:42,2025-10-25 05:39:30,14.63,1,1,4
1524,TCK-11524,20260519,15,1,1,2026-05-19 00:22:44,2026-05-20 05:25:08,29.04,1,0,3
1525,TCK-11525,20260704,10,7,1,2026-07-04 00:58:40,2026-07-04 16:28:40,15.5,1,0,5
1526,TCK-11526,20250920,49,3,1,2025-09-20 10:12:20,,,0,0,3
1527,TCK-11527,20260609,42,8,3,2026-06-09 12:13:11,2026-06-09 20:03:35,7.84,1,1,5
1528,TCK-11528,20260807,49,4,1,2026-08-07 23:47:19,,,0,0,5
1529,TCK-11529,20250225,30,5,2,2025-02-25 20:40:14,2025-02-26 22:00:38,25.34,1,0,4
1530,TCK-11530,20250705,14,5,1,2025-07-05 10:13:31,,,0,0,3
1531,TCK-11531,20260729,31,3,2,2026-07-29 19:18:50,,,0,0,5
1532,TCK-11532,20250420,40,4,1,2025-04-20 00:54:01,2025-04-21 13:31:49,36.63,1,0,2
1533,TCK-11533,20260805,25,5,2,2026-08-05 05:06:03,2026-08-05 07:02:27,1.94,1,1,2
1534,TCK-11534,20260304,18,6,1,2026-03-04 20:01:19,2026-03-05 22:42:07,26.68,1,1,4
1535,TCK-11535,20250201,41,4,1,2025-02-01 15:11:00,2025-02-02 07:36:12,16.42,1,1,3
1536,TCK-11536,20260731,2,5,2,2026-07-31 15:04:46,2026-08-01 12:10:46,21.1,1,1,5
1537,TCK-11537,20260422,28,1,2,2026-04-22 13:11:00,2026-04-23 11:50:36,22.66,1,1,4
1538,TCK-11538,20260506,19,5,3,2026-05-06 06:51:17,2026-05-06 22:00:17,15.15,1,1,5
1539,TCK-11539,20250215,42,8,1,2025-02-15 18:53:54,2025-02-17 02:40:06,31.77,1,1,4
1540,TCK-11540,20250401,24,1,2,2025-04-01 19:23:29,,,0,0,3
1541,TCK-11541,20251222,48,3,2,2025-12-22 13:11:37,2025-12-24 02:10:25,36.98,1,0,4
1542,TCK-11542,20260222,35,8,3,2026-02-22 11:27:05,2026-02-23 14:07:17,26.67,1,1,4
1543,TCK-11543,20260707,49,8,2,2026-07-07 21:10:56,2026-07-09 01:29:32,28.31,1,1,5
1544,TCK-11544,20250613,41,6,3,2025-06-13 18:08:52,2025-06-13 23:40:40,5.53,1,1,3
1545,TCK-11545,20250212,35,2,3,2025-02-12 16:06:36,2025-02-14 00:09:36,32.05,1,1,4
1546,TCK-11546,20251209,46,4,3,2025-12-09 15:07:20,2025-12-10 03:25:56,12.31,1,1,3
1547,TCK-11547,20251226,37,7,1,2025-12-26 23:26:44,2025-12-27 14:20:08,14.89,1,0,
1548,TCK-11548,20250712,45,8,1,2025-07-12 22:00:57,2025-07-13 10:47:09,12.77,1,1,
1549,TCK-11549,20250905,20,2,3,2025-09-05 12:19:52,2025-09-06 06:40:16,18.34,1,1,5
1550,TCK-11550,20250504,19,1,1,2025-05-04 06:11:52,2025-05-04 22:21:28,16.16,1,1,
1551,TCK-11551,20260309,8,5,2,2026-03-09 11:42:25,2026-03-09 21:12:25,9.5,1,1,4
1552,TCK-11552,20260505,40,5,2,2026-05-05 20:39:37,2026-05-06 12:07:49,15.47,1,1,4
1553,TCK-11553,20260430,45,1,2,2026-04-30 12:48:34,2026-04-30 17:11:22,4.38,1,1,5
1554,TCK-11554,20250209,25,8,1,2025-02-09 15:48:57,2025-02-10 10:14:45,18.43,1,1,4
1555,TCK-11555,20251212,25,2,2,2025-12-12 07:38:30,2025-12-12 18:30:42,10.87,1,1,5
1556,TCK-11556,20250408,27,4,3,2025-04-08 00:43:08,2025-04-08 17:55:08,17.2,1,1,4
1557,TCK-11557,20260420,12,2,3,2026-04-20 08:44:36,2026-04-21 18:48:48,34.07,1,1,
1558,TCK-11558,20260518,34,2,3,2026-05-18 05:57:28,2026-05-18 16:31:04,10.56,1,1,4
1559,TCK-11559,20250320,10,2,3,2025-03-20 06:30:31,2025-03-21 11:25:43,28.92,1,1,4
1560,TCK-11560,20251106,3,3,2,2025-11-06 05:14:21,,,0,0,3
1561,TCK-11561,20260401,46,8,1,2026-04-01 22:58:07,2026-04-03 06:06:31,31.14,1,1,5
1562,TCK-11562,20260111,32,1,2,2026-01-11 22:27:01,2026-01-13 02:09:37,27.71,1,0,3
1563,TCK-11563,20251013,3,7,2,2025-10-13 13:35:44,2025-10-14 16:41:44,27.1,1,0,4
1564,TCK-11564,20260604,26,6,2,2026-06-04 07:58:59,,,0,0,
1565,TCK-11565,20250711,37,3,1,2025-07-11 21:12:28,2025-07-12 01:01:04,3.81,1,1,4
1566,TCK-11566,20250429,27,3,3,2025-04-29 17:02:14,2025-04-30 05:20:50,12.31,1,0,5
1567,TCK-11567,20250113,33,6,1,2025-01-13 03:33:42,2025-01-13 12:02:30,8.48,1,1,4
1568,TCK-11568,20250807,31,6,1,2025-08-07 06:42:30,2025-08-08 02:51:30,20.15,1,1,5
1569,TCK-11569,20250511,43,2,1,2025-05-11 16:09:55,2025-05-12 10:40:31,18.51,1,1,
1570,TCK-11570,20260228,41,3,1,2026-02-28 20:23:14,,,0,0,4
1571,TCK-11571,20260209,21,7,1,2026-02-09 00:12:42,2026-02-09 09:30:42,9.3,1,0,5
1572,TCK-11572,20260506,9,4,3,2026-05-06 19:50:32,,,0,0,4
1573,TCK-11573,20250318,50,5,2,2025-03-18 13:38:01,2025-03-19 01:06:49,11.48,1,1,4
1574,TCK-11574,20260207,18,1,2,2026-02-07 08:29:41,2026-02-07 10:56:41,2.45,1,1,4
1575,TCK-11575,20260608,31,6,2,2026-06-08 15:24:48,,,0,0,5
1576,TCK-11576,20250404,22,3,2,2025-04-04 22:31:21,2025-04-05 13:48:09,15.28,1,0,4
1577,TCK-11577,20260610,39,5,2,2026-06-10 07:20:59,,,0,0,3
1578,TCK-11578,20260615,22,5,1,2026-06-15 21:26:17,2026-06-16 11:27:29,14.02,1,1,3
1579,TCK-11579,20250714,19,3,3,2025-07-14 21:43:23,2025-07-14 22:57:11,1.23,1,1,4
1580,TCK-11580,20251026,47,3,1,2025-10-26 20:15:13,2025-10-28 03:35:01,31.33,1,0,3
1581,TCK-11581,20260206,16,8,2,2026-02-06 15:45:17,,,0,0,5
1582,TCK-11582,20250315,17,6,1,2025-03-15 08:07:24,2025-03-16 03:35:36,19.47,1,1,4
1583,TCK-11583,20260718,30,5,2,2026-07-18 18:52:17,2026-07-19 05:05:29,10.22,1,1,4
1584,TCK-11584,20260503,7,8,3,2026-05-03 13:24:20,2026-05-04 12:40:32,23.27,1,1,5
1585,TCK-11585,20251012,5,1,1,2025-10-12 03:35:34,2025-10-13 03:52:22,24.28,1,0,2
1586,TCK-11586,20260804,43,4,1,2026-08-04 01:00:07,2026-08-04 12:38:31,11.64,1,1,3
1587,TCK-11587,20260808,40,4,1,2026-08-08 08:59:35,2026-08-09 03:42:47,18.72,1,1,4
1588,TCK-11588,20250728,25,4,1,2025-07-28 17:39:01,,,0,0,
1589,TCK-11589,20250408,8,5,2,2025-04-08 07:54:26,2025-04-08 19:25:02,11.51,1,1,4
1590,TCK-11590,20250104,7,4,2,2025-01-04 07:42:19,2025-01-05 17:11:43,33.49,1,1,3
1591,TCK-11591,20260223,6,4,1,2026-02-23 22:28:28,2026-02-25 10:49:28,36.35,1,0,3
1592,TCK-11592,20251006,49,1,3,2025-10-06 06:56:43,2025-10-07 05:02:43,22.1,1,1,3
1593,TCK-11593,20260202,40,8,3,2026-02-02 14:38:13,2026-02-03 04:26:49,13.81,1,1,3
1594,TCK-11594,20250801,26,7,1,2025-08-01 06:20:22,2025-08-02 00:55:10,18.58,1,0,5
1595,TCK-11595,20260731,44,8,1,2026-07-31 07:41:44,2026-08-01 01:36:56,17.92,1,1,4
1596,TCK-11596,20260518,2,6,2,2026-05-18 13:46:28,,,0,0,
1597,TCK-11597,20251003,15,5,2,2025-10-03 11:58:16,2025-10-04 17:59:28,30.02,1,0,5
1598,TCK-11598,20260109,25,4,1,2026-01-09 01:48:14,2026-01-10 00:51:50,23.06,1,1,4
1599,TCK-11599,20260622,6,1,2,2026-06-22 08:28:09,2026-06-23 09:04:45,24.61,1,0,3
1600,TCK-11600,20250620,20,4,2,2025-06-20 16:04:14,,,0,0,3
1601,TCK-11601,20260427,36,3,2,2026-04-27 13:57:10,2026-04-27 23:12:46,9.26,1,1,4
1602,TCK-11602,20250703,18,2,1,2025-07-03 17:07:49,2025-07-05 05:28:13,36.34,1,1,4
1603,TCK-11603,20251130,1,3,1,2025-11-30 05:49:17,2025-11-30 17:30:41,11.69,1,1,
1604,TCK-11604,20250621,9,1,2,2025-06-21 01:30:09,,,0,0,3
1605,TCK-11605,20260411,16,5,2,2026-04-11 05:45:07,2026-04-11 16:59:31,11.24,1,1,4
1606,TCK-11606,20251022,1,7,1,2025-10-22 14:33:51,2025-10-23 06:53:03,16.32,1,0,3
1607,TCK-11607,20251229,34,8,3,2025-12-29 19:36:45,,,0,0,4
1608,TCK-11608,20250620,27,5,3,2025-06-20 16:54:31,2025-06-21 15:58:07,23.06,1,1,4
1609,TCK-11609,20260227,39,5,1,2026-02-27 12:24:19,2026-02-28 03:45:19,15.35,1,1,
1610,TCK-11610,20250531,49,7,3,2025-05-31 14:55:37,2025-06-01 16:46:01,25.84,1,0,4
1611,TCK-11611,20250821,2,4,1,2025-08-21 14:16:31,2025-08-22 00:34:31,10.3,1,1,4
1612,TCK-11612,20250909,4,3,2,2025-09-09 04:57:40,,,0,0,4
1613,TCK-11613,20260131,30,1,2,2026-01-31 20:55:27,2026-02-01 09:21:15,12.43,1,1,5
1614,TCK-11614,20251227,5,1,2,2025-12-27 10:12:19,,,0,0,5
1615,TCK-11615,20260606,2,5,1,2026-06-06 06:40:33,2026-06-07 00:50:45,18.17,1,1,3
1616,TCK-11616,20251019,21,6,3,2025-10-19 11:03:51,2025-10-20 19:50:39,32.78,1,1,
1617,TCK-11617,20260611,28,8,2,2026-06-11 01:42:49,2026-06-11 20:06:49,18.4,1,1,3
1618,TCK-11618,20260327,22,3,2,2026-03-27 23:46:40,2026-03-29 10:58:40,35.2,1,0,
1619,TCK-11619,20250814,26,7,2,2025-08-14 01:02:19,2025-08-15 16:17:55,39.26,1,0,
1620,TCK-11620,20260304,13,7,3,2026-03-04 04:27:35,2026-03-05 07:11:59,26.74,1,0,4
1621,TCK-11621,20260510,17,3,1,2026-05-10 02:14:29,,,0,0,4
1622,TCK-11622,20260117,40,8,2,2026-01-17 15:16:36,2026-01-18 04:32:48,13.27,1,1,4
1623,TCK-11623,20260617,10,6,3,2026-06-17 21:17:51,2026-06-18 05:55:03,8.62,1,1,4
1624,TCK-11624,20260606,22,8,2,2026-06-06 09:31:46,,,0,0,
1625,TCK-11625,20250601,7,5,2,2025-06-01 17:14:54,2025-06-02 14:16:06,21.02,1,1,4
1626,TCK-11626,20260602,35,2,3,2026-06-02 11:26:47,2026-06-04 07:59:47,44.55,1,1,4
1627,TCK-11627,20251118,5,8,3,2025-11-18 01:27:25,2025-11-19 04:28:37,27.02,1,1,4
1628,TCK-11628,20250830,20,6,1,2025-08-30 15:56:31,,,0,0,4
1629,TCK-11629,20250829,28,4,2,2025-08-29 09:15:39,2025-08-29 19:25:15,10.16,1,1,5
1630,TCK-11630,20250326,6,2,1,2025-03-26 23:00:09,2025-03-27 12:13:21,13.22,1,1,4
1631,TCK-11631,20260428,1,3,1,2026-04-28 05:02:08,2026-04-29 09:33:56,28.53,1,0,3
1632,TCK-11632,20250331,37,6,3,2025-03-31 01:10:57,2025-04-02 04:10:57,51.0,1,1,
1633,TCK-11633,20250716,1,1,3,2025-07-16 05:57:25,,,0,0,5
1634,TCK-11634,20260623,19,5,3,2026-06-23 02:53:39,2026-06-24 12:26:03,33.54,1,0,4
1635,TCK-11635,20250818,39,2,2,2025-08-18 22:18:02,2025-08-19 13:01:14,14.72,1,1,4
1636,TCK-11636,20251110,33,8,2,2025-11-10 09:41:45,2025-11-10 16:18:21,6.61,1,1,5
1637,TCK-11637,20250804,21,5,3,2025-08-04 07:29:09,2025-08-05 06:02:45,22.56,1,1,4
1638,TCK-11638,20250510,29,3,1,2025-05-10 04:46:04,2025-05-10 18:02:16,13.27,1,0,5
1639,TCK-11639,20250506,27,8,2,2025-05-06 20:42:42,2025-05-07 03:16:54,6.57,1,1,3
1640,TCK-11640,20260108,3,8,3,2026-01-08 05:25:12,2026-01-09 21:51:36,40.44,1,1,5
1641,TCK-11641,20260420,32,7,1,2026-04-20 21:25:50,2026-04-21 13:04:14,15.64,1,0,4
1642,TCK-11642,20260804,21,7,3,2026-08-04 22:11:00,,,0,0,4
1643,TCK-11643,20250524,3,6,1,2025-05-24 07:32:38,2025-05-25 07:21:14,23.81,1,1,4
1644,TCK-11644,20260105,41,1,1,2026-01-05 22:21:51,2026-01-07 00:05:39,25.73,1,0,5
1645,TCK-11645,20251207,10,4,1,2025-12-07 21:42:54,2025-12-09 04:48:54,31.1,1,1,2
1646,TCK-11646,20250210,50,4,2,2025-02-10 14:46:37,2025-02-11 04:25:01,13.64,1,1,4
1647,TCK-11647,20250306,27,6,1,2025-03-06 15:53:56,2025-03-07 06:46:44,14.88,1,1,5
1648,TCK-11648,20260406,15,6,3,2026-04-06 08:19:57,2026-04-06 16:27:09,8.12,1,1,
1649,TCK-11649,20250918,38,4,3,2025-09-18 12:16:00,2025-09-20 11:23:12,47.12,1,0,5
1650,TCK-11650,20250218,28,7,1,2025-02-18 02:51:51,2025-02-19 03:18:15,24.44,1,0,3
1651,TCK-11651,20250222,43,5,3,2025-02-22 15:37:13,2025-02-22 17:52:13,2.25,1,1,3
1652,TCK-11652,20251203,47,7,3,2025-12-03 05:34:41,2025-12-03 22:08:17,16.56,1,0,4
1653,TCK-11653,20250513,7,8,1,2025-05-13 23:46:16,2025-05-14 15:50:28,16.07,1,1,5
1654,TCK-11654,20250617,47,7,1,2025-06-17 11:06:48,,,0,0,3
1655,TCK-11655,20250505,10,2,1,2025-05-05 00:15:04,2025-05-05 14:46:16,14.52,1,1,5
1656,TCK-11656,20250505,22,2,2,2025-05-05 16:49:53,2025-05-06 00:40:53,7.85,1,1,5
1657,TCK-11657,20250405,23,5,1,2025-04-05 11:11:24,2025-04-06 18:03:36,30.87,1,0,4
1658,TCK-11658,20250530,11,2,1,2025-05-30 10:10:33,2025-05-31 06:58:33,20.8,1,1,2
1659,TCK-11659,20260203,22,6,1,2026-02-03 13:06:51,2026-02-04 11:15:15,22.14,1,1,4
1660,TCK-11660,20250310,48,8,3,2025-03-10 23:14:53,2025-03-12 01:19:41,26.08,1,1,2
1661,TCK-11661,20260113,42,7,2,2026-01-13 06:57:02,2026-01-14 02:10:50,19.23,1,0,4
1662,TCK-11662,20260302,22,6,3,2026-03-02 23:53:00,,,0,0,4
1663,TCK-11663,20260618,7,2,1,2026-06-18 17:49:07,2026-06-18 21:17:19,3.47,1,1,4
1664,TCK-11664,20250203,40,6,1,2025-02-03 20:20:15,2025-02-04 19:13:03,22.88,1,1,3
1665,TCK-11665,20250521,43,1,2,2025-05-21 22:16:52,2025-05-22 23:02:28,24.76,1,0,5
1666,TCK-11666,20250318,24,2,3,2025-03-18 15:19:47,2025-03-20 19:19:47,52.0,1,0,4
1667,TCK-11667,20250413,34,2,1,2025-04-13 11:07:06,,,0,0,4
1668,TCK-11668,20250826,6,4,3,2025-08-26 01:17:19,,,0,0,4
1669,TCK-11669,20260714,36,2,3,2026-07-14 09:58:35,2026-07-15 14:19:35,28.35,1,1,5
1670,TCK-11670,20251208,6,5,2,2025-12-08 08:47:03,2025-12-10 03:14:03,42.45,1,0,
1671,TCK-11671,20260105,31,8,1,2026-01-05 12:34:06,2026-01-06 23:11:54,34.63,1,1,3
1672,TCK-11672,20250709,11,2,2,2025-07-09 20:58:36,2025-07-10 07:28:36,10.5,1,1,
1673,TCK-11673,20250510,14,1,2,2025-05-10 05:47:52,,,0,0,4
1674,TCK-11674,20250712,47,5,3,2025-07-12 15:35:15,2025-07-13 10:00:27,18.42,1,1,4
1675,TCK-11675,20260219,9,5,2,2026-02-19 18:26:58,2026-02-20 06:08:58,11.7,1,1,3
1676,TCK-11676,20260525,42,7,2,2026-05-25 00:07:25,2026-05-25 01:48:13,1.68,1,1,4
1677,TCK-11677,20250516,16,2,3,2025-05-16 22:02:14,,,0,0,3
1678,TCK-11678,20250517,26,2,3,2025-05-17 06:17:07,2025-05-17 13:45:19,7.47,1,1,3
1679,TCK-11679,20251216,7,1,2,2025-12-16 06:28:09,2025-12-16 21:17:21,14.82,1,1,4
1680,TCK-11680,20260616,43,7,2,2026-06-16 21:17:28,2026-06-17 20:00:40,22.72,1,0,4
1681,TCK-11681,20250906,43,4,3,2025-09-06 15:31:17,2025-09-07 09:51:05,18.33,1,1,5
1682,TCK-11682,20260621,30,1,3,2026-06-21 09:13:26,2026-06-22 01:27:14,16.23,1,1,5
1683,TCK-11683,20260627,49,1,2,2026-06-27 02:37:29,2026-06-27 13:02:41,10.42,1,1,3
1684,TCK-11684,20251004,25,5,2,2025-10-04 05:30:14,2025-10-05 13:59:02,32.48,1,0,5
1685,TCK-11685,20260606,36,7,1,2026-06-06 20:59:09,2026-06-07 12:51:57,15.88,1,0,3
1686,TCK-11686,20251114,34,5,3,2025-11-14 23:25:01,2025-11-15 23:25:37,24.01,1,0,4
1687,TCK-11687,20260724,49,5,1,2026-07-24 19:36:51,,,0,0,2
1688,TCK-11688,20251202,2,1,1,2025-12-02 22:49:35,2025-12-03 05:03:23,6.23,1,1,3
1689,TCK-11689,20260312,49,5,3,2026-03-12 08:44:51,2026-03-13 04:10:03,19.42,1,1,3
1690,TCK-11690,20260429,25,6,1,2026-04-29 19:12:56,2026-05-01 03:02:08,31.82,1,1,
1691,TCK-11691,20250904,31,6,2,2025-09-04 17:21:31,2025-09-05 13:58:07,20.61,1,1,
1692,TCK-11692,20250214,27,3,1,2025-02-14 06:29:26,2025-02-15 00:24:38,17.92,1,0,5
1693,TCK-11693,20250815,9,8,3,2025-08-15 23:13:13,2025-08-17 15:33:01,40.33,1,1,
1694,TCK-11694,20250504,27,1,3,2025-05-04 08:41:37,,,0,0,5
1695,TCK-11695,20260704,17,2,1,2026-07-04 23:40:48,2026-07-06 09:15:36,33.58,1,1,4
1696,TCK-11696,20260226,14,1,2,2026-02-26 10:06:05,2026-02-27 11:45:05,25.65,1,0,4
1697,TCK-11697,20260409,49,6,2,2026-04-09 17:44:10,2026-04-10 12:09:58,18.43,1,1,
1698,TCK-11698,20250717,18,1,3,2025-07-17 05:52:10,2025-07-18 07:36:34,25.74,1,0,4
1699,TCK-11699,20260417,19,4,1,2026-04-17 01:42:28,2026-04-18 00:11:52,22.49,1,1,4
1700,TCK-11700,20251103,41,4,2,2025-11-03 21:27:09,2025-11-04 19:29:33,22.04,1,1,4
1701,TCK-11701,20260630,3,3,2,2026-06-30 05:43:53,,,0,0,
1702,TCK-11702,20250607,5,3,1,2025-06-07 13:06:27,2025-06-08 11:13:39,22.12,1,0,3
1703,TCK-11703,20260630,11,6,2,2026-06-30 21:36:13,,,0,0,3
1704,TCK-11704,20250808,17,5,2,2025-08-08 23:51:49,,,0,0,3
1705,TCK-11705,20260703,50,5,2,2026-07-03 14:59:05,,,0,0,
1706,TCK-11706,20260701,15,3,1,2026-07-01 03:35:30,2026-07-01 10:55:18,7.33,1,1,3
1707,TCK-11707,20260706,12,1,3,2026-07-06 07:51:08,2026-07-08 00:52:56,41.03,1,0,5
1708,TCK-11708,20260720,35,2,1,2026-07-20 02:21:33,2026-07-20 20:12:33,17.85,1,1,
1709,TCK-11709,20260518,28,3,1,2026-05-18 06:08:51,2026-05-19 11:24:27,29.26,1,0,4
1710,TCK-11710,20260714,28,8,1,2026-07-14 02:47:48,2026-07-15 00:54:24,22.11,1,1,4
1711,TCK-11711,20250112,49,1,1,2025-01-12 00:49:42,2025-01-13 18:16:06,41.44,1,0,4
1712,TCK-11712,20250325,41,3,3,2025-03-25 02:44:12,2025-03-25 16:17:48,13.56,1,0,2
1713,TCK-11713,20250127,41,6,1,2025-01-27 23:09:22,2025-01-29 03:10:34,28.02,1,1,4
1714,TCK-11714,20250613,17,5,2,2025-06-13 02:34:52,2025-06-13 07:25:52,4.85,1,1,3
1715,TCK-11715,20251023,12,2,1,2025-10-23 16:39:50,2025-10-24 08:42:14,16.04,1,1,5
1716,TCK-11716,20250220,39,1,1,2025-02-20 00:42:16,,,0,0,4
1717,TCK-11717,20260613,24,6,1,2026-06-13 08:33:09,2026-06-13 18:55:57,10.38,1,1,
1718,TCK-11718,20251126,15,5,3,2025-11-26 11:42:03,2025-11-27 02:48:39,15.11,1,1,4
1719,TCK-11719,20250210,46,1,3,2025-02-10 20:30:03,2025-02-11 03:38:27,7.14,1,1,3
1720,TCK-11720,20250118,23,8,3,2025-01-18 19:49:40,,,0,0,3
1721,TCK-11721,20250304,5,3,1,2025-03-04 08:51:03,,,0,0,4
1722,TCK-11722,20250922,41,1,2,2025-09-22 20:11:35,,,0,0,5
1723,TCK-11723,20260123,13,4,3,2026-01-23 22:48:12,2026-01-25 02:01:24,27.22,1,1,4
1724,TCK-11724,20260214,45,2,1,2026-02-14 19:43:18,2026-02-14 21:06:42,1.39,1,1,4
1725,TCK-11725,20250612,20,5,2,2025-06-12 00:15:56,2025-06-12 16:23:44,16.13,1,1,3
1726,TCK-11726,20251114,7,7,1,2025-11-14 08:05:29,,,0,0,3
1727,TCK-11727,20260118,23,7,1,2026-01-18 09:55:55,2026-01-20 13:20:31,51.41,1,0,4
1728,TCK-11728,20250711,44,6,3,2025-07-11 09:12:55,,,0,0,
1729,TCK-11729,20251112,25,2,2,2025-11-12 13:50:17,,,0,0,5
1730,TCK-11730,20250422,47,1,1,2025-04-22 11:15:35,2025-04-22 16:12:35,4.95,1,1,4
1731,TCK-11731,20250305,40,3,2,2025-03-05 21:44:21,2025-03-06 14:38:21,16.9,1,0,4
1732,TCK-11732,20250802,14,4,1,2025-08-02 11:12:53,2025-08-02 14:57:53,3.75,1,1,
1733,TCK-11733,20250403,7,4,1,2025-04-03 03:45:38,2025-04-03 09:18:38,5.55,1,1,4
1734,TCK-11734,20250904,13,1,3,2025-09-04 18:05:40,2025-09-05 08:20:04,14.24,1,1,5
1735,TCK-11735,20250205,27,4,1,2025-02-05 23:04:05,,,0,0,5
1736,TCK-11736,20250408,25,8,2,2025-04-08 14:32:54,2025-04-08 19:43:42,5.18,1,1,3
1737,TCK-11737,20250128,14,1,1,2025-01-28 00:37:06,2025-01-28 06:04:06,5.45,1,1,5
1738,TCK-11738,20260122,45,1,1,2026-01-22 10:30:40,2026-01-23 04:09:40,17.65,1,1,5
1739,TCK-11739,20250104,27,2,3,2025-01-04 19:43:13,2025-01-05 05:41:25,9.97,1,1,3
1740,TCK-11740,20250314,39,2,2,2025-03-14 03:55:33,2025-03-14 17:17:45,13.37,1,1,4
1741,TCK-11741,20260504,34,4,2,2026-05-04 10:53:01,2026-05-05 05:53:01,19.0,1,1,3
1742,TCK-11742,20260602,39,3,1,2026-06-02 04:04:15,2026-06-02 16:12:03,12.13,1,0,
1743,TCK-11743,20251029,48,1,3,2025-10-29 04:33:34,2025-10-30 09:47:58,29.24,1,0,5
1744,TCK-11744,20260209,32,6,1,2026-02-09 13:27:50,2026-02-09 17:06:14,3.64,1,1,5
1745,TCK-11745,20250717,3,7,1,2025-07-17 01:33:56,2025-07-18 07:20:08,29.77,1,0,4
1746,TCK-11746,20260412,10,1,2,2026-04-12 02:20:47,2026-04-12 17:24:59,15.07,1,1,4
1747,TCK-11747,20260317,4,6,2,2026-03-17 16:35:11,2026-03-18 01:57:23,9.37,1,1,
1748,TCK-11748,20260729,49,8,2,2026-07-29 20:57:09,2026-07-31 13:58:57,41.03,1,1,4
1749,TCK-11749,20251108,16,1,1,2025-11-08 17:00:50,2025-11-09 04:03:14,11.04,1,1,4
1750,TCK-11750,20260626,36,8,3,2026-06-26 04:26:02,2026-06-26 12:47:38,8.36,1,1,
1751,TCK-11751,20260408,24,2,3,2026-04-08 22:44:01,2026-04-09 04:08:01,5.4,1,1,
1752,TCK-11752,20250308,38,6,3,2025-03-08 09:18:36,2025-03-10 18:57:36,57.65,1,1,4
1753,TCK-11753,20260810,49,3,2,2026-08-10 19:40:26,2026-08-11 03:42:50,8.04,1,1,4
1754,TCK-11754,20260413,42,5,3,2026-04-13 02:56:33,2026-04-13 10:15:45,7.32,1,1,4
1755,TCK-11755,20260802,22,4,1,2026-08-02 03:18:01,2026-08-03 09:38:25,30.34,1,1,3
1756,TCK-11756,20250421,13,4,1,2025-04-21 05:53:49,2025-04-22 03:55:01,22.02,1,1,5
1757,TCK-11757,20260728,37,7,2,2026-07-28 01:26:39,2026-07-29 09:30:15,32.06,1,0,4
1758,TCK-11758,20260304,49,2,2,2026-03-04 00:41:28,2026-03-04 22:28:16,21.78,1,1,5
1759,TCK-11759,20250814,39,4,3,2025-08-14 10:42:42,2025-08-14 23:24:42,12.7,1,1,5
1760,TCK-11760,20250118,36,3,3,2025-01-18 09:52:00,,,0,0,4
1761,TCK-11761,20260321,37,3,3,2026-03-21 10:01:35,2026-03-22 00:36:59,14.59,1,0,3
1762,TCK-11762,20250930,43,3,2,2025-09-30 02:50:35,2025-10-01 08:39:47,29.82,1,0,4
1763,TCK-11763,20260509,36,4,1,2026-05-09 13:06:43,,,0,0,4
1764,TCK-11764,20260809,21,4,3,2026-08-09 10:59:48,2026-08-10 17:00:24,30.01,1,1,3
1765,TCK-11765,20251115,38,3,1,2025-11-15 16:17:40,,,0,0,4
1766,TCK-11766,20260611,1,4,1,2026-06-11 13:38:25,,,0,0,4
1767,TCK-11767,20260201,49,1,1,2026-02-01 16:12:04,2026-02-02 16:27:04,24.25,1,0,5
1768,TCK-11768,20260120,5,1,1,2026-01-20 16:03:39,2026-01-22 01:22:51,33.32,1,0,
1769,TCK-11769,20260222,30,6,1,2026-02-22 05:55:40,2026-02-23 08:35:16,26.66,1,1,5
1770,TCK-11770,20260113,47,3,1,2026-01-13 07:40:17,2026-01-13 20:48:05,13.13,1,0,3
1771,TCK-11771,20260405,4,7,1,2026-04-05 04:46:25,2026-04-06 05:11:01,24.41,1,0,4
1772,TCK-11772,20260519,6,1,3,2026-05-19 23:40:52,2026-05-20 22:55:52,23.25,1,1,5
1773,TCK-11773,20260211,2,2,2,2026-02-11 16:43:34,2026-02-12 13:19:34,20.6,1,1,4
1774,TCK-11774,20260102,21,2,1,2026-01-02 22:59:10,2026-01-04 05:59:46,31.01,1,1,3
1775,TCK-11775,20250729,1,2,2,2025-07-29 05:43:06,2025-07-30 08:02:18,26.32,1,1,4
1776,TCK-11776,20251122,33,7,1,2025-11-22 04:29:31,2025-11-23 04:46:19,24.28,1,0,4
1777,TCK-11777,20260713,43,8,1,2026-07-13 09:19:16,2026-07-14 09:18:04,23.98,1,1,5
1778,TCK-11778,20251029,26,1,1,2025-10-29 16:02:52,2025-10-31 00:19:04,32.27,1,0,5
1779,TCK-11779,20250415,17,4,3,2025-04-15 12:30:34,2025-04-16 06:43:46,18.22,1,1,
1780,TCK-11780,20260610,32,8,3,2026-06-10 05:58:11,2026-06-11 09:05:23,27.12,1,1,3
1781,TCK-11781,20250718,41,3,1,2025-07-18 08:33:59,,,0,0,3
1782,TCK-11782,20260325,44,8,3,2026-03-25 07:48:27,,,0,0,4
1783,TCK-11783,20250701,33,4,1,2025-07-01 17:43:20,2025-07-02 03:58:20,10.25,1,1,5
1784,TCK-11784,20260712,45,1,2,2026-07-12 23:40:27,2026-07-13 23:35:39,23.92,1,1,4
1785,TCK-11785,20250830,32,1,2,2025-08-30 12:33:49,2025-08-31 08:24:49,19.85,1,1,4
1786,TCK-11786,20250328,10,7,3,2025-03-28 21:53:10,2025-03-29 09:01:34,11.14,1,0,3
1787,TCK-11787,20260110,43,7,3,2026-01-10 00:49:21,2026-01-10 13:58:57,13.16,1,0,4
1788,TCK-11788,20260620,5,3,3,2026-06-20 20:49:59,2026-06-21 21:51:11,25.02,1,0,4
1789,TCK-11789,20260725,3,8,3,2026-07-25 18:34:49,2026-07-26 14:38:25,20.06,1,1,5
1790,TCK-11790,20250208,9,1,1,2025-02-08 10:51:02,,,0,0,4
1791,TCK-11791,20250914,39,7,3,2025-09-14 16:18:41,2025-09-16 09:40:17,41.36,1,0,3
1792,TCK-11792,20251018,6,2,3,2025-10-18 11:28:40,2025-10-19 22:38:52,35.17,1,1,5
1793,TCK-11793,20250703,23,8,1,2025-07-03 07:57:34,2025-07-03 15:05:58,7.14,1,1,5
1794,TCK-11794,20260408,40,3,1,2026-04-08 08:24:49,2026-04-09 22:17:01,37.87,1,0,4
1795,TCK-11795,20260629,40,8,2,2026-06-29 15:24:34,2026-06-29 16:31:10,1.11,1,1,5
1796,TCK-11796,20260613,21,3,1,2026-06-13 18:12:31,,,0,0,
1797,TCK-11797,20250101,34,6,3,2025-01-01 12:41:11,2025-01-01 23:57:23,11.27,1,1,3
1798,TCK-11798,20260204,24,1,3,2026-02-04 12:46:39,2026-02-05 20:52:03,32.09,1,0,5
1799,TCK-11799,20250630,35,3,2,2025-06-30 23:21:54,2025-07-01 22:08:42,22.78,1,0,5
1800,TCK-11800,20251228,9,7,1,2025-12-28 19:18:11,2025-12-29 08:58:59,13.68,1,0,5
1801,TCK-11801,20250719,15,5,2,2025-07-19 17:57:59,2025-07-20 23:27:23,29.49,1,0,
1802,TCK-11802,20250323,17,7,1,2025-03-23 21:43:58,2025-03-24 05:34:22,7.84,1,1,4
1803,TCK-11803,20260203,22,8,1,2026-02-03 05:36:10,2026-02-03 08:34:22,2.97,1,1,3
1804,TCK-11804,20260601,15,6,1,2026-06-01 03:35:45,2026-06-01 05:44:09,2.14,1,1,5
1805,TCK-11805,20251129,36,5,2,2025-11-29 00:39:20,2025-11-29 20:34:32,19.92,1,1,3
1806,TCK-11806,20250503,20,1,1,2025-05-03 21:57:32,,,0,0,
1807,TCK-11807,20260511,39,2,2,2026-05-11 05:03:12,2026-05-11 19:06:12,14.05,1,1,3
1808,TCK-11808,20250804,24,1,1,2025-08-04 12:19:05,2025-08-04 20:35:17,8.27,1,1,4
1809,TCK-11809,20250627,47,2,1,2025-06-27 11:39:56,2025-06-27 13:14:08,1.57,1,1,5
1810,TCK-11810,20260404,28,2,1,2026-04-04 10:02:01,,,0,0,5
1811,TCK-11811,20250331,50,2,2,2025-03-31 01:49:22,2025-03-31 05:05:34,3.27,1,1,1
1812,TCK-11812,20250515,4,8,3,2025-05-15 15:00:17,2025-05-16 01:53:41,10.89,1,1,3
1813,TCK-11813,20250521,11,6,2,2025-05-21 10:35:51,,,0,0,4
1814,TCK-11814,20260603,21,7,1,2026-06-03 13:50:48,2026-06-03 22:53:48,9.05,1,0,4
1815,TCK-11815,20260607,22,8,3,2026-06-07 10:47:57,2026-06-07 18:44:21,7.94,1,1,4
1816,TCK-11816,20251022,46,6,2,2025-10-22 05:32:08,2025-10-22 19:29:44,13.96,1,1,
1817,TCK-11817,20250520,2,7,2,2025-05-20 00:56:02,2025-05-20 15:27:50,14.53,1,0,4
1818,TCK-11818,20250515,16,4,1,2025-05-15 20:56:52,,,0,0,4
1819,TCK-11819,20250802,5,6,2,2025-08-02 00:20:21,2025-08-02 01:59:57,1.66,1,1,4
1820,TCK-11820,20251018,7,3,3,2025-10-18 09:18:54,2025-10-18 19:01:30,9.71,1,1,3
1821,TCK-11821,20250816,32,8,1,2025-08-16 13:28:57,2025-08-16 23:18:45,9.83,1,1,5
1822,TCK-11822,20250513,1,3,3,2025-05-13 11:54:32,,,0,0,5
1823,TCK-11823,20250627,14,2,3,2025-06-27 22:34:51,2025-06-28 12:16:15,13.69,1,1,4
1824,TCK-11824,20250108,10,4,3,2025-01-08 20:19:39,2025-01-09 18:51:27,22.53,1,1,4
1825,TCK-11825,20260517,17,4,2,2026-05-17 05:13:45,2026-05-17 23:59:57,18.77,1,1,2
1826,TCK-11826,20250331,46,7,3,2025-03-31 21:29:11,2025-04-01 11:50:11,14.35,1,0,3
1827,TCK-11827,20250930,41,6,3,2025-09-30 15:08:24,2025-10-01 10:57:36,19.82,1,1,4
1828,TCK-11828,20260410,50,2,3,2026-04-10 12:57:42,2026-04-11 08:49:18,19.86,1,1,3
1829,TCK-11829,20250504,29,3,3,2025-05-04 20:30:11,2025-05-06 00:28:23,27.97,1,0,5
1830,TCK-11830,20250710,42,4,3,2025-07-10 00:20:11,2025-07-11 14:50:47,38.51,1,0,3
1831,TCK-11831,20260314,7,7,1,2026-03-14 10:42:54,2026-03-14 22:27:18,11.74,1,0,4
1832,TCK-11832,20260108,21,4,1,2026-01-08 22:15:50,2026-01-10 07:53:02,33.62,1,1,4
1833,TCK-11833,20250506,27,5,2,2025-05-06 15:46:41,2025-05-08 00:54:29,33.13,1,0,3
1834,TCK-11834,20250121,16,7,2,2025-01-21 18:21:16,,,0,0,4
1835,TCK-11835,20250430,46,8,3,2025-04-30 05:57:28,2025-05-01 09:36:28,27.65,1,1,
1836,TCK-11836,20250615,5,3,2,2025-06-15 01:21:15,2025-06-15 06:54:15,5.55,1,1,4
1837,TCK-11837,20251201,32,2,1,2025-12-01 04:37:35,,,0,0,2
1838,TCK-11838,20250411,2,3,1,2025-04-11 04:50:23,2025-04-12 05:22:47,24.54,1,0,2
1839,TCK-11839,20250929,3,3,1,2025-09-29 17:31:38,2025-09-30 06:46:02,13.24,1,0,3
1840,TCK-11840,20250804,44,8,2,2025-08-04 22:47:46,2025-08-05 07:16:34,8.48,1,1,5
1841,TCK-11841,20250211,49,7,1,2025-02-11 06:01:17,,,0,0,4
1842,TCK-11842,20250310,30,6,1,2025-03-10 11:53:55,2025-03-11 09:37:07,21.72,1,1,4
1843,TCK-11843,20250602,50,2,1,2025-06-02 20:36:10,2025-06-03 04:31:22,7.92,1,1,3
1844,TCK-11844,20250723,20,1,1,2025-07-23 15:17:41,,,0,0,4
1845,TCK-11845,20250106,13,1,3,2025-01-06 18:26:30,2025-01-07 07:28:18,13.03,1,1,3
1846,TCK-11846,20250219,26,2,1,2025-02-19 20:09:46,2025-02-20 16:15:46,20.1,1,1,4
1847,TCK-11847,20250523,30,8,2,2025-05-23 01:07:38,2025-05-23 16:52:02,15.74,1,1,4
1848,TCK-11848,20250212,12,2,1,2025-02-12 03:39:46,2025-02-13 05:22:58,25.72,1,1,5
1849,TCK-11849,20250808,13,8,1,2025-08-08 01:18:36,2025-08-08 13:49:12,12.51,1,1,
1850,TCK-11850,20251105,42,3,2,2025-11-05 16:06:09,2025-11-06 16:12:45,24.11,1,0,5
1851,TCK-11851,20250524,34,7,3,2025-05-24 10:55:00,2025-05-25 11:12:24,24.29,1,0,5
1852,TCK-11852,20250718,2,7,1,2025-07-18 22:54:23,,,0,0,5
1853,TCK-11853,20250102,48,7,1,2025-01-02 06:45:42,2025-01-02 13:30:42,6.75,1,1,5
1854,TCK-11854,20260410,15,1,1,2026-04-10 03:09:17,2026-04-11 11:34:29,32.42,1,0,4
1855,TCK-11855,20250514,49,7,2,2025-05-14 06:54:01,2025-05-15 19:01:13,36.12,1,0,5
1856,TCK-11856,20260309,4,3,2,2026-03-09 03:23:39,2026-03-09 23:35:03,20.19,1,0,
1857,TCK-11857,20250329,47,1,2,2025-03-29 13:27:55,2025-03-30 21:53:07,32.42,1,0,5
1858,TCK-11858,20250925,21,2,2,2025-09-25 05:52:56,2025-09-26 17:43:56,35.85,1,1,4
1859,TCK-11859,20250302,16,5,1,2025-03-02 03:01:39,2025-03-03 16:07:39,37.1,1,0,5
1860,TCK-11860,20251112,28,8,2,2025-11-12 19:04:23,2025-11-13 09:24:11,14.33,1,1,5
1861,TCK-11861,20250915,16,7,1,2025-09-15 15:53:06,2025-09-16 10:14:42,18.36,1,0,4
1862,TCK-11862,20250502,4,1,3,2025-05-02 16:07:02,2025-05-03 10:49:38,18.71,1,1,4
1863,TCK-11863,20260213,29,4,1,2026-02-13 08:48:05,2026-02-13 14:58:17,6.17,1,1,4
1864,TCK-11864,20260111,43,2,3,2026-01-11 14:06:09,2026-01-12 09:07:21,19.02,1,1,5
1865,TCK-11865,20250720,6,1,2,2025-07-20 16:02:26,2025-07-21 17:27:02,25.41,1,0,3
1866,TCK-11866,20260105,19,2,1,2026-01-05 16:17:31,2026-01-06 12:50:31,20.55,1,1,5
1867,TCK-11867,20260322,37,1,1,2026-03-22 05:22:34,,,0,0,5
1868,TCK-11868,20260316,46,8,2,2026-03-16 19:16:31,2026-03-17 14:41:07,19.41,1,1,4
1869,TCK-11869,20250610,26,4,3,2025-06-10 14:59:16,,,0,0,4
1870,TCK-11870,20260622,5,6,3,2026-06-22 07:53:08,2026-06-23 05:01:32,21.14,1,1,5
1871,TCK-11871,20250413,28,7,2,2025-04-13 09:21:40,2025-04-14 10:34:16,25.21,1,0,4
1872,TCK-11872,20250508,30,8,3,2025-05-08 08:02:01,2025-05-08 22:49:25,14.79,1,1,4
1873,TCK-11873,20251004,37,2,3,2025-10-04 18:00:20,2025-10-06 08:56:44,38.94,1,1,5
1874,TCK-11874,20260529,40,1,2,2026-05-29 01:51:37,2026-05-30 04:48:01,26.94,1,0,5
1875,TCK-11875,20260520,34,7,3,2026-05-20 20:14:41,2026-05-21 03:36:17,7.36,1,1,4
1876,TCK-11876,20260724,39,7,2,2026-07-24 23:18:06,2026-07-25 20:04:18,20.77,1,0,5
1877,TCK-11877,20260507,32,5,1,2026-05-07 18:17:15,2026-05-08 17:41:51,23.41,1,1,4
1878,TCK-11878,20250427,37,5,3,2025-04-27 19:28:51,2025-04-28 20:50:27,25.36,1,0,4
1879,TCK-11879,20250127,9,7,3,2025-01-27 06:29:03,2025-01-27 21:09:51,14.68,1,0,3
1880,TCK-11880,20250612,4,2,2,2025-06-12 21:42:42,2025-06-13 14:21:06,16.64,1,1,4
1881,TCK-11881,20260809,24,2,1,2026-08-09 16:38:32,,,0,0,4
1882,TCK-11882,20250327,8,8,1,2025-03-27 14:01:46,,,0,0,3
1883,TCK-11883,20260213,35,1,1,2026-02-13 08:19:34,2026-02-13 21:38:10,13.31,1,1,2
1884,TCK-11884,20250827,33,6,3,2025-08-27 18:28:32,2025-08-28 20:25:32,25.95,1,1,4
1885,TCK-11885,20250217,35,1,2,2025-02-17 13:30:20,2025-02-18 06:57:56,17.46,1,1,
1886,TCK-11886,20260731,25,3,1,2026-07-31 02:19:38,2026-07-31 22:27:26,20.13,1,0,3
1887,TCK-11887,20251004,38,8,3,2025-10-04 05:38:42,2025-10-05 05:47:06,24.14,1,1,4
1888,TCK-11888,20260504,43,7,3,2026-05-04 21:40:03,2026-05-05 08:49:03,11.15,1,0,
1889,TCK-11889,20250426,28,2,3,2025-04-26 11:27:02,2025-04-27 01:21:38,13.91,1,1,4
1890,TCK-11890,20260122,47,4,2,2026-01-22 11:06:49,,,0,0,5
1891,TCK-11891,20250216,19,7,1,2025-02-16 19:59:26,2025-02-17 11:06:02,15.11,1,0,5
1892,TCK-11892,20260316,17,4,3,2026-03-16 00:17:28,2026-03-17 02:19:16,26.03,1,1,5
1893,TCK-11893,20250526,25,6,1,2025-05-26 05:59:22,2025-05-27 01:13:10,19.23,1,1,5
1894,TCK-11894,20260811,33,3,1,2026-08-11 07:17:34,2026-08-11 22:57:10,15.66,1,0,
1895,TCK-11895,20260209,17,7,1,2026-02-09 15:09:48,2026-02-10 01:30:48,10.35,1,0,4
1896,TCK-11896,20250317,20,2,1,2025-03-17 06:53:07,2025-03-18 02:26:07,19.55,1,1,4
1897,TCK-11897,20260222,46,3,1,2026-02-22 03:14:13,2026-02-22 10:35:13,7.35,1,1,5
1898,TCK-11898,20251125,17,4,1,2025-11-25 17:32:06,2025-11-26 12:03:18,18.52,1,1,3
1899,TCK-11899,20251106,49,6,2,2025-11-06 15:09:16,2025-11-06 22:42:52,7.56,1,1,
1900,TCK-11900,20250717,3,6,3,2025-07-17 22:18:17,2025-07-18 05:42:17,7.4,1,1,
1901,TCK-11901,20260613,5,8,3,2026-06-13 04:44:16,2026-06-13 18:14:52,13.51,1,1,4
1902,TCK-11902,20260719,30,1,2,2026-07-19 04:06:17,2026-07-19 21:35:41,17.49,1,1,1
1903,TCK-11903,20250709,40,4,2,2025-07-09 12:40:24,,,0,0,4
1904,TCK-11904,20260210,38,4,3,2026-02-10 22:39:35,2026-02-12 03:48:35,29.15,1,1,4
1905,TCK-11905,20250925,22,2,2,2025-09-25 10:51:42,2025-09-26 09:57:06,23.09,1,1,4
1906,TCK-11906,20260505,44,3,1,2026-05-05 11:15:44,,,0,0,4
1907,TCK-11907,20250305,28,8,1,2025-03-05 07:53:38,2025-03-06 04:00:50,20.12,1,1,4
1908,TCK-11908,20250509,27,6,1,2025-05-09 03:32:37,2025-05-09 14:23:37,10.85,1,1,5
1909,TCK-11909,20260810,39,1,1,2026-08-10 09:51:08,2026-08-11 09:06:08,23.25,1,1,4
1910,TCK-11910,20251008,44,7,2,2025-10-08 23:55:35,2025-10-09 22:08:47,22.22,1,0,3
1911,TCK-11911,20250115,11,7,2,2025-01-15 09:20:27,,,0,0,4
1912,TCK-11912,20250130,35,8,2,2025-01-30 18:28:50,,,0,0,5
1913,TCK-11913,20250906,9,1,2,2025-09-06 11:16:51,2025-09-07 04:03:39,16.78,1,1,5
1914,TCK-11914,20251024,45,7,2,2025-10-24 01:06:25,2025-10-25 08:03:25,30.95,1,0,3
1915,TCK-11915,20260312,44,1,3,2026-03-12 05:54:11,2026-03-13 22:48:47,40.91,1,0,5
1916,TCK-11916,20260501,31,8,2,2026-05-01 09:25:08,2026-05-02 22:22:08,36.95,1,1,4
1917,TCK-11917,20250413,46,3,2,2025-04-13 02:23:58,,,0,0,4
1918,TCK-11918,20260202,34,5,3,2026-02-02 01:00:48,,,0,0,5
1919,TCK-11919,20260522,46,7,2,2026-05-22 17:08:12,,,0,0,5
1920,TCK-11920,20251007,1,6,2,2025-10-07 14:08:45,2025-10-08 08:03:21,17.91,1,1,5
1921,TCK-11921,20250424,47,2,1,2025-04-24 05:03:13,2025-04-25 02:14:37,21.19,1,1,5
1922,TCK-11922,20260131,23,4,2,2026-01-31 17:03:29,2026-02-02 04:22:41,35.32,1,1,4
1923,TCK-11923,20251114,12,5,3,2025-11-14 04:07:42,2025-11-14 22:44:18,18.61,1,1,3
1924,TCK-11924,20250202,4,6,2,2025-02-02 21:27:16,2025-02-03 04:13:28,6.77,1,1,5
1925,TCK-11925,20250425,5,3,1,2025-04-25 04:12:09,,,0,0,4
1926,TCK-11926,20250328,40,8,3,2025-03-28 14:28:57,2025-03-29 23:30:45,33.03,1,1,4
1927,TCK-11927,20250201,11,3,2,2025-02-01 06:55:53,2025-02-02 11:25:17,28.49,1,0,4
1928,TCK-11928,20250113,46,8,2,2025-01-13 20:34:03,2025-01-14 19:08:51,22.58,1,1,
1929,TCK-11929,20250919,3,7,1,2025-09-19 10:45:40,2025-09-19 22:28:16,11.71,1,0,5
1930,TCK-11930,20260531,35,6,3,2026-05-31 04:17:39,,,0,0,4
1931,TCK-11931,20250417,41,1,3,2025-04-17 16:04:45,,,0,0,5
1932,TCK-11932,20260312,5,5,3,2026-03-12 11:11:17,2026-03-14 07:37:41,44.44,1,0,3
1933,TCK-11933,20250804,35,7,1,2025-08-04 17:56:23,2025-08-04 19:57:35,2.02,1,1,4
1934,TCK-11934,20251125,42,2,1,2025-11-25 07:41:38,2025-11-25 19:52:26,12.18,1,1,3
1935,TCK-11935,20260131,48,5,3,2026-01-31 19:36:37,2026-02-01 01:45:01,6.14,1,1,3
1936,TCK-11936,20260508,21,1,2,2026-05-08 18:44:08,,,0,0,
1937,TCK-11937,20250917,9,8,3,2025-09-17 12:14:02,2025-09-19 05:29:38,41.26,1,1,2
1938,TCK-11938,20250629,17,7,3,2025-06-29 08:08:57,2025-06-29 18:35:21,10.44,1,0,4
1939,TCK-11939,20250416,37,4,1,2025-04-16 04:07:41,2025-04-16 10:39:29,6.53,1,1,4
1940,TCK-11940,20260612,34,4,1,2026-06-12 01:45:36,2026-06-12 21:51:00,20.09,1,1,
1941,TCK-11941,20250824,12,2,1,2025-08-24 05:56:00,2025-08-25 06:58:24,25.04,1,1,3
1942,TCK-11942,20260605,2,2,1,2026-06-05 20:38:42,,,0,0,5
1943,TCK-11943,20250505,25,8,3,2025-05-05 00:35:05,2025-05-05 23:28:29,22.89,1,1,
1944,TCK-11944,20260721,16,1,3,2026-07-21 09:59:20,2026-07-22 15:26:56,29.46,1,0,5
1945,TCK-11945,20260308,18,1,2,2026-03-08 17:41:08,2026-03-09 19:29:08,25.8,1,0,5
1946,TCK-11946,20250723,1,2,1,2025-07-23 23:49:01,2025-07-24 06:24:25,6.59,1,1,4
1947,TCK-11947,20260124,48,5,2,2026-01-24 14:53:04,2026-01-25 08:52:28,17.99,1,1,5
1948,TCK-11948,20250405,18,7,2,2025-04-05 02:00:57,2025-04-06 00:09:57,22.15,1,0,4
1949,TCK-11949,20251016,15,2,3,2025-10-16 00:51:28,2025-10-17 00:13:04,23.36,1,1,
1950,TCK-11950,20250212,31,5,3,2025-02-12 16:39:00,2025-02-13 03:50:24,11.19,1,1,4
1951,TCK-11951,20250525,36,4,2,2025-05-25 12:34:46,2025-05-26 01:58:46,13.4,1,1,4
1952,TCK-11952,20260707,15,1,3,2026-07-07 13:35:35,2026-07-08 04:07:23,14.53,1,1,4
1953,TCK-11953,20260108,5,8,3,2026-01-08 00:23:51,2026-01-09 00:28:03,24.07,1,1,
1954,TCK-11954,20250831,2,8,2,2025-08-31 04:01:05,2025-09-01 10:28:41,30.46,1,1,4
1955,TCK-11955,20251106,1,3,2,2025-11-06 02:35:54,2025-11-06 09:50:18,7.24,1,1,5
1956,TCK-11956,20260105,30,3,1,2026-01-05 10:32:20,,,0,0,
1957,TCK-11957,20250403,19,8,2,2025-04-03 21:47:08,2025-04-04 09:21:56,11.58,1,1,4
1958,TCK-11958,20260217,6,3,2,2026-02-17 04:27:17,2026-02-18 03:17:41,22.84,1,0,
1959,TCK-11959,20250318,33,8,2,2025-03-18 14:03:51,2025-03-20 09:27:15,43.39,1,1,4
1960,TCK-11960,20250418,9,6,2,2025-04-18 17:22:43,2025-04-18 22:34:07,5.19,1,1,4
1961,TCK-11961,20250525,37,3,1,2025-05-25 04:54:55,2025-05-26 08:33:55,27.65,1,0,
1962,TCK-11962,20260213,41,1,1,2026-02-13 07:59:45,,,0,0,3
1963,TCK-11963,20250805,11,1,2,2025-08-05 04:17:54,,,0,0,2
1964,TCK-11964,20250106,18,6,3,2025-01-06 01:05:31,2025-01-06 19:04:19,17.98,1,1,4
1965,TCK-11965,20250904,29,5,3,2025-09-04 02:08:26,2025-09-04 13:40:50,11.54,1,1,2
1966,TCK-11966,20250309,31,6,1,2025-03-09 01:50:22,,,0,0,3
1967,TCK-11967,20260812,8,1,1,2026-08-12 11:00:39,2026-08-12 14:43:51,3.72,1,1,4
1968,TCK-11968,20260314,12,2,2,2026-03-14 02:47:56,2026-03-14 04:13:08,1.42,1,1,5
1969,TCK-11969,20250520,37,8,1,2025-05-20 06:02:02,2025-05-21 06:26:02,24.4,1,1,3
1970,TCK-11970,20250330,17,1,2,2025-03-30 16:36:50,2025-03-31 06:38:38,14.03,1,1,3
1971,TCK-11971,20260425,34,3,3,2026-04-25 13:37:35,2026-04-26 16:18:59,26.69,1,0,
1972,TCK-11972,20250429,31,5,2,2025-04-29 13:53:46,2025-04-29 23:07:34,9.23,1,1,4
1973,TCK-11973,20260706,20,8,1,2026-07-06 02:13:57,2026-07-06 11:38:33,9.41,1,1,5
1974,TCK-11974,20260729,50,3,2,2026-07-29 21:39:25,2026-07-30 18:32:49,20.89,1,0,3
1975,TCK-11975,20260621,17,6,2,2026-06-21 07:21:55,,,0,0,4
1976,TCK-11976,20260713,18,1,2,2026-07-13 13:02:47,2026-07-14 12:46:35,23.73,1,1,5
1977,TCK-11977,20260531,35,5,2,2026-05-31 06:35:19,,,0,0,4
1978,TCK-11978,20260708,9,5,2,2026-07-08 01:21:21,2026-07-09 22:38:45,45.29,1,0,5
1979,TCK-11979,20251210,29,7,2,2025-12-10 11:05:23,,,0,0,3
1980,TCK-11980,20250204,1,3,3,2025-02-04 17:59:21,,,0,0,5
1981,TCK-11981,20250415,2,5,3,2025-04-15 07:06:05,,,0,0,4
1982,TCK-11982,20250120,39,7,1,2025-01-20 04:21:51,2025-01-21 15:51:15,35.49,1,0,
1983,TCK-11983,20250125,41,3,1,2025-01-25 12:45:39,2025-01-26 00:49:51,12.07,1,0,5
1984,TCK-11984,20250101,12,2,3,2025-01-01 02:42:08,2025-01-01 10:34:20,7.87,1,1,4
1985,TCK-11985,20250611,1,6,1,2025-06-11 13:48:51,2025-06-11 21:27:15,7.64,1,1,
1986,TCK-11986,20250808,22,6,1,2025-08-08 23:59:11,,,0,0,4
1987,TCK-11987,20251214,41,5,2,2025-12-14 01:28:18,2025-12-14 02:31:18,1.05,1,1,5
1988,TCK-11988,20260718,30,4,1,2026-07-18 01:59:22,2026-07-19 04:06:34,26.12,1,1,4
1989,TCK-11989,20250309,49,4,3,2025-03-09 01:00:25,2025-03-09 21:38:13,20.63,1,1,4
1990,TCK-11990,20250502,45,1,1,2025-05-02 00:17:22,2025-05-03 04:46:46,28.49,1,0,
1991,TCK-11991,20260603,3,4,2,2026-06-03 19:44:48,2026-06-04 23:21:24,27.61,1,1,4
1992,TCK-11992,20251211,42,2,1,2025-12-11 19:39:57,2025-12-12 03:33:21,7.89,1,1,4
1993,TCK-11993,20251215,37,6,3,2025-12-15 04:02:23,2025-12-16 10:32:59,30.51,1,1,4
1994,TCK-11994,20260212,2,1,3,2026-02-12 18:27:58,,,0,0,5
1995,TCK-11995,20250215,17,8,2,2025-02-15 22:57:15,,,0,0,4
1996,TCK-11996,20250718,14,3,3,2025-07-18 18:54:18,2025-07-19 02:17:06,7.38,1,1,1
1997,TCK-11997,20260518,26,1,1,2026-05-18 14:24:48,,,0,0,4
1998,TCK-11998,20260521,5,6,1,2026-05-21 06:24:20,2026-05-22 08:19:32,25.92,1,1,4
1999,TCK-11999,20250304,38,5,1,2025-03-04 20:11:42,,,0,0,4
2000,TCK-12000,20251112,15,3,1,2025-11-12 10:54:06,2025-11-13 05:09:06,18.25,1,0,
2001,TCK-12001,20251231,3,7,3,2025-12-31 07:00:40,2025-12-31 22:27:40,15.45,1,0,5
2002,TCK-12002,20250430,10,4,1,2025-04-30 02:24:25,2025-04-30 13:29:49,11.09,1,1,4
2003,TCK-12003,20260731,22,6,2,2026-07-31 17:50:34,2026-08-01 11:25:58,17.59,1,1,4
2004,TCK-12004,20260209,11,7,2,2026-02-09 01:14:53,2026-02-09 15:47:53,14.55,1,0,5
2005,TCK-12005,20251229,24,3,2,2025-12-29 16:11:04,2025-12-29 20:14:04,4.05,1,1,5
2006,TCK-12006,20250428,29,3,1,2025-04-28 02:51:22,,,0,0,3
2007,TCK-12007,20260318,13,1,1,2026-03-18 22:10:06,2026-03-19 02:56:18,4.77,1,1,
2008,TCK-12008,20260516,37,2,3,2026-05-16 23:00:43,2026-05-17 06:26:31,7.43,1,1,
2009,TCK-12009,20260324,33,2,1,2026-03-24 06:34:23,2026-03-24 07:31:23,0.95,1,1,4
2010,TCK-12010,20250621,31,8,3,2025-06-21 22:44:06,2025-06-21 23:59:06,1.25,1,1,4
2011,TCK-12011,20260702,31,6,1,2026-07-02 22:38:54,2026-07-03 06:01:06,7.37,1,1,4
2012,TCK-12012,20251010,33,8,1,2025-10-10 10:56:19,,,0,0,4
2013,TCK-12013,20250225,1,8,1,2025-02-25 05:35:13,2025-02-25 23:53:49,18.31,1,1,3
2014,TCK-12014,20250609,43,4,1,2025-06-09 01:16:05,2025-06-09 03:31:41,2.26,1,1,4
2015,TCK-12015,20250423,34,3,3,2025-04-23 02:26:23,2025-04-24 05:04:47,26.64,1,0,4
2016,TCK-12016,20250801,3,1,1,2025-08-01 01:17:59,2025-08-01 02:41:23,1.39,1,1,
2017,TCK-12017,20260326,46,3,1,2026-03-26 15:22:54,,,0,0,5
2018,TCK-12018,20250514,50,4,1,2025-05-14 16:05:26,2025-05-15 17:35:26,25.5,1,1,
2019,TCK-12019,20250103,13,5,2,2025-01-03 21:52:03,2025-01-04 18:41:15,20.82,1,1,3
2020,TCK-12020,20260212,23,8,2,2026-02-12 18:06:39,2026-02-13 15:43:15,21.61,1,1,
2021,TCK-12021,20260302,6,3,3,2026-03-02 21:56:52,2026-03-03 19:50:52,21.9,1,0,3
2022,TCK-12022,20260628,38,1,1,2026-06-28 06:07:50,2026-06-29 02:51:02,20.72,1,1,5
2023,TCK-12023,20260201,40,5,1,2026-02-01 12:10:09,2026-02-02 03:26:21,15.27,1,1,4
2024,TCK-12024,20250227,33,8,1,2025-02-27 11:25:35,,,0,0,4
2025,TCK-12025,20250211,30,7,2,2025-02-11 12:14:44,2025-02-12 15:40:32,27.43,1,0,5
2026,TCK-12026,20251107,4,6,2,2025-11-07 18:18:49,2025-11-08 12:17:37,17.98,1,1,5
2027,TCK-12027,20251110,13,7,2,2025-11-10 19:49:12,2025-11-11 04:16:48,8.46,1,0,4
2028,TCK-12028,20250714,30,7,1,2025-07-14 04:54:10,2025-07-14 08:12:46,3.31,1,1,
2029,TCK-12029,20260225,14,3,2,2026-02-25 21:08:58,,,0,0,5
2030,TCK-12030,20250604,44,6,2,2025-06-04 03:43:32,,,0,0,5
2031,TCK-12031,20250411,44,8,3,2025-04-11 23:39:59,2025-04-12 14:01:35,14.36,1,1,4
2032,TCK-12032,20260808,39,2,3,2026-08-08 21:24:16,2026-08-09 05:44:40,8.34,1,1,5
2033,TCK-12033,20260110,12,5,2,2026-01-10 21:03:23,2026-01-11 03:08:47,6.09,1,1,4
2034,TCK-12034,20250321,16,1,3,2025-03-21 02:45:53,2025-03-22 05:18:53,26.55,1,0,4
2035,TCK-12035,20260204,30,5,2,2026-02-04 22:36:43,2026-02-05 17:07:19,18.51,1,1,3
2036,TCK-12036,20251210,50,5,3,2025-12-10 06:23:15,2025-12-11 05:28:39,23.09,1,1,5
2037,TCK-12037,20260530,39,7,3,2026-05-30 12:51:04,2026-05-31 06:49:16,17.97,1,0,4
2038,TCK-12038,20260703,2,5,2,2026-07-03 22:58:00,2026-07-04 22:49:00,23.85,1,1,5
2039,TCK-12039,20251216,6,5,3,2025-12-16 05:48:25,2025-12-16 13:57:25,8.15,1,1,5
2040,TCK-12040,20250706,29,7,2,2025-07-06 03:54:59,2025-07-06 16:37:35,12.71,1,0,4
2041,TCK-12041,20250502,38,6,3,2025-05-02 08:11:24,2025-05-03 01:54:36,17.72,1,1,5
2042,TCK-12042,20250720,35,5,3,2025-07-20 07:50:57,2025-07-21 08:07:45,24.28,1,0,5
2043,TCK-12043,20250227,46,5,1,2025-02-27 14:36:26,2025-02-28 22:58:38,32.37,1,0,4
2044,TCK-12044,20250505,35,1,1,2025-05-05 15:33:52,2025-05-07 16:17:40,48.73,1,0,4
2045,TCK-12045,20251015,36,8,1,2025-10-15 10:10:13,2025-10-16 02:39:01,16.48,1,1,4
2046,TCK-12046,20250923,30,7,3,2025-09-23 08:54:43,2025-09-25 04:31:19,43.61,1,0,5
2047,TCK-12047,20250126,44,3,3,2025-01-26 22:33:26,2025-01-27 21:17:14,22.73,1,0,4
2048,TCK-12048,20250516,29,8,2,2025-05-16 18:27:25,2025-05-17 05:15:25,10.8,1,1,4
2049,TCK-12049,20250217,42,5,1,2025-02-17 20:44:22,2025-02-18 16:10:10,19.43,1,1,4
2050,TCK-12050,20260616,42,6,2,2026-06-16 21:02:02,2026-06-17 13:45:14,16.72,1,1,4
2051,TCK-12051,20250710,20,3,1,2025-07-10 10:29:42,,,0,0,4
2052,TCK-12052,20251105,39,7,1,2025-11-05 07:36:44,2025-11-06 03:07:20,19.51,1,0,3
2053,TCK-12053,20250205,11,2,2,2025-02-05 06:07:12,2025-02-05 13:55:48,7.81,1,1,5
2054,TCK-12054,20250128,47,7,1,2025-01-28 19:41:11,2025-01-29 04:48:23,9.12,1,0,3
2055,TCK-12055,20251227,24,3,3,2025-12-27 21:43:13,,,0,0,
2056,TCK-12056,20260330,45,3,3,2026-03-30 07:44:39,2026-03-30 09:59:03,2.24,1,1,
2057,TCK-12057,20250816,45,6,2,2025-08-16 11:14:08,2025-08-17 03:27:20,16.22,1,1,2
2058,TCK-12058,20250220,6,8,2,2025-02-20 17:29:02,2025-02-21 10:30:50,17.03,1,1,2
2059,TCK-12059,20250209,25,3,1,2025-02-09 03:00:31,2025-02-09 21:55:07,18.91,1,0,3
2060,TCK-12060,20260728,44,4,3,2026-07-28 20:11:45,2026-07-30 09:05:09,36.89,1,0,3
2061,TCK-12061,20250926,49,7,3,2025-09-26 17:55:16,2025-09-26 20:21:04,2.43,1,1,3
2062,TCK-12062,20250810,14,3,1,2025-08-10 22:09:09,,,0,0,5
2063,TCK-12063,20251027,7,1,3,2025-10-27 08:09:22,2025-10-27 17:11:46,9.04,1,1,3
2064,TCK-12064,20251229,47,3,1,2025-12-29 12:03:24,2025-12-31 11:24:24,47.35,1,0,2
2065,TCK-12065,20260203,4,6,3,2026-02-03 07:53:57,2026-02-03 22:12:33,14.31,1,1,2
2066,TCK-12066,20251006,4,2,3,2025-10-06 12:43:50,2025-10-07 14:12:38,25.48,1,1,4
2067,TCK-12067,20251109,36,6,1,2025-11-09 03:41:35,2025-11-10 15:45:11,36.06,1,1,4
2068,TCK-12068,20250228,26,7,1,2025-02-28 16:50:18,2025-03-01 14:16:06,21.43,1,0,5
2069,TCK-12069,20251118,5,6,2,2025-11-18 23:17:50,2025-11-19 11:54:26,12.61,1,1,
2070,TCK-12070,20250310,43,3,3,2025-03-10 11:05:27,,,0,0,5
2071,TCK-12071,20251217,50,2,3,2025-12-17 10:27:17,2025-12-18 09:45:17,23.3,1,1,4
2072,TCK-12072,20260407,21,4,3,2026-04-07 17:31:22,2026-04-09 08:07:58,38.61,1,0,5
2073,TCK-12073,20260322,11,1,2,2026-03-22 05:42:00,2026-03-23 09:37:12,27.92,1,0,
2074,TCK-12074,20250317,20,2,1,2025-03-17 06:36:15,2025-03-17 14:40:27,8.07,1,1,5
2075,TCK-12075,20260803,3,8,2,2026-08-03 16:30:13,2026-08-04 06:59:37,14.49,1,1,5
2076,TCK-12076,20260203,29,3,1,2026-02-03 21:48:01,2026-02-04 10:53:25,13.09,1,0,3
2077,TCK-12077,20260307,35,8,3,2026-03-07 11:15:53,2026-03-07 22:55:29,11.66,1,1,3
2078,TCK-12078,20250404,8,5,1,2025-04-04 20:49:24,2025-04-05 03:51:48,7.04,1,1,5
2079,TCK-12079,20250508,15,6,1,2025-05-08 04:02:10,2025-05-08 17:24:22,13.37,1,1,
2080,TCK-12080,20260123,32,1,2,2026-01-23 08:18:36,2026-01-24 05:48:36,21.5,1,1,
2081,TCK-12081,20260307,9,1,1,2026-03-07 17:29:25,2026-03-08 02:39:01,9.16,1,1,4
2082,TCK-12082,20260406,29,5,3,2026-04-06 09:56:05,2026-04-06 14:25:29,4.49,1,1,5
2083,TCK-12083,20250203,22,1,2,2025-02-03 00:26:15,2025-02-03 10:53:51,10.46,1,1,4
2084,TCK-12084,20260313,37,7,2,2026-03-13 19:11:29,2026-03-14 14:18:41,19.12,1,0,
2085,TCK-12085,20260125,37,6,1,2026-01-25 07:20:13,2026-01-25 16:34:37,9.24,1,1,
2086,TCK-12086,20250615,8,6,2,2025-06-15 16:10:29,2025-06-16 20:24:53,28.24,1,1,3
2087,TCK-12087,20260622,19,6,3,2026-06-22 19:54:35,,,0,0,5
2088,TCK-12088,20260228,19,7,2,2026-02-28 21:27:15,2026-03-01 11:26:03,13.98,1,0,5
2089,TCK-12089,20251111,15,5,3,2025-11-11 22:16:50,2025-11-13 05:55:50,31.65,1,0,3
2090,TCK-12090,20250922,16,4,3,2025-09-22 08:37:28,2025-09-22 18:38:40,10.02,1,1,4
2091,TCK-12091,20260729,49,1,3,2026-07-29 05:09:14,2026-07-29 17:44:38,12.59,1,1,5
2092,TCK-12092,20260813,14,8,3,2026-08-13 21:52:34,2026-08-15 04:05:46,30.22,1,1,3
2093,TCK-12093,20250417,11,2,1,2025-04-17 00:57:48,2025-04-18 08:08:00,31.17,1,1,
2094,TCK-12094,20251201,31,8,1,2025-12-01 09:57:54,2025-12-02 17:48:18,31.84,1,1,3
2095,TCK-12095,20250516,31,6,2,2025-05-16 04:02:15,2025-05-16 07:11:15,3.15,1,1,2
2096,TCK-12096,20250817,10,7,1,2025-08-17 18:03:52,2025-08-18 03:05:04,9.02,1,0,4
2097,TCK-12097,20260418,47,2,1,2026-04-18 10:54:25,,,0,0,4
2098,TCK-12098,20251212,22,7,1,2025-12-12 20:43:53,2025-12-14 19:41:29,46.96,1,0,4
2099,TCK-12099,20250812,40,2,3,2025-08-12 02:16:45,2025-08-12 17:59:57,15.72,1,1,5
2100,TCK-12100,20250316,6,7,1,2025-03-16 07:59:34,2025-03-17 10:14:34,26.25,1,0,4
2101,TCK-12101,20250519,11,4,2,2025-05-19 01:54:15,2025-05-19 13:02:39,11.14,1,1,4
2102,TCK-12102,20250826,20,2,1,2025-08-26 21:28:45,2025-08-26 22:25:09,0.94,1,1,4
2103,TCK-12103,20250203,2,7,3,2025-02-03 17:50:57,,,0,0,4
2104,TCK-12104,20250221,49,5,2,2025-02-21 04:56:51,2025-02-21 12:16:03,7.32,1,1,5
2105,TCK-12105,20250927,30,5,1,2025-09-27 06:02:19,2025-09-27 22:18:31,16.27,1,1,5
2106,TCK-12106,20250615,11,6,1,2025-06-15 17:39:17,2025-06-17 00:28:29,30.82,1,1,3
2107,TCK-12107,20250517,13,3,1,2025-05-17 16:09:39,2025-05-18 14:07:15,21.96,1,0,
2108,TCK-12108,20260215,22,1,1,2026-02-15 18:06:13,2026-02-16 15:07:25,21.02,1,1,4
2109,TCK-12109,20250311,29,7,2,2025-03-11 23:44:07,2025-03-12 06:19:31,6.59,1,1,4
2110,TCK-12110,20250526,28,1,2,2025-05-26 15:39:39,2025-05-27 13:42:39,22.05,1,1,3
2111,TCK-12111,20260115,42,3,2,2026-01-15 06:03:05,,,0,0,4
2112,TCK-12112,20250829,11,5,2,2025-08-29 00:13:17,2025-08-30 10:27:05,34.23,1,0,4
2113,TCK-12113,20250117,5,5,2,2025-01-17 02:29:45,2025-01-18 01:36:21,23.11,1,1,4
2114,TCK-12114,20260228,29,6,1,2026-02-28 08:42:56,2026-02-28 17:39:56,8.95,1,1,5
2115,TCK-12115,20260523,41,8,3,2026-05-23 10:52:16,2026-05-23 23:31:16,12.65,1,1,5
2116,TCK-12116,20260131,4,3,2,2026-01-31 11:40:34,2026-01-31 18:36:22,6.93,1,1,3
2117,TCK-12117,20251214,10,8,3,2025-12-14 16:55:59,2025-12-15 19:07:59,26.2,1,1,3
2118,TCK-12118,20260701,26,6,2,2026-07-01 09:45:16,,,0,0,3
2119,TCK-12119,20250913,32,3,1,2025-09-13 20:12:28,2025-09-15 10:34:40,38.37,1,0,
2120,TCK-12120,20250503,4,2,1,2025-05-03 16:29:32,2025-05-04 03:11:32,10.7,1,1,5
2121,TCK-12121,20260411,5,1,3,2026-04-11 01:55:52,2026-04-11 18:45:40,16.83,1,1,5
2122,TCK-12122,20250915,7,3,2,2025-09-15 22:22:11,2025-09-16 07:28:47,9.11,1,1,4
2123,TCK-12123,20250526,12,2,1,2025-05-26 15:24:47,2025-05-27 06:26:35,15.03,1,1,3
2124,TCK-12124,20250528,10,6,2,2025-05-28 03:24:11,2025-05-28 23:55:59,20.53,1,1,4
2125,TCK-12125,20250102,13,7,1,2025-01-02 22:34:52,2025-01-03 02:11:28,3.61,1,1,4
2126,TCK-12126,20260616,33,1,2,2026-06-16 15:32:38,2026-06-17 22:31:26,30.98,1,0,4
2127,TCK-12127,20260122,24,3,1,2026-01-22 16:43:22,2026-01-23 13:39:46,20.94,1,0,3
2128,TCK-12128,20250706,17,8,2,2025-07-06 12:27:40,2025-07-08 02:27:04,37.99,1,1,5
2129,TCK-12129,20250709,18,7,1,2025-07-09 14:58:31,2025-07-09 19:45:19,4.78,1,1,4
2130,TCK-12130,20250324,27,3,1,2025-03-24 12:22:34,2025-03-25 16:25:34,28.05,1,0,5
2131,TCK-12131,20251020,38,3,1,2025-10-20 03:04:20,,,0,0,5
2132,TCK-12132,20250605,3,7,1,2025-06-05 18:20:20,2025-06-06 09:09:32,14.82,1,0,3
2133,TCK-12133,20250607,47,8,3,2025-06-07 20:26:11,,,0,0,3
2134,TCK-12134,20250319,25,1,2,2025-03-19 10:42:16,2025-03-19 18:44:40,8.04,1,1,
2135,TCK-12135,20250729,13,6,1,2025-07-29 23:06:14,2025-07-30 17:49:26,18.72,1,1,4
2136,TCK-12136,20250307,11,4,3,2025-03-07 20:05:11,,,0,0,
2137,TCK-12137,20251031,24,3,1,2025-10-31 16:42:58,,,0,0,2
2138,TCK-12138,20260216,32,7,3,2026-02-16 09:57:00,2026-02-16 22:40:12,12.72,1,0,3
2139,TCK-12139,20251109,20,1,2,2025-11-09 04:53:53,2025-11-09 21:35:53,16.7,1,1,
2140,TCK-12140,20260530,37,7,1,2026-05-30 15:28:40,2026-05-31 10:20:16,18.86,1,0,5
2141,TCK-12141,20251016,26,7,3,2025-10-16 12:47:19,2025-10-17 16:42:31,27.92,1,0,
2142,TCK-12142,20250425,12,5,3,2025-04-25 19:09:45,,,0,0,5
2143,TCK-12143,20250707,13,3,1,2025-07-07 00:19:44,2025-07-07 15:17:56,14.97,1,0,5
2144,TCK-12144,20260513,47,2,2,2026-05-13 16:58:56,2026-05-15 03:01:56,34.05,1,1,
2145,TCK-12145,20260221,49,8,1,2026-02-21 18:39:38,,,0,0,3
2146,TCK-12146,20260611,11,2,3,2026-06-11 22:12:07,2026-06-13 01:04:55,26.88,1,1,4
2147,TCK-12147,20250622,48,7,1,2025-06-22 22:00:03,2025-06-24 10:51:03,36.85,1,0,3
2148,TCK-12148,20250713,26,4,3,2025-07-13 03:00:20,2025-07-13 18:00:20,15.0,1,1,5
2149,TCK-12149,20250102,46,4,3,2025-01-02 11:35:44,2025-01-02 13:08:08,1.54,1,1,5
2150,TCK-12150,20260212,29,1,1,2026-02-12 17:44:27,2026-02-12 23:51:03,6.11,1,1,4
2151,TCK-12151,20250731,36,4,1,2025-07-31 16:39:57,2025-08-01 18:39:21,25.99,1,1,2
2152,TCK-12152,20250327,48,8,2,2025-03-27 16:21:40,2025-03-28 00:40:16,8.31,1,1,3
2153,TCK-12153,20260411,26,7,1,2026-04-11 03:15:27,2026-04-12 03:22:39,24.12,1,0,4
2154,TCK-12154,20260602,43,4,1,2026-06-02 05:12:57,2026-06-02 19:27:57,14.25,1,1,4
2155,TCK-12155,20260418,12,4,2,2026-04-18 23:38:46,,,0,0,3
2156,TCK-12156,20260520,31,1,2,2026-05-20 12:06:41,2026-05-22 07:47:29,43.68,1,0,4
2157,TCK-12157,20260706,41,3,1,2026-07-06 16:06:54,2026-07-06 20:43:30,4.61,1,1,4
2158,TCK-12158,20260224,29,8,3,2026-02-24 03:29:58,2026-02-24 05:25:10,1.92,1,1,
2159,TCK-12159,20250910,35,7,3,2025-09-10 17:44:19,2025-09-10 19:46:43,2.04,1,1,
2160,TCK-12160,20260121,26,3,3,2026-01-21 11:44:52,2026-01-22 06:33:28,18.81,1,0,5
2161,TCK-12161,20260404,21,2,1,2026-04-04 06:19:39,2026-04-05 22:07:39,39.8,1,1,5
2162,TCK-12162,20260322,18,4,3,2026-03-22 20:40:00,2026-03-23 11:55:36,15.26,1,1,5
2163,TCK-12163,20260502,18,1,2,2026-05-02 04:48:39,2026-05-02 12:59:27,8.18,1,1,4
2164,TCK-12164,20260210,40,8,3,2026-02-10 15:01:35,2026-02-11 09:26:47,18.42,1,1,3
2165,TCK-12165,20251227,36,8,2,2025-12-27 21:39:54,2025-12-28 21:00:18,23.34,1,1,5
2166,TCK-12166,20260419,27,5,1,2026-04-19 07:18:53,2026-04-20 08:20:05,25.02,1,0,3
2167,TCK-12167,20260701,19,2,2,2026-07-01 00:16:18,2026-07-02 04:51:06,28.58,1,1,5
2168,TCK-12168,20250625,21,7,1,2025-06-25 03:53:56,,,0,0,5
2169,TCK-12169,20260211,3,3,2,2026-02-11 12:18:35,2026-02-13 04:05:59,39.79,1,0,5
2170,TCK-12170,20250417,34,5,2,2025-04-17 07:00:35,,,0,0,4
2171,TCK-12171,20251109,31,1,2,2025-11-09 21:52:34,2025-11-11 08:53:46,35.02,1,0,4
2172,TCK-12172,20260302,23,2,3,2026-03-02 07:00:09,,,0,0,3
2173,TCK-12173,20250101,4,6,1,2025-01-01 06:02:43,2025-01-01 10:35:07,4.54,1,1,
2174,TCK-12174,20250118,14,6,3,2025-01-18 11:24:18,2025-01-19 17:24:18,30.0,1,1,2
2175,TCK-12175,20260807,29,5,2,2026-08-07 01:32:48,2026-08-07 11:05:48,9.55,1,1,4
2176,TCK-12176,20250205,27,8,1,2025-02-05 00:07:40,2025-02-05 19:22:04,19.24,1,1,4
2177,TCK-12177,20251107,19,4,2,2025-11-07 08:08:38,2025-11-07 22:41:02,14.54,1,1,
2178,TCK-12178,20251218,43,8,2,2025-12-18 13:35:57,,,0,0,3
2179,TCK-12179,20250510,10,1,2,2025-05-10 03:20:58,2025-05-11 05:03:34,25.71,1,0,4
2180,TCK-12180,20250705,12,7,1,2025-07-05 03:38:00,2025-07-05 17:27:12,13.82,1,0,3
2181,TCK-12181,20260526,17,8,1,2026-05-26 09:30:57,2026-05-26 14:46:33,5.26,1,1,4
2182,TCK-12182,20251201,28,4,3,2025-12-01 05:06:54,,,0,0,3
2183,TCK-12183,20260516,1,4,2,2026-05-16 02:08:18,2026-05-16 17:26:18,15.3,1,1,4
2184,TCK-12184,20250913,48,1,1,2025-09-13 12:08:42,2025-09-15 02:57:18,38.81,1,0,5
2185,TCK-12185,20250527,50,8,1,2025-05-27 20:29:31,2025-05-28 17:04:55,20.59,1,1,3
2186,TCK-12186,20260724,23,4,3,2026-07-24 10:45:43,2026-07-25 01:49:55,15.07,1,1,5
2187,TCK-12187,20250524,23,3,3,2025-05-24 22:54:20,2025-05-26 04:00:20,29.1,1,0,5
2188,TCK-12188,20250226,5,2,2,2025-02-26 10:58:03,2025-02-26 22:01:03,11.05,1,1,3
2189,TCK-12189,20251111,30,5,2,2025-11-11 08:30:14,2025-11-11 19:44:38,11.24,1,1,
2190,TCK-12190,20251030,47,8,3,2025-10-30 03:53:50,,,0,0,
2191,TCK-12191,20260416,37,5,3,2026-04-16 06:16:18,,,0,0,3
2192,TCK-12192,20260516,15,1,2,2026-05-16 16:34:01,2026-05-17 17:01:01,24.45,1,0,
2193,TCK-12193,20250903,13,2,3,2025-09-03 20:33:58,2025-09-04 21:00:22,24.44,1,1,5
2194,TCK-12194,20251228,5,3,3,2025-12-28 05:30:34,2025-12-28 18:23:58,12.89,1,0,
2195,TCK-12195,20250306,21,7,1,2025-03-06 10:11:07,2025-03-07 01:01:31,14.84,1,0,5
2196,TCK-12196,20260510,15,6,3,2026-05-10 16:03:06,2026-05-11 17:55:18,25.87,1,1,3
2197,TCK-12197,20260126,18,4,2,2026-01-26 15:05:47,2026-01-27 08:14:47,17.15,1,1,2
2198,TCK-12198,20251114,5,7,3,2025-11-14 07:13:52,2025-11-14 12:20:28,5.11,1,1,3
2199,TCK-12199,20250223,22,7,2,2025-02-23 19:37:36,2025-02-24 17:22:00,21.74,1,0,
2200,TCK-12200,20250118,15,6,2,2025-01-18 17:57:14,,,0,0,4
2201,TCK-12201,20250329,7,6,1,2025-03-29 17:38:26,2025-03-30 09:39:02,16.01,1,1,5
2202,TCK-12202,20260611,48,7,2,2026-06-11 16:19:39,2026-06-13 01:20:51,33.02,1,0,3
2203,TCK-12203,20260729,11,6,2,2026-07-29 11:52:49,,,0,0,4
2204,TCK-12204,20250424,48,3,3,2025-04-24 18:03:11,2025-04-25 01:47:35,7.74,1,1,3
2205,TCK-12205,20260626,20,2,1,2026-06-26 17:12:40,2026-06-27 01:56:28,8.73,1,1,5
2206,TCK-12206,20251103,34,6,3,2025-11-03 08:59:21,2025-11-03 19:32:57,10.56,1,1,4
2207,TCK-12207,20260205,34,8,1,2026-02-05 16:06:05,2026-02-06 02:46:17,10.67,1,1,5
2208,TCK-12208,20250427,35,6,2,2025-04-27 02:36:15,2025-04-27 23:50:03,21.23,1,1,4
2209,TCK-12209,20250124,1,6,3,2025-01-24 23:50:39,2025-01-25 14:07:27,14.28,1,1,5
2210,TCK-12210,20260425,29,3,1,2026-04-25 18:03:23,2026-04-25 23:32:11,5.48,1,1,3
2211,TCK-12211,20250402,24,4,1,2025-04-02 20:53:42,2025-04-03 21:05:42,24.2,1,1,4
2212,TCK-12212,20251123,1,8,3,2025-11-23 06:08:43,2025-11-23 08:45:19,2.61,1,1,5
2213,TCK-12213,20260630,16,2,1,2026-06-30 04:54:36,,,0,0,5
2214,TCK-12214,20250907,8,6,2,2025-09-07 23:27:02,2025-09-08 14:01:14,14.57,1,1,3
2215,TCK-12215,20250506,46,2,3,2025-05-06 01:18:20,2025-05-07 01:15:56,23.96,1,1,4
2216,TCK-12216,20260628,22,7,1,2026-06-28 15:13:24,2026-06-29 17:57:48,26.74,1,0,5
2217,TCK-12217,20260215,47,6,3,2026-02-15 18:15:13,2026-02-16 14:01:25,19.77,1,1,
2218,TCK-12218,20260317,21,6,3,2026-03-17 02:23:40,,,0,0,4
2219,TCK-12219,20251209,42,4,1,2025-12-09 12:52:24,2025-12-09 23:42:12,10.83,1,1,4
2220,TCK-12220,20251025,25,2,1,2025-10-25 07:25:43,2025-10-25 13:39:31,6.23,1,1,3
2221,TCK-12221,20260413,12,8,2,2026-04-13 00:54:10,2026-04-13 01:25:58,0.53,1,1,5
2222,TCK-12222,20251030,16,1,2,2025-10-30 05:33:05,2025-10-30 23:54:41,18.36,1,1,4
2223,TCK-12223,20250418,3,7,1,2025-04-18 19:44:29,,,0,0,5
2224,TCK-12224,20250213,17,5,2,2025-02-13 11:07:02,2025-02-13 22:47:50,11.68,1,1,5
2225,TCK-12225,20250527,17,4,1,2025-05-27 15:26:13,2025-05-28 10:02:49,18.61,1,1,4
2226,TCK-12226,20260410,18,5,3,2026-04-10 03:33:48,2026-04-10 21:44:36,18.18,1,1,5
2227,TCK-12227,20260305,3,7,3,2026-03-05 15:25:16,2026-03-06 00:17:28,8.87,1,0,3
2228,TCK-12228,20250627,12,1,3,2025-06-27 16:34:48,,,0,0,3
2229,TCK-12229,20251226,21,8,2,2025-12-26 03:54:45,2025-12-27 03:39:45,23.75,1,1,3
2230,TCK-12230,20250507,32,8,1,2025-05-07 14:17:56,2025-05-08 00:52:08,10.57,1,1,3
2231,TCK-12231,20260128,49,2,1,2026-01-28 08:49:46,2026-01-29 13:19:10,28.49,1,1,4
2232,TCK-12232,20250730,32,2,3,2025-07-30 17:30:28,2025-07-31 02:54:28,9.4,1,1,5
2233,TCK-12233,20260502,19,4,2,2026-05-02 14:00:53,2026-05-03 08:41:05,18.67,1,1,
2234,TCK-12234,20260609,13,2,2,2026-06-09 20:55:26,,,0,0,4
2235,TCK-12235,20251224,9,3,2,2025-12-24 08:50:10,,,0,0,5
2236,TCK-12236,20250205,40,4,1,2025-02-05 23:41:22,2025-02-07 03:48:34,28.12,1,1,
2237,TCK-12237,20250121,5,5,2,2025-01-21 01:45:44,2025-01-21 04:33:08,2.79,1,1,
2238,TCK-12238,20260116,18,4,1,2026-01-16 07:53:35,2026-01-16 16:12:11,8.31,1,1,
2239,TCK-12239,20251113,40,8,3,2025-11-13 03:40:59,2025-11-13 22:14:35,18.56,1,1,3
2240,TCK-12240,20260204,48,8,1,2026-02-04 08:55:59,2026-02-05 05:32:35,20.61,1,1,
2241,TCK-12241,20250709,10,8,2,2025-07-09 09:00:16,,,0,0,5
2242,TCK-12242,20250413,27,4,1,2025-04-13 03:34:53,2025-04-14 08:04:17,28.49,1,1,4
2243,TCK-12243,20250809,25,2,3,2025-08-09 01:30:00,2025-08-09 05:05:24,3.59,1,1,5
2244,TCK-12244,20251210,3,3,1,2025-12-10 07:25:57,2025-12-11 01:06:45,17.68,1,0,4
2245,TCK-12245,20250201,38,7,3,2025-02-01 00:21:29,2025-02-01 17:13:41,16.87,1,0,4
2246,TCK-12246,20250113,37,3,2,2025-01-13 00:51:29,2025-01-13 11:48:29,10.95,1,1,4
2247,TCK-12247,20250406,11,8,1,2025-04-06 03:13:34,2025-04-06 03:48:58,0.59,1,1,3
2248,TCK-12248,20260523,25,2,3,2026-05-23 04:11:07,2026-05-24 03:21:19,23.17,1,1,3
2249,TCK-12249,20250425,27,5,3,2025-04-25 15:07:36,2025-04-26 20:37:36,29.5,1,0,2
2250,TCK-12250,20251110,17,1,2,2025-11-10 07:26:03,,,0,0,
2251,TCK-12251,20250515,19,4,2,2025-05-15 05:23:09,2025-05-15 18:32:09,13.15,1,1,4
2252,TCK-12252,20250118,10,5,1,2025-01-18 18:17:19,2025-01-18 22:32:55,4.26,1,1,5
2253,TCK-12253,20250802,2,7,3,2025-08-02 21:11:26,2025-08-03 12:28:14,15.28,1,0,4
2254,TCK-12254,20260422,6,8,2,2026-04-22 19:52:19,2026-04-24 21:53:31,50.02,1,0,
2255,TCK-12255,20260708,23,6,3,2026-07-08 11:07:24,2026-07-09 10:26:00,23.31,1,1,
2256,TCK-12256,20250404,35,2,2,2025-04-04 05:51:27,2025-04-04 07:40:39,1.82,1,1,5
2257,TCK-12257,20260724,31,7,2,2026-07-24 13:50:56,,,0,0,3
2258,TCK-12258,20260528,1,7,1,2026-05-28 16:17:19,2026-05-29 14:44:19,22.45,1,0,
2259,TCK-12259,20260725,43,4,2,2026-07-25 02:36:07,2026-07-25 04:26:31,1.84,1,1,4
2260,TCK-12260,20250214,20,2,2,2025-02-14 01:25:36,2025-02-14 22:23:48,20.97,1,1,2
2261,TCK-12261,20250511,39,4,2,2025-05-11 06:50:20,,,0,0,4
2262,TCK-12262,20250611,33,8,1,2025-06-11 03:14:36,,,0,0,5
2263,TCK-12263,20250601,12,5,2,2025-06-01 22:54:00,2025-06-03 01:24:00,26.5,1,0,4
2264,TCK-12264,20251203,23,3,1,2025-12-03 00:56:13,2025-12-03 21:53:13,20.95,1,0,4
2265,TCK-12265,20260217,19,7,1,2026-02-17 14:15:37,2026-02-18 23:12:37,32.95,1,0,4
2266,TCK-12266,20250502,17,2,1,2025-05-02 12:51:00,2025-05-04 05:48:36,40.96,1,1,4
2267,TCK-12267,20260522,9,3,1,2026-05-22 06:59:29,2026-05-22 12:37:17,5.63,1,1,3
2268,TCK-12268,20250215,46,8,3,2025-02-15 12:00:34,2025-02-15 22:42:34,10.7,1,1,5
2269,TCK-12269,20260507,28,2,3,2026-05-07 08:24:15,2026-05-08 18:54:15,34.5,1,1,4
2270,TCK-12270,20250913,15,5,3,2025-09-13 13:07:56,2025-09-14 22:45:08,33.62,1,0,
2271,TCK-12271,20251122,6,2,3,2025-11-22 02:42:38,2025-11-22 10:45:38,8.05,1,1,4
2272,TCK-12272,20250713,2,5,1,2025-07-13 20:16:51,,,0,0,
2273,TCK-12273,20250902,21,6,1,2025-09-02 08:26:26,2025-09-03 17:04:14,32.63,1,1,5
2274,TCK-12274,20251007,38,5,2,2025-10-07 12:27:28,2025-10-08 01:14:52,12.79,1,1,
2275,TCK-12275,20251001,9,1,3,2025-10-01 20:46:01,2025-10-02 11:13:01,14.45,1,1,
2276,TCK-12276,20250816,42,3,1,2025-08-16 16:28:38,,,0,0,3
2277,TCK-12277,20250525,26,1,1,2025-05-25 01:33:22,2025-05-26 04:30:58,26.96,1,0,4
2278,TCK-12278,20260103,15,3,2,2026-01-03 20:12:26,2026-01-04 22:49:02,26.61,1,0,4
2279,TCK-12279,20250331,19,1,1,2025-03-31 05:39:06,,,0,0,5
2280,TCK-12280,20260305,8,2,3,2026-03-05 02:40:11,2026-03-06 11:29:59,32.83,1,1,4
2281,TCK-12281,20250304,3,7,1,2025-03-04 14:38:11,2025-03-05 11:00:59,20.38,1,0,4
2282,TCK-12282,20260619,16,3,3,2026-06-19 04:29:05,2026-06-20 01:09:17,20.67,1,0,4
2283,TCK-12283,20260314,48,3,3,2026-03-14 02:22:05,2026-03-14 13:24:29,11.04,1,1,4
2284,TCK-12284,20260316,32,6,1,2026-03-16 13:48:20,2026-03-17 23:02:08,33.23,1,1,5
2285,TCK-12285,20250217,25,5,2,2025-02-17 09:41:11,,,0,0,3
2286,TCK-12286,20251104,41,7,1,2025-11-04 12:52:01,2025-11-05 14:52:01,26.0,1,0,4
2287,TCK-12287,20260519,20,4,3,2026-05-19 04:16:15,2026-05-20 03:37:15,23.35,1,1,4
2288,TCK-12288,20250414,21,3,1,2025-04-14 23:43:08,,,0,0,4
2289,TCK-12289,20260305,26,1,3,2026-03-05 22:51:24,,,0,0,5
2290,TCK-12290,20251010,9,7,1,2025-10-10 02:59:39,,,0,0,3
2291,TCK-12291,20260430,19,5,3,2026-04-30 14:53:05,2026-05-01 17:33:53,26.68,1,0,3
2292,TCK-12292,20260607,7,1,2,2026-06-07 09:32:36,2026-06-07 19:19:24,9.78,1,1,4
2293,TCK-12293,20250224,20,5,1,2025-02-24 09:46:26,,,0,0,5
2294,TCK-12294,20250330,10,3,1,2025-03-30 10:50:40,2025-03-31 05:00:16,18.16,1,0,5
2295,TCK-12295,20250626,37,6,2,2025-06-26 00:25:42,2025-06-27 00:21:30,23.93,1,1,
2296,TCK-12296,20260520,43,2,1,2026-05-20 06:34:35,2026-05-20 08:44:11,2.16,1,1,
2297,TCK-12297,20260316,43,4,1,2026-03-16 07:19:14,2026-03-16 17:22:14,10.05,1,1,4
2298,TCK-12298,20260625,5,3,3,2026-06-25 16:17:37,2026-06-26 11:37:25,19.33,1,0,3
2299,TCK-12299,20250414,7,1,2,2025-04-14 01:11:05,2025-04-15 03:09:17,25.97,1,0,3
2300,TCK-12300,20250710,47,5,1,2025-07-10 07:55:01,2025-07-10 17:59:13,10.07,1,1,4
2301,TCK-12301,20260524,16,7,1,2026-05-24 04:06:45,2026-05-25 06:49:57,26.72,1,0,3
2302,TCK-12302,20250726,4,4,1,2025-07-26 03:38:28,2025-07-26 08:28:16,4.83,1,1,3
2303,TCK-12303,20250203,18,2,1,2025-02-03 00:13:19,,,0,0,4
2304,TCK-12304,20260423,7,8,3,2026-04-23 20:35:26,2026-04-24 18:54:38,22.32,1,1,5
2305,TCK-12305,20250222,44,3,2,2025-02-22 23:32:16,2025-02-23 04:38:16,5.1,1,1,5
2306,TCK-12306,20250504,1,6,2,2025-05-04 02:13:28,2025-05-04 06:38:04,4.41,1,1,4
2307,TCK-12307,20260626,36,8,1,2026-06-26 21:55:53,2026-06-27 21:39:05,23.72,1,1,2
2308,TCK-12308,20260425,15,1,3,2026-04-25 03:26:06,2026-04-26 01:37:30,22.19,1,1,2
2309,TCK-12309,20250727,9,8,1,2025-07-27 21:38:56,2025-07-28 14:34:44,16.93,1,1,3
2310,TCK-12310,20260512,13,2,3,2026-05-12 10:53:14,2026-05-13 14:31:38,27.64,1,1,4
2311,TCK-12311,20260715,19,1,1,2026-07-15 00:43:46,2026-07-15 17:08:58,16.42,1,1,3
2312,TCK-12312,20250921,11,1,1,2025-09-21 21:55:18,2025-09-23 11:45:42,37.84,1,0,4
2313,TCK-12313,20260205,8,3,1,2026-02-05 18:02:50,,,0,0,5
2314,TCK-12314,20260412,23,7,3,2026-04-12 08:25:42,2026-04-12 16:59:18,8.56,1,0,5
2315,TCK-12315,20250502,40,2,2,2025-05-02 07:36:54,,,0,0,3
2316,TCK-12316,20250226,21,3,1,2025-02-26 23:07:53,2025-02-27 08:30:05,9.37,1,1,4
2317,TCK-12317,20250722,14,8,1,2025-07-22 11:02:52,2025-07-23 09:14:16,22.19,1,1,4
2318,TCK-12318,20250426,48,4,3,2025-04-26 19:34:55,2025-04-27 09:42:43,14.13,1,1,
2319,TCK-12319,20250814,5,5,3,2025-08-14 00:00:19,,,0,0,3
2320,TCK-12320,20250217,15,1,2,2025-02-17 04:06:23,,,0,0,3
2321,TCK-12321,20260202,36,6,3,2026-02-02 22:18:25,2026-02-03 17:21:25,19.05,1,1,5
2322,TCK-12322,20260718,20,6,1,2026-07-18 02:05:00,2026-07-19 07:08:36,29.06,1,1,2
2323,TCK-12323,20250609,17,8,2,2025-06-09 15:32:52,2025-06-10 15:31:04,23.97,1,1,
2324,TCK-12324,20251212,36,8,1,2025-12-12 10:47:48,,,0,0,
2325,TCK-12325,20251204,32,2,2,2025-12-04 03:08:14,2025-12-04 08:35:50,5.46,1,1,4
2326,TCK-12326,20260121,10,6,2,2026-01-21 20:02:48,2026-01-22 14:37:36,18.58,1,1,5
2327,TCK-12327,20251027,19,1,1,2025-10-27 13:48:47,,,0,0,5
2328,TCK-12328,20260419,50,5,2,2026-04-19 14:09:02,2026-04-20 06:00:38,15.86,1,1,4
2329,TCK-12329,20260129,24,8,1,2026-01-29 08:48:41,2026-01-30 23:21:41,38.55,1,1,4
2330,TCK-12330,20260514,7,1,1,2026-05-14 10:19:14,2026-05-15 08:57:38,22.64,1,1,2
2331,TCK-12331,20251129,33,2,2,2025-11-29 22:29:42,2025-12-01 07:40:30,33.18,1,1,4
2332,TCK-12332,20260217,34,7,3,2026-02-17 04:57:28,2026-02-17 13:22:04,8.41,1,0,
2333,TCK-12333,20250520,17,7,2,2025-05-20 00:28:41,,,0,0,4
2334,TCK-12334,20250731,5,3,2,2025-07-31 10:13:46,2025-08-01 16:43:10,30.49,1,0,4
2335,TCK-12335,20250812,9,6,3,2025-08-12 16:27:46,2025-08-13 07:04:58,14.62,1,1,4
2336,TCK-12336,20260620,34,1,2,2026-06-20 12:37:43,2026-06-21 17:15:31,28.63,1,0,4
2337,TCK-12337,20251222,1,4,2,2025-12-22 00:43:33,,,0,0,4
2338,TCK-12338,20251202,6,7,3,2025-12-02 19:54:28,2025-12-03 20:44:16,24.83,1,0,5
2339,TCK-12339,20250301,29,6,2,2025-03-01 23:30:32,2025-03-02 18:26:20,18.93,1,1,4
2340,TCK-12340,20250129,5,3,2,2025-01-29 07:53:50,2025-01-29 15:42:26,7.81,1,1,
2341,TCK-12341,20260217,14,3,2,2026-02-17 23:53:08,2026-02-18 19:31:32,19.64,1,0,4
2342,TCK-12342,20250419,7,3,2,2025-04-19 02:53:29,,,0,0,3
2343,TCK-12343,20250618,28,8,1,2025-06-18 01:49:18,2025-06-18 21:20:30,19.52,1,1,3
2344,TCK-12344,20250827,36,7,3,2025-08-27 01:23:11,,,0,0,5
2345,TCK-12345,20250703,38,1,1,2025-07-03 05:01:57,2025-07-03 13:40:21,8.64,1,1,5
2346,TCK-12346,20250708,18,1,1,2025-07-08 21:25:17,2025-07-10 03:01:53,29.61,1,0,
2347,TCK-12347,20250120,30,2,2,2025-01-20 06:51:05,2025-01-21 07:13:53,24.38,1,1,4
2348,TCK-12348,20250203,1,6,3,2025-02-03 09:37:12,2025-02-04 01:54:36,16.29,1,1,3
2349,TCK-12349,20250818,37,5,2,2025-08-18 03:55:51,2025-08-19 00:46:51,20.85,1,1,4
2350,TCK-12350,20260707,1,4,3,2026-07-07 07:36:02,2026-07-07 13:34:50,5.98,1,1,4
2351,TCK-12351,20260718,47,6,3,2026-07-18 10:06:44,2026-07-19 08:24:08,22.29,1,1,4
2352,TCK-12352,20260708,12,3,2,2026-07-08 02:10:57,2026-07-09 09:52:57,31.7,1,0,4
2353,TCK-12353,20250302,28,5,3,2025-03-02 04:53:27,2025-03-03 16:34:15,35.68,1,0,3
2354,TCK-12354,20251108,36,8,1,2025-11-08 11:13:37,2025-11-08 11:58:37,0.75,1,1,3
2355,TCK-12355,20260602,1,8,3,2026-06-02 17:27:19,2026-06-03 03:39:55,10.21,1,1,3
2356,TCK-12356,20250215,11,7,1,2025-02-15 17:00:42,2025-02-16 11:51:42,18.85,1,0,
2357,TCK-12357,20250619,3,3,3,2025-06-19 05:49:04,,,0,0,5
2358,TCK-12358,20251014,3,4,3,2025-10-14 08:34:36,,,0,0,3
2359,TCK-12359,20250717,23,3,1,2025-07-17 07:13:11,2025-07-18 07:17:59,24.08,1,0,
2360,TCK-12360,20251219,22,6,3,2025-12-19 01:07:39,,,0,0,5
2361,TCK-12361,20250204,22,6,2,2025-02-04 07:54:25,2025-02-05 10:50:13,26.93,1,1,2
2362,TCK-12362,20250909,13,4,3,2025-09-09 06:56:10,2025-09-10 02:03:58,19.13,1,1,5
2363,TCK-12363,20250128,35,3,1,2025-01-28 11:36:47,2025-01-29 14:48:11,27.19,1,0,
2364,TCK-12364,20250615,6,5,2,2025-06-15 18:03:28,2025-06-16 12:32:52,18.49,1,1,2
2365,TCK-12365,20250527,8,3,1,2025-05-27 07:31:25,2025-05-28 18:21:49,34.84,1,0,4
2366,TCK-12366,20260129,1,3,1,2026-01-29 05:38:49,,,0,0,5
2367,TCK-12367,20250411,22,4,2,2025-04-11 18:08:11,2025-04-12 20:19:35,26.19,1,1,4
2368,TCK-12368,20250512,26,4,3,2025-05-12 13:54:17,2025-05-13 22:05:05,32.18,1,1,5
2369,TCK-12369,20250416,25,7,2,2025-04-16 04:44:01,,,0,0,3
2370,TCK-12370,20250612,37,1,1,2025-06-12 21:47:56,2025-06-13 22:47:56,25.0,1,0,5
2371,TCK-12371,20250419,46,4,1,2025-04-19 02:22:44,2025-04-19 14:07:08,11.74,1,1,4
2372,TCK-12372,20250523,50,4,3,2025-05-23 03:37:40,2025-05-23 22:27:28,18.83,1,1,5
2373,TCK-12373,20260418,38,8,2,2026-04-18 20:08:16,2026-04-19 02:28:04,6.33,1,1,3
2374,TCK-12374,20260529,6,3,1,2026-05-29 17:15:45,2026-05-31 01:46:21,32.51,1,0,3
2375,TCK-12375,20250108,12,2,3,2025-01-08 09:49:34,2025-01-08 11:42:22,1.88,1,1,
2376,TCK-12376,20260812,25,8,3,2026-08-12 06:13:56,2026-08-13 08:25:56,26.2,1,1,5
2377,TCK-12377,20250228,23,6,1,2025-02-28 05:21:29,2025-02-28 08:26:17,3.08,1,1,2
2378,TCK-12378,20260103,33,6,3,2026-01-03 23:33:33,2026-01-04 17:32:21,17.98,1,1,3
2379,TCK-12379,20250519,31,7,3,2025-05-19 12:50:11,2025-05-19 19:15:59,6.43,1,1,
2380,TCK-12380,20250810,20,3,2,2025-08-10 20:55:20,2025-08-11 14:49:20,17.9,1,0,
2381,TCK-12381,20250612,36,7,1,2025-06-12 05:11:55,2025-06-13 00:09:31,18.96,1,0,3
2382,TCK-12382,20251104,49,7,1,2025-11-04 14:11:35,2025-11-05 00:56:35,10.75,1,0,4
2383,TCK-12383,20250616,11,1,1,2025-06-16 07:59:17,2025-06-16 19:44:53,11.76,1,1,
2384,TCK-12384,20260304,45,1,3,2026-03-04 12:10:53,2026-03-05 03:31:17,15.34,1,1,
2385,TCK-12385,20250926,1,7,2,2025-09-26 10:52:53,2025-09-26 18:15:05,7.37,1,1,4
2386,TCK-12386,20250210,42,8,2,2025-02-10 00:45:14,2025-02-11 14:32:38,37.79,1,1,4
2387,TCK-12387,20250725,49,4,2,2025-07-25 17:39:11,2025-07-26 08:10:59,14.53,1,1,
2388,TCK-12388,20250217,1,4,2,2025-02-17 13:01:59,2025-02-18 20:19:23,31.29,1,1,4
2389,TCK-12389,20260305,8,5,2,2026-03-05 01:30:27,,,0,0,3
2390,TCK-12390,20251229,34,4,3,2025-12-29 00:00:36,2025-12-29 10:42:36,10.7,1,1,4
2391,TCK-12391,20250531,43,8,2,2025-05-31 07:43:07,2025-06-01 07:34:43,23.86,1,1,4
2392,TCK-12392,20250923,40,1,3,2025-09-23 09:45:05,,,0,0,5
2393,TCK-12393,20251022,18,7,2,2025-10-22 03:58:47,2025-10-22 15:19:47,11.35,1,0,2
2394,TCK-12394,20250202,27,6,2,2025-02-02 13:54:44,2025-02-03 13:12:08,23.29,1,1,4
2395,TCK-12395,20250313,28,1,2,2025-03-13 15:20:54,2025-03-15 02:02:18,34.69,1,0,1
2396,TCK-12396,20260802,40,8,3,2026-08-02 06:11:19,2026-08-03 15:55:43,33.74,1,1,
2397,TCK-12397,20250813,36,3,2,2025-08-13 14:19:17,2025-08-14 21:13:53,30.91,1,0,4
2398,TCK-12398,20251210,50,6,2,2025-12-10 06:32:52,2025-12-11 00:30:28,17.96,1,1,5
2399,TCK-12399,20260703,19,3,2,2026-07-03 11:47:14,2026-07-04 07:09:26,19.37,1,0,3
2400,TCK-12400,20250627,30,5,3,2025-06-27 06:33:27,2025-06-27 23:16:39,16.72,1,1,5
2401,TCK-12401,20250821,22,1,3,2025-08-21 16:55:21,2025-08-22 03:48:45,10.89,1,1,5
2402,TCK-12402,20251013,47,2,2,2025-10-13 07:20:49,2025-10-14 23:12:25,39.86,1,1,4
2403,TCK-12403,20250321,35,4,2,2025-03-21 08:43:27,2025-03-21 09:56:03,1.21,1,1,4
2404,TCK-12404,20260412,15,2,2,2026-04-12 16:58:33,2026-04-13 12:23:09,19.41,1,1,4
2405,TCK-12405,20260408,49,2,3,2026-04-08 20:54:22,,,0,0,3
2406,TCK-12406,20260721,26,7,1,2026-07-21 02:23:42,2026-07-22 03:48:54,25.42,1,0,2
2407,TCK-12407,20260409,10,1,1,2026-04-09 15:59:44,2026-04-10 07:47:44,15.8,1,1,5
2408,TCK-12408,20260411,45,6,1,2026-04-11 20:53:53,2026-04-12 16:24:29,19.51,1,1,
2409,TCK-12409,20260315,27,4,2,2026-03-15 01:21:57,2026-03-15 16:18:21,14.94,1,1,3
2410,TCK-12410,20260210,2,4,1,2026-02-10 15:41:28,2026-02-11 22:17:28,30.6,1,1,4
2411,TCK-12411,20250707,9,2,3,2025-07-07 23:11:26,2025-07-09 10:13:14,35.03,1,1,2
2412,TCK-12412,20260609,2,2,3,2026-06-09 14:32:41,2026-06-10 02:17:05,11.74,1,1,5
2413,TCK-12413,20250730,31,1,2,2025-07-30 18:26:13,2025-07-31 20:06:25,25.67,1,0,3
2414,TCK-12414,20251119,2,8,2,2025-11-19 20:20:54,2025-11-20 09:58:42,13.63,1,1,
2415,TCK-12415,20250302,30,2,3,2025-03-02 08:41:54,2025-03-02 18:14:54,9.55,1,1,4
2416,TCK-12416,20260330,47,7,3,2026-03-30 00:26:25,2026-03-30 03:56:25,3.5,1,1,4
2417,TCK-12417,20250116,44,3,3,2025-01-16 15:12:51,2025-01-16 21:34:27,6.36,1,1,5
2418,TCK-12418,20260704,37,2,3,2026-07-04 05:31:07,2026-07-04 07:37:07,2.1,1,1,3
2419,TCK-12419,20250403,30,4,1,2025-04-03 14:47:58,,,0,0,5
2420,TCK-12420,20250625,17,5,3,2025-06-25 12:37:18,2025-06-26 12:08:30,23.52,1,1,5
2421,TCK-12421,20250901,44,4,1,2025-09-01 10:19:43,,,0,0,5
2422,TCK-12422,20260125,2,7,2,2026-01-25 19:11:04,2026-01-26 14:51:52,19.68,1,0,4
2423,TCK-12423,20250616,34,5,3,2025-06-16 08:14:35,,,0,0,4
2424,TCK-12424,20250225,16,5,3,2025-02-25 22:09:50,,,0,0,4
2425,TCK-12425,20260530,31,2,2,2026-05-30 00:24:40,2026-05-30 05:29:28,5.08,1,1,3
2426,TCK-12426,20250223,34,6,3,2025-02-23 03:24:41,,,0,0,3
2427,TCK-12427,20250406,33,3,3,2025-04-06 10:00:12,,,0,0,4
2428,TCK-12428,20251102,41,3,2,2025-11-02 01:28:56,2025-11-02 22:37:20,21.14,1,0,
2429,TCK-12429,20250309,41,1,3,2025-03-09 14:10:25,2025-03-10 23:20:01,33.16,1,0,5
2430,TCK-12430,20251201,34,5,2,2025-12-01 00:42:54,2025-12-02 03:48:18,27.09,1,0,5
2431,TCK-12431,20260424,12,6,3,2026-04-24 20:17:05,2026-04-25 02:35:41,6.31,1,1,4
2432,TCK-12432,20260130,39,2,3,2026-01-30 03:10:51,2026-01-30 20:01:51,16.85,1,1,
2433,TCK-12433,20250503,16,3,1,2025-05-03 14:03:40,2025-05-04 09:53:28,19.83,1,0,5
2434,TCK-12434,20250812,18,5,2,2025-08-12 10:51:38,2025-08-13 01:40:50,14.82,1,1,3
2435,TCK-12435,20250702,6,8,1,2025-07-02 00:47:47,2025-07-02 10:52:35,10.08,1,1,4
2436,TCK-12436,20250120,27,6,1,2025-01-20 18:05:59,2025-01-21 04:08:59,10.05,1,1,4
2437,TCK-12437,20260219,29,5,3,2026-02-19 22:03:15,2026-02-20 17:45:51,19.71,1,1,4
2438,TCK-12438,20251122,25,5,1,2025-11-22 04:54:48,,,0,0,4
2439,TCK-12439,20260312,15,6,2,2026-03-12 08:32:48,2026-03-12 14:24:24,5.86,1,1,4
2440,TCK-12440,20250906,2,5,3,2025-09-06 12:52:44,2025-09-07 17:38:56,28.77,1,0,
2441,TCK-12441,20260408,37,6,3,2026-04-08 15:15:33,2026-04-08 23:45:33,8.5,1,1,4
2442,TCK-12442,20260315,15,4,1,2026-03-15 01:24:25,2026-03-15 23:57:25,22.55,1,1,3
2443,TCK-12443,20250513,5,5,3,2025-05-13 11:37:19,2025-05-13 19:42:43,8.09,1,1,5
2444,TCK-12444,20250221,48,3,1,2025-02-21 08:11:38,2025-02-21 13:26:02,5.24,1,1,5
2445,TCK-12445,20260303,25,3,1,2026-03-03 12:04:29,,,0,0,4
2446,TCK-12446,20251220,13,7,1,2025-12-20 12:39:37,,,0,0,4
2447,TCK-12447,20260721,21,4,1,2026-07-21 23:30:55,,,0,0,4
2448,TCK-12448,20260407,32,8,3,2026-04-07 19:11:23,,,0,0,4
2449,TCK-12449,20250915,34,3,1,2025-09-15 19:52:15,2025-09-16 22:57:03,27.08,1,0,3
2450,TCK-12450,20260217,9,2,1,2026-02-17 00:01:00,,,0,0,4
2451,TCK-12451,20260423,43,1,3,2026-04-23 12:09:53,2026-04-24 06:35:05,18.42,1,1,4
2452,TCK-12452,20260801,19,4,1,2026-08-01 02:13:19,2026-08-02 02:57:07,24.73,1,1,5
2453,TCK-12453,20260427,35,3,3,2026-04-27 04:02:37,2026-04-27 12:44:37,8.7,1,1,4
2454,TCK-12454,20250519,48,5,1,2025-05-19 09:58:00,2025-05-20 21:31:00,35.55,1,0,
2455,TCK-12455,20250826,22,3,1,2025-08-26 00:36:59,2025-08-26 15:49:35,15.21,1,0,3
2456,TCK-12456,20260215,40,5,3,2026-02-15 04:58:36,,,0,0,3
2457,TCK-12457,20260216,24,1,3,2026-02-16 17:08:56,2026-02-17 00:22:44,7.23,1,1,4
2458,TCK-12458,20260223,40,1,2,2026-02-23 13:06:59,2026-02-24 01:28:35,12.36,1,1,3
2459,TCK-12459,20250911,20,5,1,2025-09-11 09:31:16,2025-09-12 08:27:40,22.94,1,1,
2460,TCK-12460,20251120,43,4,2,2025-11-20 12:06:00,2025-11-21 13:56:24,25.84,1,1,4
2461,TCK-12461,20250820,4,8,2,2025-08-20 13:05:48,2025-08-21 14:29:48,25.4,1,1,4
2462,TCK-12462,20250314,48,6,3,2025-03-14 18:12:33,2025-03-15 11:16:45,17.07,1,1,5
2463,TCK-12463,20251009,20,3,2,2025-10-09 14:18:35,2025-10-10 11:20:23,21.03,1,0,4
2464,TCK-12464,20250819,50,7,1,2025-08-19 10:04:59,,,0,0,
2465,TCK-12465,20250320,21,8,2,2025-03-20 19:04:50,2025-03-21 13:41:26,18.61,1,1,
2466,TCK-12466,20250902,31,6,1,2025-09-02 21:10:55,2025-09-03 10:15:07,13.07,1,1,5
2467,TCK-12467,20250317,39,5,1,2025-03-17 17:50:22,2025-03-18 03:55:46,10.09,1,1,
2468,TCK-12468,20250924,29,2,2,2025-09-24 08:45:51,2025-09-25 15:45:15,30.99,1,1,4
2469,TCK-12469,20260519,42,7,1,2026-05-19 15:00:03,2026-05-21 03:16:51,36.28,1,0,5
2470,TCK-12470,20250501,20,5,2,2025-05-01 17:17:01,,,0,0,3
2471,TCK-12471,20260707,6,3,1,2026-07-07 00:43:13,2026-07-07 13:39:01,12.93,1,0,4
2472,TCK-12472,20260116,33,1,1,2026-01-16 17:35:25,2026-01-17 06:19:49,12.74,1,1,5
2473,TCK-12473,20250113,35,8,3,2025-01-13 04:25:20,2025-01-13 21:14:32,16.82,1,1,4
2474,TCK-12474,20250731,28,5,3,2025-07-31 06:46:15,2025-07-31 18:18:03,11.53,1,1,4
2475,TCK-12475,20250122,17,8,2,2025-01-22 16:58:32,,,0,0,5
2476,TCK-12476,20250622,39,8,1,2025-06-22 01:43:45,2025-06-22 08:32:21,6.81,1,1,5
2477,TCK-12477,20250405,6,5,1,2025-04-05 06:43:54,,,0,0,5
2478,TCK-12478,20251210,7,7,1,2025-12-10 17:17:35,2025-12-11 18:38:35,25.35,1,0,4
2479,TCK-12479,20250425,8,3,3,2025-04-25 19:41:25,2025-04-27 11:39:37,39.97,1,0,4
2480,TCK-12480,20251118,2,3,1,2025-11-18 07:38:57,2025-11-19 15:48:33,32.16,1,0,4
2481,TCK-12481,20250228,31,5,2,2025-02-28 17:43:57,2025-03-01 23:22:21,29.64,1,0,5
2482,TCK-12482,20260204,19,8,1,2026-02-04 23:04:52,2026-02-05 12:49:16,13.74,1,1,5
2483,TCK-12483,20250516,27,8,2,2025-05-16 13:11:15,2025-05-17 08:20:15,19.15,1,1,
2484,TCK-12484,20260129,9,4,1,2026-01-29 02:47:34,2026-01-29 09:39:46,6.87,1,1,
2485,TCK-12485,20250107,29,8,3,2025-01-07 06:58:24,2025-01-09 03:44:36,44.77,1,1,
2486,TCK-12486,20260210,26,4,1,2026-02-10 07:27:53,2026-02-11 10:12:53,26.75,1,1,
2487,TCK-12487,20260316,41,2,3,2026-03-16 08:53:00,2026-03-17 01:51:48,16.98,1,1,4
2488,TCK-12488,20250618,8,1,3,2025-06-18 01:51:47,2025-06-19 07:36:47,29.75,1,0,
2489,TCK-12489,20250724,11,5,2,2025-07-24 14:48:23,2025-07-25 11:21:59,20.56,1,1,3
2490,TCK-12490,20250220,3,3,2,2025-02-20 19:45:34,2025-02-22 07:51:34,36.1,1,0,
2491,TCK-12491,20251030,32,8,2,2025-10-30 21:20:16,2025-11-01 07:46:04,34.43,1,1,
2492,TCK-12492,20260725,48,6,2,2026-07-25 19:18:44,2026-07-26 11:57:08,16.64,1,1,4
2493,TCK-12493,20250504,36,1,3,2025-05-04 22:35:38,2025-05-05 16:33:14,17.96,1,1,3
2494,TCK-12494,20260220,26,5,2,2026-02-20 05:55:10,2026-02-20 22:37:10,16.7,1,1,5
2495,TCK-12495,20260222,21,8,1,2026-02-22 12:00:15,,,0,0,5
2496,TCK-12496,20260709,20,7,1,2026-07-09 13:01:28,2026-07-09 15:14:40,2.22,1,1,4
2497,TCK-12497,20250721,9,7,1,2025-07-21 11:51:04,2025-07-22 03:18:04,15.45,1,0,4
2498,TCK-12498,20250824,29,1,1,2025-08-24 21:46:40,,,0,0,4
2499,TCK-12499,20260327,34,1,2,2026-03-27 18:03:23,2026-03-28 02:48:23,8.75,1,1,5
2500,TCK-12500,20260804,29,6,2,2026-08-04 08:03:45,2026-08-05 06:39:09,22.59,1,1,4
2501,TCK-12501,20250225,30,6,3,2025-02-25 10:46:29,2025-02-25 20:57:17,10.18,1,1,5
2502,TCK-12502,20251104,48,7,2,2025-11-04 22:25:37,2025-11-06 01:13:01,26.79,1,0,5
2503,TCK-12503,20260522,46,4,2,2026-05-22 08:40:42,2026-05-22 17:06:30,8.43,1,1,5
2504,TCK-12504,20250710,50,8,1,2025-07-10 07:47:44,2025-07-10 23:02:44,15.25,1,1,4
2505,TCK-12505,20250413,42,4,1,2025-04-13 18:11:10,2025-04-13 21:47:46,3.61,1,1,3
2506,TCK-12506,20260506,46,3,3,2026-05-06 06:50:43,2026-05-07 01:56:07,19.09,1,0,4
2507,TCK-12507,20250517,36,1,1,2025-05-17 10:15:48,2025-05-17 21:09:12,10.89,1,1,5
2508,TCK-12508,20250711,38,7,3,2025-07-11 08:10:28,2025-07-11 19:52:28,11.7,1,0,4
2509,TCK-12509,20250217,10,6,3,2025-02-17 04:15:43,2025-02-17 19:52:19,15.61,1,1,4
2510,TCK-12510,20250713,40,2,2,2025-07-13 07:48:51,2025-07-15 15:24:15,55.59,1,0,5
2511,TCK-12511,20260622,5,8,3,2026-06-22 04:56:38,2026-06-23 22:50:02,41.89,1,1,4
2512,TCK-12512,20251217,18,2,2,2025-12-17 04:57:24,2025-12-18 08:40:00,27.71,1,1,3
2513,TCK-12513,20250815,36,2,1,2025-08-15 03:01:00,2025-08-16 11:26:12,32.42,1,1,4
2514,TCK-12514,20260319,50,3,1,2026-03-19 20:46:49,2026-03-21 00:05:25,27.31,1,0,
2515,TCK-12515,20250812,30,8,2,2025-08-12 06:04:26,,,0,0,5
2516,TCK-12516,20260505,47,7,2,2026-05-05 00:59:51,2026-05-05 12:05:15,11.09,1,0,4
2517,TCK-12517,20251117,40,1,2,2025-11-17 05:39:32,2025-11-18 06:55:08,25.26,1,0,
2518,TCK-12518,20250208,47,5,1,2025-02-08 20:30:50,2025-02-09 14:08:02,17.62,1,1,4
2519,TCK-12519,20260321,42,1,3,2026-03-21 15:50:48,2026-03-22 16:55:00,25.07,1,0,
2520,TCK-12520,20250115,11,1,2,2025-01-15 01:15:45,2025-01-16 07:12:09,29.94,1,0,4
2521,TCK-12521,20250314,27,7,2,2025-03-14 09:36:28,2025-03-14 18:29:52,8.89,1,0,4
2522,TCK-12522,20260808,45,4,3,2026-08-08 21:31:47,2026-08-09 09:31:11,11.99,1,1,3
2523,TCK-12523,20260603,39,2,2,2026-06-03 13:02:37,2026-06-06 00:08:01,59.09,1,0,4
2524,TCK-12524,20250801,45,5,3,2025-08-01 04:52:26,2025-08-01 21:30:14,16.63,1,1,4
2525,TCK-12525,20260126,17,4,3,2026-01-26 03:08:06,2026-01-27 03:52:30,24.74,1,1,3
2526,TCK-12526,20251204,7,2,3,2025-12-04 19:18:35,,,0,0,2
2527,TCK-12527,20250316,45,1,1,2025-03-16 05:43:28,2025-03-16 15:44:40,10.02,1,1,2
2528,TCK-12528,20251108,34,4,3,2025-11-08 15:19:11,,,0,0,4
2529,TCK-12529,20260519,33,8,3,2026-05-19 02:54:32,2026-05-20 07:40:44,28.77,1,1,4
2530,TCK-12530,20260714,42,8,3,2026-07-14 20:30:03,2026-07-15 11:35:27,15.09,1,1,4
2531,TCK-12531,20250320,45,1,2,2025-03-20 23:12:44,2025-03-21 14:03:08,14.84,1,1,3
2532,TCK-12532,20251129,2,5,2,2025-11-29 16:27:43,2025-11-30 18:25:55,25.97,1,0,4
2533,TCK-12533,20260401,40,4,1,2026-04-01 04:12:25,2026-04-01 10:59:13,6.78,1,1,
2534,TCK-12534,20260304,10,1,3,2026-03-04 02:24:25,2026-03-05 05:31:01,27.11,1,0,4
2535,TCK-12535,20260221,33,8,3,2026-02-21 08:21:31,2026-02-21 14:52:43,6.52,1,1,4
2536,TCK-12536,20250413,23,6,2,2025-04-13 05:16:30,2025-04-14 03:42:18,22.43,1,1,4
2537,TCK-12537,20260628,27,6,3,2026-06-28 04:18:43,2026-06-29 09:25:55,29.12,1,1,4
2538,TCK-12538,20250920,12,2,1,2025-09-20 09:16:04,2025-09-20 16:15:28,6.99,1,1,3
2539,TCK-12539,20260626,13,3,1,2026-06-26 13:58:34,,,0,0,
2540,TCK-12540,20250212,31,4,2,2025-02-12 23:04:28,2025-02-13 17:48:52,18.74,1,1,5
2541,TCK-12541,20250806,10,5,2,2025-08-06 16:41:26,2025-08-08 04:54:38,36.22,1,0,4
2542,TCK-12542,20251012,39,4,1,2025-10-12 23:04:13,2025-10-13 03:34:13,4.5,1,1,3
2543,TCK-12543,20260512,31,2,3,2026-05-12 18:56:31,2026-05-13 08:15:07,13.31,1,1,5
2544,TCK-12544,20260203,24,2,1,2026-02-03 19:17:33,2026-02-04 12:19:57,17.04,1,1,4
2545,TCK-12545,20251103,32,7,3,2025-11-03 16:00:36,2025-11-03 17:25:12,1.41,1,1,2
2546,TCK-12546,20260716,38,1,2,2026-07-16 01:08:42,,,0,0,
2547,TCK-12547,20250215,10,5,2,2025-02-15 07:05:22,,,0,0,4
2548,TCK-12548,20260425,2,5,3,2026-04-25 06:54:19,2026-04-25 14:39:19,7.75,1,1,3
2549,TCK-12549,20260630,19,8,2,2026-06-30 13:29:23,2026-07-01 02:58:11,13.48,1,1,5
2550,TCK-12550,20260620,18,7,3,2026-06-20 23:10:12,2026-06-22 00:25:48,25.26,1,0,4
2551,TCK-12551,20260210,34,6,3,2026-02-10 22:32:51,,,0,0,
2552,TCK-12552,20250814,16,7,1,2025-08-14 05:57:27,2025-08-14 11:05:15,5.13,1,1,4
2553,TCK-12553,20260307,30,5,1,2026-03-07 15:18:59,2026-03-07 22:18:59,7.0,1,1,
2554,TCK-12554,20250103,45,8,1,2025-01-03 12:25:11,,,0,0,5
2555,TCK-12555,20260627,6,2,2,2026-06-27 02:29:34,2026-06-27 15:26:34,12.95,1,1,5
2556,TCK-12556,20251116,37,6,2,2025-11-16 13:39:35,2025-11-17 17:31:47,27.87,1,1,
2557,TCK-12557,20250517,16,7,1,2025-05-17 14:46:09,2025-05-17 20:19:09,5.55,1,1,4
2558,TCK-12558,20250822,11,1,1,2025-08-22 15:43:52,2025-08-24 07:37:52,39.9,1,0,4
2559,TCK-12559,20260710,18,7,2,2026-07-10 20:40:28,2026-07-11 22:37:28,25.95,1,0,4
2560,TCK-12560,20250923,21,8,3,2025-09-23 02:40:50,2025-09-23 10:46:14,8.09,1,1,4
2561,TCK-12561,20250210,35,2,3,2025-02-10 14:47:13,2025-02-11 23:48:25,33.02,1,1,4
2562,TCK-12562,20251106,38,1,3,2025-11-06 11:32:38,2025-11-07 00:58:26,13.43,1,1,4
2563,TCK-12563,20260718,17,4,3,2026-07-18 16:28:26,2026-07-19 17:53:02,25.41,1,1,
2564,TCK-12564,20250604,6,8,2,2025-06-04 07:37:25,2025-06-05 03:07:25,19.5,1,1,5
2565,TCK-12565,20250401,22,1,3,2025-04-01 17:56:51,2025-04-02 04:09:27,10.21,1,1,3
2566,TCK-12566,20250411,49,7,3,2025-04-11 16:49:08,2025-04-12 02:39:32,9.84,1,0,
2567,TCK-12567,20260202,26,8,1,2026-02-02 22:48:54,,,0,0,
2568,TCK-12568,20250516,30,2,1,2025-05-16 07:30:49,2025-05-16 14:49:25,7.31,1,1,4
2569,TCK-12569,20260608,18,4,1,2026-06-08 21:59:54,2026-06-09 07:55:06,9.92,1,1,5
2570,TCK-12570,20250215,21,4,3,2025-02-15 13:31:20,2025-02-15 14:01:20,0.5,1,1,3
2571,TCK-12571,20251229,22,4,1,2025-12-29 22:28:00,2025-12-29 23:22:36,0.91,1,1,5
2572,TCK-12572,20251204,21,4,1,2025-12-04 10:40:02,2025-12-05 06:35:50,19.93,1,1,3
2573,TCK-12573,20250406,42,6,1,2025-04-06 16:30:39,2025-04-07 17:06:39,24.6,1,1,4
2574,TCK-12574,20251115,3,5,2,2025-11-15 11:32:34,2025-11-16 16:14:34,28.7,1,0,4
2575,TCK-12575,20250415,42,8,1,2025-04-15 04:59:14,,,0,0,4
2576,TCK-12576,20260207,21,8,1,2026-02-07 17:38:04,2026-02-08 05:42:16,12.07,1,1,2
2577,TCK-12577,20250526,4,8,3,2025-05-26 07:40:19,2025-05-27 11:26:31,27.77,1,1,3
2578,TCK-12578,20260812,31,5,2,2026-08-12 09:01:58,2026-08-13 14:46:22,29.74,1,0,4
2579,TCK-12579,20250309,2,7,2,2025-03-09 13:13:08,2025-03-09 14:49:44,1.61,1,1,4
2580,TCK-12580,20260526,23,4,1,2026-05-26 11:28:45,,,0,0,3
2581,TCK-12581,20250828,29,3,3,2025-08-28 03:32:25,,,0,0,4
2582,TCK-12582,20260113,36,2,2,2026-01-13 22:42:19,2026-01-14 20:25:31,21.72,1,1,4
2583,TCK-12583,20260117,48,2,2,2026-01-17 02:35:22,2026-01-18 04:27:34,25.87,1,1,4
2584,TCK-12584,20250801,30,7,1,2025-08-01 09:18:50,2025-08-02 16:35:38,31.28,1,0,4
2585,TCK-12585,20260810,48,2,2,2026-08-10 11:34:18,2026-08-11 13:33:06,25.98,1,1,3
2586,TCK-12586,20260329,5,2,2,2026-03-29 00:21:00,,,0,0,4
2587,TCK-12587,20250407,43,2,3,2025-04-07 12:36:35,2025-04-08 12:04:47,23.47,1,1,3
2588,TCK-12588,20260507,18,4,2,2026-05-07 12:44:56,2026-05-07 13:52:08,1.12,1,1,3
2589,TCK-12589,20250127,19,8,2,2025-01-27 23:08:37,2025-01-29 03:05:01,27.94,1,1,3
2590,TCK-12590,20250130,50,4,1,2025-01-30 04:27:54,2025-01-31 18:32:42,38.08,1,0,4
2591,TCK-12591,20250430,12,7,3,2025-04-30 17:57:12,2025-05-01 06:34:24,12.62,1,0,4
2592,TCK-12592,20250321,28,7,2,2025-03-21 00:08:20,2025-03-22 02:58:44,26.84,1,0,4
2593,TCK-12593,20250517,9,1,1,2025-05-17 21:44:14,2025-05-18 13:20:14,15.6,1,1,4
2594,TCK-12594,20260310,29,4,3,2026-03-10 17:14:57,2026-03-10 23:22:09,6.12,1,1,
2595,TCK-12595,20251202,5,8,3,2025-12-02 04:40:19,2025-12-03 14:30:07,33.83,1,1,4
2596,TCK-12596,20251225,16,3,1,2025-12-25 02:29:19,,,0,0,4
2597,TCK-12597,20260121,9,7,2,2026-01-21 01:07:35,2026-01-21 13:21:23,12.23,1,0,4
2598,TCK-12598,20260126,42,6,3,2026-01-26 19:40:21,2026-01-27 15:01:21,19.35,1,1,3
2599,TCK-12599,20250405,17,8,2,2025-04-05 09:38:02,2025-04-07 08:29:02,46.85,1,1,3
2600,TCK-12600,20251209,12,6,1,2025-12-09 10:04:46,2025-12-10 11:53:22,25.81,1,1,5
2601,TCK-12601,20260717,17,5,3,2026-07-17 12:30:09,2026-07-18 14:19:21,25.82,1,0,
2602,TCK-12602,20250309,15,8,1,2025-03-09 08:59:23,2025-03-09 22:52:47,13.89,1,1,4
2603,TCK-12603,20250722,38,8,2,2025-07-22 04:22:05,2025-07-22 11:55:41,7.56,1,1,3
2604,TCK-12604,20250807,21,8,3,2025-08-07 02:08:55,2025-08-07 12:55:07,10.77,1,1,3
2605,TCK-12605,20260322,42,8,2,2026-03-22 13:06:32,2026-03-23 02:41:56,13.59,1,1,4
2606,TCK-12606,20260703,47,1,1,2026-07-03 15:15:05,2026-07-03 20:24:05,5.15,1,1,3
2607,TCK-12607,20260508,28,5,1,2026-05-08 17:26:10,2026-05-10 13:12:22,43.77,1,0,5
2608,TCK-12608,20250410,30,2,3,2025-04-10 01:39:42,2025-04-10 22:09:06,20.49,1,1,4
2609,TCK-12609,20260716,27,8,1,2026-07-16 20:53:00,2026-07-17 18:18:12,21.42,1,1,3
2610,TCK-12610,20250703,17,2,2,2025-07-03 22:47:12,2025-07-04 13:31:36,14.74,1,1,
2611,TCK-12611,20250709,4,3,1,2025-07-09 16:27:55,2025-07-09 17:41:07,1.22,1,1,2
2612,TCK-12612,20250522,21,1,3,2025-05-22 05:18:47,2025-05-22 22:07:23,16.81,1,1,5
2613,TCK-12613,20251119,7,8,1,2025-11-19 02:16:20,2025-11-19 18:37:20,16.35,1,1,4
2614,TCK-12614,20250730,16,7,2,2025-07-30 23:33:09,2025-07-31 23:52:57,24.33,1,0,
2615,TCK-12615,20250514,38,6,1,2025-05-14 05:42:11,2025-05-14 16:28:23,10.77,1,1,4
2616,TCK-12616,20250801,8,1,1,2025-08-01 08:34:19,2025-08-01 22:37:19,14.05,1,1,4
2617,TCK-12617,20260123,34,6,1,2026-01-23 03:50:13,2026-01-24 14:25:01,34.58,1,1,4
2618,TCK-12618,20251208,19,7,3,2025-12-08 04:13:19,2025-12-09 21:23:31,41.17,1,0,4
2619,TCK-12619,20250627,1,8,2,2025-06-27 08:37:32,2025-06-27 17:08:08,8.51,1,1,4
2620,TCK-12620,20260410,28,6,1,2026-04-10 20:42:30,2026-04-11 18:46:42,22.07,1,1,4
2621,TCK-12621,20260429,40,6,1,2026-04-29 07:22:25,,,0,0,
2622,TCK-12622,20260115,26,3,2,2026-01-15 10:36:54,2026-01-16 22:45:54,36.15,1,0,5
2623,TCK-12623,20260608,41,6,1,2026-06-08 01:39:58,2026-06-08 02:30:58,0.85,1,1,4
2624,TCK-12624,20260219,16,6,1,2026-02-19 18:44:23,2026-02-21 10:05:59,39.36,1,1,4
2625,TCK-12625,20251122,47,7,2,2025-11-22 21:14:21,2025-11-23 08:34:45,11.34,1,0,3
2626,TCK-12626,20260719,50,3,3,2026-07-19 10:47:15,2026-07-19 18:42:27,7.92,1,1,5
2627,TCK-12627,20250604,38,7,2,2025-06-04 09:06:21,2025-06-04 16:54:21,7.8,1,1,3
2628,TCK-12628,20260715,48,7,1,2026-07-15 07:20:17,2026-07-16 06:22:41,23.04,1,0,3
2629,TCK-12629,20250127,43,7,1,2025-01-27 13:50:06,2025-01-28 14:01:30,24.19,1,0,4
2630,TCK-12630,20260714,39,4,3,2026-07-14 21:04:26,2026-07-16 04:32:38,31.47,1,1,4
2631,TCK-12631,20250721,33,2,2,2025-07-21 22:29:05,2025-07-22 04:26:41,5.96,1,1,
2632,TCK-12632,20260124,9,4,2,2026-01-24 01:30:44,2026-01-24 20:31:56,19.02,1,1,
2633,TCK-12633,20250120,36,7,2,2025-01-20 17:57:08,2025-01-21 11:30:08,17.55,1,0,4
2634,TCK-12634,20250721,26,2,2,2025-07-21 18:49:19,2025-07-22 19:28:55,24.66,1,1,5
2635,TCK-12635,20250618,38,3,3,2025-06-18 12:53:44,2025-06-19 23:08:44,34.25,1,0,4
2636,TCK-12636,20251104,9,2,2,2025-11-04 00:13:25,,,0,0,5
2637,TCK-12637,20250705,8,2,3,2025-07-05 20:26:44,,,0,0,4
2638,TCK-12638,20250127,44,7,2,2025-01-27 13:43:56,2025-01-28 06:07:20,16.39,1,0,4
2639,TCK-12639,20250623,7,2,2,2025-06-23 11:50:49,2025-06-24 12:04:01,24.22,1,1,
2640,TCK-12640,20251006,39,4,3,2025-10-06 23:37:02,2025-10-08 01:37:02,26.0,1,1,4
2641,TCK-12641,20260306,31,5,1,2026-03-06 15:42:51,2026-03-07 04:23:03,12.67,1,1,
2642,TCK-12642,20250929,35,1,3,2025-09-29 02:46:03,,,0,0,3
2643,TCK-12643,20250208,14,8,3,2025-02-08 02:16:58,2025-02-08 22:09:46,19.88,1,1,4
2644,TCK-12644,20251116,4,2,1,2025-11-16 20:57:59,2025-11-17 21:17:47,24.33,1,1,4
2645,TCK-12645,20260218,8,7,2,2026-02-18 17:02:47,,,0,0,3
2646,TCK-12646,20250725,50,3,1,2025-07-25 08:32:57,2025-07-25 21:38:21,13.09,1,0,2
2647,TCK-12647,20250722,21,1,1,2025-07-22 02:27:03,2025-07-22 12:39:39,10.21,1,1,4
2648,TCK-12648,20260127,35,2,1,2026-01-27 01:05:20,2026-01-27 07:24:32,6.32,1,1,
2649,TCK-12649,20250728,8,2,2,2025-07-28 04:50:45,2025-07-28 11:57:57,7.12,1,1,2
2650,TCK-12650,20250105,30,3,2,2025-01-05 05:59:33,2025-01-05 18:55:57,12.94,1,0,
2651,TCK-12651,20251121,20,8,3,2025-11-21 04:58:31,,,0,0,
2652,TCK-12652,20260607,31,4,2,2026-06-07 11:31:24,2026-06-07 21:48:48,10.29,1,1,3
2653,TCK-12653,20260527,41,2,1,2026-05-27 09:39:07,2026-05-27 22:42:43,13.06,1,1,5
2654,TCK-12654,20250605,42,3,1,2025-06-05 03:22:18,,,0,0,
2655,TCK-12655,20250812,22,4,1,2025-08-12 10:03:26,2025-08-13 11:32:14,25.48,1,1,4
2656,TCK-12656,20251219,17,7,3,2025-12-19 10:10:20,2025-12-19 18:33:08,8.38,1,0,4
2657,TCK-12657,20260108,41,1,1,2026-01-08 09:31:46,2026-01-08 17:22:10,7.84,1,1,3
2658,TCK-12658,20260103,34,5,3,2026-01-03 13:24:38,2026-01-04 11:02:26,21.63,1,1,5
2659,TCK-12659,20250419,24,1,1,2025-04-19 18:40:44,2025-04-20 10:32:20,15.86,1,1,3
2660,TCK-12660,20260108,24,7,1,2026-01-08 16:18:56,2026-01-10 01:16:32,32.96,1,0,3
2661,TCK-12661,20260218,25,8,1,2026-02-18 04:48:41,2026-02-19 05:27:41,24.65,1,1,4
2662,TCK-12662,20250213,43,8,1,2025-02-13 02:18:54,,,0,0,5
2663,TCK-12663,20260123,1,2,1,2026-01-23 16:41:26,,,0,0,4
2664,TCK-12664,20260226,1,2,1,2026-02-26 13:34:38,2026-02-26 18:05:50,4.52,1,1,5
2665,TCK-12665,20250525,35,8,1,2025-05-25 00:30:26,2025-05-25 15:27:26,14.95,1,1,5
2666,TCK-12666,20250527,15,3,1,2025-05-27 17:09:11,2025-05-28 18:50:35,25.69,1,0,5
2667,TCK-12667,20250717,34,6,1,2025-07-17 11:38:37,2025-07-18 06:56:37,19.3,1,1,
2668,TCK-12668,20260722,3,5,1,2026-07-22 08:28:38,2026-07-23 06:25:38,21.95,1,1,
2669,TCK-12669,20250131,23,2,1,2025-01-31 10:12:20,,,0,0,5
2670,TCK-12670,20260628,50,3,1,2026-06-28 18:08:59,,,0,0,4
2671,TCK-12671,20250211,36,6,2,2025-02-11 19:48:29,2025-02-12 16:38:17,20.83,1,1,
2672,TCK-12672,20251104,2,1,1,2025-11-04 03:39:18,,,0,0,4
2673,TCK-12673,20260607,49,6,1,2026-06-07 03:59:41,2026-06-08 07:24:53,27.42,1,1,3
2674,TCK-12674,20250629,3,3,3,2025-06-29 02:41:32,2025-06-30 04:16:20,25.58,1,0,4
2675,TCK-12675,20250126,36,6,2,2025-01-26 21:14:29,2025-01-28 03:25:17,30.18,1,1,4
2676,TCK-12676,20260217,16,8,2,2026-02-17 19:36:00,2026-02-18 09:22:48,13.78,1,1,4
2677,TCK-12677,20260809,38,8,2,2026-08-09 09:44:49,2026-08-10 14:07:37,28.38,1,1,5
2678,TCK-12678,20260317,39,1,2,2026-03-17 18:40:03,2026-03-19 12:38:15,41.97,1,0,5
2679,TCK-12679,20250310,25,7,1,2025-03-10 23:03:24,2025-03-12 07:01:36,31.97,1,0,4
2680,TCK-12680,20250326,3,6,2,2025-03-26 12:20:09,2025-03-28 02:53:09,38.55,1,1,
2681,TCK-12681,20260728,43,4,2,2026-07-28 02:19:37,,,0,0,
2682,TCK-12682,20250121,41,6,1,2025-01-21 16:17:12,2025-01-21 21:29:12,5.2,1,1,5
2683,TCK-12683,20251105,18,7,2,2025-11-05 14:49:53,2025-11-06 18:15:41,27.43,1,0,4
2684,TCK-12684,20250708,19,1,3,2025-07-08 07:47:09,,,0,0,4
2685,TCK-12685,20260411,6,1,2,2026-04-11 22:08:19,2026-04-12 17:44:55,19.61,1,1,4
2686,TCK-12686,20251213,35,2,2,2025-12-13 10:29:18,,,0,0,5
2687,TCK-12687,20260526,12,1,2,2026-05-26 18:51:24,2026-05-27 11:22:36,16.52,1,1,
2688,TCK-12688,20250528,43,4,1,2025-05-28 19:50:21,2025-05-30 01:40:45,29.84,1,1,4
2689,TCK-12689,20260705,41,2,2,2026-07-05 04:33:24,2026-07-06 06:47:12,26.23,1,1,4
2690,TCK-12690,20250403,12,7,2,2025-04-03 14:10:06,2025-04-04 05:11:54,15.03,1,0,3
2691,TCK-12691,20260222,6,1,2,2026-02-22 14:34:59,2026-02-22 19:47:35,5.21,1,1,4
2692,TCK-12692,20250803,25,3,2,2025-08-03 15:54:53,2025-08-04 17:18:17,25.39,1,0,5
2693,TCK-12693,20250825,8,1,1,2025-08-25 18:10:32,2025-08-26 20:41:08,26.51,1,0,5
2694,TCK-12694,20260305,3,3,1,2026-03-05 03:42:37,2026-03-05 17:53:25,14.18,1,0,4
2695,TCK-12695,20260514,39,4,2,2026-05-14 02:38:03,2026-05-14 14:39:51,12.03,1,1,4
2696,TCK-12696,20260121,7,6,2,2026-01-21 04:11:53,2026-01-22 13:11:17,32.99,1,1,3
2697,TCK-12697,20260113,48,2,3,2026-01-13 11:38:19,2026-01-13 13:26:19,1.8,1,1,5
2698,TCK-12698,20251020,1,3,1,2025-10-20 11:46:51,,,0,0,
2699,TCK-12699,20260425,25,4,1,2026-04-25 14:58:50,2026-04-26 09:08:26,18.16,1,1,
2700,TCK-12700,20260328,19,6,2,2026-03-28 23:18:53,2026-03-30 13:27:17,38.14,1,1,4
2701,TCK-12701,20250417,44,6,1,2025-04-17 02:42:28,,,0,0,3
2702,TCK-12702,20260428,12,1,2,2026-04-28 20:57:48,2026-04-29 21:31:24,24.56,1,0,
2703,TCK-12703,20251125,6,3,3,2025-11-25 15:35:03,2025-11-27 03:13:27,35.64,1,0,
2704,TCK-12704,20250427,5,3,1,2025-04-27 12:30:40,2025-04-28 15:37:52,27.12,1,0,5
2705,TCK-12705,20250729,28,8,3,2025-07-29 10:15:08,2025-07-30 07:17:32,21.04,1,1,5
2706,TCK-12706,20260123,9,3,1,2026-01-23 20:33:46,2026-01-24 22:55:22,26.36,1,0,2
2707,TCK-12707,20250605,19,2,1,2025-06-05 19:19:12,2025-06-07 03:24:36,32.09,1,1,
2708,TCK-12708,20250909,22,4,2,2025-09-09 18:48:34,2025-09-10 05:18:34,10.5,1,1,2
2709,TCK-12709,20250923,10,2,1,2025-09-23 13:22:38,2025-09-23 20:08:50,6.77,1,1,4
2710,TCK-12710,20260703,49,3,2,2026-07-03 22:16:06,2026-07-04 01:07:42,2.86,1,1,3
2711,TCK-12711,20251216,5,6,3,2025-12-16 06:58:33,2025-12-17 18:46:33,35.8,1,1,5
2712,TCK-12712,20250617,23,1,2,2025-06-17 22:27:25,2025-06-18 02:47:13,4.33,1,1,5
2713,TCK-12713,20260515,10,6,1,2026-05-15 05:17:20,,,0,0,4
2714,TCK-12714,20251118,26,6,3,2025-11-18 12:39:30,,,0,0,3
2715,TCK-12715,20260313,19,8,3,2026-03-13 05:10:17,2026-03-13 07:02:29,1.87,1,1,3
2716,TCK-12716,20250522,27,1,2,2025-05-22 10:00:26,2025-05-23 16:47:50,30.79,1,0,4
2717,TCK-12717,20250225,10,6,1,2025-02-25 13:49:08,2025-02-26 21:45:32,31.94,1,1,3
2718,TCK-12718,20250123,21,4,3,2025-01-23 19:28:37,2025-01-24 12:50:13,17.36,1,1,5
2719,TCK-12719,20250423,37,2,1,2025-04-23 09:27:55,2025-04-24 03:11:07,17.72,1,1,
2720,TCK-12720,20260418,32,4,2,2026-04-18 17:54:44,,,0,0,4
2721,TCK-12721,20260520,23,1,2,2026-05-20 23:36:29,,,0,0,
2722,TCK-12722,20250223,19,2,3,2025-02-23 14:01:13,2025-02-24 03:35:25,13.57,1,1,4
2723,TCK-12723,20260401,13,3,1,2026-04-01 20:46:56,2026-04-03 05:51:44,33.08,1,0,4
2724,TCK-12724,20260209,46,6,1,2026-02-09 15:25:49,2026-02-10 17:51:37,26.43,1,1,4
2725,TCK-12725,20250725,28,3,3,2025-07-25 00:07:04,,,0,0,4
2726,TCK-12726,20260615,44,1,3,2026-06-15 09:32:58,2026-06-16 01:32:58,16.0,1,1,4
2727,TCK-12727,20250806,49,4,1,2025-08-06 13:54:28,2025-08-08 15:26:16,49.53,1,0,5
2728,TCK-12728,20250329,47,7,2,2025-03-29 22:13:24,2025-03-30 12:02:36,13.82,1,0,3
2729,TCK-12729,20250517,39,5,2,2025-05-17 00:35:23,,,0,0,3
2730,TCK-12730,20250530,13,1,1,2025-05-30 08:39:23,2025-05-31 16:00:59,31.36,1,0,5
2731,TCK-12731,20250321,1,1,3,2025-03-21 03:57:21,2025-03-22 06:58:33,27.02,1,0,5
2732,TCK-12732,20250810,4,1,3,2025-08-10 16:46:32,2025-08-11 12:10:32,19.4,1,1,3
2733,TCK-12733,20250304,19,2,1,2025-03-04 08:15:04,2025-03-04 16:01:16,7.77,1,1,
2734,TCK-12734,20260619,13,4,2,2026-06-19 20:41:06,2026-06-21 00:39:18,27.97,1,1,3
2735,TCK-12735,20250721,4,6,3,2025-07-21 01:39:40,2025-07-21 22:03:04,20.39,1,1,3
2736,TCK-12736,20260514,8,5,2,2026-05-14 14:35:16,2026-05-15 08:01:04,17.43,1,1,4
2737,TCK-12737,20260219,7,8,3,2026-02-19 19:33:44,2026-02-20 09:41:32,14.13,1,1,4
2738,TCK-12738,20260613,24,2,1,2026-06-13 12:27:51,2026-06-14 07:32:03,19.07,1,1,5
2739,TCK-12739,20260618,23,7,2,2026-06-18 06:42:12,2026-06-19 09:10:24,26.47,1,0,
2740,TCK-12740,20250129,21,1,3,2025-01-29 10:34:13,2025-01-30 04:28:13,17.9,1,1,
2741,TCK-12741,20260327,21,6,2,2026-03-27 22:09:34,2026-03-29 09:53:22,35.73,1,1,4
2742,TCK-12742,20260202,11,3,2,2026-02-02 12:42:09,2026-02-03 16:13:57,27.53,1,0,4
2743,TCK-12743,20251205,44,1,1,2025-12-05 17:52:17,,,0,0,3
2744,TCK-12744,20250105,14,8,3,2025-01-05 06:00:09,2025-01-05 20:42:09,14.7,1,1,4
2745,TCK-12745,20260129,49,3,2,2026-01-29 13:37:35,2026-01-30 09:57:23,20.33,1,0,5
2746,TCK-12746,20250509,21,1,1,2025-05-09 16:23:19,2025-05-10 11:59:55,19.61,1,1,4
2747,TCK-12747,20260801,35,4,1,2026-08-01 15:08:56,2026-08-02 22:53:20,31.74,1,1,4
2748,TCK-12748,20260426,31,3,2,2026-04-26 14:58:47,,,0,0,
2749,TCK-12749,20250512,21,5,1,2025-05-12 22:46:30,2025-05-14 00:18:18,25.53,1,0,4
2750,TCK-12750,20250326,29,1,1,2025-03-26 04:04:03,,,0,0,4
2751,TCK-12751,20250223,14,5,2,2025-02-23 11:47:42,2025-02-24 14:02:06,26.24,1,0,3
2752,TCK-12752,20260314,46,2,3,2026-03-14 03:43:37,2026-03-14 15:57:25,12.23,1,1,3
2753,TCK-12753,20260213,50,7,2,2026-02-13 12:49:29,2026-02-14 20:34:29,31.75,1,0,
2754,TCK-12754,20250719,16,7,3,2025-07-19 09:49:17,2025-07-19 19:43:17,9.9,1,0,3
2755,TCK-12755,20260124,44,5,1,2026-01-24 21:45:23,2026-01-25 08:29:47,10.74,1,1,4
2756,TCK-12756,20250319,38,3,1,2025-03-19 08:15:39,2025-03-19 15:46:15,7.51,1,1,4
2757,TCK-12757,20250427,4,4,2,2025-04-27 10:31:50,2025-04-29 00:45:38,38.23,1,0,5
2758,TCK-12758,20260211,5,2,1,2026-02-11 22:53:58,2026-02-13 07:35:22,32.69,1,1,
2759,TCK-12759,20250802,37,6,3,2025-08-02 21:16:54,2025-08-03 16:34:54,19.3,1,1,3
2760,TCK-12760,20251023,21,4,1,2025-10-23 16:32:45,2025-10-24 15:14:45,22.7,1,1,4
2761,TCK-12761,20260429,26,5,3,2026-04-29 18:05:52,2026-04-30 16:42:28,22.61,1,1,5
2762,TCK-12762,20251018,25,7,3,2025-10-18 21:53:15,2025-10-19 07:44:51,9.86,1,0,
2763,TCK-12763,20250523,32,4,1,2025-05-23 21:26:27,2025-05-24 17:07:51,19.69,1,1,4
2764,TCK-12764,20250620,38,6,2,2025-06-20 23:31:42,2025-06-22 15:55:42,40.4,1,1,4
2765,TCK-12765,20260205,35,3,1,2026-02-05 21:03:05,2026-02-06 15:03:05,18.0,1,0,2
2766,TCK-12766,20251213,50,1,3,2025-12-13 08:13:52,2025-12-14 11:26:28,27.21,1,0,3
2767,TCK-12767,20250722,45,1,3,2025-07-22 07:20:57,2025-07-22 21:08:57,13.8,1,1,3
2768,TCK-12768,20250301,6,4,1,2025-03-01 01:46:02,2025-03-01 04:20:50,2.58,1,1,4
2769,TCK-12769,20250104,8,8,3,2025-01-04 09:54:52,2025-01-05 18:30:52,32.6,1,1,4
2770,TCK-12770,20251013,45,4,2,2025-10-13 02:21:34,,,0,0,5
2771,TCK-12771,20250814,17,4,1,2025-08-14 20:28:26,2025-08-16 07:24:50,34.94,1,1,4
2772,TCK-12772,20250524,6,1,3,2025-05-24 04:43:40,2025-05-25 02:51:28,22.13,1,1,
2773,TCK-12773,20250920,45,5,2,2025-09-20 14:54:00,,,0,0,5
2774,TCK-12774,20260716,23,2,1,2026-07-16 06:43:49,2026-07-18 14:39:37,55.93,1,0,
2775,TCK-12775,20260404,13,7,2,2026-04-04 19:32:18,,,0,0,
2776,TCK-12776,20250524,20,2,3,2025-05-24 21:27:38,2025-05-26 11:28:14,38.01,1,1,4
2777,TCK-12777,20260220,7,1,3,2026-02-20 15:27:30,2026-02-21 21:23:54,29.94,1,0,5
2778,TCK-12778,20260710,34,3,3,2026-07-10 06:26:59,2026-07-10 14:01:11,7.57,1,1,3
2779,TCK-12779,20260211,47,1,1,2026-02-11 20:10:29,,,0,0,5
2780,TCK-12780,20260612,33,7,2,2026-06-12 00:36:44,2026-06-13 05:43:20,29.11,1,0,2
2781,TCK-12781,20260718,12,6,1,2026-07-18 20:38:43,,,0,0,5
2782,TCK-12782,20250905,19,1,2,2025-09-05 10:36:34,2025-09-05 21:38:58,11.04,1,1,5
2783,TCK-12783,20260523,21,3,2,2026-05-23 12:18:01,2026-05-24 12:37:13,24.32,1,0,5
2784,TCK-12784,20250316,2,1,2,2025-03-16 22:59:18,2025-03-17 05:04:06,6.08,1,1,5
2785,TCK-12785,20250712,36,6,2,2025-07-12 18:04:52,2025-07-14 11:39:04,41.57,1,1,4
2786,TCK-12786,20260630,35,6,1,2026-06-30 14:05:41,2026-07-01 23:05:41,33.0,1,1,
2787,TCK-12787,20250708,1,6,1,2025-07-08 08:17:38,2025-07-09 00:41:02,16.39,1,1,5
2788,TCK-12788,20260420,41,8,2,2026-04-20 01:40:14,2026-04-20 15:13:14,13.55,1,1,4
2789,TCK-12789,20251215,10,2,3,2025-12-15 20:00:04,2025-12-16 13:16:52,17.28,1,1,3
2790,TCK-12790,20250124,49,3,3,2025-01-24 12:42:41,2025-01-24 21:16:53,8.57,1,1,
2791,TCK-12791,20250713,15,3,1,2025-07-13 13:38:13,,,0,0,5
2792,TCK-12792,20250720,32,1,1,2025-07-20 00:08:51,2025-07-20 19:22:03,19.22,1,1,3
2793,TCK-12793,20260811,45,3,2,2026-08-11 14:23:15,2026-08-12 21:23:51,31.01,1,0,2
2794,TCK-12794,20250405,45,6,2,2025-04-05 20:48:17,2025-04-06 08:10:29,11.37,1,1,5
2795,TCK-12795,20260523,50,7,3,2026-05-23 08:03:46,2026-05-23 23:46:58,15.72,1,0,4
2796,TCK-12796,20250813,24,5,2,2025-08-13 08:21:46,2025-08-13 15:49:22,7.46,1,1,3
2797,TCK-12797,20250723,33,7,2,2025-07-23 21:47:55,2025-07-24 22:49:07,25.02,1,0,4
2798,TCK-12798,20260715,23,4,3,2026-07-15 13:40:10,,,0,0,5
2799,TCK-12799,20251103,26,4,2,2025-11-03 16:20:15,2025-11-05 00:52:39,32.54,1,1,3
2800,TCK-12800,20251025,33,8,1,2025-10-25 07:10:49,,,0,0,4
2801,TCK-12801,20260317,16,5,2,2026-03-17 19:44:21,,,0,0,
2802,TCK-12802,20251123,20,1,3,2025-11-23 01:23:46,2025-11-23 05:23:10,3.99,1,1,4
2803,TCK-12803,20250721,30,1,1,2025-07-21 08:11:58,,,0,0,5
2804,TCK-12804,20260424,3,4,3,2026-04-24 14:14:58,2026-04-26 04:03:34,37.81,1,0,3
2805,TCK-12805,20250105,23,5,3,2025-01-05 07:35:59,2025-01-05 16:32:23,8.94,1,1,4
2806,TCK-12806,20250516,3,2,2,2025-05-16 22:44:40,2025-05-17 19:50:04,21.09,1,1,4
2807,TCK-12807,20251218,14,2,2,2025-12-18 07:56:04,2025-12-18 17:15:52,9.33,1,1,4
2808,TCK-12808,20260519,49,4,1,2026-05-19 19:54:53,2026-05-20 22:32:41,26.63,1,1,5
2809,TCK-12809,20250902,10,2,1,2025-09-02 21:22:36,2025-09-03 23:07:36,25.75,1,1,4
2810,TCK-12810,20260719,10,8,2,2026-07-19 13:53:43,2026-07-20 15:39:19,25.76,1,1,
2811,TCK-12811,20260523,24,1,3,2026-05-23 07:33:12,2026-05-24 18:19:24,34.77,1,0,4
2812,TCK-12812,20260318,41,2,2,2026-03-18 01:51:38,,,0,0,5
2813,TCK-12813,20250322,7,4,2,2025-03-22 15:42:57,,,0,0,3
2814,TCK-12814,20250202,30,4,3,2025-02-02 13:08:30,2025-02-03 23:22:18,34.23,1,1,3
2815,TCK-12815,20250408,25,8,2,2025-04-08 04:54:05,2025-04-09 03:27:05,22.55,1,1,3
2816,TCK-12816,20250414,17,3,2,2025-04-14 05:48:27,2025-04-15 09:14:15,27.43,1,0,5
2817,TCK-12817,20250115,11,8,2,2025-01-15 18:39:59,2025-01-17 11:20:47,40.68,1,1,5
2818,TCK-12818,20251211,16,4,1,2025-12-11 02:27:47,2025-12-12 08:21:47,29.9,1,1,
2819,TCK-12819,20251204,46,6,1,2025-12-04 23:39:52,2025-12-06 08:02:40,32.38,1,1,5
2820,TCK-12820,20250413,15,7,2,2025-04-13 05:48:13,2025-04-14 03:00:49,21.21,1,0,5
2821,TCK-12821,20251219,33,1,2,2025-12-19 02:42:18,2025-12-20 07:59:42,29.29,1,0,4
2822,TCK-12822,20250217,24,7,2,2025-02-17 21:09:35,2025-02-18 14:40:11,17.51,1,0,4
2823,TCK-12823,20260115,50,8,2,2026-01-15 14:24:29,2026-01-16 04:25:41,14.02,1,1,4
2824,TCK-12824,20250922,19,1,3,2025-09-22 06:57:05,2025-09-22 20:51:05,13.9,1,1,3
2825,TCK-12825,20250209,6,6,1,2025-02-09 21:41:54,2025-02-11 05:54:30,32.21,1,1,
2826,TCK-12826,20260222,2,2,2,2026-02-22 04:43:37,2026-02-22 21:36:25,16.88,1,1,4
2827,TCK-12827,20250807,29,6,1,2025-08-07 05:32:07,,,0,0,
2828,TCK-12828,20260531,4,2,3,2026-05-31 15:14:52,2026-06-01 11:00:28,19.76,1,1,3
2829,TCK-12829,20250812,29,2,2,2025-08-12 21:29:27,2025-08-13 10:58:51,13.49,1,1,
2830,TCK-12830,20260802,9,1,2,2026-08-02 16:43:28,2026-08-03 01:54:16,9.18,1,1,4
2831,TCK-12831,20250227,13,2,2,2025-02-27 08:17:20,2025-02-28 05:29:56,21.21,1,1,
2832,TCK-12832,20250907,34,7,3,2025-09-07 17:31:35,2025-09-08 05:01:35,11.5,1,0,4
2833,TCK-12833,20251120,11,6,1,2025-11-20 16:25:28,2025-11-21 00:35:40,8.17,1,1,
2834,TCK-12834,20250730,1,1,2,2025-07-30 08:26:43,2025-07-30 22:36:55,14.17,1,1,
2835,TCK-12835,20260709,28,3,1,2026-07-09 16:06:02,2026-07-10 01:29:26,9.39,1,1,4
2836,TCK-12836,20251118,4,3,1,2025-11-18 03:15:15,2025-11-18 19:48:15,16.55,1,0,
2837,TCK-12837,20250103,10,5,1,2025-01-03 03:15:34,2025-01-04 08:10:46,28.92,1,0,5
2838,TCK-12838,20250320,47,4,3,2025-03-20 21:24:33,2025-03-21 18:11:57,20.79,1,1,3
2839,TCK-12839,20260802,35,1,1,2026-08-02 21:42:43,2026-08-04 04:54:07,31.19,1,0,4
2840,TCK-12840,20260423,1,7,3,2026-04-23 23:32:37,2026-04-24 10:27:13,10.91,1,0,3
2841,TCK-12841,20250513,23,1,1,2025-05-13 02:16:44,2025-05-14 02:44:56,24.47,1,0,2
2842,TCK-12842,20250905,28,8,1,2025-09-05 08:35:23,,,0,0,
2843,TCK-12843,20250810,12,6,1,2025-08-10 14:00:33,2025-08-11 10:48:33,20.8,1,1,2
2844,TCK-12844,20251108,17,2,3,2025-11-08 11:16:59,2025-11-09 00:33:11,13.27,1,1,4
2845,TCK-12845,20250710,8,6,2,2025-07-10 14:27:31,2025-07-10 15:05:19,0.63,1,1,5
2846,TCK-12846,20250904,28,7,1,2025-09-04 18:22:25,2025-09-05 11:52:25,17.5,1,0,2
2847,TCK-12847,20250126,15,8,3,2025-01-26 11:23:31,2025-01-27 18:09:07,30.76,1,1,5
2848,TCK-12848,20250217,19,8,3,2025-02-17 05:46:08,2025-02-17 13:34:08,7.8,1,1,3
2849,TCK-12849,20251101,20,7,1,2025-11-01 12:56:24,2025-11-01 14:14:24,1.3,1,1,
2850,TCK-12850,20260303,30,2,1,2026-03-03 03:43:19,2026-03-04 07:04:55,27.36,1,1,3
2851,TCK-12851,20260211,39,4,1,2026-02-11 17:47:26,2026-02-12 19:24:38,25.62,1,1,4
2852,TCK-12852,20260122,21,5,2,2026-01-22 17:36:24,2026-01-23 14:55:00,21.31,1,1,5
2853,TCK-12853,20251012,2,4,1,2025-10-12 17:14:31,2025-10-13 08:01:55,14.79,1,1,4
2854,TCK-12854,20250705,37,2,2,2025-07-05 23:09:49,,,0,0,5
2855,TCK-12855,20250621,42,2,3,2025-06-21 15:59:03,2025-06-22 02:33:15,10.57,1,1,
2856,TCK-12856,20250529,25,5,1,2025-05-29 18:06:05,2025-05-30 06:57:41,12.86,1,1,3
2857,TCK-12857,20250121,13,2,3,2025-01-21 02:34:07,2025-01-21 20:14:19,17.67,1,1,5
2858,TCK-12858,20260404,22,1,2,2026-04-04 16:39:46,2026-04-05 10:18:46,17.65,1,1,3
2859,TCK-12859,20260405,38,8,2,2026-04-05 19:38:03,2026-04-05 20:59:39,1.36,1,1,5
2860,TCK-12860,20260224,35,2,2,2026-02-24 10:26:22,2026-02-25 15:22:46,28.94,1,1,
2861,TCK-12861,20250320,28,2,1,2025-03-20 15:13:40,2025-03-22 00:21:28,33.13,1,1,3
2862,TCK-12862,20250724,27,4,1,2025-07-24 03:10:38,2025-07-25 19:28:38,40.3,1,0,4
2863,TCK-12863,20260301,49,3,3,2026-03-01 03:26:38,2026-03-01 10:11:38,6.75,1,1,5
2864,TCK-12864,20250805,37,2,1,2025-08-05 16:54:44,2025-08-05 20:27:44,3.55,1,1,
2865,TCK-12865,20250427,4,3,3,2025-04-27 06:41:52,2025-04-27 09:18:28,2.61,1,1,
2866,TCK-12866,20250625,13,8,2,2025-06-25 03:24:14,2025-06-25 17:21:14,13.95,1,1,
2867,TCK-12867,20260624,31,4,1,2026-06-24 10:17:37,2026-06-24 17:05:01,6.79,1,1,4
2868,TCK-12868,20250617,31,1,1,2025-06-17 19:22:47,2025-06-19 05:00:35,33.63,1,0,4
2869,TCK-12869,20260716,44,7,1,2026-07-16 03:09:30,,,0,0,5
2870,TCK-12870,20250607,41,4,3,2025-06-07 04:58:20,2025-06-08 03:53:32,22.92,1,1,4
2871,TCK-12871,20250708,45,2,3,2025-07-08 10:35:56,,,0,0,5
2872,TCK-12872,20250703,27,5,2,2025-07-03 03:52:45,,,0,0,2
2873,TCK-12873,20260710,8,7,1,2026-07-10 12:14:36,2026-07-11 03:19:24,15.08,1,0,4
2874,TCK-12874,20250407,15,5,2,2025-04-07 10:24:13,2025-04-08 03:38:37,17.24,1,1,4
2875,TCK-12875,20260618,26,8,3,2026-06-18 21:47:21,2026-06-19 03:44:21,5.95,1,1,3
2876,TCK-12876,20260706,38,5,2,2026-07-06 14:08:40,2026-07-07 06:39:16,16.51,1,1,3
2877,TCK-12877,20260417,7,3,3,2026-04-17 15:40:49,,,0,0,5
2878,TCK-12878,20250307,33,7,2,2025-03-07 02:56:13,2025-03-07 12:17:13,9.35,1,0,4
2879,TCK-12879,20250520,45,1,2,2025-05-20 03:30:42,2025-05-21 09:52:54,30.37,1,0,5
2880,TCK-12880,20250625,42,5,1,2025-06-25 20:10:47,,,0,0,4
2881,TCK-12881,20250909,27,4,1,2025-09-09 05:46:15,2025-09-09 23:31:51,17.76,1,1,4
2882,TCK-12882,20251025,20,2,3,2025-10-25 08:10:18,2025-10-25 12:53:30,4.72,1,1,3
2883,TCK-12883,20251014,45,1,1,2025-10-14 07:51:53,2025-10-15 18:36:53,34.75,1,0,4
2884,TCK-12884,20250501,6,6,3,2025-05-01 21:47:32,2025-05-03 02:15:44,28.47,1,1,4
2885,TCK-12885,20251019,37,1,3,2025-10-19 03:19:31,2025-10-19 09:43:31,6.4,1,1,
2886,TCK-12886,20251124,3,4,2,2025-11-24 09:53:40,2025-11-24 16:53:40,7.0,1,1,5
2887,TCK-12887,20260130,12,1,3,2026-01-30 02:42:57,,,0,0,
2888,TCK-12888,20251124,25,4,2,2025-11-24 19:17:11,2025-11-25 12:39:23,17.37,1,1,5
2889,TCK-12889,20260127,31,3,1,2026-01-27 22:24:27,2026-01-29 08:05:15,33.68,1,0,4
2890,TCK-12890,20250828,23,3,3,2025-08-28 07:34:24,2025-08-29 05:30:12,21.93,1,0,5
2891,TCK-12891,20250117,44,4,3,2025-01-17 19:50:14,2025-01-17 23:51:26,4.02,1,1,4
2892,TCK-12892,20260123,1,3,2,2026-01-23 13:43:11,2026-01-25 00:50:59,35.13,1,0,3
2893,TCK-12893,20260706,34,5,3,2026-07-06 19:14:15,2026-07-07 18:02:51,22.81,1,1,5
2894,TCK-12894,20250918,40,7,2,2025-09-18 23:02:32,2025-09-20 11:37:20,36.58,1,0,4
2895,TCK-12895,20250630,36,4,3,2025-06-30 12:39:08,2025-07-01 00:15:08,11.6,1,1,3
2896,TCK-12896,20250617,23,1,3,2025-06-17 17:40:57,,,0,0,4
2897,TCK-12897,20260507,18,6,3,2026-05-07 20:55:00,2026-05-08 02:43:00,5.8,1,1,5
2898,TCK-12898,20250803,21,7,2,2025-08-03 10:38:06,,,0,0,4
2899,TCK-12899,20250726,34,2,3,2025-07-26 00:02:48,2025-07-27 02:44:12,26.69,1,1,4
2900,TCK-12900,20251019,18,8,1,2025-10-19 23:46:39,2025-10-21 09:16:39,33.5,1,1,3
2901,TCK-12901,20250922,35,8,3,2025-09-22 14:01:26,2025-09-23 07:12:50,17.19,1,1,5
2902,TCK-12902,20250329,4,7,3,2025-03-29 08:39:28,,,0,0,
2903,TCK-12903,20260404,17,4,3,2026-04-04 03:21:25,2026-04-04 08:08:49,4.79,1,1,3
2904,TCK-12904,20260602,35,6,1,2026-06-02 13:01:43,2026-06-03 11:56:19,22.91,1,1,4
2905,TCK-12905,20250801,19,3,1,2025-08-01 11:39:56,2025-08-02 21:03:20,33.39,1,0,4
2906,TCK-12906,20250118,49,5,2,2025-01-18 20:21:50,2025-01-19 14:36:50,18.25,1,1,2
2907,TCK-12907,20250216,20,8,2,2025-02-16 04:52:45,2025-02-16 09:50:57,4.97,1,1,5
2908,TCK-12908,20260704,45,2,2,2026-07-04 18:10:57,2026-07-06 02:31:57,32.35,1,1,4
2909,TCK-12909,20250904,4,3,2,2025-09-04 17:20:55,2025-09-05 14:49:07,21.47,1,0,4
2910,TCK-12910,20260226,5,5,3,2026-02-26 07:33:41,2026-02-26 10:11:29,2.63,1,1,4
2911,TCK-12911,20250720,25,1,3,2025-07-20 10:32:22,2025-07-20 16:48:34,6.27,1,1,5
2912,TCK-12912,20260122,36,3,2,2026-01-22 19:21:05,,,0,0,5
2913,TCK-12913,20251029,49,4,1,2025-10-29 20:58:32,,,0,0,
2914,TCK-12914,20260621,23,8,2,2026-06-21 12:48:30,2026-06-22 09:33:30,20.75,1,1,
2915,TCK-12915,20250809,28,4,3,2025-08-09 08:19:43,2025-08-10 13:16:43,28.95,1,1,4
2916,TCK-12916,20250908,48,7,3,2025-09-08 07:06:34,2025-09-09 15:53:58,32.79,1,0,4
2917,TCK-12917,20250218,31,7,1,2025-02-18 14:56:14,,,0,0,5
2918,TCK-12918,20260418,23,5,2,2026-04-18 14:56:27,2026-04-19 03:53:27,12.95,1,1,4
2919,TCK-12919,20251117,35,7,2,2025-11-17 22:02:32,2025-11-19 14:58:56,40.94,1,0,3
2920,TCK-12920,20260119,32,8,2,2026-01-19 19:17:43,2026-01-20 14:26:43,19.15,1,1,5
2921,TCK-12921,20251229,38,6,1,2025-12-29 06:28:47,2025-12-30 00:26:59,17.97,1,1,
2922,TCK-12922,20260422,25,4,2,2026-04-22 13:35:30,2026-04-24 06:31:18,40.93,1,0,5
2923,TCK-12923,20251230,30,8,2,2025-12-30 02:19:38,2025-12-31 21:20:14,43.01,1,1,5
2924,TCK-12924,20250801,42,8,1,2025-08-01 01:39:37,2025-08-02 01:40:49,24.02,1,1,
2925,TCK-12925,20250204,18,1,3,2025-02-04 13:23:25,2025-02-04 22:57:37,9.57,1,1,4
2926,TCK-12926,20260622,16,5,2,2026-06-22 10:41:42,2026-06-23 05:56:42,19.25,1,1,5
2927,TCK-12927,20250202,28,3,2,2025-02-02 20:43:58,,,0,0,4
2928,TCK-12928,20250322,37,8,1,2025-03-22 02:03:47,2025-03-22 18:03:11,15.99,1,1,5
2929,TCK-12929,20260529,6,7,1,2026-05-29 18:37:47,2026-05-30 11:58:11,17.34,1,0,5
2930,TCK-12930,20260404,14,6,3,2026-04-04 08:25:27,2026-04-05 10:14:03,25.81,1,1,3
2931,TCK-12931,20260223,42,2,3,2026-02-23 16:31:42,2026-02-24 13:22:06,20.84,1,1,4
2932,TCK-12932,20250117,10,7,3,2025-01-17 23:23:45,2025-01-18 05:36:21,6.21,1,1,5
2933,TCK-12933,20250311,42,1,3,2025-03-11 08:45:10,2025-03-12 01:03:10,16.3,1,1,5
2934,TCK-12934,20251020,28,3,2,2025-10-20 00:20:17,,,0,0,4
2935,TCK-12935,20250310,10,7,1,2025-03-10 08:03:22,2025-03-11 13:03:22,29.0,1,0,3
2936,TCK-12936,20260407,20,5,2,2026-04-07 07:13:35,2026-04-08 12:51:23,29.63,1,0,5
2937,TCK-12937,20260412,17,6,1,2026-04-12 09:55:19,,,0,0,
2938,TCK-12938,20251016,17,6,3,2025-10-16 03:01:59,,,0,0,5
2939,TCK-12939,20260101,15,8,3,2026-01-01 02:34:58,2026-01-02 13:42:10,35.12,1,1,5
2940,TCK-12940,20250408,20,8,2,2025-04-08 06:05:13,,,0,0,
2941,TCK-12941,20251230,10,4,1,2025-12-30 16:23:12,2025-12-31 01:18:24,8.92,1,1,3
2942,TCK-12942,20260624,14,2,2,2026-06-24 17:23:40,2026-06-25 17:02:40,23.65,1,1,
2943,TCK-12943,20250301,40,6,2,2025-03-01 18:33:19,2025-03-01 22:48:55,4.26,1,1,2
2944,TCK-12944,20260616,24,7,2,2026-06-16 03:24:29,2026-06-16 15:50:53,12.44,1,0,4
2945,TCK-12945,20251115,15,2,3,2025-11-15 17:48:36,2025-11-17 04:10:48,34.37,1,1,3
2946,TCK-12946,20250922,5,4,3,2025-09-22 12:12:16,2025-09-22 13:23:40,1.19,1,1,3
2947,TCK-12947,20260114,45,3,1,2026-01-14 18:29:47,,,0,0,5
2948,TCK-12948,20260612,5,2,1,2026-06-12 10:09:30,,,0,0,3
2949,TCK-12949,20260216,47,2,2,2026-02-16 02:12:15,2026-02-17 05:02:39,26.84,1,1,3
2950,TCK-12950,20250817,21,1,1,2025-08-17 01:12:03,2025-08-17 15:54:03,14.7,1,1,5
2951,TCK-12951,20260222,40,2,1,2026-02-22 11:39:35,2026-02-23 07:20:59,19.69,1,1,3
2952,TCK-12952,20251109,48,7,1,2025-11-09 10:56:19,2025-11-09 23:40:07,12.73,1,0,3
2953,TCK-12953,20251001,27,2,1,2025-10-01 10:09:03,2025-10-01 17:25:15,7.27,1,1,2
2954,TCK-12954,20250418,27,2,1,2025-04-18 22:47:24,,,0,0,4
2955,TCK-12955,20250914,43,3,1,2025-09-14 04:51:47,2025-09-14 21:52:23,17.01,1,0,3
2956,TCK-12956,20250327,44,3,1,2025-03-27 20:51:31,2025-03-28 22:23:55,25.54,1,0,5
2957,TCK-12957,20260626,2,7,1,2026-06-26 06:40:17,2026-06-27 19:33:41,36.89,1,0,4
2958,TCK-12958,20250824,37,1,2,2025-08-24 04:42:51,2025-08-24 06:24:15,1.69,1,1,5
2959,TCK-12959,20260412,36,3,1,2026-04-12 01:45:12,2026-04-12 16:36:48,14.86,1,0,
2960,TCK-12960,20251214,36,8,2,2025-12-14 19:31:47,2025-12-15 19:13:11,23.69,1,1,3
2961,TCK-12961,20250401,23,3,3,2025-04-01 09:21:11,,,0,0,3
2962,TCK-12962,20260613,10,1,3,2026-06-13 12:01:51,2026-06-15 17:12:39,53.18,1,0,5
2963,TCK-12963,20260305,1,3,2,2026-03-05 11:54:19,,,0,0,4
2964,TCK-12964,20251216,39,7,3,2025-12-16 01:45:37,2025-12-17 07:57:37,30.2,1,0,3
2965,TCK-12965,20250923,26,6,2,2025-09-23 06:02:06,,,0,0,5
2966,TCK-12966,20260727,33,3,1,2026-07-27 15:33:32,,,0,0,3
2967,TCK-12967,20250901,28,7,2,2025-09-01 02:13:24,2025-09-02 13:06:48,34.89,1,0,4
2968,TCK-12968,20250401,2,3,3,2025-04-01 03:51:46,,,0,0,5
2969,TCK-12969,20260403,49,5,3,2026-04-03 02:48:36,2026-04-03 21:52:12,19.06,1,1,5
2970,TCK-12970,20251127,38,5,3,2025-11-27 23:15:35,2025-11-28 18:52:47,19.62,1,1,4
2971,TCK-12971,20260731,30,2,2,2026-07-31 23:03:23,2026-08-01 22:05:47,23.04,1,1,3
2972,TCK-12972,20260501,27,2,3,2026-05-01 06:40:03,,,0,0,4
2973,TCK-12973,20260208,43,4,1,2026-02-08 15:00:51,2026-02-09 22:51:51,31.85,1,1,3
2974,TCK-12974,20250602,25,7,2,2025-06-02 18:57:10,2025-06-03 04:18:46,9.36,1,0,3
2975,TCK-12975,20260704,11,3,3,2026-07-04 00:48:48,2026-07-04 21:05:36,20.28,1,0,5
2976,TCK-12976,20251218,33,7,3,2025-12-18 13:34:46,2025-12-19 19:49:46,30.25,1,0,4
2977,TCK-12977,20260213,2,8,3,2026-02-13 08:20:51,2026-02-13 17:25:39,9.08,1,1,4
2978,TCK-12978,20251209,31,6,3,2025-12-09 04:05:14,2025-12-10 07:12:26,27.12,1,1,5
2979,TCK-12979,20251204,46,6,3,2025-12-04 19:40:10,,,0,0,3
2980,TCK-12980,20250307,6,8,2,2025-03-07 22:40:18,,,0,0,4
2981,TCK-12981,20251127,29,3,2,2025-11-27 03:53:47,2025-11-28 02:32:11,22.64,1,0,3
2982,TCK-12982,20260221,18,6,1,2026-02-21 11:50:20,2026-02-21 19:32:20,7.7,1,1,5
2983,TCK-12983,20260328,26,2,3,2026-03-28 16:38:27,2026-03-29 06:36:03,13.96,1,1,
2984,TCK-12984,20260601,48,4,2,2026-06-01 05:03:53,2026-06-01 13:43:29,8.66,1,1,4
2985,TCK-12985,20250608,31,6,3,2025-06-08 05:59:17,2025-06-08 20:08:53,14.16,1,1,4
2986,TCK-12986,20250621,50,4,2,2025-06-21 15:24:26,2025-06-21 19:08:14,3.73,1,1,3
2987,TCK-12987,20260603,41,1,1,2026-06-03 01:17:00,2026-06-03 18:38:00,17.35,1,1,4
2988,TCK-12988,20250905,29,6,1,2025-09-05 11:50:56,2025-09-06 07:29:20,19.64,1,1,4
2989,TCK-12989,20251007,17,6,2,2025-10-07 13:56:01,2025-10-08 02:48:13,12.87,1,1,4
2990,TCK-12990,20260217,18,7,2,2026-02-17 20:44:08,2026-02-18 13:03:56,16.33,1,0,
2991,TCK-12991,20260209,14,6,3,2026-02-09 22:54:50,2026-02-10 12:18:14,13.39,1,1,4
2992,TCK-12992,20250607,29,6,2,2025-06-07 16:23:47,2025-06-09 11:24:23,43.01,1,1,4
2993,TCK-12993,20250811,42,6,3,2025-08-11 17:15:55,2025-08-12 00:49:31,7.56,1,1,4
2994,TCK-12994,20260131,11,3,1,2026-01-31 05:26:16,2026-01-31 14:29:52,9.06,1,1,3
2995,TCK-12995,20260209,48,5,2,2026-02-09 00:28:35,2026-02-10 06:09:23,29.68,1,0,3
2996,TCK-12996,20260807,37,2,3,2026-08-07 03:38:32,2026-08-07 10:39:44,7.02,1,1,4
2997,TCK-12997,20251111,7,5,2,2025-11-11 19:49:10,2025-11-12 08:20:58,12.53,1,1,3
2998,TCK-12998,20250908,49,3,3,2025-09-08 16:49:41,2025-09-09 02:41:17,9.86,1,1,4
2999,TCK-12999,20251123,50,6,2,2025-11-23 18:57:02,2025-11-24 06:52:14,11.92,1,1,5
3000,TCK-13000,20250816,20,4,3,2025-08-16 13:34:30,2025-08-18 03:09:18,37.58,1,0,5
3001,TCK-13001,20250103,47,3,1,2025-01-03 18:17:49,2025-01-04 23:53:13,29.59,1,0,3
3002,TCK-13002,20251221,8,4,2,2025-12-21 06:23:37,2025-12-22 03:38:01,21.24,1,1,
3003,TCK-13003,20250916,42,2,2,2025-09-16 14:29:54,2025-09-17 11:44:18,21.24,1,1,5
3004,TCK-13004,20260704,17,2,3,2026-07-04 15:08:11,2026-07-05 07:28:35,16.34,1,1,5
3005,TCK-13005,20251217,15,5,1,2025-12-17 08:41:46,2025-12-18 00:36:58,15.92,1,1,3
3006,TCK-13006,20251118,14,6,2,2025-11-18 04:15:55,2025-11-19 05:24:55,25.15,1,1,3
3007,TCK-13007,20251105,48,6,2,2025-11-05 15:23:59,2025-11-06 20:48:35,29.41,1,1,4
3008,TCK-13008,20250501,41,5,3,2025-05-01 06:26:10,2025-05-02 04:56:46,22.51,1,1,3
3009,TCK-13009,20251104,1,5,2,2025-11-04 00:29:06,2025-11-04 08:25:30,7.94,1,1,5
3010,TCK-13010,20260520,47,2,2,2026-05-20 21:37:31,2026-05-21 15:53:07,18.26,1,1,3
3011,TCK-13011,20251124,23,2,3,2025-11-24 18:21:02,2025-11-25 07:16:50,12.93,1,1,5
3012,TCK-13012,20260418,8,7,1,2026-04-18 00:12:38,,,0,0,
3013,TCK-13013,20250201,23,2,2,2025-02-01 21:54:02,2025-02-02 12:03:02,14.15,1,1,5
3014,TCK-13014,20260516,3,5,3,2026-05-16 17:27:44,2026-05-17 14:33:08,21.09,1,1,3
3015,TCK-13015,20250423,10,7,3,2025-04-23 23:51:23,2025-04-25 11:05:11,35.23,1,0,3
3016,TCK-13016,20250913,26,7,2,2025-09-13 11:12:50,2025-09-13 12:00:50,0.8,1,1,3
3017,TCK-13017,20260222,34,6,3,2026-02-22 01:31:03,2026-02-23 09:16:03,31.75,1,1,
3018,TCK-13018,20250329,50,4,2,2025-03-29 06:14:51,2025-03-30 06:55:39,24.68,1,1,
3019,TCK-13019,20260425,4,5,1,2026-04-25 09:10:31,2026-04-26 08:33:55,23.39,1,1,4
3020,TCK-13020,20260805,31,4,2,2026-08-05 13:28:49,,,0,0,
3021,TCK-13021,20250720,2,5,3,2025-07-20 22:49:54,,,0,0,5
3022,TCK-13022,20250822,44,1,2,2025-08-22 11:49:40,2025-08-22 15:48:28,3.98,1,1,5
3023,TCK-13023,20251217,12,1,3,2025-12-17 05:42:26,2025-12-17 21:23:50,15.69,1,1,2
3024,TCK-13024,20260620,33,2,1,2026-06-20 12:27:37,2026-06-21 13:34:49,25.12,1,1,3
3025,TCK-13025,20250620,17,3,1,2025-06-20 10:55:10,2025-06-21 10:24:34,23.49,1,0,4
3026,TCK-13026,20251110,40,3,2,2025-11-10 12:48:48,2025-11-11 23:47:00,34.97,1,0,4
3027,TCK-13027,20250705,14,6,3,2025-07-05 11:43:52,2025-07-06 05:08:28,17.41,1,1,4
3028,TCK-13028,20260127,14,6,1,2026-01-27 14:12:32,,,0,0,4
3029,TCK-13029,20250810,38,2,3,2025-08-10 14:53:46,2025-08-11 15:48:58,24.92,1,1,5
3030,TCK-13030,20250924,6,5,2,2025-09-24 12:42:08,2025-09-25 19:25:20,30.72,1,0,4
3031,TCK-13031,20251001,21,4,1,2025-10-01 01:57:06,2025-10-02 11:00:06,33.05,1,1,2
3032,TCK-13032,20260605,1,1,1,2026-06-05 15:56:49,2026-06-06 03:36:25,11.66,1,1,4
3033,TCK-13033,20260510,43,1,2,2026-05-10 13:06:34,2026-05-11 05:35:22,16.48,1,1,5
3034,TCK-13034,20260510,27,1,2,2026-05-10 22:53:04,2026-05-12 06:14:40,31.36,1,0,4
3035,TCK-13035,20260613,34,5,3,2026-06-13 12:35:03,2026-06-14 10:51:15,22.27,1,1,
3036,TCK-13036,20250215,15,7,3,2025-02-15 07:56:52,2025-02-15 18:47:52,10.85,1,0,4
3037,TCK-13037,20260316,40,7,2,2026-03-16 14:19:06,2026-03-17 11:40:06,21.35,1,0,4
3038,TCK-13038,20250121,44,4,3,2025-01-21 12:50:58,2025-01-22 08:16:10,19.42,1,1,4
3039,TCK-13039,20250823,1,8,3,2025-08-23 09:08:21,2025-08-24 22:23:21,37.25,1,1,4
3040,TCK-13040,20250312,36,1,1,2025-03-12 23:55:23,2025-03-14 04:11:35,28.27,1,0,5
3041,TCK-13041,20260419,1,7,2,2026-04-19 08:11:07,,,0,0,5
3042,TCK-13042,20251216,9,7,3,2025-12-16 05:25:50,2025-12-17 03:38:26,22.21,1,0,3
3043,TCK-13043,20260607,46,1,3,2026-06-07 14:23:50,2026-06-08 17:56:50,27.55,1,0,
3044,TCK-13044,20260112,50,4,1,2026-01-12 17:14:48,2026-01-13 06:20:48,13.1,1,1,5
3045,TCK-13045,20260106,27,2,1,2026-01-06 14:15:56,2026-01-07 16:55:32,26.66,1,1,3
3046,TCK-13046,20250811,37,5,2,2025-08-11 22:45:22,2025-08-13 07:09:58,32.41,1,0,3
3047,TCK-13047,20250908,35,2,1,2025-09-08 06:05:36,2025-09-08 07:37:24,1.53,1,1,4
3048,TCK-13048,20260410,22,1,1,2026-04-10 03:31:59,2026-04-11 09:37:23,30.09,1,0,3
3049,TCK-13049,20260408,33,6,2,2026-04-08 01:57:36,2026-04-09 14:32:24,36.58,1,1,5
3050,TCK-13050,20260206,6,1,2,2026-02-06 08:34:51,2026-02-06 16:57:03,8.37,1,1,3
3051,TCK-13051,20260727,25,4,2,2026-07-27 08:07:48,2026-07-28 03:42:00,19.57,1,1,3
3052,TCK-13052,20260202,1,7,1,2026-02-02 08:14:19,2026-02-04 00:52:07,40.63,1,0,4
3053,TCK-13053,20250827,41,8,3,2025-08-27 02:40:48,2025-08-27 21:55:12,19.24,1,1,5
3054,TCK-13054,20260408,47,7,3,2026-04-08 10:58:48,,,0,0,4
3055,TCK-13055,20260710,20,2,1,2026-07-10 08:57:34,,,0,0,5
3056,TCK-13056,20250430,14,8,3,2025-04-30 17:05:22,2025-05-02 01:57:34,32.87,1,1,3
3057,TCK-13057,20260104,39,1,2,2026-01-04 18:45:56,2026-01-04 23:41:44,4.93,1,1,
3058,TCK-13058,20260430,37,1,2,2026-04-30 12:19:56,2026-05-01 10:03:08,21.72,1,1,4
3059,TCK-13059,20260802,33,8,1,2026-08-02 14:09:10,2026-08-02 20:10:22,6.02,1,1,4
3060,TCK-13060,20250111,38,1,1,2025-01-11 19:32:16,,,0,0,5
3061,TCK-13061,20250112,27,6,3,2025-01-12 13:24:46,2025-01-12 18:06:10,4.69,1,1,3
3062,TCK-13062,20260616,14,7,1,2026-06-16 04:59:26,2026-06-16 06:52:14,1.88,1,1,4
3063,TCK-13063,20260119,29,8,2,2026-01-19 14:02:48,2026-01-19 19:32:12,5.49,1,1,3
3064,TCK-13064,20260425,32,7,1,2026-04-25 18:11:56,2026-04-26 13:25:08,19.22,1,0,3
3065,TCK-13065,20250902,29,2,1,2025-09-02 11:07:08,2025-09-02 22:51:32,11.74,1,1,4
3066,TCK-13066,20250621,42,7,3,2025-06-21 09:12:10,2025-06-21 19:22:58,10.18,1,0,
3067,TCK-13067,20250824,40,3,1,2025-08-24 08:17:24,2025-08-24 09:49:12,1.53,1,1,4
3068,TCK-13068,20250821,17,7,3,2025-08-21 21:58:00,2025-08-22 13:43:36,15.76,1,0,5
3069,TCK-13069,20250524,50,7,2,2025-05-24 19:19:05,2025-05-25 21:49:41,26.51,1,0,2
3070,TCK-13070,20250917,17,1,2,2025-09-17 16:56:52,2025-09-18 13:57:28,21.01,1,1,2
3071,TCK-13071,20260617,8,4,1,2026-06-17 00:16:10,2026-06-17 22:37:10,22.35,1,1,5
3072,TCK-13072,20260331,16,1,2,2026-03-31 13:48:19,,,0,0,3
3073,TCK-13073,20260311,36,1,2,2026-03-11 17:33:40,,,0,0,5
3074,TCK-13074,20250514,38,4,3,2025-05-14 05:07:15,,,0,0,4
3075,TCK-13075,20251130,40,1,1,2025-11-30 17:25:26,,,0,0,4
3076,TCK-13076,20260511,34,8,3,2026-05-11 05:58:56,2026-05-11 07:02:32,1.06,1,1,4
3077,TCK-13077,20260106,37,3,2,2026-01-06 13:11:36,2026-01-07 03:07:24,13.93,1,0,4
3078,TCK-13078,20250109,28,5,1,2025-01-09 07:12:48,2025-01-09 15:20:36,8.13,1,1,4
3079,TCK-13079,20250212,45,6,1,2025-02-12 05:33:31,2025-02-13 00:06:31,18.55,1,1,4
3080,TCK-13080,20250104,46,3,3,2025-01-04 02:46:56,2025-01-04 23:17:32,20.51,1,0,4
3081,TCK-13081,20250521,32,5,3,2025-05-21 21:55:44,2025-05-22 14:58:08,17.04,1,1,4
3082,TCK-13082,20250119,42,8,2,2025-01-19 03:22:10,2025-01-20 10:12:34,30.84,1,1,3
3083,TCK-13083,20260212,47,1,1,2026-02-12 01:30:34,,,0,0,4
3084,TCK-13084,20260810,1,4,1,2026-08-10 11:32:31,2026-08-11 07:12:07,19.66,1,1,5
3085,TCK-13085,20250401,4,1,2,2025-04-01 08:21:28,,,0,0,5
3086,TCK-13086,20260629,43,5,3,2026-06-29 10:32:45,2026-06-30 15:23:45,28.85,1,0,5
3087,TCK-13087,20260524,28,2,3,2026-05-24 19:54:30,2026-05-25 14:54:30,19.0,1,1,
3088,TCK-13088,20260809,5,3,2,2026-08-09 04:02:07,,,0,0,4
3089,TCK-13089,20250602,46,4,1,2025-06-02 18:28:53,2025-06-03 01:56:29,7.46,1,1,4
3090,TCK-13090,20260602,22,8,3,2026-06-02 05:37:58,2026-06-02 17:45:46,12.13,1,1,5
3091,TCK-13091,20260316,5,6,1,2026-03-16 06:51:38,2026-03-16 15:22:50,8.52,1,1,
3092,TCK-13092,20251209,30,3,1,2025-12-09 14:19:44,,,0,0,5
3093,TCK-13093,20250901,30,5,3,2025-09-01 18:26:10,2025-09-02 06:49:34,12.39,1,1,5
3094,TCK-13094,20250702,5,4,3,2025-07-02 09:41:36,,,0,0,5
3095,TCK-13095,20250830,29,8,3,2025-08-30 20:27:45,2025-08-31 03:34:21,7.11,1,1,4
3096,TCK-13096,20250722,20,4,3,2025-07-22 20:56:21,,,0,0,3
3097,TCK-13097,20250423,31,7,2,2025-04-23 10:57:25,2025-04-24 08:44:13,21.78,1,0,4
3098,TCK-13098,20260809,40,1,1,2026-08-09 01:48:51,2026-08-10 10:36:51,32.8,1,0,3
3099,TCK-13099,20260305,31,3,2,2026-03-05 01:40:01,2026-03-05 06:26:49,4.78,1,1,4
3100,TCK-13100,20260505,15,6,2,2026-05-05 13:08:18,,,0,0,4
3101,TCK-13101,20250925,24,3,1,2025-09-25 19:09:59,2025-09-25 23:48:59,4.65,1,1,
3102,TCK-13102,20250302,18,2,3,2025-03-02 03:43:21,2025-03-03 06:42:09,26.98,1,1,4
3103,TCK-13103,20260210,12,8,1,2026-02-10 09:58:04,2026-02-11 02:26:52,16.48,1,1,3
3104,TCK-13104,20250309,41,1,1,2025-03-09 16:17:08,,,0,0,5
3105,TCK-13105,20260625,40,4,2,2026-06-25 23:17:28,2026-06-27 01:54:04,26.61,1,1,5
3106,TCK-13106,20260302,27,6,3,2026-03-02 22:30:50,2026-03-05 00:22:26,49.86,1,1,3
3107,TCK-13107,20260318,11,1,1,2026-03-18 05:47:19,2026-03-19 02:31:43,20.74,1,1,
3108,TCK-13108,20260731,39,4,1,2026-07-31 00:36:02,2026-07-31 07:07:14,6.52,1,1,2
3109,TCK-13109,20251116,42,7,1,2025-11-16 09:09:28,2025-11-17 13:10:40,28.02,1,0,4
3110,TCK-13110,20251018,4,5,3,2025-10-18 05:41:15,2025-10-18 13:35:15,7.9,1,1,3
3111,TCK-13111,20260330,28,1,3,2026-03-30 11:51:55,2026-03-30 19:10:31,7.31,1,1,3
3112,TCK-13112,20260214,37,4,3,2026-02-14 18:01:17,2026-02-15 05:24:41,11.39,1,1,4
3113,TCK-13113,20250628,23,3,3,2025-06-28 16:30:35,2025-06-28 19:13:47,2.72,1,1,5
3114,TCK-13114,20250121,16,2,1,2025-01-21 15:14:17,2025-01-23 07:02:17,39.8,1,1,4
3115,TCK-13115,20251114,28,3,1,2025-11-14 03:54:11,2025-11-14 15:25:59,11.53,1,1,4
3116,TCK-13116,20260415,46,6,1,2026-04-15 05:03:15,2026-04-15 22:32:03,17.48,1,1,
3117,TCK-13117,20250509,4,2,2,2025-05-09 07:52:08,2025-05-10 08:11:20,24.32,1,1,
3118,TCK-13118,20260526,35,6,2,2026-05-26 01:51:37,,,0,0,3
3119,TCK-13119,20250605,10,1,2,2025-06-05 20:52:43,2025-06-07 02:41:55,29.82,1,0,
3120,TCK-13120,20250331,24,3,2,2025-03-31 04:20:14,2025-03-31 18:52:02,14.53,1,0,5
3121,TCK-13121,20250913,6,2,3,2025-09-13 23:56:22,,,0,0,3
3122,TCK-13122,20251114,45,4,3,2025-11-14 19:16:59,2025-11-16 07:01:23,35.74,1,1,5
3123,TCK-13123,20251118,32,6,3,2025-11-18 11:31:07,,,0,0,4
3124,TCK-13124,20250909,27,3,2,2025-09-09 00:53:50,2025-09-09 12:19:02,11.42,1,1,5
3125,TCK-13125,20250901,28,6,3,2025-09-01 10:08:00,,,0,0,
3126,TCK-13126,20250212,21,7,1,2025-02-12 09:09:03,2025-02-13 21:09:39,36.01,1,0,3
3127,TCK-13127,20260417,29,7,3,2026-04-17 02:19:12,2026-04-18 11:12:36,32.89,1,0,2
3128,TCK-13128,20250208,49,1,3,2025-02-08 03:02:05,,,0,0,5
3129,TCK-13129,20250221,7,7,3,2025-02-21 23:13:38,2025-02-23 00:51:26,25.63,1,0,3
3130,TCK-13130,20260205,18,4,1,2026-02-05 21:07:24,,,0,0,5
3131,TCK-13131,20251227,35,8,3,2025-12-27 02:33:52,2025-12-28 17:36:52,39.05,1,1,4
3132,TCK-13132,20260126,3,6,3,2026-01-26 10:25:48,2026-01-27 03:23:24,16.96,1,1,4
3133,TCK-13133,20250609,31,1,1,2025-06-09 22:31:10,,,0,0,4
3134,TCK-13134,20251025,43,2,3,2025-10-25 14:09:40,2025-10-26 11:43:16,21.56,1,1,
3135,TCK-13135,20250130,47,4,3,2025-01-30 17:14:03,2025-01-31 23:53:03,30.65,1,1,5
3136,TCK-13136,20250919,42,6,1,2025-09-19 11:18:38,2025-09-20 01:30:38,14.2,1,1,5
3137,TCK-13137,20250206,37,8,2,2025-02-06 13:24:33,2025-02-07 02:02:57,12.64,1,1,3
3138,TCK-13138,20250328,7,6,2,2025-03-28 13:19:22,2025-03-30 01:10:22,35.85,1,1,3
3139,TCK-13139,20250912,20,7,1,2025-09-12 02:32:03,,,0,0,3
3140,TCK-13140,20250117,10,4,3,2025-01-17 23:02:08,2025-01-18 23:09:20,24.12,1,1,3
3141,TCK-13141,20260426,50,4,1,2026-04-26 22:30:30,2026-04-28 00:58:06,26.46,1,1,4
3142,TCK-13142,20250614,38,8,1,2025-06-14 13:06:23,2025-06-15 00:43:35,11.62,1,1,4
3143,TCK-13143,20250228,43,3,2,2025-02-28 04:23:52,2025-02-28 15:17:16,10.89,1,1,5
3144,TCK-13144,20260604,3,5,3,2026-06-04 23:46:02,2026-06-05 05:15:26,5.49,1,1,3
3145,TCK-13145,20260415,41,8,2,2026-04-15 07:33:32,2026-04-16 00:03:32,16.5,1,1,4
3146,TCK-13146,20260623,16,4,2,2026-06-23 07:49:42,2026-06-24 07:07:42,23.3,1,1,4
3147,TCK-13147,20250820,20,3,3,2025-08-20 00:31:44,,,0,0,3
3148,TCK-13148,20260228,18,7,2,2026-02-28 12:09:32,2026-03-01 12:35:20,24.43,1,0,3
3149,TCK-13149,20251211,10,7,1,2025-12-11 04:28:49,2025-12-12 10:15:37,29.78,1,0,4
3150,TCK-13150,20251021,15,1,1,2025-10-21 01:23:24,2025-10-21 20:03:00,18.66,1,1,5
3151,TCK-13151,20260113,6,3,2,2026-01-13 16:36:47,2026-01-13 23:22:23,6.76,1,1,5
3152,TCK-13152,20251211,1,3,3,2025-12-11 02:26:25,2025-12-11 10:03:01,7.61,1,1,5
3153,TCK-13153,20260515,9,4,3,2026-05-15 16:35:18,2026-05-15 21:16:06,4.68,1,1,3
3154,TCK-13154,20250326,27,7,1,2025-03-26 10:08:30,2025-03-26 18:11:30,8.05,1,0,2
3155,TCK-13155,20250609,20,5,2,2025-06-09 00:09:10,2025-06-09 11:39:10,11.5,1,1,3
3156,TCK-13156,20250314,47,7,1,2025-03-14 07:55:29,2025-03-14 23:18:53,15.39,1,0,
3157,TCK-13157,20250317,15,6,1,2025-03-17 03:58:34,2025-03-18 08:52:34,28.9,1,1,5
3158,TCK-13158,20250912,8,2,2,2025-09-12 21:36:26,2025-09-14 00:10:38,26.57,1,1,4
3159,TCK-13159,20250508,37,2,3,2025-05-08 03:52:37,2025-05-08 07:47:13,3.91,1,1,3
3160,TCK-13160,20250527,44,7,3,2025-05-27 09:46:31,2025-05-27 11:57:19,2.18,1,1,3
3161,TCK-13161,20250322,17,1,1,2025-03-22 08:05:12,2025-03-22 20:47:48,12.71,1,1,4
3162,TCK-13162,20251217,1,2,2,2025-12-17 02:44:45,2025-12-17 18:53:09,16.14,1,1,4
3163,TCK-13163,20260407,20,1,2,2026-04-07 01:32:23,2026-04-07 11:23:59,9.86,1,1,
3164,TCK-13164,20251031,7,7,2,2025-10-31 21:52:32,2025-11-01 12:08:44,14.27,1,0,4
3165,TCK-13165,20251119,18,6,2,2025-11-19 15:08:48,2025-11-20 10:25:00,19.27,1,1,5
3166,TCK-13166,20251002,47,1,2,2025-10-02 00:14:13,,,0,0,4
3167,TCK-13167,20260622,40,5,2,2026-06-22 14:00:38,,,0,0,5
3168,TCK-13168,20260219,12,5,1,2026-02-19 09:04:00,,,0,0,
3169,TCK-13169,20260407,49,3,2,2026-04-07 11:14:04,2026-04-08 11:06:16,23.87,1,0,3
3170,TCK-13170,20250207,6,7,1,2025-02-07 02:01:34,2025-02-08 18:52:34,40.85,1,0,4
3171,TCK-13171,20260210,15,3,2,2026-02-10 01:24:59,2026-02-11 16:09:59,38.75,1,0,
3172,TCK-13172,20260214,34,8,2,2026-02-14 14:38:19,,,0,0,3
3173,TCK-13173,20260614,17,5,3,2026-06-14 02:29:00,,,0,0,3
3174,TCK-13174,20260412,4,2,1,2026-04-12 14:00:48,2026-04-13 02:22:24,12.36,1,1,4
3175,TCK-13175,20251114,37,8,2,2025-11-14 19:12:51,2025-11-15 17:00:15,21.79,1,1,4
3176,TCK-13176,20250420,29,2,1,2025-04-20 18:45:48,2025-04-21 16:21:48,21.6,1,1,4
3177,TCK-13177,20251021,18,3,1,2025-10-21 09:05:51,2025-10-22 10:56:15,25.84,1,0,3
3178,TCK-13178,20260616,43,4,1,2026-06-16 09:42:36,2026-06-18 07:26:24,45.73,1,0,4
3179,TCK-13179,20250422,37,3,1,2025-04-22 15:49:43,2025-04-23 12:26:55,20.62,1,0,5
3180,TCK-13180,20250704,20,1,1,2025-07-04 12:40:25,,,0,0,4
3181,TCK-13181,20250830,30,8,3,2025-08-30 03:29:13,,,0,0,4
3182,TCK-13182,20251007,10,7,3,2025-10-07 16:31:45,2025-10-08 18:10:45,25.65,1,0,4
3183,TCK-13183,20251204,25,6,3,2025-12-04 21:15:53,2025-12-06 03:27:53,30.2,1,1,3
3184,TCK-13184,20250925,6,8,3,2025-09-25 22:05:59,,,0,0,4
3185,TCK-13185,20260327,25,8,3,2026-03-27 01:27:00,2026-03-28 01:50:24,24.39,1,1,5
3186,TCK-13186,20250509,39,6,2,2025-05-09 03:56:45,2025-05-10 12:55:33,32.98,1,1,
3187,TCK-13187,20260725,45,1,2,2026-07-25 19:12:59,,,0,0,3
3188,TCK-13188,20251031,7,8,1,2025-10-31 21:40:41,2025-11-01 23:43:41,26.05,1,1,4
3189,TCK-13189,20250516,43,4,2,2025-05-16 15:44:53,,,0,0,3
3190,TCK-13190,20250604,48,7,2,2025-06-04 11:20:08,2025-06-05 08:14:44,20.91,1,0,
3191,TCK-13191,20250108,4,3,2,2025-01-08 01:42:05,2025-01-08 16:58:53,15.28,1,0,5
3192,TCK-13192,20260311,21,1,1,2026-03-11 02:26:04,,,0,0,5
3193,TCK-13193,20260611,50,5,2,2026-06-11 02:08:05,,,0,0,
3194,TCK-13194,20250717,49,3,3,2025-07-17 16:54:19,2025-07-18 00:18:19,7.4,1,1,
3195,TCK-13195,20250721,9,7,2,2025-07-21 21:59:13,2025-07-23 03:31:37,29.54,1,0,4
3196,TCK-13196,20260227,16,8,3,2026-02-27 11:20:46,2026-02-28 12:01:34,24.68,1,1,4
3197,TCK-13197,20260225,2,3,1,2026-02-25 06:48:05,2026-02-26 04:36:41,21.81,1,0,4
3198,TCK-13198,20250817,41,7,1,2025-08-17 00:09:12,2025-08-17 13:09:12,13.0,1,0,4
3199,TCK-13199,20250713,33,4,2,2025-07-13 10:58:40,2025-07-13 17:31:04,6.54,1,1,
3200,TCK-13200,20250116,18,8,2,2025-01-16 07:09:14,2025-01-16 16:08:38,8.99,1,1,3
3201,TCK-13201,20260701,9,3,2,2026-07-01 04:56:56,2026-07-01 12:38:56,7.7,1,1,
3202,TCK-13202,20260418,16,7,3,2026-04-18 18:16:38,,,0,0,5
3203,TCK-13203,20250709,21,3,1,2025-07-09 19:26:48,2025-07-10 09:20:12,13.89,1,0,5
3204,TCK-13204,20260316,41,4,3,2026-03-16 22:46:34,2026-03-18 17:36:58,42.84,1,0,
3205,TCK-13205,20250217,15,5,1,2025-02-17 13:16:01,2025-02-19 04:40:37,39.41,1,0,4
3206,TCK-13206,20251223,21,2,2,2025-12-23 19:43:42,2025-12-25 02:59:18,31.26,1,1,
3207,TCK-13207,20260509,11,7,3,2026-05-09 16:30:59,2026-05-10 16:20:11,23.82,1,0,
3208,TCK-13208,20250930,46,3,1,2025-09-30 12:15:29,2025-10-01 16:41:17,28.43,1,0,5
3209,TCK-13209,20250810,2,7,3,2025-08-10 04:12:20,2025-08-10 07:12:20,3.0,1,1,
3210,TCK-13210,20251124,40,1,1,2025-11-24 11:42:39,2025-11-25 19:04:51,31.37,1,0,4
3211,TCK-13211,20260103,13,8,3,2026-01-03 15:54:37,2026-01-04 01:36:37,9.7,1,1,5
3212,TCK-13212,20260408,47,3,2,2026-04-08 08:43:05,2026-04-08 18:54:29,10.19,1,1,4
3213,TCK-13213,20260625,14,8,1,2026-06-25 13:09:22,2026-06-25 17:57:22,4.8,1,1,
3214,TCK-13214,20251026,36,3,2,2025-10-26 23:54:10,2025-10-27 02:00:46,2.11,1,1,
3215,TCK-13215,20260106,3,1,3,2026-01-06 12:15:02,2026-01-07 00:00:38,11.76,1,1,4
3216,TCK-13216,20250523,36,5,3,2025-05-23 16:29:14,,,0,0,4
3217,TCK-13217,20260619,46,8,3,2026-06-19 16:12:05,2026-06-20 15:48:41,23.61,1,1,3
3218,TCK-13218,20250602,23,5,3,2025-06-02 05:00:30,2025-06-02 20:40:06,15.66,1,1,
3219,TCK-13219,20251030,36,8,1,2025-10-30 04:34:30,2025-10-30 17:07:30,12.55,1,1,3
3220,TCK-13220,20260317,45,8,3,2026-03-17 06:40:25,2026-03-18 11:54:13,29.23,1,1,5
3221,TCK-13221,20250120,44,6,1,2025-01-20 00:23:56,2025-01-20 02:17:56,1.9,1,1,4
3222,TCK-13222,20250512,9,5,3,2025-05-12 13:56:11,2025-05-13 16:18:23,26.37,1,0,
3223,TCK-13223,20250904,9,8,1,2025-09-04 10:02:09,2025-09-05 06:57:57,20.93,1,1,5
3224,TCK-13224,20251009,10,5,3,2025-10-09 06:29:21,2025-10-10 01:26:57,18.96,1,1,5
3225,TCK-13225,20250425,2,3,3,2025-04-25 13:45:25,2025-04-26 05:46:01,16.01,1,0,5
3226,TCK-13226,20251109,31,7,3,2025-11-09 00:15:13,,,0,0,3
3227,TCK-13227,20250120,5,5,2,2025-01-20 12:06:27,2025-01-21 05:38:15,17.53,1,1,4
3228,TCK-13228,20251206,48,5,2,2025-12-06 17:01:06,2025-12-07 03:45:30,10.74,1,1,3
3229,TCK-13229,20260613,11,7,3,2026-06-13 00:37:08,2026-06-13 20:05:20,19.47,1,0,4
3230,TCK-13230,20260302,37,7,3,2026-03-02 03:46:46,2026-03-03 14:42:34,34.93,1,0,5
3231,TCK-13231,20250908,45,6,1,2025-09-08 22:10:08,2025-09-10 20:31:44,46.36,1,1,4
3232,TCK-13232,20260401,42,4,2,2026-04-01 20:19:15,2026-04-02 14:16:51,17.96,1,1,4
3233,TCK-13233,20250628,26,5,2,2025-06-28 10:47:55,2025-06-29 02:14:19,15.44,1,1,
3234,TCK-13234,20250612,50,2,2,2025-06-12 10:20:32,2025-06-13 02:44:32,16.4,1,1,3
3235,TCK-13235,20250815,3,3,2,2025-08-15 02:28:17,2025-08-16 01:16:53,22.81,1,0,
3236,TCK-13236,20260103,17,4,1,2026-01-03 17:57:51,2026-01-04 08:08:39,14.18,1,1,
3237,TCK-13237,20250515,20,7,1,2025-05-15 05:38:57,2025-05-15 08:38:57,3.0,1,1,3
3238,TCK-13238,20260109,47,5,3,2026-01-09 19:56:11,2026-01-11 06:39:59,34.73,1,0,3
3239,TCK-13239,20250401,32,6,2,2025-04-01 03:43:12,2025-04-02 08:01:12,28.3,1,1,4
3240,TCK-13240,20260226,30,5,2,2026-02-26 04:28:55,2026-02-26 14:49:19,10.34,1,1,4
3241,TCK-13241,20260807,36,7,1,2026-08-07 11:33:36,2026-08-08 01:22:12,13.81,1,0,4
3242,TCK-13242,20250705,11,6,3,2025-07-05 03:49:13,2025-07-05 16:48:37,12.99,1,1,3
3243,TCK-13243,20251006,13,1,3,2025-10-06 14:27:43,2025-10-07 02:24:07,11.94,1,1,
3244,TCK-13244,20260523,44,4,1,2026-05-23 08:24:57,2026-05-24 09:36:57,25.2,1,1,4
3245,TCK-13245,20250510,39,8,3,2025-05-10 14:06:40,,,0,0,4
3246,TCK-13246,20260513,34,4,1,2026-05-13 23:34:56,2026-05-14 20:25:20,20.84,1,1,5
3247,TCK-13247,20250418,42,7,3,2025-04-18 17:49:49,2025-04-18 23:39:01,5.82,1,1,3
3248,TCK-13248,20260806,46,4,1,2026-08-06 00:41:00,2026-08-06 13:41:00,13.0,1,1,4
3249,TCK-13249,20260419,21,5,2,2026-04-19 21:57:41,2026-04-21 07:57:05,33.99,1,0,4
3250,TCK-13250,20250624,26,1,2,2025-06-24 23:27:08,2025-06-25 23:21:08,23.9,1,1,3
3251,TCK-13251,20260805,23,5,2,2026-08-05 03:44:25,2026-08-06 12:48:01,33.06,1,0,4
3252,TCK-13252,20251204,34,4,3,2025-12-04 20:40:45,,,0,0,5
3253,TCK-13253,20260810,46,8,3,2026-08-10 13:23:32,,,0,0,4
3254,TCK-13254,20260720,27,8,2,2026-07-20 02:24:30,2026-07-20 11:59:18,9.58,1,1,4
3255,TCK-13255,20250804,45,1,2,2025-08-04 01:28:41,2025-08-05 06:02:17,28.56,1,0,5
3256,TCK-13256,20250717,44,7,1,2025-07-17 10:42:01,2025-07-17 17:51:37,7.16,1,1,
3257,TCK-13257,20250610,38,4,2,2025-06-10 04:12:12,2025-06-10 12:55:24,8.72,1,1,4
3258,TCK-13258,20251215,38,4,2,2025-12-15 04:35:21,2025-12-16 06:31:45,25.94,1,1,
3259,TCK-13259,20251119,26,3,3,2025-11-19 06:10:29,2025-11-20 02:44:41,20.57,1,0,4
3260,TCK-13260,20250609,29,5,3,2025-06-09 08:38:44,2025-06-09 12:19:32,3.68,1,1,
3261,TCK-13261,20260509,18,3,1,2026-05-09 15:04:18,2026-05-09 16:36:42,1.54,1,1,3
3262,TCK-13262,20251219,24,6,2,2025-12-19 22:28:02,,,0,0,
3263,TCK-13263,20260427,8,1,2,2026-04-27 08:04:12,2026-04-27 16:19:12,8.25,1,1,5
3264,TCK-13264,20250424,26,5,2,2025-04-24 05:06:35,2025-04-25 14:07:47,33.02,1,0,3
3265,TCK-13265,20250115,44,3,2,2025-01-15 13:20:01,2025-01-15 17:26:37,4.11,1,1,5
3266,TCK-13266,20250831,42,3,3,2025-08-31 20:45:40,2025-09-01 07:51:40,11.1,1,1,4
3267,TCK-13267,20250105,43,6,1,2025-01-05 08:23:23,2025-01-06 17:34:47,33.19,1,1,
3268,TCK-13268,20251207,46,7,1,2025-12-07 13:00:31,2025-12-08 01:38:55,12.64,1,0,3
3269,TCK-13269,20250521,42,4,1,2025-05-21 15:26:54,,,0,0,3
3270,TCK-13270,20260225,44,1,2,2026-02-25 01:01:33,2026-02-25 19:03:57,18.04,1,1,3
3271,TCK-13271,20250118,37,3,2,2025-01-18 05:43:11,2025-01-18 13:31:47,7.81,1,1,4
3272,TCK-13272,20260414,7,1,2,2026-04-14 19:02:27,2026-04-15 15:48:39,20.77,1,1,4
3273,TCK-13273,20250626,7,6,3,2025-06-26 01:03:13,2025-06-26 22:11:37,21.14,1,1,
3274,TCK-13274,20250617,31,7,3,2025-06-17 03:24:11,2025-06-18 07:52:59,28.48,1,0,4
3275,TCK-13275,20250316,48,4,3,2025-03-16 23:38:10,2025-03-18 02:25:34,26.79,1,1,4
3276,TCK-13276,20250126,15,1,2,2025-01-26 15:05:10,2025-01-27 04:08:46,13.06,1,1,5
3277,TCK-13277,20250827,33,3,1,2025-08-27 20:29:28,2025-08-27 22:07:16,1.63,1,1,4
3278,TCK-13278,20260709,48,6,2,2026-07-09 17:56:28,2026-07-10 02:10:16,8.23,1,1,4
3279,TCK-13279,20260615,11,4,1,2026-06-15 22:47:47,2026-06-16 15:33:23,16.76,1,1,
3280,TCK-13280,20260721,37,3,2,2026-07-21 01:57:18,2026-07-21 17:10:30,15.22,1,0,3
3281,TCK-13281,20260518,18,3,3,2026-05-18 13:00:54,2026-05-19 16:48:54,27.8,1,0,2
3282,TCK-13282,20250921,10,5,2,2025-09-21 10:11:23,2025-09-21 15:49:47,5.64,1,1,4
3283,TCK-13283,20250925,35,8,3,2025-09-25 00:28:00,2025-09-25 15:57:24,15.49,1,1,3
3284,TCK-13284,20250224,50,8,2,2025-02-24 13:05:09,,,0,0,2
3285,TCK-13285,20250608,20,3,3,2025-06-08 12:33:03,2025-06-08 13:30:39,0.96,1,1,
3286,TCK-13286,20250314,44,3,2,2025-03-14 22:41:48,2025-03-15 19:14:48,20.55,1,0,4
3287,TCK-13287,20260613,42,8,1,2026-06-13 13:02:21,2026-06-14 04:28:09,15.43,1,1,
3288,TCK-13288,20260216,45,4,1,2026-02-16 12:19:30,,,0,0,3
3289,TCK-13289,20250528,5,6,3,2025-05-28 14:37:33,2025-05-29 14:26:09,23.81,1,1,4
3290,TCK-13290,20260105,36,5,1,2026-01-05 07:23:43,2026-01-06 12:23:07,28.99,1,0,
3291,TCK-13291,20250925,36,2,3,2025-09-25 17:01:33,2025-09-26 17:34:33,24.55,1,1,4
3292,TCK-13292,20260111,7,7,2,2026-01-11 05:02:30,2026-01-11 23:55:54,18.89,1,0,
3293,TCK-13293,20250301,19,1,2,2025-03-01 09:14:14,2025-03-01 16:40:02,7.43,1,1,4
3294,TCK-13294,20250605,45,7,2,2025-06-05 20:58:18,2025-06-06 10:18:06,13.33,1,0,
3295,TCK-13295,20250222,1,1,3,2025-02-22 21:30:03,2025-02-23 06:38:27,9.14,1,1,4
3296,TCK-13296,20250219,24,3,1,2025-02-19 04:22:42,2025-02-19 20:01:42,15.65,1,0,3
3297,TCK-13297,20250629,44,4,3,2025-06-29 01:05:00,,,0,0,2
3298,TCK-13298,20260430,40,8,2,2026-04-30 08:41:29,2026-04-30 13:40:53,4.99,1,1,3
3299,TCK-13299,20251126,28,4,3,2025-11-26 19:55:47,,,0,0,4
3300,TCK-13300,20250922,25,6,1,2025-09-22 21:41:10,2025-09-24 12:27:22,38.77,1,1,
3301,TCK-13301,20250805,23,5,1,2025-08-05 14:18:02,,,0,0,4
3302,TCK-13302,20250824,30,4,1,2025-08-24 14:50:27,2025-08-25 05:04:15,14.23,1,1,3
3303,TCK-13303,20250428,35,8,2,2025-04-28 23:43:57,2025-04-29 08:53:33,9.16,1,1,4
3304,TCK-13304,20251105,30,8,1,2025-11-05 19:42:02,2025-11-06 05:12:38,9.51,1,1,3
3305,TCK-13305,20250205,18,2,2,2025-02-05 16:03:13,,,0,0,3
3306,TCK-13306,20250216,19,7,1,2025-02-16 21:22:28,2025-02-17 08:21:16,10.98,1,0,5
3307,TCK-13307,20250922,12,7,1,2025-09-22 11:48:15,2025-09-24 01:38:39,37.84,1,0,
3308,TCK-13308,20250228,45,2,1,2025-02-28 22:33:23,2025-03-01 13:51:59,15.31,1,1,5
3309,TCK-13309,20260722,40,7,3,2026-07-22 21:46:20,2026-07-23 14:07:20,16.35,1,0,5
3310,TCK-13310,20250803,33,7,1,2025-08-03 01:52:42,2025-08-04 01:35:18,23.71,1,0,3
3311,TCK-13311,20250601,10,1,1,2025-06-01 21:54:26,2025-06-02 01:25:38,3.52,1,1,5
3312,TCK-13312,20251206,22,3,1,2025-12-06 09:34:52,2025-12-07 01:15:40,15.68,1,0,5
3313,TCK-13313,20250525,40,2,3,2025-05-25 02:54:48,2025-05-25 05:28:24,2.56,1,1,3
3314,TCK-13314,20260131,20,5,2,2026-01-31 00:18:11,2026-01-31 03:47:35,3.49,1,1,5
3315,TCK-13315,20250704,31,5,3,2025-07-04 02:16:27,2025-07-04 17:13:27,14.95,1,1,4
3316,TCK-13316,20250705,10,5,2,2025-07-05 13:28:55,,,0,0,4
3317,TCK-13317,20260622,35,8,3,2026-06-22 14:30:21,2026-06-23 04:34:33,14.07,1,1,5
3318,TCK-13318,20251012,16,5,1,2025-10-12 00:07:58,2025-10-13 13:49:22,37.69,1,0,4
3319,TCK-13319,20251203,1,4,2,2025-12-03 19:27:11,2025-12-03 20:16:59,0.83,1,1,5
3320,TCK-13320,20250913,25,4,2,2025-09-13 16:38:01,2025-09-14 23:30:49,30.88,1,1,3
3321,TCK-13321,20250906,39,5,2,2025-09-06 13:46:50,2025-09-06 18:51:02,5.07,1,1,
3322,TCK-13322,20260216,36,6,2,2026-02-16 04:45:08,2026-02-17 14:09:08,33.4,1,1,5
3323,TCK-13323,20260305,43,8,1,2026-03-05 10:39:16,2026-03-05 12:05:40,1.44,1,1,4
3324,TCK-13324,20250514,46,1,1,2025-05-14 14:40:59,2025-05-15 08:03:47,17.38,1,1,4
3325,TCK-13325,20260519,46,3,3,2026-05-19 02:34:26,2026-05-20 09:39:14,31.08,1,0,3
3326,TCK-13326,20250306,13,6,2,2025-03-06 03:08:40,2025-03-07 20:52:28,41.73,1,1,5
3327,TCK-13327,20260707,32,3,3,2026-07-07 01:57:25,2026-07-07 21:48:25,19.85,1,0,5
3328,TCK-13328,20260121,26,6,3,2026-01-21 07:22:27,2026-01-21 18:23:39,11.02,1,1,5
3329,TCK-13329,20260619,36,3,3,2026-06-19 05:21:08,2026-06-20 13:10:20,31.82,1,0,3
3330,TCK-13330,20250212,38,7,2,2025-02-12 10:53:39,2025-02-12 13:23:39,2.5,1,1,4
3331,TCK-13331,20260529,35,5,1,2026-05-29 05:44:53,2026-05-29 09:56:53,4.2,1,1,5
3332,TCK-13332,20250814,6,1,1,2025-08-14 21:10:52,2025-08-15 08:31:16,11.34,1,1,4
3333,TCK-13333,20250613,48,3,1,2025-06-13 00:13:55,2025-06-13 15:46:19,15.54,1,0,3
3334,TCK-13334,20260713,31,8,3,2026-07-13 12:08:27,,,0,0,4
3335,TCK-13335,20250528,31,6,1,2025-05-28 16:29:47,2025-05-29 19:48:23,27.31,1,1,
3336,TCK-13336,20250820,36,8,2,2025-08-20 08:28:05,,,0,0,
3337,TCK-13337,20250822,35,3,3,2025-08-22 07:17:40,2025-08-23 03:25:28,20.13,1,0,4
3338,TCK-13338,20251217,16,6,2,2025-12-17 13:11:12,,,0,0,
3339,TCK-13339,20250207,42,8,2,2025-02-07 01:16:21,2025-02-07 17:02:33,15.77,1,1,4
3340,TCK-13340,20260419,50,1,1,2026-04-19 07:47:40,2026-04-19 13:17:40,5.5,1,1,
3341,TCK-13341,20251116,2,6,2,2025-11-16 22:10:50,2025-11-17 19:21:02,21.17,1,1,2
3342,TCK-13342,20260618,27,6,2,2026-06-18 19:46:50,2026-06-19 16:57:02,21.17,1,1,5
3343,TCK-13343,20251028,3,8,3,2025-10-28 03:06:26,2025-10-28 07:35:50,4.49,1,1,
3344,TCK-13344,20260214,19,7,3,2026-02-14 20:29:14,2026-02-15 06:36:26,10.12,1,0,5
3345,TCK-13345,20260612,18,1,2,2026-06-12 21:59:57,2026-06-13 15:34:09,17.57,1,1,3
3346,TCK-13346,20250314,12,3,3,2025-03-14 22:10:18,2025-03-15 16:42:06,18.53,1,0,2
3347,TCK-13347,20260310,1,8,1,2026-03-10 05:15:43,2026-03-10 17:57:43,12.7,1,1,3
3348,TCK-13348,20251009,27,5,1,2025-10-09 01:31:26,2025-10-09 12:02:02,10.51,1,1,4
3349,TCK-13349,20250819,4,3,3,2025-08-19 07:36:32,2025-08-20 05:52:08,22.26,1,0,
3350,TCK-13350,20260120,49,8,1,2026-01-20 04:34:14,2026-01-20 08:08:26,3.57,1,1,5
3351,TCK-13351,20250118,35,2,1,2025-01-18 03:23:52,2025-01-18 07:57:28,4.56,1,1,4
3352,TCK-13352,20250513,2,7,2,2025-05-13 20:41:28,2025-05-14 01:53:28,5.2,1,1,4
3353,TCK-13353,20260318,39,7,2,2026-03-18 21:39:23,2026-03-20 07:34:35,33.92,1,0,3
3354,TCK-13354,20251218,37,8,2,2025-12-18 19:36:23,,,0,0,
3355,TCK-13355,20250903,42,6,2,2025-09-03 22:40:24,2025-09-04 15:56:00,17.26,1,1,
3356,TCK-13356,20260727,5,6,2,2026-07-27 07:39:22,,,0,0,4
3357,TCK-13357,20260111,43,3,3,2026-01-11 04:51:59,2026-01-11 06:17:47,1.43,1,1,4
3358,TCK-13358,20251117,26,3,1,2025-11-17 03:55:04,2025-11-17 21:05:52,17.18,1,0,4
3359,TCK-13359,20251030,19,6,2,2025-10-30 10:09:03,2025-11-01 01:42:39,39.56,1,1,
3360,TCK-13360,20260420,17,7,3,2026-04-20 06:01:32,2026-04-21 05:59:08,23.96,1,0,4
3361,TCK-13361,20250626,16,6,3,2025-06-26 23:59:05,2025-06-27 22:23:05,22.4,1,1,3
3362,TCK-13362,20250627,45,1,3,2025-06-27 18:12:49,2025-06-30 00:48:13,54.59,1,0,5
3363,TCK-13363,20250401,12,5,1,2025-04-01 17:57:02,2025-04-01 18:33:02,0.6,1,1,5
3364,TCK-13364,20250304,37,6,3,2025-03-04 22:01:18,,,0,0,5
3365,TCK-13365,20250831,9,5,1,2025-08-31 04:20:19,2025-09-01 20:53:55,40.56,1,0,
3366,TCK-13366,20250827,20,2,1,2025-08-27 08:51:32,2025-08-28 16:39:32,31.8,1,1,4
3367,TCK-13367,20260418,12,7,3,2026-04-18 13:34:26,2026-04-19 23:36:14,34.03,1,0,4
3368,TCK-13368,20250619,2,2,1,2025-06-19 19:05:56,2025-06-20 19:41:20,24.59,1,1,5
3369,TCK-13369,20251109,38,2,2,2025-11-09 17:02:10,2025-11-10 15:48:58,22.78,1,1,5
3370,TCK-13370,20260227,25,2,3,2026-02-27 09:51:23,2026-02-28 09:04:35,23.22,1,1,
3371,TCK-13371,20250206,37,2,3,2025-02-06 16:09:04,2025-02-07 14:54:40,22.76,1,1,5
3372,TCK-13372,20250605,29,4,1,2025-06-05 07:48:27,,,0,0,1
3373,TCK-13373,20250112,6,2,2,2025-01-12 20:13:44,2025-01-13 17:16:44,21.05,1,1,3
3374,TCK-13374,20251125,3,8,2,2025-11-25 00:07:15,2025-11-25 01:37:15,1.5,1,1,5
3375,TCK-13375,20260112,17,4,2,2026-01-12 13:01:31,2026-01-13 11:07:31,22.1,1,1,3
3376,TCK-13376,20260410,32,1,3,2026-04-10 11:48:45,2026-04-11 08:12:09,20.39,1,1,4
3377,TCK-13377,20250802,49,2,2,2025-08-02 03:25:01,,,0,0,4
3378,TCK-13378,20250226,42,2,1,2025-02-26 10:49:56,2025-02-26 14:55:20,4.09,1,1,
3379,TCK-13379,20260124,40,4,3,2026-01-24 06:03:27,2026-01-25 09:11:15,27.13,1,1,5
3380,TCK-13380,20260211,39,5,2,2026-02-11 12:43:38,2026-02-12 08:36:26,19.88,1,1,5
3381,TCK-13381,20260520,2,8,1,2026-05-20 03:47:43,2026-05-20 21:32:43,17.75,1,1,4
3382,TCK-13382,20250219,42,2,2,2025-02-19 17:26:12,2025-02-19 20:26:12,3.0,1,1,4
3383,TCK-13383,20260518,35,7,2,2026-05-18 09:18:56,2026-05-19 06:44:08,21.42,1,0,3
3384,TCK-13384,20251210,30,3,1,2025-12-10 19:46:00,,,0,0,4
3385,TCK-13385,20260709,21,3,3,2026-07-09 22:09:43,2026-07-11 11:17:31,37.13,1,0,4
3386,TCK-13386,20250428,40,2,1,2025-04-28 18:26:50,2025-04-29 15:13:02,20.77,1,1,5
3387,TCK-13387,20260710,32,4,2,2026-07-10 17:58:13,2026-07-11 00:26:25,6.47,1,1,4
3388,TCK-13388,20260629,16,4,1,2026-06-29 00:02:16,2026-06-29 07:35:16,7.55,1,1,5
3389,TCK-13389,20260614,18,7,2,2026-06-14 13:47:30,,,0,0,3
3390,TCK-13390,20260214,3,2,1,2026-02-14 07:06:29,2026-02-15 10:17:53,27.19,1,1,3
3391,TCK-13391,20260102,17,1,1,2026-01-02 16:19:00,2026-01-03 04:34:36,12.26,1,1,
3392,TCK-13392,20260114,6,5,2,2026-01-14 14:11:34,2026-01-15 05:32:34,15.35,1,1,5
3393,TCK-13393,20260706,27,2,1,2026-07-06 12:07:06,2026-07-08 03:16:42,39.16,1,1,3
3394,TCK-13394,20250620,34,2,1,2025-06-20 12:47:47,2025-06-21 01:51:23,13.06,1,1,5
3395,TCK-13395,20250629,17,7,2,2025-06-29 23:25:32,,,0,0,4
3396,TCK-13396,20250402,29,4,2,2025-04-02 08:51:01,2025-04-02 18:39:01,9.8,1,1,3
3397,TCK-13397,20260804,22,6,2,2026-08-04 11:43:26,2026-08-04 15:01:26,3.3,1,1,
3398,TCK-13398,20250405,6,4,1,2025-04-05 19:26:41,,,0,0,4
3399,TCK-13399,20251001,31,7,3,2025-10-01 21:08:44,2025-10-02 09:18:20,12.16,1,0,5
3400,TCK-13400,20250826,34,4,2,2025-08-26 17:23:42,2025-08-27 09:07:30,15.73,1,1,
3401,TCK-13401,20260407,41,6,3,2026-04-07 00:50:37,2026-04-08 14:03:49,37.22,1,1,4
3402,TCK-13402,20250203,24,7,3,2025-02-03 17:07:04,2025-02-04 18:37:04,25.5,1,0,2
3403,TCK-13403,20260625,18,1,1,2026-06-25 20:16:35,2026-06-27 11:56:47,39.67,1,0,2
3404,TCK-13404,20260307,45,1,1,2026-03-07 05:51:31,,,0,0,4
3405,TCK-13405,20251230,12,2,2,2025-12-30 08:18:39,2025-12-30 17:37:15,9.31,1,1,4
3406,TCK-13406,20260503,49,2,3,2026-05-03 22:44:22,,,0,0,
3407,TCK-13407,20250108,33,6,1,2025-01-08 00:07:26,,,0,0,4
3408,TCK-13408,20250729,29,2,3,2025-07-29 08:19:29,2025-07-30 06:39:53,22.34,1,1,3
3409,TCK-13409,20250501,21,3,1,2025-05-01 13:45:13,2025-05-02 13:50:37,24.09,1,0,3
3410,TCK-13410,20250217,6,8,3,2025-02-17 01:05:28,2025-02-17 10:47:28,9.7,1,1,
3411,TCK-13411,20251212,42,5,3,2025-12-12 14:25:04,2025-12-12 22:53:52,8.48,1,1,5
3412,TCK-13412,20250403,19,5,3,2025-04-03 22:58:54,2025-04-04 00:38:30,1.66,1,1,5
3413,TCK-13413,20251226,46,4,2,2025-12-26 04:50:56,2025-12-26 08:37:08,3.77,1,1,3
3414,TCK-13414,20260220,23,8,3,2026-02-20 21:31:36,,,0,0,
3415,TCK-13415,20260301,9,4,1,2026-03-01 10:24:17,2026-03-01 18:17:05,7.88,1,1,2
3416,TCK-13416,20250514,36,6,3,2025-05-14 23:46:04,,,0,0,4
3417,TCK-13417,20260619,44,8,1,2026-06-19 19:17:04,,,0,0,3
3418,TCK-13418,20250319,8,2,2,2025-03-19 09:59:25,2025-03-20 05:42:37,19.72,1,1,3
3419,TCK-13419,20260414,49,4,1,2026-04-14 11:51:19,2026-04-14 19:45:55,7.91,1,1,5
3420,TCK-13420,20250904,12,6,3,2025-09-04 15:46:42,2025-09-05 00:19:42,8.55,1,1,3
3421,TCK-13421,20250227,1,8,2,2025-02-27 15:35:35,,,0,0,2
3422,TCK-13422,20251209,12,6,1,2025-12-09 03:10:05,2025-12-09 19:28:41,16.31,1,1,
3423,TCK-13423,20260510,26,3,1,2026-05-10 18:37:03,2026-05-10 22:00:27,3.39,1,1,4
3424,TCK-13424,20250728,47,7,2,2025-07-28 17:13:53,2025-07-29 12:58:53,19.75,1,0,3
3425,TCK-13425,20250517,34,7,3,2025-05-17 03:49:45,2025-05-18 01:26:21,21.61,1,0,
3426,TCK-13426,20250122,49,8,1,2025-01-22 14:02:51,2025-01-23 04:19:39,14.28,1,1,4
3427,TCK-13427,20260322,46,7,3,2026-03-22 18:14:10,2026-03-23 19:24:22,25.17,1,0,2
3428,TCK-13428,20251005,33,4,2,2025-10-05 19:09:43,2025-10-05 20:01:19,0.86,1,1,5
3429,TCK-13429,20260224,12,7,3,2026-02-24 11:03:54,2026-02-25 00:08:06,13.07,1,0,5
3430,TCK-13430,20250517,29,7,2,2025-05-17 13:30:25,2025-05-18 04:37:01,15.11,1,0,5
3431,TCK-13431,20251005,38,2,2,2025-10-05 15:30:36,2025-10-06 23:46:48,32.27,1,1,3
3432,TCK-13432,20250602,49,6,1,2025-06-02 01:11:27,,,0,0,5
3433,TCK-13433,20260203,48,4,1,2026-02-03 21:57:16,2026-02-04 16:00:16,18.05,1,1,3
3434,TCK-13434,20250203,40,4,1,2025-02-03 14:48:49,,,0,0,5
3435,TCK-13435,20250821,25,1,3,2025-08-21 10:05:27,2025-08-22 08:42:03,22.61,1,1,4
3436,TCK-13436,20250509,8,8,2,2025-05-09 10:45:35,2025-05-10 06:14:59,19.49,1,1,3
3437,TCK-13437,20250803,23,1,3,2025-08-03 12:46:59,2025-08-04 00:39:11,11.87,1,1,
3438,TCK-13438,20250922,14,7,1,2025-09-22 04:09:34,,,0,0,4
3439,TCK-13439,20260422,15,3,3,2026-04-22 04:57:50,,,0,0,3
3440,TCK-13440,20250415,14,6,3,2025-04-15 01:14:51,2025-04-15 19:52:39,18.63,1,1,4
3441,TCK-13441,20251116,35,1,1,2025-11-16 04:41:13,2025-11-16 05:40:37,0.99,1,1,4
3442,TCK-13442,20250827,13,5,1,2025-08-27 06:43:07,2025-08-28 13:43:43,31.01,1,0,4
3443,TCK-13443,20250326,26,5,2,2025-03-26 04:23:41,2025-03-26 15:14:05,10.84,1,1,5
3444,TCK-13444,20260621,7,4,2,2026-06-21 22:41:40,2026-06-22 12:42:52,14.02,1,1,4
3445,TCK-13445,20260130,43,7,3,2026-01-30 17:01:57,,,0,0,3
3446,TCK-13446,20260101,46,5,2,2026-01-01 09:19:46,,,0,0,
3447,TCK-13447,20260707,43,6,2,2026-07-07 07:29:39,2026-07-07 23:16:27,15.78,1,1,4
3448,TCK-13448,20250722,29,3,3,2025-07-22 20:38:27,2025-07-23 09:52:15,13.23,1,0,4
3449,TCK-13449,20250807,36,3,3,2025-08-07 20:51:36,2025-08-08 02:10:12,5.31,1,1,3
3450,TCK-13450,20250324,14,4,3,2025-03-24 22:23:01,2025-03-26 04:45:13,30.37,1,1,5
3451,TCK-13451,20250324,24,7,2,2025-03-24 21:43:46,2025-03-25 10:19:10,12.59,1,0,5
3452,TCK-13452,20250207,43,7,3,2025-02-07 12:41:29,2025-02-08 03:30:41,14.82,1,0,
3453,TCK-13453,20260629,37,5,3,2026-06-29 13:15:09,2026-06-30 19:40:21,30.42,1,0,3
3454,TCK-13454,20251209,34,1,1,2025-12-09 05:19:09,,,0,0,3
3455,TCK-13455,20251227,21,3,1,2025-12-27 18:48:25,2025-12-28 08:52:01,14.06,1,0,3
3456,TCK-13456,20250921,39,7,1,2025-09-21 19:21:58,2025-09-23 05:08:46,33.78,1,0,4
3457,TCK-13457,20260322,24,5,2,2026-03-22 21:41:23,2026-03-23 02:02:23,4.35,1,1,4
3458,TCK-13458,20250404,48,1,1,2025-04-04 00:42:09,2025-04-05 21:58:57,45.28,1,0,3
3459,TCK-13459,20250621,44,7,1,2025-06-21 11:47:24,2025-06-21 12:52:12,1.08,1,1,4
3460,TCK-13460,20251019,14,3,3,2025-10-19 16:28:17,2025-10-20 07:22:53,14.91,1,0,4
3461,TCK-13461,20250507,38,1,1,2025-05-07 01:38:00,2025-05-07 08:09:48,6.53,1,1,4
3462,TCK-13462,20250801,29,1,3,2025-08-01 23:09:26,2025-08-03 05:15:26,30.1,1,0,4
3463,TCK-13463,20260611,31,4,3,2026-06-11 11:39:23,2026-06-12 03:36:59,15.96,1,1,5
3464,TCK-13464,20250124,43,1,3,2025-01-24 19:12:31,2025-01-25 00:38:55,5.44,1,1,5
3465,TCK-13465,20250421,36,6,3,2025-04-21 00:18:22,2025-04-22 02:19:34,26.02,1,1,3
3466,TCK-13466,20250807,32,5,2,2025-08-07 22:14:34,2025-08-08 12:49:22,14.58,1,1,4
3467,TCK-13467,20260810,33,6,1,2026-08-10 00:42:21,2026-08-10 03:06:21,2.4,1,1,5
3468,TCK-13468,20260406,20,8,3,2026-04-06 14:05:37,2026-04-07 08:55:25,18.83,1,1,3
3469,TCK-13469,20251230,17,5,1,2025-12-30 01:38:52,2025-12-30 16:38:52,15.0,1,1,
3470,TCK-13470,20250301,21,3,3,2025-03-01 04:15:02,2025-03-02 06:19:14,26.07,1,0,3
3471,TCK-13471,20250619,39,5,2,2025-06-19 08:59:14,2025-06-19 17:42:26,8.72,1,1,3
3472,TCK-13472,20250711,8,6,1,2025-07-11 03:43:22,2025-07-12 09:39:10,29.93,1,1,4
3473,TCK-13473,20251114,22,1,1,2025-11-14 13:39:18,2025-11-15 08:02:06,18.38,1,1,
3474,TCK-13474,20250806,4,5,3,2025-08-06 15:25:16,2025-08-06 16:50:28,1.42,1,1,4
3475,TCK-13475,20250710,6,2,2,2025-07-10 05:07:51,2025-07-11 08:25:51,27.3,1,1,4
3476,TCK-13476,20251226,21,7,3,2025-12-26 17:50:26,2025-12-27 07:48:38,13.97,1,0,3
3477,TCK-13477,20250506,20,1,1,2025-05-06 10:33:38,2025-05-07 06:22:50,19.82,1,1,4
3478,TCK-13478,20250817,7,7,1,2025-08-17 16:20:20,2025-08-18 11:07:08,18.78,1,0,4
3479,TCK-13479,20250112,34,8,1,2025-01-12 03:56:56,2025-01-13 02:28:08,22.52,1,1,5
3480,TCK-13480,20250405,35,8,1,2025-04-05 11:35:03,2025-04-07 00:48:51,37.23,1,1,3
3481,TCK-13481,20260118,26,2,1,2026-01-18 01:56:22,2026-01-18 04:30:34,2.57,1,1,3
3482,TCK-13482,20260630,27,4,3,2026-06-30 14:05:32,2026-07-01 06:01:56,15.94,1,1,
3483,TCK-13483,20250601,20,1,3,2025-06-01 19:54:13,2025-06-02 10:21:13,14.45,1,1,5
3484,TCK-13484,20250414,32,6,1,2025-04-14 19:27:05,2025-04-15 06:25:17,10.97,1,1,4
3485,TCK-13485,20251228,37,4,2,2025-12-28 05:08:02,2025-12-29 06:00:14,24.87,1,1,4
3486,TCK-13486,20250316,31,1,1,2025-03-16 15:31:23,2025-03-17 00:41:35,9.17,1,1,5
3487,TCK-13487,20250419,26,1,2,2025-04-19 02:44:58,,,0,0,5
3488,TCK-13488,20250203,9,7,3,2025-02-03 20:14:58,2025-02-04 09:41:22,13.44,1,0,5
3489,TCK-13489,20260518,21,2,2,2026-05-18 21:05:10,2026-05-19 12:02:10,14.95,1,1,4
3490,TCK-13490,20250515,43,2,1,2025-05-15 21:45:41,2025-05-17 03:57:41,30.2,1,1,3
3491,TCK-13491,20250706,4,4,1,2025-07-06 10:22:37,,,0,0,3
3492,TCK-13492,20250604,28,3,1,2025-06-04 07:07:50,2025-06-05 02:11:26,19.06,1,0,3
3493,TCK-13493,20260201,38,2,1,2026-02-01 20:06:36,2026-02-02 05:37:48,9.52,1,1,5
3494,TCK-13494,20250402,11,1,2,2025-04-02 02:09:48,2025-04-02 23:37:24,21.46,1,1,3
3495,TCK-13495,20250416,50,7,2,2025-04-16 22:56:35,2025-04-18 00:15:47,25.32,1,0,4
3496,TCK-13496,20250319,45,1,3,2025-03-19 22:39:31,,,0,0,2
3497,TCK-13497,20260801,28,4,2,2026-08-01 10:16:17,2026-08-01 15:25:53,5.16,1,1,
3498,TCK-13498,20260228,3,6,3,2026-02-28 04:44:29,2026-03-01 17:01:53,36.29,1,1,3
3499,TCK-13499,20250211,42,6,3,2025-02-11 15:16:09,2025-02-12 05:02:57,13.78,1,1,4
3500,TCK-13500,20260103,40,1,2,2026-01-03 14:59:55,,,0,0,5
3501,TCK-13501,20250715,21,7,1,2025-07-15 21:48:40,2025-07-15 23:32:28,1.73,1,1,4
3502,TCK-13502,20250409,3,6,1,2025-04-09 12:54:18,2025-04-09 14:41:06,1.78,1,1,
3503,TCK-13503,20260120,46,5,3,2026-01-20 16:20:37,,,0,0,
3504,TCK-13504,20260402,39,7,1,2026-04-02 12:05:07,2026-04-03 03:59:43,15.91,1,0,4
3505,TCK-13505,20250714,50,7,1,2025-07-14 09:38:33,2025-07-14 13:17:33,3.65,1,1,3
3506,TCK-13506,20250217,42,7,2,2025-02-17 03:25:23,2025-02-18 06:48:47,27.39,1,0,4
3507,TCK-13507,20250306,11,5,1,2025-03-06 11:52:59,2025-03-06 16:39:11,4.77,1,1,
3508,TCK-13508,20251127,10,2,3,2025-11-27 04:17:11,,,0,0,3
3509,TCK-13509,20251125,34,1,1,2025-11-25 23:53:33,,,0,0,5
3510,TCK-13510,20250704,29,7,1,2025-07-04 03:23:54,2025-07-04 22:07:06,18.72,1,0,4
3511,TCK-13511,20250331,13,4,2,2025-03-31 06:46:07,2025-03-31 16:41:55,9.93,1,1,5
3512,TCK-13512,20250602,43,4,2,2025-06-02 07:09:08,2025-06-03 01:19:20,18.17,1,1,
3513,TCK-13513,20250922,18,3,3,2025-09-22 23:14:46,2025-09-23 16:24:22,17.16,1,0,5
3514,TCK-13514,20260706,2,2,2,2026-07-06 15:32:14,2026-07-07 00:43:38,9.19,1,1,5
3515,TCK-13515,20260712,38,8,2,2026-07-12 04:44:55,2026-07-12 09:08:19,4.39,1,1,4
3516,TCK-13516,20250811,6,3,1,2025-08-11 15:39:36,,,0,0,4
3517,TCK-13517,20250116,7,2,3,2025-01-16 01:51:43,2025-01-17 02:24:43,24.55,1,1,5
3518,TCK-13518,20260322,34,6,2,2026-03-22 06:43:21,2026-03-22 20:55:57,14.21,1,1,4
3519,TCK-13519,20250807,27,6,1,2025-08-07 22:19:32,2025-08-08 09:05:08,10.76,1,1,4
3520,TCK-13520,20251119,10,8,3,2025-11-19 09:18:47,2025-11-19 22:38:35,13.33,1,1,
3521,TCK-13521,20260725,44,8,3,2026-07-25 05:35:01,2026-07-25 17:53:01,12.3,1,1,4
3522,TCK-13522,20250612,31,3,3,2025-06-12 00:16:28,2025-06-13 06:13:28,29.95,1,0,5
3523,TCK-13523,20260523,35,3,3,2026-05-23 09:20:45,2026-05-23 18:15:57,8.92,1,1,5
3524,TCK-13524,20251117,31,1,3,2025-11-17 06:04:43,,,0,0,5
3525,TCK-13525,20250714,24,7,3,2025-07-14 03:23:49,2025-07-15 02:01:01,22.62,1,0,4
3526,TCK-13526,20250326,19,1,2,2025-03-26 08:50:16,2025-03-26 23:18:28,14.47,1,1,4
3527,TCK-13527,20251231,19,2,2,2025-12-31 04:37:50,,,0,0,4
3528,TCK-13528,20250807,14,5,2,2025-08-07 02:38:50,2025-08-08 14:49:38,36.18,1,0,5
3529,TCK-13529,20250906,15,6,1,2025-09-06 08:50:37,,,0,0,3
3530,TCK-13530,20250130,30,7,3,2025-01-30 02:01:48,2025-01-31 01:10:12,23.14,1,0,5
3531,TCK-13531,20260524,39,5,3,2026-05-24 11:47:45,2026-05-24 20:54:21,9.11,1,1,5
3532,TCK-13532,20260621,34,2,3,2026-06-21 16:05:53,,,0,0,5
3533,TCK-13533,20260810,24,3,1,2026-08-10 18:09:31,2026-08-11 18:54:31,24.75,1,0,2
3534,TCK-13534,20250216,19,3,2,2025-02-16 06:13:07,2025-02-17 11:03:31,28.84,1,0,5
3535,TCK-13535,20251024,1,1,2,2025-10-24 14:13:43,2025-10-25 01:04:07,10.84,1,1,5
3536,TCK-13536,20260420,36,4,2,2026-04-20 09:29:30,2026-04-20 20:58:18,11.48,1,1,4
3537,TCK-13537,20251228,27,7,2,2025-12-28 12:00:00,2025-12-29 06:35:24,18.59,1,0,4
3538,TCK-13538,20260706,12,3,1,2026-07-06 04:07:37,,,0,0,4
3539,TCK-13539,20260508,11,7,3,2026-05-08 17:50:16,2026-05-09 18:34:40,24.74,1,0,5
3540,TCK-13540,20251103,1,4,1,2025-11-03 23:49:23,2025-11-05 07:03:47,31.24,1,1,4
3541,TCK-13541,20260211,26,1,2,2026-02-11 01:56:17,2026-02-12 01:46:05,23.83,1,1,4
3542,TCK-13542,20260618,22,5,1,2026-06-18 23:17:37,,,0,0,5
3543,TCK-13543,20250411,23,5,2,2025-04-11 04:16:11,2025-04-12 08:13:11,27.95,1,0,4
3544,TCK-13544,20250120,49,2,2,2025-01-20 09:35:45,2025-01-20 14:36:57,5.02,1,1,3
3545,TCK-13545,20260225,45,2,1,2026-02-25 23:21:37,2026-02-27 05:39:37,30.3,1,1,5
3546,TCK-13546,20250620,17,6,3,2025-06-20 02:39:15,2025-06-20 19:42:51,17.06,1,1,5
3547,TCK-13547,20260208,45,7,1,2026-02-08 10:36:31,2026-02-09 01:13:07,14.61,1,0,3
3548,TCK-13548,20250803,37,8,2,2025-08-03 11:50:35,2025-08-04 12:28:23,24.63,1,1,4
3549,TCK-13549,20251221,5,5,3,2025-12-21 07:49:52,,,0,0,
3550,TCK-13550,20260519,28,5,1,2026-05-19 04:12:12,2026-05-19 17:35:00,13.38,1,1,
3551,TCK-13551,20260108,8,8,2,2026-01-08 00:02:06,2026-01-08 19:27:54,19.43,1,1,4
3552,TCK-13552,20250707,19,1,2,2025-07-07 23:12:26,,,0,0,4
3553,TCK-13553,20260622,1,1,1,2026-06-22 12:06:51,,,0,0,4
3554,TCK-13554,20250119,46,5,2,2025-01-19 09:53:40,,,0,0,4
3555,TCK-13555,20250128,34,8,1,2025-01-28 12:29:39,,,0,0,4
3556,TCK-13556,20250705,29,4,2,2025-07-05 01:37:43,2025-07-06 03:25:07,25.79,1,1,4
3557,TCK-13557,20250818,20,3,2,2025-08-18 21:11:03,2025-08-19 20:20:39,23.16,1,0,3
3558,TCK-13558,20260426,24,3,2,2026-04-26 03:42:54,2026-04-26 04:42:54,1.0,1,1,5
3559,TCK-13559,20260516,50,4,1,2026-05-16 14:00:07,2026-05-16 23:14:31,9.24,1,1,
3560,TCK-13560,20250730,32,8,3,2025-07-30 20:51:11,2025-08-01 06:51:47,34.01,1,1,5
3561,TCK-13561,20260221,22,7,3,2026-02-21 16:35:44,2026-02-22 11:59:44,19.4,1,0,3
3562,TCK-13562,20260501,22,1,3,2026-05-01 06:22:32,2026-05-01 18:37:32,12.25,1,1,5
3563,TCK-13563,20250719,45,5,1,2025-07-19 13:17:17,,,0,0,
3564,TCK-13564,20260517,10,7,1,2026-05-17 12:53:31,2026-05-17 14:30:07,1.61,1,1,4
3565,TCK-13565,20251209,48,7,2,2025-12-09 16:28:41,2025-12-09 23:52:41,7.4,1,1,4
3566,TCK-13566,20250322,48,5,2,2025-03-22 11:22:53,2025-03-23 21:43:53,34.35,1,0,4
3567,TCK-13567,20250206,42,5,2,2025-02-06 22:40:08,2025-02-08 05:59:56,31.33,1,0,4
3568,TCK-13568,20251007,47,1,3,2025-10-07 21:53:47,2025-10-09 06:24:23,32.51,1,0,5
3569,TCK-13569,20250831,2,5,2,2025-08-31 14:51:52,2025-08-31 21:28:28,6.61,1,1,5
3570,TCK-13570,20260119,1,8,3,2026-01-19 07:34:13,2026-01-19 18:41:25,11.12,1,1,5
3571,TCK-13571,20250504,39,3,3,2025-05-04 07:26:38,2025-05-04 18:45:14,11.31,1,1,3
3572,TCK-13572,20250815,31,5,1,2025-08-15 14:13:03,,,0,0,4
3573,TCK-13573,20260131,1,2,2,2026-01-31 06:11:51,,,0,0,4
3574,TCK-13574,20260613,24,3,2,2026-06-13 07:55:34,2026-06-14 03:27:22,19.53,1,0,5
3575,TCK-13575,20260314,18,7,2,2026-03-14 08:44:50,,,0,0,5
3576,TCK-13576,20250911,3,7,3,2025-09-11 06:54:54,,,0,0,5
3577,TCK-13577,20251210,8,8,2,2025-12-10 19:09:50,2025-12-12 09:29:38,38.33,1,1,3
3578,TCK-13578,20250122,6,2,1,2025-01-22 05:40:31,2025-01-22 14:02:43,8.37,1,1,3
3579,TCK-13579,20251103,26,6,1,2025-11-03 16:16:37,,,0,0,4
3580,TCK-13580,20250721,34,8,1,2025-07-21 07:55:53,2025-07-22 10:13:53,26.3,1,1,4
3581,TCK-13581,20251004,24,8,3,2025-10-04 22:30:33,2025-10-05 18:35:21,20.08,1,1,4
3582,TCK-13582,20250707,49,6,3,2025-07-07 13:02:11,2025-07-08 19:32:11,30.5,1,1,4
3583,TCK-13583,20260427,49,6,2,2026-04-27 01:30:05,2026-04-28 08:52:17,31.37,1,1,3
3584,TCK-13584,20250902,12,3,3,2025-09-02 23:25:59,2025-09-03 19:04:23,19.64,1,0,4
3585,TCK-13585,20260618,24,8,2,2026-06-18 09:43:06,2026-06-20 05:54:30,44.19,1,1,4
3586,TCK-13586,20250110,29,7,3,2025-01-10 10:58:44,2025-01-11 19:16:08,32.29,1,0,
3587,TCK-13587,20260219,49,1,3,2026-02-19 20:23:07,,,0,0,4
3588,TCK-13588,20250206,32,5,1,2025-02-06 14:33:13,2025-02-07 04:45:49,14.21,1,1,3
3589,TCK-13589,20250111,13,5,3,2025-01-11 07:16:33,,,0,0,4
3590,TCK-13590,20250108,19,6,3,2025-01-08 09:56:16,2025-01-10 07:20:52,45.41,1,1,3
3591,TCK-13591,20260722,29,4,1,2026-07-22 16:15:50,2026-07-23 09:18:14,17.04,1,1,5
3592,TCK-13592,20260616,32,2,2,2026-06-16 10:47:39,2026-06-17 04:30:15,17.71,1,1,4
3593,TCK-13593,20260810,36,1,3,2026-08-10 10:47:37,2026-08-11 14:44:01,27.94,1,0,4
3594,TCK-13594,20260323,24,8,3,2026-03-23 00:54:45,,,0,0,5
3595,TCK-13595,20260106,48,1,1,2026-01-06 05:13:53,,,0,0,
3596,TCK-13596,20260216,39,3,3,2026-02-16 12:12:14,2026-02-16 15:08:02,2.93,1,1,3
3597,TCK-13597,20250929,23,6,2,2025-09-29 00:15:01,2025-09-29 15:00:37,14.76,1,1,4
3598,TCK-13598,20260420,44,1,1,2026-04-20 06:59:10,2026-04-21 21:16:34,38.29,1,0,5
3599,TCK-13599,20251201,36,4,1,2025-12-01 00:01:18,2025-12-02 20:10:54,44.16,1,0,
3600,TCK-13600,20260614,25,1,3,2026-06-14 04:51:58,2026-06-15 13:08:10,32.27,1,0,5
3601,TCK-13601,20251101,23,4,1,2025-11-01 16:18:45,2025-11-02 23:48:45,31.5,1,1,3
3602,TCK-13602,20250729,29,8,3,2025-07-29 18:51:33,,,0,0,5
3603,TCK-13603,20251202,44,6,3,2025-12-02 07:33:53,2025-12-03 11:23:41,27.83,1,1,3
3604,TCK-13604,20260324,9,4,3,2026-03-24 08:54:08,2026-03-25 07:05:32,22.19,1,1,4
3605,TCK-13605,20260424,42,6,2,2026-04-24 21:26:49,2026-04-24 22:56:13,1.49,1,1,4
3606,TCK-13606,20250907,3,6,3,2025-09-07 01:59:32,2025-09-07 03:22:20,1.38,1,1,5
3607,TCK-13607,20260529,17,6,2,2026-05-29 14:24:06,2026-05-29 21:04:18,6.67,1,1,5
3608,TCK-13608,20250428,48,5,3,2025-04-28 22:54:20,2025-04-29 10:55:32,12.02,1,1,4
3609,TCK-13609,20250212,19,7,3,2025-02-12 07:58:21,2025-02-13 13:46:21,29.8,1,0,4
3610,TCK-13610,20250804,39,6,2,2025-08-04 11:55:21,2025-08-05 10:12:45,22.29,1,1,4
3611,TCK-13611,20260403,10,3,3,2026-04-03 14:49:21,2026-04-04 10:46:57,19.96,1,0,3
3612,TCK-13612,20260812,24,8,2,2026-08-12 05:23:18,,,0,0,
3613,TCK-13613,20250601,29,4,3,2025-06-01 09:47:37,2025-06-02 04:27:49,18.67,1,1,5
3614,TCK-13614,20251019,4,1,2,2025-10-19 10:57:23,2025-10-20 00:36:59,13.66,1,1,5
3615,TCK-13615,20250419,17,7,2,2025-04-19 13:27:08,2025-04-19 15:25:20,1.97,1,1,3
3616,TCK-13616,20251204,10,8,1,2025-12-04 11:37:14,2025-12-05 13:17:26,25.67,1,1,4
3617,TCK-13617,20250122,40,8,2,2025-01-22 12:19:07,2025-01-24 12:30:31,48.19,1,0,3
3618,TCK-13618,20250722,24,8,2,2025-07-22 02:18:52,2025-07-23 09:35:40,31.28,1,1,5
3619,TCK-13619,20250227,4,8,3,2025-02-27 10:18:23,2025-02-28 05:23:11,19.08,1,1,5
3620,TCK-13620,20250711,28,6,2,2025-07-11 03:27:35,,,0,0,4
3621,TCK-13621,20260301,49,8,3,2026-03-01 13:32:03,2026-03-03 04:28:27,38.94,1,1,4
3622,TCK-13622,20260304,33,2,1,2026-03-04 22:03:18,2026-03-05 17:44:06,19.68,1,1,3
3623,TCK-13623,20250612,21,8,3,2025-06-12 02:40:45,2025-06-13 04:58:45,26.3,1,1,4
3624,TCK-13624,20250906,44,1,3,2025-09-06 02:42:43,2025-09-07 12:16:55,33.57,1,0,5
3625,TCK-13625,20250126,44,6,3,2025-01-26 02:02:23,2025-01-26 13:41:59,11.66,1,1,4
3626,TCK-13626,20250627,14,2,2,2025-06-27 01:10:25,2025-06-28 00:15:13,23.08,1,1,
3627,TCK-13627,20250901,44,4,3,2025-09-01 22:13:36,2025-09-02 13:11:12,14.96,1,1,4
3628,TCK-13628,20260404,36,4,3,2026-04-04 16:10:41,,,0,0,
3629,TCK-13629,20251018,20,4,3,2025-10-18 14:33:06,2025-10-18 21:49:54,7.28,1,1,5
3630,TCK-13630,20250109,48,5,1,2025-01-09 17:14:19,2025-01-10 20:05:55,26.86,1,0,4
3631,TCK-13631,20260508,19,7,2,2026-05-08 08:09:46,2026-05-08 18:30:10,10.34,1,0,5
3632,TCK-13632,20250620,49,4,3,2025-06-20 15:38:52,2025-06-21 11:11:52,19.55,1,1,5
3633,TCK-13633,20260717,45,2,3,2026-07-17 15:28:52,,,0,0,3
3634,TCK-13634,20251110,6,8,3,2025-11-10 08:24:52,2025-11-10 22:42:52,14.3,1,1,3
3635,TCK-13635,20251205,21,4,1,2025-12-05 13:25:19,2025-12-06 00:03:43,10.64,1,1,4
3636,TCK-13636,20250112,49,7,3,2025-01-12 17:36:51,2025-01-14 16:14:03,46.62,1,0,3
3637,TCK-13637,20260705,43,2,1,2026-07-05 05:53:08,2026-07-05 18:02:44,12.16,1,1,4
3638,TCK-13638,20260728,25,3,2,2026-07-28 15:08:11,,,0,0,5
3639,TCK-13639,20260726,32,4,1,2026-07-26 08:03:24,2026-07-27 15:49:36,31.77,1,1,4
3640,TCK-13640,20251201,34,5,3,2025-12-01 15:32:15,2025-12-02 08:59:51,17.46,1,1,5
3641,TCK-13641,20260406,50,6,3,2026-04-06 21:25:41,2026-04-08 21:05:53,47.67,1,1,3
3642,TCK-13642,20260730,25,8,3,2026-07-30 21:00:03,,,0,0,4
3643,TCK-13643,20260506,48,7,3,2026-05-06 20:27:16,2026-05-07 09:47:04,13.33,1,0,4
3644,TCK-13644,20250207,30,4,1,2025-02-07 11:26:06,2025-02-09 13:18:54,49.88,1,0,4
3645,TCK-13645,20250304,3,5,1,2025-03-04 09:09:05,,,0,0,5
3646,TCK-13646,20250413,30,8,2,2025-04-13 11:08:03,2025-04-14 19:14:39,32.11,1,1,5
3647,TCK-13647,20250123,43,6,3,2025-01-23 10:26:23,2025-01-24 05:53:59,19.46,1,1,5
3648,TCK-13648,20250331,35,6,1,2025-03-31 20:16:12,,,0,0,4
3649,TCK-13649,20250729,27,8,2,2025-07-29 05:54:31,2025-07-29 10:43:07,4.81,1,1,5
3650,TCK-13650,20250409,36,4,1,2025-04-09 00:25:02,,,0,0,4
3651,TCK-13651,20250214,32,2,3,2025-02-14 01:23:09,2025-02-15 04:08:09,26.75,1,1,4
3652,TCK-13652,20260221,50,5,3,2026-02-21 11:39:38,2026-02-22 13:57:02,26.29,1,0,3
3653,TCK-13653,20260316,40,6,3,2026-03-16 03:07:51,2026-03-16 07:59:27,4.86,1,1,5
3654,TCK-13654,20260511,1,1,2,2026-05-11 15:46:57,2026-05-12 04:37:21,12.84,1,1,4
3655,TCK-13655,20250606,49,1,3,2025-06-06 04:06:25,2025-06-06 12:06:25,8.0,1,1,4
3656,TCK-13656,20260403,19,8,1,2026-04-03 07:53:09,2026-04-04 02:48:57,18.93,1,1,5
3657,TCK-13657,20260228,12,4,1,2026-02-28 13:26:22,2026-03-01 16:07:10,26.68,1,1,4
3658,TCK-13658,20260607,22,7,2,2026-06-07 00:26:48,2026-06-07 08:37:36,8.18,1,0,
3659,TCK-13659,20250905,4,8,1,2025-09-05 12:40:57,2025-09-06 10:16:21,21.59,1,1,
3660,TCK-13660,20250426,21,8,3,2025-04-26 00:00:56,,,0,0,5
3661,TCK-13661,20250212,32,7,3,2025-02-12 13:37:00,2025-02-12 18:14:48,4.63,1,1,4
3662,TCK-13662,20250404,34,2,3,2025-04-04 12:29:55,2025-04-05 02:40:43,14.18,1,1,4
3663,TCK-13663,20250825,15,4,3,2025-08-25 00:40:55,2025-08-26 03:15:07,26.57,1,1,4
3664,TCK-13664,20260430,22,2,2,2026-04-30 01:57:28,2026-04-30 03:00:28,1.05,1,1,5
3665,TCK-13665,20251005,10,4,1,2025-10-05 05:25:43,2025-10-05 09:30:31,4.08,1,1,4
3666,TCK-13666,20260811,8,6,3,2026-08-11 00:09:46,2026-08-11 02:10:22,2.01,1,1,
3667,TCK-13667,20251109,46,2,2,2025-11-09 17:32:02,2025-11-11 01:23:02,31.85,1,1,5
3668,TCK-13668,20250911,47,7,2,2025-09-11 07:26:12,2025-09-12 15:41:12,32.25,1,0,4
3669,TCK-13669,20250224,30,5,1,2025-02-24 00:36:52,2025-02-24 16:41:04,16.07,1,1,5
3670,TCK-13670,20250203,29,4,2,2025-02-03 20:41:09,2025-02-04 01:05:45,4.41,1,1,4
3671,TCK-13671,20250708,8,8,1,2025-07-08 10:45:44,,,0,0,5
3672,TCK-13672,20260802,41,4,1,2026-08-02 23:30:05,2026-08-03 04:27:05,4.95,1,1,3
3673,TCK-13673,20260401,25,2,2,2026-04-01 11:02:22,2026-04-02 02:40:46,15.64,1,1,4
3674,TCK-13674,20250312,49,4,1,2025-03-12 01:43:22,2025-03-12 15:37:22,13.9,1,1,3
3675,TCK-13675,20250317,46,4,1,2025-03-17 15:37:13,,,0,0,3
3676,TCK-13676,20250921,34,8,1,2025-09-21 23:19:02,2025-09-22 11:41:50,12.38,1,1,2
3677,TCK-13677,20251209,48,6,1,2025-12-09 18:12:59,,,0,0,3
3678,TCK-13678,20250925,1,7,2,2025-09-25 12:11:55,2025-09-25 14:49:43,2.63,1,1,3
3679,TCK-13679,20250613,8,3,2,2025-06-13 13:01:48,2025-06-13 21:24:00,8.37,1,1,3
3680,TCK-13680,20260323,36,2,1,2026-03-23 16:55:55,2026-03-24 02:45:07,9.82,1,1,
3681,TCK-13681,20250311,1,4,2,2025-03-11 18:17:54,2025-03-12 14:34:06,20.27,1,1,4
3682,TCK-13682,20260527,9,1,1,2026-05-27 22:25:42,2026-05-29 20:13:06,45.79,1,0,4
3683,TCK-13683,20260523,32,8,2,2026-05-23 01:05:17,2026-05-23 01:40:41,0.59,1,1,4
3684,TCK-13684,20251210,37,2,1,2025-12-10 13:41:41,2025-12-10 22:21:17,8.66,1,1,3
3685,TCK-13685,20251122,13,8,2,2025-11-22 19:23:24,2025-11-23 08:29:24,13.1,1,1,4
3686,TCK-13686,20251229,3,3,1,2025-12-29 03:13:23,2025-12-30 09:39:47,30.44,1,0,3
3687,TCK-13687,20260628,47,8,2,2026-06-28 21:39:11,2026-06-30 02:54:11,29.25,1,1,4
3688,TCK-13688,20260303,34,5,3,2026-03-03 20:30:12,2026-03-04 19:36:48,23.11,1,1,
3689,TCK-13689,20260406,33,8,2,2026-04-06 09:31:28,2026-04-07 08:23:40,22.87,1,1,5
3690,TCK-13690,20251111,36,6,3,2025-11-11 06:34:15,2025-11-11 22:27:39,15.89,1,1,3
3691,TCK-13691,20250206,10,3,2,2025-02-06 02:39:12,2025-02-06 10:23:36,7.74,1,1,4
3692,TCK-13692,20260518,25,2,1,2026-05-18 03:36:05,2026-05-19 15:15:41,35.66,1,1,3
3693,TCK-13693,20250806,3,4,3,2025-08-06 20:04:15,2025-08-07 10:48:39,14.74,1,1,4
3694,TCK-13694,20260612,9,7,3,2026-06-12 23:46:50,2026-06-14 04:36:38,28.83,1,0,4
3695,TCK-13695,20250224,11,7,3,2025-02-24 04:38:43,2025-02-25 08:36:19,27.96,1,0,3
3696,TCK-13696,20260726,12,2,1,2026-07-26 05:25:37,,,0,0,4
3697,TCK-13697,20250506,24,5,3,2025-05-06 14:14:36,,,0,0,4
3698,TCK-13698,20260607,30,8,3,2026-06-07 13:21:57,,,0,0,4
3699,TCK-13699,20260326,47,5,3,2026-03-26 11:53:48,2026-03-27 16:24:24,28.51,1,0,4
3700,TCK-13700,20260731,31,8,3,2026-07-31 02:29:19,2026-08-01 12:19:43,33.84,1,1,3
3701,TCK-13701,20250911,23,6,1,2025-09-11 16:59:44,2025-09-12 06:19:32,13.33,1,1,
3702,TCK-13702,20250221,11,3,2,2025-02-21 19:17:32,2025-02-22 00:45:08,5.46,1,1,3
3703,TCK-13703,20251227,42,6,2,2025-12-27 13:11:56,2025-12-28 20:25:44,31.23,1,1,3
3704,TCK-13704,20260618,1,7,2,2026-06-18 17:20:20,2026-06-19 06:09:32,12.82,1,0,4
3705,TCK-13705,20250303,7,5,2,2025-03-03 22:04:01,2025-03-05 13:03:25,38.99,1,0,4
3706,TCK-13706,20251224,13,5,3,2025-12-24 08:53:37,2025-12-24 11:35:01,2.69,1,1,5
3707,TCK-13707,20260302,35,2,3,2026-03-02 19:57:39,2026-03-03 14:40:15,18.71,1,1,5
3708,TCK-13708,20251125,29,4,2,2025-11-25 06:33:19,2025-11-26 20:21:19,37.8,1,0,4
3709,TCK-13709,20251103,13,8,1,2025-11-03 14:23:25,2025-11-04 11:19:13,20.93,1,1,
3710,TCK-13710,20250615,44,7,2,2025-06-15 12:11:19,,,0,0,4
3711,TCK-13711,20250507,12,3,1,2025-05-07 07:21:45,2025-05-08 13:00:45,29.65,1,0,4
3712,TCK-13712,20250105,19,4,3,2025-01-05 15:53:55,2025-01-06 03:19:07,11.42,1,1,4
3713,TCK-13713,20251215,4,7,2,2025-12-15 08:30:43,2025-12-15 19:31:19,11.01,1,0,3
3714,TCK-13714,20250320,34,4,3,2025-03-20 01:28:36,,,0,0,5
3715,TCK-13715,20250517,22,7,1,2025-05-17 02:16:40,2025-05-18 03:13:04,24.94,1,0,4
3716,TCK-13716,20250420,41,3,2,2025-04-20 15:21:25,2025-04-20 23:48:25,8.45,1,1,4
3717,TCK-13717,20260626,6,5,3,2026-06-26 23:58:21,2026-06-28 00:54:09,24.93,1,0,5
3718,TCK-13718,20250524,1,6,3,2025-05-24 16:21:38,2025-05-26 10:35:26,42.23,1,1,5
3719,TCK-13719,20260326,8,6,3,2026-03-26 20:39:06,2026-03-27 12:58:18,16.32,1,1,3
3720,TCK-13720,20251108,48,6,1,2025-11-08 18:11:10,2025-11-09 07:33:22,13.37,1,1,4
3721,TCK-13721,20251004,37,5,1,2025-10-04 16:07:18,2025-10-05 15:39:06,23.53,1,1,4
3722,TCK-13722,20260211,46,6,3,2026-02-11 18:37:12,2026-02-12 11:33:00,16.93,1,1,5
3723,TCK-13723,20250201,11,1,1,2025-02-01 03:28:19,,,0,0,3
3724,TCK-13724,20260323,20,5,3,2026-03-23 19:32:32,,,0,0,3
3725,TCK-13725,20260711,20,6,3,2026-07-11 02:44:34,2026-07-12 05:34:58,26.84,1,1,
3726,TCK-13726,20251201,43,7,2,2025-12-01 19:06:58,2025-12-03 09:26:10,38.32,1,0,4
3727,TCK-13727,20250427,10,6,1,2025-04-27 17:41:01,,,0,0,
3728,TCK-13728,20250521,21,1,3,2025-05-21 06:06:22,2025-05-21 09:50:10,3.73,1,1,4
3729,TCK-13729,20260711,12,4,2,2026-07-11 08:59:45,,,0,0,2
3730,TCK-13730,20250915,48,3,3,2025-09-15 12:11:25,2025-09-16 14:29:25,26.3,1,0,4
3731,TCK-13731,20250910,21,1,1,2025-09-10 08:10:15,2025-09-10 23:30:03,15.33,1,1,4
3732,TCK-13732,20250518,20,7,1,2025-05-18 19:58:46,2025-05-20 18:23:58,46.42,1,0,4
3733,TCK-13733,20260313,46,8,3,2026-03-13 22:25:58,2026-03-15 07:04:58,32.65,1,1,4
3734,TCK-13734,20250318,9,8,2,2025-03-18 01:28:41,2025-03-19 02:12:29,24.73,1,1,
3735,TCK-13735,20250206,45,4,1,2025-02-06 11:54:04,2025-02-06 16:37:52,4.73,1,1,4
3736,TCK-13736,20260419,19,8,1,2026-04-19 04:22:17,2026-04-19 07:34:53,3.21,1,1,5
3737,TCK-13737,20260513,12,4,3,2026-05-13 13:48:46,,,0,0,3
3738,TCK-13738,20251123,36,4,3,2025-11-23 22:11:14,2025-11-25 04:47:14,30.6,1,1,5
3739,TCK-13739,20250716,42,4,2,2025-07-16 21:40:10,2025-07-16 23:19:10,1.65,1,1,4
3740,TCK-13740,20251008,3,8,3,2025-10-08 05:41:56,2025-10-09 11:05:56,29.4,1,1,3
3741,TCK-13741,20260112,40,2,3,2026-01-12 18:15:04,,,0,0,3
3742,TCK-13742,20251123,13,2,3,2025-11-23 07:19:45,2025-11-23 11:11:57,3.87,1,1,
3743,TCK-13743,20250104,42,1,2,2025-01-04 15:30:23,2025-01-04 23:05:47,7.59,1,1,3
3744,TCK-13744,20260214,37,5,3,2026-02-14 06:50:22,2026-02-14 08:04:10,1.23,1,1,4
3745,TCK-13745,20250112,35,2,1,2025-01-12 10:58:37,2025-01-12 12:20:49,1.37,1,1,3
3746,TCK-13746,20250625,48,6,2,2025-06-25 05:57:23,2025-06-25 20:20:47,14.39,1,1,5
3747,TCK-13747,20251202,3,4,3,2025-12-02 19:04:22,2025-12-03 06:25:58,11.36,1,1,4
3748,TCK-13748,20250412,46,2,3,2025-04-12 00:38:26,2025-04-12 09:16:50,8.64,1,1,5
3749,TCK-13749,20251231,26,7,1,2025-12-31 23:38:00,,,0,0,4
3750,TCK-13750,20250525,10,4,2,2025-05-25 07:16:08,2025-05-26 02:36:32,19.34,1,1,5
3751,TCK-13751,20250723,46,8,1,2025-07-23 21:11:13,2025-07-23 22:06:25,0.92,1,1,4
3752,TCK-13752,20260807,40,2,3,2026-08-07 07:22:55,2026-08-08 05:39:43,22.28,1,1,3
3753,TCK-13753,20250615,5,3,1,2025-06-15 14:47:20,,,0,0,3
3754,TCK-13754,20250331,5,8,1,2025-03-31 09:38:53,,,0,0,5
3755,TCK-13755,20250225,16,7,1,2025-02-25 13:46:49,2025-02-26 06:21:01,16.57,1,0,5
3756,TCK-13756,20260630,16,1,1,2026-06-30 03:32:51,2026-06-30 10:29:15,6.94,1,1,3
3757,TCK-13757,20250215,3,2,3,2025-02-15 04:04:32,2025-02-17 02:48:20,46.73,1,1,
3758,TCK-13758,20250331,35,5,1,2025-03-31 14:02:08,2025-04-01 12:47:08,22.75,1,1,4
3759,TCK-13759,20250716,29,8,3,2025-07-16 05:48:04,2025-07-16 13:34:16,7.77,1,1,3
3760,TCK-13760,20250512,43,1,1,2025-05-12 00:17:12,2025-05-12 14:03:24,13.77,1,1,3
3761,TCK-13761,20250417,9,5,2,2025-04-17 01:26:23,2025-04-17 22:17:59,20.86,1,1,4
3762,TCK-13762,20251027,1,1,1,2025-10-27 03:12:07,2025-10-27 06:02:31,2.84,1,1,5
3763,TCK-13763,20260429,4,5,1,2026-04-29 04:43:43,2026-04-30 02:39:31,21.93,1,1,5
3764,TCK-13764,20250329,43,8,1,2025-03-29 15:24:50,2025-03-30 04:39:14,13.24,1,1,2
3765,TCK-13765,20260410,36,8,3,2026-04-10 15:27:30,2026-04-12 06:50:18,39.38,1,1,3
3766,TCK-13766,20250320,43,8,2,2025-03-20 04:50:13,2025-03-22 02:55:01,46.08,1,1,5
3767,TCK-13767,20250614,41,8,3,2025-06-14 01:17:32,2025-06-15 06:49:20,29.53,1,1,4
3768,TCK-13768,20260529,48,6,2,2026-05-29 13:59:32,2026-05-31 01:23:32,35.4,1,1,5
3769,TCK-13769,20260706,8,4,2,2026-07-06 17:57:43,2026-07-08 03:47:31,33.83,1,1,4
3770,TCK-13770,20250211,44,5,3,2025-02-11 07:40:40,2025-02-11 18:12:28,10.53,1,1,5
3771,TCK-13771,20260806,13,6,3,2026-08-06 03:49:34,2026-08-06 23:11:46,19.37,1,1,
3772,TCK-13772,20250715,20,6,2,2025-07-15 07:37:11,2025-07-16 14:02:59,30.43,1,1,4
3773,TCK-13773,20251118,34,7,1,2025-11-18 13:57:29,2025-11-19 11:13:05,21.26,1,0,4
3774,TCK-13774,20260415,13,2,2,2026-04-15 17:42:17,2026-04-16 07:00:53,13.31,1,1,3
3775,TCK-13775,20250813,22,6,3,2025-08-13 21:20:17,2025-08-15 06:46:41,33.44,1,1,5
3776,TCK-13776,20260531,30,7,2,2026-05-31 16:34:51,2026-06-01 15:37:15,23.04,1,0,3
3777,TCK-13777,20250202,49,3,1,2025-02-02 23:02:29,2025-02-03 01:42:41,2.67,1,1,5
3778,TCK-13778,20250311,49,5,2,2025-03-11 03:50:11,2025-03-11 22:53:47,19.06,1,1,
3779,TCK-13779,20260519,43,8,2,2026-05-19 17:44:00,,,0,0,4
3780,TCK-13780,20260223,28,5,3,2026-02-23 15:05:33,2026-02-24 08:40:57,17.59,1,1,5
3781,TCK-13781,20250302,32,5,2,2025-03-02 22:16:36,2025-03-04 03:04:36,28.8,1,0,4
3782,TCK-13782,20260423,30,2,3,2026-04-23 00:14:15,2026-04-23 20:08:51,19.91,1,1,5
3783,TCK-13783,20250130,49,5,1,2025-01-30 14:15:08,2025-01-31 11:36:44,21.36,1,1,3
3784,TCK-13784,20250303,17,8,3,2025-03-03 06:40:49,2025-03-04 08:01:49,25.35,1,1,4
3785,TCK-13785,20260528,40,8,2,2026-05-28 18:36:09,2026-05-30 22:55:21,52.32,1,0,5
3786,TCK-13786,20250418,8,5,3,2025-04-18 21:12:03,2025-04-20 03:06:39,29.91,1,0,5
3787,TCK-13787,20260101,17,4,1,2026-01-01 22:24:52,2026-01-02 15:39:16,17.24,1,1,5
3788,TCK-13788,20250123,4,2,2,2025-01-23 07:17:15,,,0,0,5
3789,TCK-13789,20251229,10,4,3,2025-12-29 12:51:43,2025-12-31 04:58:19,40.11,1,0,4
3790,TCK-13790,20250522,25,6,1,2025-05-22 10:05:56,2025-05-23 08:04:08,21.97,1,1,4
3791,TCK-13791,20250310,41,5,1,2025-03-10 03:37:53,,,0,0,
3792,TCK-13792,20250112,25,3,1,2025-01-12 15:06:15,2025-01-13 04:49:27,13.72,1,0,4
3793,TCK-13793,20250319,12,6,1,2025-03-19 21:19:16,2025-03-21 05:40:52,32.36,1,1,3
3794,TCK-13794,20260110,49,4,3,2026-01-10 06:35:16,2026-01-10 20:00:28,13.42,1,1,
3795,TCK-13795,20251117,44,7,1,2025-11-17 21:48:39,2025-11-19 03:51:39,30.05,1,0,4
3796,TCK-13796,20251204,18,2,3,2025-12-04 10:13:28,2025-12-05 11:18:16,25.08,1,1,3
3797,TCK-13797,20260113,9,7,3,2026-01-13 01:34:06,2026-01-15 01:16:06,47.7,1,0,5
3798,TCK-13798,20250517,13,1,1,2025-05-17 06:22:35,2025-05-17 08:51:23,2.48,1,1,4
3799,TCK-13799,20251208,48,4,3,2025-12-08 20:10:32,2025-12-09 18:00:20,21.83,1,1,5
3800,TCK-13800,20260605,46,1,2,2026-06-05 02:37:43,,,0,0,4
3801,TCK-13801,20250923,24,8,1,2025-09-23 09:58:08,2025-09-24 00:55:08,14.95,1,1,5
3802,TCK-13802,20251008,19,8,2,2025-10-08 18:24:16,2025-10-09 13:12:16,18.8,1,1,5
3803,TCK-13803,20250109,28,1,1,2025-01-09 12:36:34,,,0,0,3
3804,TCK-13804,20260414,43,3,3,2026-04-14 11:51:23,2026-04-15 15:57:23,28.1,1,0,3
3805,TCK-13805,20260124,19,6,3,2026-01-24 00:37:06,2026-01-24 07:25:42,6.81,1,1,
3806,TCK-13806,20250610,30,5,1,2025-06-10 11:16:51,,,0,0,4
3807,TCK-13807,20250816,37,7,1,2025-08-16 04:53:40,2025-08-16 21:14:04,16.34,1,0,4
3808,TCK-13808,20250417,43,3,2,2025-04-17 22:30:18,2025-04-18 19:26:42,20.94,1,0,4
3809,TCK-13809,20250825,42,6,1,2025-08-25 23:43:44,2025-08-26 09:55:08,10.19,1,1,3
3810,TCK-13810,20260416,10,5,2,2026-04-16 17:36:22,2026-04-16 21:43:34,4.12,1,1,3
3811,TCK-13811,20260807,17,8,3,2026-08-07 13:46:16,2026-08-08 17:33:40,27.79,1,1,3
3812,TCK-13812,20251229,40,6,3,2025-12-29 14:46:32,,,0,0,3
3813,TCK-13813,20260520,7,4,3,2026-05-20 22:55:18,2026-05-22 07:29:30,32.57,1,1,3
3814,TCK-13814,20250516,15,2,3,2025-05-16 04:59:43,2025-05-17 07:42:55,26.72,1,1,4
3815,TCK-13815,20260503,9,7,3,2026-05-03 12:06:29,2026-05-04 14:11:17,26.08,1,0,3
3816,TCK-13816,20260203,18,5,1,2026-02-03 10:42:23,2026-02-04 11:15:23,24.55,1,0,5
3817,TCK-13817,20250107,23,2,1,2025-01-07 04:45:55,2025-01-07 07:16:31,2.51,1,1,
3818,TCK-13818,20251213,41,5,3,2025-12-13 18:22:10,2025-12-14 09:37:10,15.25,1,1,5
3819,TCK-13819,20260509,32,8,2,2026-05-09 08:11:13,2026-05-09 22:32:49,14.36,1,1,4
3820,TCK-13820,20250718,30,4,3,2025-07-18 23:50:08,2025-07-20 20:35:44,44.76,1,0,4
3821,TCK-13821,20250503,23,3,1,2025-05-03 01:00:08,2025-05-04 07:42:44,30.71,1,0,4
3822,TCK-13822,20250915,41,4,3,2025-09-15 22:33:24,,,0,0,4
3823,TCK-13823,20260524,14,7,2,2026-05-24 02:23:57,2026-05-24 21:10:09,18.77,1,0,5
3824,TCK-13824,20260727,37,1,3,2026-07-27 06:04:35,2026-07-28 22:02:47,39.97,1,0,4
3825,TCK-13825,20250803,40,1,2,2025-08-03 07:29:28,,,0,0,4
3826,TCK-13826,20250329,18,8,1,2025-03-29 23:19:33,2025-03-30 21:43:33,22.4,1,1,4
3827,TCK-13827,20250128,24,8,3,2025-01-28 16:09:26,2025-01-28 16:46:38,0.62,1,1,
3828,TCK-13828,20250626,10,1,2,2025-06-26 00:35:41,2025-06-27 01:06:53,24.52,1,0,4
3829,TCK-13829,20250909,12,5,2,2025-09-09 19:41:44,2025-09-10 11:20:44,15.65,1,1,4
3830,TCK-13830,20260613,40,2,2,2026-06-13 23:29:22,2026-06-14 04:24:34,4.92,1,1,
3831,TCK-13831,20260719,1,3,1,2026-07-19 16:34:03,2026-07-21 03:19:39,34.76,1,0,5
3832,TCK-13832,20250113,22,2,2,2025-01-13 05:50:46,2025-01-13 17:54:58,12.07,1,1,4
3833,TCK-13833,20251224,42,7,2,2025-12-24 16:44:50,2025-12-25 09:43:02,16.97,1,0,2
3834,TCK-13834,20260812,22,1,3,2026-08-12 03:19:21,2026-08-12 14:18:45,10.99,1,1,4
3835,TCK-13835,20251026,27,4,2,2025-10-26 21:25:08,2025-10-27 11:52:08,14.45,1,1,4
3836,TCK-13836,20250518,50,2,2,2025-05-18 01:19:50,,,0,0,4
3837,TCK-13837,20250217,21,5,3,2025-02-17 21:44:16,,,0,0,
3838,TCK-13838,20250718,17,8,2,2025-07-18 09:38:55,2025-07-18 19:20:19,9.69,1,1,4
3839,TCK-13839,20250204,17,7,2,2025-02-04 14:35:57,2025-02-05 00:23:57,9.8,1,0,3
3840,TCK-13840,20260403,21,6,3,2026-04-03 08:39:04,,,0,0,
3841,TCK-13841,20260414,28,7,3,2026-04-14 20:09:27,2026-04-16 01:37:39,29.47,1,0,5
3842,TCK-13842,20251121,40,8,3,2025-11-21 06:29:30,2025-11-22 10:28:54,27.99,1,1,4
3843,TCK-13843,20250930,48,2,2,2025-09-30 11:43:42,2025-10-02 09:37:42,45.9,1,1,4
3844,TCK-13844,20250115,35,4,2,2025-01-15 08:28:00,2025-01-15 11:03:24,2.59,1,1,4
3845,TCK-13845,20260118,29,2,3,2026-01-18 12:50:37,2026-01-18 14:27:13,1.61,1,1,5
3846,TCK-13846,20250612,43,1,1,2025-06-12 15:13:21,2025-06-13 18:09:09,26.93,1,0,5
3847,TCK-13847,20250913,10,3,1,2025-09-13 00:01:35,2025-09-13 04:46:35,4.75,1,1,4
3848,TCK-13848,20250526,15,2,2,2025-05-26 22:19:11,2025-05-27 14:59:23,16.67,1,1,4
3849,TCK-13849,20260705,32,1,2,2026-07-05 06:26:41,2026-07-05 22:19:29,15.88,1,1,3
3850,TCK-13850,20260220,16,5,1,2026-02-20 10:41:12,2026-02-20 16:26:48,5.76,1,1,4
3851,TCK-13851,20260331,44,5,3,2026-03-31 23:51:28,2026-04-02 08:14:16,32.38,1,0,
3852,TCK-13852,20251006,32,1,1,2025-10-06 12:06:53,2025-10-07 09:02:41,20.93,1,1,4
3853,TCK-13853,20250323,47,1,2,2025-03-23 23:55:42,2025-03-24 16:14:54,16.32,1,1,5
3854,TCK-13854,20260126,43,8,1,2026-01-26 07:32:58,2026-01-26 23:35:58,16.05,1,1,5
3855,TCK-13855,20251105,32,8,3,2025-11-05 00:47:20,2025-11-05 01:46:08,0.98,1,1,3
3856,TCK-13856,20260707,49,3,2,2026-07-07 23:31:19,2026-07-08 17:53:31,18.37,1,0,2
3857,TCK-13857,20260531,7,2,2,2026-05-31 16:30:11,2026-06-01 10:04:59,17.58,1,1,4
3858,TCK-13858,20250813,14,3,1,2025-08-13 18:55:37,,,0,0,3
3859,TCK-13859,20260731,21,3,1,2026-07-31 00:00:29,2026-08-01 11:35:17,35.58,1,0,
3860,TCK-13860,20251007,46,1,2,2025-10-07 16:16:59,2025-10-09 03:25:23,35.14,1,0,5
3861,TCK-13861,20250424,18,6,3,2025-04-24 23:29:41,2025-04-25 11:38:05,12.14,1,1,4
3862,TCK-13862,20250412,6,4,3,2025-04-12 12:43:52,2025-04-13 19:10:52,30.45,1,1,3
3863,TCK-13863,20260501,24,8,2,2026-05-01 23:27:24,2026-05-02 06:31:00,7.06,1,1,4
3864,TCK-13864,20260528,1,6,1,2026-05-28 21:47:59,2026-05-29 15:39:35,17.86,1,1,3
3865,TCK-13865,20260518,5,6,1,2026-05-18 11:03:18,2026-05-19 00:13:30,13.17,1,1,4
3866,TCK-13866,20260105,30,8,1,2026-01-05 09:47:17,2026-01-06 04:29:17,18.7,1,1,
3867,TCK-13867,20260722,45,2,3,2026-07-22 11:44:02,2026-07-22 17:38:02,5.9,1,1,3
3868,TCK-13868,20260319,34,4,3,2026-03-19 21:17:02,2026-03-20 17:50:02,20.55,1,1,4
3869,TCK-13869,20250208,38,7,1,2025-02-08 07:10:51,,,0,0,4
3870,TCK-13870,20250905,16,4,3,2025-09-05 00:57:05,2025-09-05 21:13:17,20.27,1,1,
3871,TCK-13871,20260215,2,5,3,2026-02-15 11:16:32,2026-02-15 21:59:44,10.72,1,1,5
3872,TCK-13872,20260807,10,5,2,2026-08-07 12:06:21,2026-08-08 12:23:09,24.28,1,0,5
3873,TCK-13873,20260620,46,6,2,2026-06-20 06:20:04,,,0,0,4
3874,TCK-13874,20250905,6,8,3,2025-09-05 10:22:25,,,0,0,4
3875,TCK-13875,20250728,43,7,1,2025-07-28 17:45:51,2025-07-29 07:24:15,13.64,1,0,3
3876,TCK-13876,20260701,30,5,1,2026-07-01 04:20:43,2026-07-02 04:44:07,24.39,1,0,4
3877,TCK-13877,20250513,28,2,3,2025-05-13 08:55:27,,,0,0,3
3878,TCK-13878,20260207,13,3,3,2026-02-07 21:59:34,2026-02-08 19:56:34,21.95,1,0,5
3879,TCK-13879,20250715,30,8,3,2025-07-15 13:30:36,2025-07-15 14:24:36,0.9,1,1,4
3880,TCK-13880,20260522,42,1,1,2026-05-22 02:38:48,2026-05-22 20:42:24,18.06,1,1,3
3881,TCK-13881,20260707,13,3,1,2026-07-07 21:29:10,2026-07-07 23:47:46,2.31,1,1,
3882,TCK-13882,20260809,5,6,3,2026-08-09 01:40:17,,,0,0,3
3883,TCK-13883,20250707,45,5,2,2025-07-07 04:02:06,2025-07-08 13:37:30,33.59,1,0,4
3884,TCK-13884,20250207,23,4,3,2025-02-07 16:09:18,2025-02-09 07:27:54,39.31,1,0,
3885,TCK-13885,20260706,16,3,2,2026-07-06 02:17:00,2026-07-06 14:18:12,12.02,1,0,3
3886,TCK-13886,20251008,44,5,1,2025-10-08 05:03:09,,,0,0,5
3887,TCK-13887,20260113,18,1,2,2026-01-13 00:48:47,2026-01-14 22:25:23,45.61,1,0,4
3888,TCK-13888,20260802,41,1,3,2026-08-02 19:50:29,2026-08-03 21:59:29,26.15,1,0,5
3889,TCK-13889,20250113,2,4,1,2025-01-13 14:30:06,2025-01-14 09:40:54,19.18,1,1,3
3890,TCK-13890,20260516,49,4,1,2026-05-16 15:40:41,2026-05-16 17:23:17,1.71,1,1,3
3891,TCK-13891,20260331,9,2,2,2026-03-31 11:30:14,2026-04-01 16:47:38,29.29,1,1,5
3892,TCK-13892,20260221,25,2,1,2026-02-21 13:06:21,,,0,0,4
3893,TCK-13893,20250511,48,4,3,2025-05-11 19:17:11,2025-05-12 20:00:59,24.73,1,1,
3894,TCK-13894,20250801,7,1,3,2025-08-01 08:53:54,2025-08-02 05:28:06,20.57,1,1,5
3895,TCK-13895,20251022,12,6,3,2025-10-22 14:30:12,2025-10-23 11:11:36,20.69,1,1,2
3896,TCK-13896,20250425,29,1,1,2025-04-25 22:38:07,2025-04-26 08:08:43,9.51,1,1,3
3897,TCK-13897,20250331,30,6,2,2025-03-31 09:51:11,2025-03-31 19:15:47,9.41,1,1,3
3898,TCK-13898,20260205,46,3,1,2026-02-05 20:46:43,2026-02-06 23:47:19,27.01,1,0,
3899,TCK-13899,20250915,18,1,3,2025-09-15 06:25:16,,,0,0,4
3900,TCK-13900,20260731,50,3,3,2026-07-31 13:37:05,2026-08-01 16:05:53,26.48,1,0,4
3901,TCK-13901,20260420,4,1,3,2026-04-20 20:09:10,,,0,0,2
3902,TCK-13902,20250902,33,7,3,2025-09-02 10:10:29,2025-09-03 12:51:53,26.69,1,0,3
3903,TCK-13903,20260509,21,8,3,2026-05-09 03:03:38,,,0,0,4
3904,TCK-13904,20250214,38,1,1,2025-02-14 01:42:27,2025-02-14 11:47:15,10.08,1,1,3
3905,TCK-13905,20260402,31,7,3,2026-04-02 10:18:25,2026-04-03 21:05:13,34.78,1,0,3
3906,TCK-13906,20250129,42,5,2,2025-01-29 07:18:17,2025-01-30 03:45:53,20.46,1,1,4
3907,TCK-13907,20260228,42,7,2,2026-02-28 16:18:52,2026-03-02 05:24:52,37.1,1,0,4
3908,TCK-13908,20251117,30,6,1,2025-11-17 15:13:20,,,0,0,3
3909,TCK-13909,20260527,47,6,1,2026-05-27 12:36:43,2026-05-28 02:39:07,14.04,1,1,3
3910,TCK-13910,20250113,27,7,2,2025-01-13 01:50:59,2025-01-13 23:38:59,21.8,1,0,2
3911,TCK-13911,20250607,21,8,3,2025-06-07 05:36:53,2025-06-07 22:50:05,17.22,1,1,
3912,TCK-13912,20250708,11,1,3,2025-07-08 04:20:05,2025-07-09 07:59:05,27.65,1,0,3
3913,TCK-13913,20260410,13,6,3,2026-04-10 20:08:14,2026-04-11 16:38:50,20.51,1,1,4
3914,TCK-13914,20250228,14,7,2,2025-02-28 05:39:54,2025-03-01 09:53:06,28.22,1,0,4
3915,TCK-13915,20250527,36,3,3,2025-05-27 03:01:39,2025-05-28 11:08:51,32.12,1,0,4
3916,TCK-13916,20250620,10,4,3,2025-06-20 19:40:23,2025-06-21 03:48:47,8.14,1,1,3
3917,TCK-13917,20250517,26,5,3,2025-05-17 17:16:01,2025-05-18 01:20:49,8.08,1,1,3
3918,TCK-13918,20250225,39,6,1,2025-02-25 17:29:34,,,0,0,3
3919,TCK-13919,20260414,26,5,2,2026-04-14 21:39:01,2026-04-16 06:15:01,32.6,1,0,4
3920,TCK-13920,20260122,26,7,2,2026-01-22 19:19:44,2026-01-22 21:16:08,1.94,1,1,
3921,TCK-13921,20260223,34,5,1,2026-02-23 16:10:56,2026-02-24 18:17:32,26.11,1,0,4
3922,TCK-13922,20251209,12,6,3,2025-12-09 20:27:10,2025-12-10 00:21:10,3.9,1,1,3
3923,TCK-13923,20250527,50,3,1,2025-05-27 10:28:47,2025-05-28 15:47:59,29.32,1,0,3
3924,TCK-13924,20250619,46,7,3,2025-06-19 15:03:46,2025-06-20 02:01:22,10.96,1,0,4
3925,TCK-13925,20250915,41,4,2,2025-09-15 13:26:25,2025-09-17 00:42:01,35.26,1,1,5
3926,TCK-13926,20250219,35,7,1,2025-02-19 12:55:32,2025-02-20 03:33:20,14.63,1,0,3
3927,TCK-13927,20251006,11,8,3,2025-10-06 08:38:57,,,0,0,4
3928,TCK-13928,20260104,49,4,3,2026-01-04 02:33:27,2026-01-04 11:24:27,8.85,1,1,5
3929,TCK-13929,20260729,4,5,2,2026-07-29 17:14:44,2026-07-30 21:57:56,28.72,1,0,3
3930,TCK-13930,20250715,38,2,2,2025-07-15 08:30:26,2025-07-16 08:48:26,24.3,1,1,3
3931,TCK-13931,20250911,32,4,2,2025-09-11 20:39:35,2025-09-13 06:14:59,33.59,1,1,5
3932,TCK-13932,20250809,25,1,1,2025-08-09 03:32:48,2025-08-10 14:35:12,35.04,1,0,4
3933,TCK-13933,20250810,10,2,2,2025-08-10 02:59:12,2025-08-11 05:20:12,26.35,1,1,3
3934,TCK-13934,20250105,50,2,2,2025-01-05 18:35:11,2025-01-06 05:28:35,10.89,1,1,
3935,TCK-13935,20250205,12,7,2,2025-02-05 03:11:39,2025-02-05 22:24:51,19.22,1,0,
3936,TCK-13936,20260413,43,4,1,2026-04-13 15:40:20,2026-04-13 17:50:32,2.17,1,1,
3937,TCK-13937,20250323,7,1,3,2025-03-23 14:24:55,2025-03-24 00:33:19,10.14,1,1,4
3938,TCK-13938,20250902,34,5,2,2025-09-02 08:13:50,,,0,0,5
3939,TCK-13939,20250316,24,8,1,2025-03-16 10:18:46,2025-03-16 23:21:10,13.04,1,1,4
3940,TCK-13940,20260720,45,1,3,2026-07-20 14:00:08,2026-07-21 00:57:44,10.96,1,1,
3941,TCK-13941,20250901,3,5,1,2025-09-01 21:46:46,2025-09-02 14:41:22,16.91,1,1,3
3942,TCK-13942,20260805,46,5,3,2026-08-05 20:07:11,,,0,0,4
3943,TCK-13943,20250113,44,7,3,2025-01-13 00:23:55,2025-01-13 17:02:19,16.64,1,0,3
3944,TCK-13944,20251225,44,4,1,2025-12-25 05:45:28,2025-12-25 13:00:28,7.25,1,1,
3945,TCK-13945,20250425,15,3,1,2025-04-25 03:27:29,2025-04-26 11:23:17,31.93,1,0,5
3946,TCK-13946,20260521,25,4,1,2026-05-21 21:01:06,2026-05-23 17:15:30,44.24,1,0,
3947,TCK-13947,20250426,8,8,3,2025-04-26 13:59:29,2025-04-27 07:52:17,17.88,1,1,
3948,TCK-13948,20250409,21,1,1,2025-04-09 10:12:32,2025-04-09 16:22:08,6.16,1,1,4
3949,TCK-13949,20250211,11,1,1,2025-02-11 19:36:19,2025-02-13 01:26:43,29.84,1,0,5
3950,TCK-13950,20250113,44,1,2,2025-01-13 11:50:12,2025-01-14 01:46:00,13.93,1,1,4
3951,TCK-13951,20251127,29,6,1,2025-11-27 10:00:33,2025-11-28 00:20:21,14.33,1,1,3
3952,TCK-13952,20250827,4,8,2,2025-08-27 15:32:16,2025-08-28 06:22:40,14.84,1,1,4
3953,TCK-13953,20260406,42,4,1,2026-04-06 12:17:42,2026-04-07 07:13:30,18.93,1,1,
3954,TCK-13954,20250108,21,4,2,2025-01-08 02:31:57,2025-01-09 05:35:33,27.06,1,1,5
3955,TCK-13955,20260716,9,4,3,2026-07-16 05:36:01,2026-07-16 14:23:25,8.79,1,1,
3956,TCK-13956,20250611,6,6,1,2025-06-11 02:52:12,2025-06-11 09:42:36,6.84,1,1,4
3957,TCK-13957,20250210,40,1,1,2025-02-10 11:01:11,2025-02-11 16:37:47,29.61,1,0,5
3958,TCK-13958,20250401,5,5,2,2025-04-01 14:03:42,2025-04-02 15:37:18,25.56,1,0,5
3959,TCK-13959,20260220,36,7,3,2026-02-20 06:40:42,2026-02-20 16:20:18,9.66,1,0,4
3960,TCK-13960,20250126,48,1,2,2025-01-26 09:40:19,2025-01-26 19:12:07,9.53,1,1,
3961,TCK-13961,20260618,43,4,3,2026-06-18 03:36:03,,,0,0,
3962,TCK-13962,20260221,45,5,2,2026-02-21 15:50:44,2026-02-21 22:20:08,6.49,1,1,5
3963,TCK-13963,20260802,18,6,1,2026-08-02 12:47:01,2026-08-03 14:00:13,25.22,1,1,
3964,TCK-13964,20250318,22,7,2,2025-03-18 15:55:29,2025-03-19 12:06:17,20.18,1,0,
3965,TCK-13965,20260723,14,3,3,2026-07-23 00:16:45,,,0,0,4
3966,TCK-13966,20250520,30,3,2,2025-05-20 10:55:12,2025-05-21 18:48:00,31.88,1,0,
3967,TCK-13967,20250706,38,6,3,2025-07-06 17:17:33,2025-07-07 03:06:45,9.82,1,1,4
3968,TCK-13968,20250625,30,8,1,2025-06-25 19:38:56,,,0,0,4
3969,TCK-13969,20250919,45,1,1,2025-09-19 00:57:52,2025-09-19 01:51:52,0.9,1,1,3
3970,TCK-13970,20260701,19,5,2,2026-07-01 09:17:08,2026-07-02 11:08:08,25.85,1,0,3
3971,TCK-13971,20250515,23,7,3,2025-05-15 22:15:38,2025-05-16 13:03:38,14.8,1,0,3
3972,TCK-13972,20250912,31,3,1,2025-09-12 10:55:14,,,0,0,4
3973,TCK-13973,20250611,41,1,2,2025-06-11 01:54:06,2025-06-11 23:39:42,21.76,1,1,
3974,TCK-13974,20250405,9,5,3,2025-04-05 11:25:44,2025-04-06 14:52:44,27.45,1,0,5
3975,TCK-13975,20250625,26,7,1,2025-06-25 16:35:26,2025-06-26 10:22:50,17.79,1,0,4
3976,TCK-13976,20260107,24,5,2,2026-01-07 22:07:47,,,0,0,4
3977,TCK-13977,20251025,18,5,1,2025-10-25 04:05:04,2025-10-25 09:09:16,5.07,1,1,5
3978,TCK-13978,20251023,42,6,2,2025-10-23 05:48:52,2025-10-23 06:19:28,0.51,1,1,4
3979,TCK-13979,20260602,16,5,2,2026-06-02 03:57:23,2026-06-02 18:05:11,14.13,1,1,4
3980,TCK-13980,20250627,42,5,2,2025-06-27 08:42:24,2025-06-27 12:17:12,3.58,1,1,3
3981,TCK-13981,20250729,29,3,2,2025-07-29 10:13:41,,,0,0,5
3982,TCK-13982,20250103,16,2,2,2025-01-03 01:29:20,2025-01-03 12:08:56,10.66,1,1,5
3983,TCK-13983,20260806,31,4,2,2026-08-06 05:58:43,,,0,0,
3984,TCK-13984,20250924,11,8,3,2025-09-24 10:47:12,,,0,0,
3985,TCK-13985,20260219,17,2,1,2026-02-19 09:57:15,2026-02-20 02:26:39,16.49,1,1,3
3986,TCK-13986,20250218,14,3,2,2025-02-18 20:04:58,2025-02-19 08:42:46,12.63,1,0,3
3987,TCK-13987,20250128,47,7,1,2025-01-28 12:51:55,2025-01-29 16:10:31,27.31,1,0,4
3988,TCK-13988,20260616,5,2,1,2026-06-16 15:38:44,2026-06-17 00:40:32,9.03,1,1,4
3989,TCK-13989,20251225,6,5,2,2025-12-25 18:00:06,2025-12-26 12:46:18,18.77,1,1,5
3990,TCK-13990,20250215,27,4,1,2025-02-15 00:58:16,2025-02-15 19:44:28,18.77,1,1,5
3991,TCK-13991,20250517,15,7,3,2025-05-17 03:59:11,2025-05-17 21:42:23,17.72,1,0,5
3992,TCK-13992,20250207,24,5,1,2025-02-07 14:39:25,2025-02-08 18:44:49,28.09,1,0,5
3993,TCK-13993,20250617,17,8,3,2025-06-17 01:59:03,2025-06-17 02:54:51,0.93,1,1,4
3994,TCK-13994,20260503,1,5,2,2026-05-03 07:53:31,2026-05-04 11:45:07,27.86,1,0,3
3995,TCK-13995,20250623,24,6,3,2025-06-23 16:45:59,,,0,0,4
3996,TCK-13996,20260427,21,5,2,2026-04-27 22:27:13,,,0,0,4
3997,TCK-13997,20250130,15,3,3,2025-01-30 10:20:31,2025-01-30 13:07:55,2.79,1,1,5
3998,TCK-13998,20260321,29,4,2,2026-03-21 00:30:19,2026-03-21 03:29:43,2.99,1,1,
3999,TCK-13999,20251007,14,6,3,2025-10-07 23:43:34,2025-10-09 03:57:58,28.24,1,1,4
4000,TCK-14000,20260321,22,1,1,2026-03-21 23:01:55,2026-03-22 08:10:19,9.14,1,1,5
4001,TCK-14001,20250116,46,7,2,2025-01-16 19:26:13,2025-01-17 02:16:37,6.84,1,1,2
4002,TCK-14002,20250625,6,8,2,2025-06-25 02:03:05,2025-06-26 01:30:05,23.45,1,1,
4003,TCK-14003,20250417,19,5,3,2025-04-17 16:01:56,2025-04-18 15:46:20,23.74,1,1,4
4004,TCK-14004,20250828,41,6,3,2025-08-28 10:25:23,2025-08-29 13:10:59,26.76,1,1,4
4005,TCK-14005,20251205,38,8,3,2025-12-05 01:52:28,2025-12-06 05:14:04,27.36,1,1,4
4006,TCK-14006,20260513,15,6,2,2026-05-13 08:35:51,2026-05-13 16:44:15,8.14,1,1,4
4007,TCK-14007,20250624,11,6,1,2025-06-24 10:52:47,2025-06-24 13:09:35,2.28,1,1,3
4008,TCK-14008,20260519,43,1,1,2026-05-19 10:49:10,,,0,0,4
4009,TCK-14009,20260731,18,3,3,2026-07-31 21:48:54,,,0,0,5
4010,TCK-14010,20260801,17,7,2,2026-08-01 19:03:09,2026-08-03 07:30:09,36.45,1,0,3
4011,TCK-14011,20260728,4,8,1,2026-07-28 08:48:05,2026-07-29 02:17:29,17.49,1,1,5
4012,TCK-14012,20251124,48,7,3,2025-11-24 15:56:20,2025-11-25 06:54:32,14.97,1,0,3
4013,TCK-14013,20260509,39,4,3,2026-05-09 12:45:15,2026-05-10 23:05:03,34.33,1,1,3
4014,TCK-14014,20250123,11,7,3,2025-01-23 08:03:32,2025-01-24 07:43:08,23.66,1,0,
4015,TCK-14015,20260222,17,4,1,2026-02-22 02:04:33,2026-02-22 12:54:57,10.84,1,1,
4016,TCK-14016,20251224,25,3,3,2025-12-24 19:57:53,2025-12-25 13:13:29,17.26,1,0,3
4017,TCK-14017,20260129,6,2,2,2026-01-29 01:15:12,,,0,0,4
4018,TCK-14018,20260118,33,4,1,2026-01-18 09:18:05,2026-01-18 23:49:53,14.53,1,1,5
4019,TCK-14019,20250705,43,7,1,2025-07-05 21:01:40,2025-07-06 18:11:52,21.17,1,0,5
4020,TCK-14020,20250310,11,1,3,2025-03-10 01:37:15,,,0,0,5
4021,TCK-14021,20260411,30,8,2,2026-04-11 07:54:26,2026-04-11 22:18:26,14.4,1,1,3
4022,TCK-14022,20250301,40,5,2,2025-03-01 06:16:57,,,0,0,
4023,TCK-14023,20250726,17,6,3,2025-07-26 11:49:47,2025-07-27 14:10:47,26.35,1,1,
4024,TCK-14024,20250729,25,1,1,2025-07-29 18:20:23,2025-07-30 19:23:59,25.06,1,0,3
4025,TCK-14025,20250913,45,3,1,2025-09-13 06:41:56,2025-09-13 12:03:32,5.36,1,1,
4026,TCK-14026,20250130,48,6,2,2025-01-30 14:01:09,2025-01-31 23:23:21,33.37,1,1,
4027,TCK-14027,20260130,1,3,2,2026-01-30 14:18:45,2026-01-31 04:39:45,14.35,1,0,4
4028,TCK-14028,20260324,31,5,3,2026-03-24 05:06:59,,,0,0,5
4029,TCK-14029,20250520,17,4,3,2025-05-20 14:44:56,,,0,0,4
4030,TCK-14030,20251016,12,4,1,2025-10-16 01:27:36,2025-10-16 12:43:48,11.27,1,1,4
4031,TCK-14031,20260105,15,1,1,2026-01-05 16:39:13,2026-01-06 11:58:25,19.32,1,1,3
4032,TCK-14032,20260727,50,5,3,2026-07-27 19:57:05,2026-07-29 05:11:29,33.24,1,0,3
4033,TCK-14033,20250326,23,5,3,2025-03-26 12:43:46,2025-03-26 13:53:22,1.16,1,1,3
4034,TCK-14034,20251028,26,5,2,2025-10-28 09:27:16,2025-10-29 17:44:40,32.29,1,0,
4035,TCK-14035,20250623,24,5,1,2025-06-23 09:55:09,,,0,0,5
4036,TCK-14036,20260110,35,7,2,2026-01-10 10:16:31,,,0,0,3
4037,TCK-14037,20251221,44,8,3,2025-12-21 01:07:57,2025-12-21 19:27:09,18.32,1,1,5
4038,TCK-14038,20250527,32,4,2,2025-05-27 20:21:57,2025-05-28 07:23:45,11.03,1,1,
4039,TCK-14039,20251114,45,1,1,2025-11-14 21:04:29,2025-11-15 10:06:53,13.04,1,1,2
4040,TCK-14040,20250213,28,5,3,2025-02-13 21:15:06,2025-02-14 17:32:30,20.29,1,1,5
4041,TCK-14041,20250331,48,3,3,2025-03-31 12:56:17,2025-04-01 04:05:17,15.15,1,0,5
4042,TCK-14042,20250726,33,3,3,2025-07-26 04:48:35,2025-07-26 12:57:35,8.15,1,1,4
4043,TCK-14043,20250223,44,2,2,2025-02-23 13:58:56,2025-02-24 12:41:32,22.71,1,1,4
4044,TCK-14044,20251129,45,8,1,2025-11-29 11:53:26,2025-11-30 17:21:02,29.46,1,1,4
4045,TCK-14045,20250903,37,5,1,2025-09-03 13:59:47,2025-09-04 08:23:47,18.4,1,1,5
4046,TCK-14046,20260228,8,6,2,2026-02-28 03:55:58,2026-03-01 01:19:22,21.39,1,1,5
4047,TCK-14047,20260116,17,3,1,2026-01-16 02:32:09,2026-01-16 17:31:33,14.99,1,0,
4048,TCK-14048,20260316,46,3,3,2026-03-16 18:28:54,2026-03-17 10:11:30,15.71,1,0,5
4049,TCK-14049,20260721,32,7,3,2026-07-21 09:33:30,2026-07-21 12:18:30,2.75,1,1,2
4050,TCK-14050,20260312,37,4,1,2026-03-12 07:03:22,2026-03-12 15:48:58,8.76,1,1,4
4051,TCK-14051,20251222,49,3,1,2025-12-22 18:46:05,2025-12-23 21:22:41,26.61,1,0,
4052,TCK-14052,20260510,9,1,1,2026-05-10 09:25:37,,,0,0,5
4053,TCK-14053,20260808,6,2,3,2026-08-08 16:55:27,2026-08-09 19:04:27,26.15,1,1,3
4054,TCK-14054,20250820,23,6,3,2025-08-20 12:00:26,2025-08-20 13:07:38,1.12,1,1,5
4055,TCK-14055,20251228,14,7,2,2025-12-28 15:29:23,2025-12-29 10:34:47,19.09,1,0,5
4056,TCK-14056,20251102,1,5,1,2025-11-02 00:53:45,2025-11-03 09:35:45,32.7,1,0,4
4057,TCK-14057,20260621,20,4,1,2026-06-21 05:45:28,2026-06-22 07:04:04,25.31,1,1,3
4058,TCK-14058,20250823,44,6,1,2025-08-23 10:53:26,2025-08-24 18:57:02,32.06,1,1,4
4059,TCK-14059,20260316,1,4,3,2026-03-16 21:45:46,2026-03-17 09:51:46,12.1,1,1,5
4060,TCK-14060,20250724,22,2,3,2025-07-24 20:42:55,2025-07-25 12:15:55,15.55,1,1,
4061,TCK-14061,20250322,49,3,3,2025-03-22 14:31:50,2025-03-23 12:01:50,21.5,1,0,3
4062,TCK-14062,20260206,15,7,2,2026-02-06 20:46:39,2026-02-07 17:24:27,20.63,1,0,4
4063,TCK-14063,20260612,38,7,2,2026-06-12 08:21:00,2026-06-13 16:39:36,32.31,1,0,
4064,TCK-14064,20251012,43,3,3,2025-10-12 00:53:14,2025-10-12 17:23:50,16.51,1,0,4
4065,TCK-14065,20250609,13,2,3,2025-06-09 22:16:47,2025-06-10 10:52:11,12.59,1,1,3
4066,TCK-14066,20251217,7,7,2,2025-12-17 01:52:51,,,0,0,4
4067,TCK-14067,20260529,26,1,2,2026-05-29 14:35:03,2026-05-31 02:06:15,35.52,1,0,5
4068,TCK-14068,20251027,19,6,1,2025-10-27 17:38:04,2025-10-28 22:26:40,28.81,1,1,5
4069,TCK-14069,20250623,33,4,3,2025-06-23 00:58:45,2025-06-24 07:03:33,30.08,1,1,5
4070,TCK-14070,20250402,37,7,2,2025-04-02 07:25:46,2025-04-03 09:59:22,26.56,1,0,3
4071,TCK-14071,20250518,11,3,3,2025-05-18 22:51:48,2025-05-20 02:43:24,27.86,1,0,3
4072,TCK-14072,20251109,37,1,1,2025-11-09 17:54:16,2025-11-10 07:15:16,13.35,1,1,5
4073,TCK-14073,20260415,21,5,3,2026-04-15 15:53:51,,,0,0,5
4074,TCK-14074,20251215,41,7,2,2025-12-15 00:49:47,,,0,0,5
4075,TCK-14075,20251221,24,2,3,2025-12-21 23:25:47,2025-12-23 05:01:47,29.6,1,1,5
4076,TCK-14076,20250712,49,6,3,2025-07-12 12:51:00,,,0,0,4
4077,TCK-14077,20260128,27,8,1,2026-01-28 03:35:49,2026-01-29 04:52:37,25.28,1,1,5
4078,TCK-14078,20250101,9,1,2,2025-01-01 21:08:01,,,0,0,4
4079,TCK-14079,20250413,36,4,3,2025-04-13 02:10:00,2025-04-13 09:29:12,7.32,1,1,4
4080,TCK-14080,20250617,29,7,1,2025-06-17 00:12:41,2025-06-17 16:09:41,15.95,1,0,5
4081,TCK-14081,20260510,27,7,2,2026-05-10 00:29:40,2026-05-10 18:24:16,17.91,1,0,4
4082,TCK-14082,20250718,19,6,2,2025-07-18 18:26:31,2025-07-19 08:00:43,13.57,1,1,5
4083,TCK-14083,20250915,26,4,1,2025-09-15 23:38:00,2025-09-16 17:38:00,18.0,1,1,3
4084,TCK-14084,20250221,16,8,3,2025-02-21 11:33:32,2025-02-22 22:37:44,35.07,1,1,5
4085,TCK-14085,20250630,38,2,1,2025-06-30 13:53:56,2025-06-30 18:23:56,4.5,1,1,5
4086,TCK-14086,20260801,3,1,3,2026-08-01 10:33:03,2026-08-02 17:15:03,30.7,1,0,3
4087,TCK-14087,20250114,30,6,3,2025-01-14 01:01:04,,,0,0,5
4088,TCK-14088,20260603,34,8,1,2026-06-03 10:16:25,2026-06-03 23:00:49,12.74,1,1,4
4089,TCK-14089,20260216,16,8,2,2026-02-16 18:14:52,2026-02-17 22:59:52,28.75,1,1,3
4090,TCK-14090,20260628,37,4,1,2026-06-28 10:36:24,2026-06-29 01:52:00,15.26,1,1,4
4091,TCK-14091,20250509,19,1,2,2025-05-09 21:34:40,2025-05-10 22:23:16,24.81,1,0,5
4092,TCK-14092,20250212,38,2,1,2025-02-12 06:48:22,2025-02-13 16:23:46,33.59,1,1,5
4093,TCK-14093,20251118,12,5,1,2025-11-18 18:28:39,2025-11-19 13:52:39,19.4,1,1,5
4094,TCK-14094,20260710,36,3,1,2026-07-10 22:28:43,2026-07-11 21:05:55,22.62,1,0,4
4095,TCK-14095,20260621,47,7,1,2026-06-21 18:20:57,,,0,0,
4096,TCK-14096,20250806,2,4,2,2025-08-06 18:39:52,,,0,0,4
4097,TCK-14097,20250719,19,8,2,2025-07-19 00:33:06,2025-07-19 13:06:42,12.56,1,1,4
4098,TCK-14098,20260404,40,4,3,2026-04-04 22:00:11,2026-04-05 05:56:35,7.94,1,1,5
4099,TCK-14099,20251113,23,8,1,2025-11-13 17:05:35,2025-11-14 15:27:11,22.36,1,1,
4100,TCK-14100,20250227,27,8,3,2025-02-27 10:28:53,2025-03-01 03:03:05,40.57,1,1,3
4101,TCK-14101,20250302,15,3,1,2025-03-02 04:33:28,2025-03-02 23:44:16,19.18,1,0,5
4102,TCK-14102,20250114,44,3,1,2025-01-14 06:26:00,2025-01-15 03:54:12,21.47,1,0,3
4103,TCK-14103,20260429,49,3,2,2026-04-29 21:59:11,2026-04-30 18:17:11,20.3,1,0,4
4104,TCK-14104,20260301,37,7,2,2026-03-01 15:16:44,2026-03-02 06:47:56,15.52,1,0,4
4105,TCK-14105,20260331,23,6,1,2026-03-31 23:19:51,2026-04-02 01:53:27,26.56,1,1,4
4106,TCK-14106,20260306,47,6,1,2026-03-06 20:53:38,2026-03-07 02:09:50,5.27,1,1,
4107,TCK-14107,20250417,24,2,3,2025-04-17 03:52:07,2025-04-17 09:31:07,5.65,1,1,5
4108,TCK-14108,20260416,21,6,1,2026-04-16 13:18:47,2026-04-18 01:09:47,35.85,1,1,
4109,TCK-14109,20260712,1,7,3,2026-07-12 06:32:47,2026-07-13 00:18:23,17.76,1,0,
4110,TCK-14110,20251128,28,4,2,2025-11-28 22:03:11,2025-11-29 03:54:47,5.86,1,1,
4111,TCK-14111,20251219,48,5,3,2025-12-19 12:12:44,2025-12-21 09:33:44,45.35,1,0,4
4112,TCK-14112,20250522,24,5,3,2025-05-22 08:49:20,2025-05-23 01:35:32,16.77,1,1,3
4113,TCK-14113,20260628,31,6,3,2026-06-28 20:08:25,2026-06-30 13:13:49,41.09,1,1,4
4114,TCK-14114,20250529,44,3,2,2025-05-29 14:05:24,2025-05-30 01:22:12,11.28,1,1,3
4115,TCK-14115,20250914,30,7,3,2025-09-14 15:26:46,2025-09-14 16:09:22,0.71,1,1,5
4116,TCK-14116,20260724,44,1,1,2026-07-24 11:41:17,2026-07-25 05:56:17,18.25,1,1,4
4117,TCK-14117,20260808,7,7,3,2026-08-08 06:58:07,2026-08-08 07:57:31,0.99,1,1,4
4118,TCK-14118,20250817,12,2,3,2025-08-17 04:32:48,2025-08-17 16:10:00,11.62,1,1,4
4119,TCK-14119,20250914,16,3,2,2025-09-14 23:06:58,2025-09-15 05:06:58,6.0,1,1,4
4120,TCK-14120,20260627,35,3,2,2026-06-27 07:05:16,2026-06-28 04:49:04,21.73,1,0,
4121,TCK-14121,20250819,26,4,2,2025-08-19 00:12:57,,,0,0,3
4122,TCK-14122,20251112,1,5,3,2025-11-12 14:37:52,2025-11-13 12:24:40,21.78,1,1,4
4123,TCK-14123,20250405,9,7,3,2025-04-05 06:09:49,2025-04-06 04:54:13,22.74,1,0,3
4124,TCK-14124,20260131,21,7,3,2026-01-31 09:40:13,2026-02-01 03:02:25,17.37,1,0,4
4125,TCK-14125,20250624,2,3,1,2025-06-24 11:34:28,2025-06-24 16:39:16,5.08,1,1,4
4126,TCK-14126,20260207,14,8,3,2026-02-07 06:04:25,2026-02-07 16:30:13,10.43,1,1,
4127,TCK-14127,20250416,3,5,2,2025-04-16 15:10:47,2025-04-17 20:54:35,29.73,1,0,
4128,TCK-14128,20251116,26,4,3,2025-11-16 19:03:32,,,0,0,3
4129,TCK-14129,20250324,37,8,2,2025-03-24 20:05:27,2025-03-25 16:07:51,20.04,1,1,5
4130,TCK-14130,20250304,7,1,1,2025-03-04 22:44:06,2025-03-05 18:20:42,19.61,1,1,5
4131,TCK-14131,20260107,18,3,3,2026-01-07 10:19:04,2026-01-08 21:52:04,35.55,1,0,4
4132,TCK-14132,20260812,11,7,1,2026-08-12 11:04:48,,,0,0,3
4133,TCK-14133,20260301,25,2,1,2026-03-01 23:02:47,2026-03-02 16:29:11,17.44,1,1,
4134,TCK-14134,20260305,19,7,1,2026-03-05 18:01:40,2026-03-06 11:13:04,17.19,1,0,5
4135,TCK-14135,20250518,25,2,3,2025-05-18 09:17:04,,,0,0,3
4136,TCK-14136,20250815,31,5,2,2025-08-15 04:58:04,2025-08-15 12:42:28,7.74,1,1,
4137,TCK-14137,20250606,18,3,3,2025-06-06 06:49:33,2025-06-06 14:03:21,7.23,1,1,5
4138,TCK-14138,20250311,5,1,2,2025-03-11 20:59:00,2025-03-12 16:06:12,19.12,1,1,3
4139,TCK-14139,20250127,43,3,1,2025-01-27 11:40:59,2025-01-28 13:04:23,25.39,1,0,
4140,TCK-14140,20250723,15,6,1,2025-07-23 03:31:48,2025-07-23 11:15:00,7.72,1,1,4
4141,TCK-14141,20260720,37,2,1,2026-07-20 22:10:18,2026-07-21 05:25:18,7.25,1,1,5
4142,TCK-14142,20260717,43,3,3,2026-07-17 02:22:50,2026-07-18 15:24:38,37.03,1,0,
4143,TCK-14143,20260328,8,6,1,2026-03-28 12:35:00,2026-03-29 12:03:48,23.48,1,1,3
4144,TCK-14144,20250228,21,6,1,2025-02-28 15:47:14,,,0,0,
4145,TCK-14145,20251030,39,2,1,2025-10-30 07:03:15,2025-10-30 22:47:03,15.73,1,1,
4146,TCK-14146,20260211,17,3,2,2026-02-11 04:50:15,2026-02-11 16:35:15,11.75,1,1,4
4147,TCK-14147,20260207,42,4,2,2026-02-07 11:16:13,2026-02-08 09:25:49,22.16,1,1,5
4148,TCK-14148,20250120,34,6,3,2025-01-20 06:14:01,2025-01-21 16:47:01,34.55,1,1,4
4149,TCK-14149,20250512,16,7,3,2025-05-12 18:41:02,2025-05-13 04:16:26,9.59,1,0,4
4150,TCK-14150,20260523,33,5,3,2026-05-23 21:06:21,2026-05-24 19:11:09,22.08,1,1,4
4151,TCK-14151,20250624,32,4,2,2025-06-24 03:03:39,2025-06-25 01:45:03,22.69,1,1,4
4152,TCK-14152,20250315,7,4,3,2025-03-15 15:07:31,,,0,0,5
4153,TCK-14153,20250920,13,1,1,2025-09-20 11:25:33,2025-09-20 20:15:57,8.84,1,1,4
4154,TCK-14154,20260514,44,7,2,2026-05-14 06:30:18,2026-05-14 15:03:54,8.56,1,0,3
4155,TCK-14155,20260208,15,8,1,2026-02-08 12:46:03,2026-02-09 19:57:27,31.19,1,1,3
4156,TCK-14156,20250419,36,3,1,2025-04-19 17:00:12,2025-04-19 23:45:48,6.76,1,1,3
4157,TCK-14157,20251016,44,3,3,2025-10-16 00:19:13,2025-10-16 19:42:37,19.39,1,0,
4158,TCK-14158,20251203,50,7,3,2025-12-03 15:28:23,2025-12-04 04:03:11,12.58,1,0,3
4159,TCK-14159,20250412,43,1,1,2025-04-12 13:12:25,2025-04-13 12:33:25,23.35,1,1,
4160,TCK-14160,20260721,17,6,1,2026-07-21 02:15:21,2026-07-21 13:38:09,11.38,1,1,4
4161,TCK-14161,20250112,15,4,3,2025-01-12 06:39:48,,,0,0,3
4162,TCK-14162,20260705,34,7,1,2026-07-05 11:12:11,2026-07-06 20:21:11,33.15,1,0,3
4163,TCK-14163,20250918,6,1,1,2025-09-18 19:51:38,2025-09-19 16:07:14,20.26,1,1,3
4164,TCK-14164,20260406,44,8,1,2026-04-06 14:02:17,2026-04-07 11:30:29,21.47,1,1,5
4165,TCK-14165,20251114,5,8,3,2025-11-14 11:52:50,2025-11-15 14:51:38,26.98,1,1,2
4166,TCK-14166,20250407,25,4,3,2025-04-07 01:42:12,2025-04-07 07:03:12,5.35,1,1,4
4167,TCK-14167,20250409,47,7,3,2025-04-09 01:33:55,2025-04-10 02:51:19,25.29,1,0,5
4168,TCK-14168,20251012,40,6,2,2025-10-12 06:02:30,,,0,0,5
4169,TCK-14169,20260603,33,2,3,2026-06-03 14:42:29,2026-06-04 03:39:29,12.95,1,1,3
4170,TCK-14170,20260603,21,2,2,2026-06-03 14:11:14,2026-06-04 07:02:50,16.86,1,1,
4171,TCK-14171,20260306,36,6,2,2026-03-06 14:59:58,2026-03-07 13:46:10,22.77,1,1,
4172,TCK-14172,20250613,45,6,2,2025-06-13 17:53:04,2025-06-15 01:08:40,31.26,1,1,5
4173,TCK-14173,20260730,49,3,2,2026-07-30 19:41:54,2026-07-31 02:33:30,6.86,1,1,5
4174,TCK-14174,20250127,26,2,3,2025-01-27 20:33:18,2025-01-28 09:00:54,12.46,1,1,3
4175,TCK-14175,20260422,13,6,2,2026-04-22 22:14:03,2026-04-23 14:24:51,16.18,1,1,5
4176,TCK-14176,20260113,21,2,3,2026-01-13 18:25:31,2026-01-14 18:30:19,24.08,1,1,3
4177,TCK-14177,20250408,36,5,2,2025-04-08 08:47:19,2025-04-09 21:29:19,36.7,1,0,
4178,TCK-14178,20250216,27,8,2,2025-02-16 04:15:49,,,0,0,
4179,TCK-14179,20250211,50,7,2,2025-02-11 14:49:38,2025-02-12 16:25:02,25.59,1,0,3
4180,TCK-14180,20250607,20,6,3,2025-06-07 14:59:13,2025-06-08 08:25:01,17.43,1,1,3
4181,TCK-14181,20260507,8,3,2,2026-05-07 22:12:51,2026-05-08 09:23:39,11.18,1,1,5
4182,TCK-14182,20260605,24,8,3,2026-06-05 14:53:35,2026-06-05 23:21:11,8.46,1,1,5
4183,TCK-14183,20251127,4,8,1,2025-11-27 06:37:47,2025-11-27 23:18:35,16.68,1,1,4
4184,TCK-14184,20260416,32,7,3,2026-04-16 03:35:20,2026-04-16 18:08:56,14.56,1,0,4
4185,TCK-14185,20250121,45,5,1,2025-01-21 08:03:59,2025-01-21 20:53:47,12.83,1,1,4
4186,TCK-14186,20260223,7,2,1,2026-02-23 21:25:54,2026-02-24 12:21:06,14.92,1,1,1
4187,TCK-14187,20260404,10,8,1,2026-04-04 18:45:47,2026-04-05 19:10:59,24.42,1,1,
4188,TCK-14188,20251130,48,7,1,2025-11-30 00:26:55,2025-11-30 05:34:07,5.12,1,1,5
4189,TCK-14189,20250804,19,1,3,2025-08-04 16:35:40,2025-08-05 21:23:40,28.8,1,0,3
4190,TCK-14190,20250528,3,3,2,2025-05-28 23:22:19,2025-05-30 09:18:43,33.94,1,0,5
4191,TCK-14191,20251113,33,2,2,2025-11-13 13:17:56,2025-11-14 05:44:56,16.45,1,1,4
4192,TCK-14192,20250215,11,8,3,2025-02-15 21:13:27,2025-02-16 00:00:15,2.78,1,1,5
4193,TCK-14193,20250709,43,6,1,2025-07-09 12:58:04,2025-07-10 23:57:28,34.99,1,1,4
4194,TCK-14194,20250608,9,4,1,2025-06-08 21:03:52,2025-06-09 03:49:28,6.76,1,1,4
4195,TCK-14195,20250105,42,6,2,2025-01-05 10:14:47,2025-01-06 01:49:35,15.58,1,1,5
4196,TCK-14196,20250815,18,7,3,2025-08-15 10:14:44,2025-08-17 00:09:20,37.91,1,0,4
4197,TCK-14197,20250113,43,8,3,2025-01-13 11:35:56,2025-01-14 20:27:32,32.86,1,1,4
4198,TCK-14198,20250429,12,8,1,2025-04-29 07:24:49,2025-04-30 14:30:49,31.1,1,1,3
4199,TCK-14199,20251207,23,7,2,2025-12-07 11:08:26,2025-12-08 15:06:38,27.97,1,0,5
4200,TCK-14200,20260525,24,6,3,2026-05-25 00:23:10,2026-05-25 08:05:10,7.7,1,1,5
4201,TCK-14201,20250510,6,5,2,2025-05-10 06:21:59,2025-05-10 09:11:47,2.83,1,1,3
4202,TCK-14202,20251122,12,7,3,2025-11-22 17:25:38,2025-11-23 03:32:14,10.11,1,0,
4203,TCK-14203,20251209,12,7,3,2025-12-09 21:22:04,2025-12-10 22:01:40,24.66,1,0,4
4204,TCK-14204,20250319,24,8,3,2025-03-19 18:12:30,,,0,0,3
4205,TCK-14205,20250626,5,6,1,2025-06-26 14:51:12,2025-06-28 00:05:36,33.24,1,1,3
4206,TCK-14206,20260520,5,1,3,2026-05-20 13:44:10,2026-05-21 19:45:58,30.03,1,0,
4207,TCK-14207,20250320,25,5,3,2025-03-20 10:09:44,2025-03-20 23:55:20,13.76,1,1,4
4208,TCK-14208,20250925,44,3,1,2025-09-25 14:02:47,2025-09-26 14:27:23,24.41,1,0,
4209,TCK-14209,20260625,18,1,1,2026-06-25 22:06:10,2026-06-26 01:04:22,2.97,1,1,4
4210,TCK-14210,20250915,39,1,3,2025-09-15 07:28:49,2025-09-15 20:16:13,12.79,1,1,5
4211,TCK-14211,20260612,26,2,1,2026-06-12 03:31:48,,,0,0,4
4212,TCK-14212,20260709,33,1,2,2026-07-09 18:38:55,2026-07-09 22:43:43,4.08,1,1,5
4213,TCK-14213,20250717,2,2,2,2025-07-17 06:18:45,,,0,0,3
4214,TCK-14214,20250426,48,1,3,2025-04-26 22:46:57,2025-04-27 02:11:33,3.41,1,1,5
4215,TCK-14215,20250208,38,7,3,2025-02-08 20:11:06,2025-02-09 20:06:54,23.93,1,0,4
4216,TCK-14216,20250521,2,5,2,2025-05-21 20:04:10,,,0,0,5
4217,TCK-14217,20260602,10,7,2,2026-06-02 03:09:45,2026-06-02 04:28:21,1.31,1,1,2
4218,TCK-14218,20260414,4,7,1,2026-04-14 08:39:32,,,0,0,3
4219,TCK-14219,20251125,45,5,3,2025-11-25 19:04:54,2025-11-27 05:21:06,34.27,1,0,
4220,TCK-14220,20250923,47,4,1,2025-09-23 23:27:23,2025-09-24 18:24:23,18.95,1,1,2
4221,TCK-14221,20251229,26,2,2,2025-12-29 15:54:55,,,0,0,4
4222,TCK-14222,20260812,19,4,1,2026-08-12 19:22:54,2026-08-13 15:12:06,19.82,1,1,5
4223,TCK-14223,20250413,42,7,2,2025-04-13 12:17:22,2025-04-13 13:13:46,0.94,1,1,5
4224,TCK-14224,20250511,9,6,1,2025-05-11 07:01:30,,,0,0,5
4225,TCK-14225,20250407,17,8,2,2025-04-07 05:26:06,,,0,0,2
4226,TCK-14226,20250915,32,6,2,2025-09-15 10:34:25,2025-09-16 04:35:37,18.02,1,1,3
4227,TCK-14227,20251116,16,4,3,2025-11-16 01:33:14,2025-11-16 02:20:02,0.78,1,1,2
4228,TCK-14228,20251228,34,8,3,2025-12-28 18:34:59,2025-12-29 11:18:11,16.72,1,1,4
4229,TCK-14229,20250720,40,6,2,2025-07-20 05:23:42,,,0,0,5
4230,TCK-14230,20260301,16,3,1,2026-03-01 17:15:05,2026-03-02 22:06:05,28.85,1,0,4
4231,TCK-14231,20251219,48,4,3,2025-12-19 10:40:30,,,0,0,5
4232,TCK-14232,20260611,9,1,1,2026-06-11 00:05:55,2026-06-12 22:49:07,46.72,1,0,5
4233,TCK-14233,20250517,2,5,2,2025-05-17 23:24:42,2025-05-18 14:55:18,15.51,1,1,5
4234,TCK-14234,20251016,7,4,2,2025-10-16 22:15:39,2025-10-17 16:25:15,18.16,1,1,3
4235,TCK-14235,20260314,28,2,3,2026-03-14 14:54:36,2026-03-15 19:00:36,28.1,1,1,3
4236,TCK-14236,20250520,31,5,2,2025-05-20 01:45:59,2025-05-20 18:00:59,16.25,1,1,
4237,TCK-14237,20250910,17,4,3,2025-09-10 23:29:54,2025-09-11 14:21:30,14.86,1,1,4
4238,TCK-14238,20260503,46,8,2,2026-05-03 19:48:22,2026-05-03 21:42:22,1.9,1,1,5
4239,TCK-14239,20250805,21,3,1,2025-08-05 18:14:39,2025-08-06 01:23:39,7.15,1,1,3
4240,TCK-14240,20250705,50,8,2,2025-07-05 14:29:16,2025-07-07 00:41:52,34.21,1,1,5
4241,TCK-14241,20250413,6,6,1,2025-04-13 09:33:19,2025-04-14 15:39:55,30.11,1,1,
4242,TCK-14242,20250824,34,7,1,2025-08-24 18:52:25,2025-08-24 22:43:25,3.85,1,1,4
4243,TCK-14243,20251020,2,5,1,2025-10-20 14:21:57,2025-10-21 03:09:57,12.8,1,1,3
4244,TCK-14244,20251115,33,6,3,2025-11-15 14:48:30,2025-11-15 19:26:18,4.63,1,1,5
4245,TCK-14245,20250701,38,4,3,2025-07-01 16:21:15,2025-07-02 06:27:15,14.1,1,1,4
4246,TCK-14246,20250325,27,6,2,2025-03-25 13:45:42,2025-03-26 01:16:18,11.51,1,1,4
4247,TCK-14247,20260622,29,8,3,2026-06-22 21:50:04,2026-06-23 17:23:40,19.56,1,1,3
4248,TCK-14248,20250819,6,7,3,2025-08-19 18:20:39,2025-08-20 14:51:51,20.52,1,0,3
4249,TCK-14249,20250428,5,3,3,2025-04-28 22:35:21,2025-04-30 06:53:57,32.31,1,0,5
4250,TCK-14250,20251015,40,1,1,2025-10-15 14:13:31,2025-10-15 21:59:07,7.76,1,1,4
4251,TCK-14251,20260731,19,7,2,2026-07-31 19:56:31,2026-07-31 21:24:43,1.47,1,1,3
4252,TCK-14252,20250215,2,3,1,2025-02-15 17:45:41,2025-02-16 13:34:53,19.82,1,0,4
4253,TCK-14253,20250301,27,7,3,2025-03-01 12:11:20,2025-03-01 14:47:20,2.6,1,1,
4254,TCK-14254,20260212,45,1,3,2026-02-12 14:06:40,2026-02-13 09:46:16,19.66,1,1,4
4255,TCK-14255,20250929,46,1,1,2025-09-29 20:22:32,2025-09-29 22:11:08,1.81,1,1,4
4256,TCK-14256,20251028,42,8,3,2025-10-28 23:44:37,,,0,0,5
4257,TCK-14257,20260613,20,3,3,2026-06-13 06:54:02,,,0,0,3
4258,TCK-14258,20250307,22,3,3,2025-03-07 05:41:13,,,0,0,4
4259,TCK-14259,20260319,15,4,2,2026-03-19 14:23:43,2026-03-19 19:57:19,5.56,1,1,4
4260,TCK-14260,20251209,50,3,2,2025-12-09 17:54:30,2025-12-10 13:37:42,19.72,1,0,4
4261,TCK-14261,20250920,6,8,3,2025-09-20 00:30:58,2025-09-20 06:28:34,5.96,1,1,3
4262,TCK-14262,20250206,6,1,2,2025-02-06 15:53:16,,,0,0,4
4263,TCK-14263,20260501,18,8,3,2026-05-01 04:50:54,,,0,0,3
4264,TCK-14264,20250624,49,8,1,2025-06-24 09:49:14,2025-06-24 12:46:50,2.96,1,1,5
4265,TCK-14265,20251223,10,1,1,2025-12-23 06:24:59,,,0,0,4
4266,TCK-14266,20260402,35,6,2,2026-04-02 23:47:56,2026-04-03 23:08:20,23.34,1,1,4
4267,TCK-14267,20260527,4,2,3,2026-05-27 05:33:44,2026-05-27 10:33:44,5.0,1,1,5
4268,TCK-14268,20250315,27,5,3,2025-03-15 05:43:24,2025-03-15 09:32:00,3.81,1,1,3
4269,TCK-14269,20250420,16,7,3,2025-04-20 18:25:11,,,0,0,3
4270,TCK-14270,20251102,45,6,2,2025-11-02 08:14:37,,,0,0,
4271,TCK-14271,20251211,41,6,1,2025-12-11 12:56:25,2025-12-13 00:46:49,35.84,1,1,4
4272,TCK-14272,20250225,8,3,3,2025-02-25 11:43:04,2025-02-26 19:40:04,31.95,1,0,4
4273,TCK-14273,20250421,33,1,2,2025-04-21 02:13:47,2025-04-21 23:08:23,20.91,1,1,2
4274,TCK-14274,20250910,41,8,3,2025-09-10 19:26:23,,,0,0,4
4275,TCK-14275,20260712,48,6,3,2026-07-12 12:28:29,2026-07-13 01:47:41,13.32,1,1,
4276,TCK-14276,20250207,34,6,2,2025-02-07 15:05:11,2025-02-08 19:56:11,28.85,1,1,4
4277,TCK-14277,20260717,19,2,2,2026-07-17 05:52:30,2026-07-17 15:42:54,9.84,1,1,3
4278,TCK-14278,20260205,9,2,1,2026-02-05 16:36:12,2026-02-06 10:55:24,18.32,1,1,
4279,TCK-14279,20251022,35,7,3,2025-10-22 02:23:31,2025-10-22 23:16:55,20.89,1,0,4
4280,TCK-14280,20260119,45,5,1,2026-01-19 02:46:37,2026-01-19 21:59:13,19.21,1,1,5
4281,TCK-14281,20250610,36,6,2,2025-06-10 04:14:44,2025-06-11 05:16:32,25.03,1,1,4
4282,TCK-14282,20260324,2,8,3,2026-03-24 06:00:50,2026-03-24 14:38:02,8.62,1,1,2
4283,TCK-14283,20250830,15,3,3,2025-08-30 11:09:34,,,0,0,3
4284,TCK-14284,20250718,24,8,1,2025-07-18 11:51:57,2025-07-18 18:42:21,6.84,1,1,5
4285,TCK-14285,20250930,32,5,3,2025-09-30 13:17:43,2025-10-02 01:36:55,36.32,1,0,4
4286,TCK-14286,20250111,49,4,1,2025-01-11 03:35:22,2025-01-12 12:27:34,32.87,1,1,4
4287,TCK-14287,20251114,26,8,2,2025-11-14 11:48:01,2025-11-15 03:13:49,15.43,1,1,
4288,TCK-14288,20260730,1,1,1,2026-07-30 20:35:56,2026-07-31 20:02:56,23.45,1,1,3
4289,TCK-14289,20260322,32,5,2,2026-03-22 02:37:13,2026-03-22 09:00:01,6.38,1,1,4
4290,TCK-14290,20251030,25,7,1,2025-10-30 12:48:21,2025-10-31 00:55:33,12.12,1,0,4
4291,TCK-14291,20260223,37,5,3,2026-02-23 07:12:30,2026-02-24 14:04:06,30.86,1,0,5
4292,TCK-14292,20250428,33,7,1,2025-04-28 19:59:04,2025-04-30 10:27:52,38.48,1,0,3
4293,TCK-14293,20251117,19,8,1,2025-11-17 01:20:10,2025-11-17 20:36:22,19.27,1,1,3
4294,TCK-14294,20260303,9,5,2,2026-03-03 00:39:30,,,0,0,5
4295,TCK-14295,20250319,39,7,1,2025-03-19 08:22:37,2025-03-20 05:37:37,21.25,1,0,5
4296,TCK-14296,20260725,8,6,3,2026-07-25 02:28:48,2026-07-26 05:36:00,27.12,1,1,4
4297,TCK-14297,20260626,29,4,3,2026-06-26 16:22:33,2026-06-27 04:47:09,12.41,1,1,5
4298,TCK-14298,20260409,24,6,3,2026-04-09 03:15:07,2026-04-09 14:45:43,11.51,1,1,4
4299,TCK-14299,20250906,28,7,1,2025-09-06 18:20:11,2025-09-07 12:45:23,18.42,1,0,5
4300,TCK-14300,20250323,11,8,3,2025-03-23 04:14:32,2025-03-23 11:40:56,7.44,1,1,4
4301,TCK-14301,20260716,6,2,3,2026-07-16 18:53:33,2026-07-17 02:08:33,7.25,1,1,5
4302,TCK-14302,20250711,47,4,1,2025-07-11 19:02:40,2025-07-12 22:47:04,27.74,1,1,
4303,TCK-14303,20250427,48,5,2,2025-04-27 14:14:24,2025-04-28 03:31:12,13.28,1,1,5
4304,TCK-14304,20251011,15,2,3,2025-10-11 09:59:11,2025-10-12 08:24:23,22.42,1,1,
4305,TCK-14305,20250712,9,8,1,2025-07-12 19:14:15,,,0,0,4
4306,TCK-14306,20260116,13,6,1,2026-01-16 06:56:45,2026-01-16 09:33:57,2.62,1,1,3
4307,TCK-14307,20250610,26,1,3,2025-06-10 16:11:46,2025-06-12 10:45:58,42.57,1,0,5
4308,TCK-14308,20260427,21,8,3,2026-04-27 16:41:55,2026-04-28 03:50:19,11.14,1,1,5
4309,TCK-14309,20250218,16,8,2,2025-02-18 18:59:30,2025-02-19 11:08:30,16.15,1,1,5
4310,TCK-14310,20250128,27,7,2,2025-01-28 18:31:42,2025-01-28 19:14:18,0.71,1,1,5
4311,TCK-14311,20251027,44,1,1,2025-10-27 08:23:42,2025-10-27 16:35:42,8.2,1,1,4
4312,TCK-14312,20250118,6,1,3,2025-01-18 14:39:14,2025-01-19 05:00:50,14.36,1,1,5
4313,TCK-14313,20251220,11,8,3,2025-12-20 09:24:15,2025-12-21 12:54:15,27.5,1,1,3
4314,TCK-14314,20250311,8,7,2,2025-03-11 14:28:20,2025-03-11 15:43:20,1.25,1,1,4
4315,TCK-14315,20251120,18,8,1,2025-11-20 17:05:45,,,0,0,3
4316,TCK-14316,20260603,3,8,3,2026-06-03 21:32:19,2026-06-04 11:02:55,13.51,1,1,5
4317,TCK-14317,20260206,13,1,2,2026-02-06 10:39:40,2026-02-06 21:24:40,10.75,1,1,4
4318,TCK-14318,20260410,50,6,1,2026-04-10 23:44:01,2026-04-12 01:08:01,25.4,1,1,2
4319,TCK-14319,20250308,12,7,2,2025-03-08 04:34:06,2025-03-08 08:31:06,3.95,1,1,4
4320,TCK-14320,20251208,34,3,2,2025-12-08 07:28:36,,,0,0,4
4321,TCK-14321,20250817,6,3,2,2025-08-17 15:06:30,2025-08-18 17:49:06,26.71,1,0,3
4322,TCK-14322,20260628,24,1,3,2026-06-28 06:02:26,2026-06-29 04:03:02,22.01,1,1,2
4323,TCK-14323,20260310,8,7,3,2026-03-10 14:10:12,2026-03-11 08:16:48,18.11,1,0,4
4324,TCK-14324,20260116,31,7,2,2026-01-16 11:36:22,2026-01-17 02:54:58,15.31,1,0,5
4325,TCK-14325,20251123,1,5,1,2025-11-23 23:48:40,2025-11-24 07:23:28,7.58,1,1,4
4326,TCK-14326,20250703,3,1,2,2025-07-03 10:44:52,2025-07-04 01:31:04,14.77,1,1,3
4327,TCK-14327,20260708,41,2,1,2026-07-08 10:51:20,2026-07-08 19:59:44,9.14,1,1,3
4328,TCK-14328,20250602,41,6,2,2025-06-02 01:33:01,2025-06-03 07:55:13,30.37,1,1,5
4329,TCK-14329,20251107,30,6,1,2025-11-07 18:15:07,2025-11-08 13:45:43,19.51,1,1,
4330,TCK-14330,20250428,50,2,2,2025-04-28 02:21:40,2025-04-28 11:21:40,9.0,1,1,5
4331,TCK-14331,20251010,46,5,1,2025-10-10 14:42:41,2025-10-12 08:40:53,41.97,1,0,4
4332,TCK-14332,20260722,42,5,1,2026-07-22 18:08:08,2026-07-24 12:48:20,42.67,1,0,4
4333,TCK-14333,20251114,25,1,3,2025-11-14 19:50:19,2025-11-15 05:46:43,9.94,1,1,5
4334,TCK-14334,20260208,15,1,3,2026-02-08 06:35:13,2026-02-08 13:17:13,6.7,1,1,4
4335,TCK-14335,20250410,48,6,3,2025-04-10 15:02:33,2025-04-11 09:55:57,18.89,1,1,4
4336,TCK-14336,20250708,43,5,3,2025-07-08 08:17:41,2025-07-09 06:19:29,22.03,1,1,3
4337,TCK-14337,20250206,16,7,3,2025-02-06 01:46:02,2025-02-07 02:29:50,24.73,1,0,5
4338,TCK-14338,20260718,45,1,2,2026-07-18 17:51:47,2026-07-18 20:46:59,2.92,1,1,
4339,TCK-14339,20260121,37,1,3,2026-01-21 03:47:28,2026-01-21 05:17:28,1.5,1,1,5
4340,TCK-14340,20260529,38,8,1,2026-05-29 03:56:25,,,0,0,4
4341,TCK-14341,20250824,2,2,1,2025-08-24 20:34:18,2025-08-25 20:57:06,24.38,1,1,
4342,TCK-14342,20250916,25,1,1,2025-09-16 10:16:59,2025-09-17 09:33:47,23.28,1,1,4
4343,TCK-14343,20260308,15,3,2,2026-03-08 03:08:28,2026-03-09 04:00:04,24.86,1,0,3
4344,TCK-14344,20260526,23,3,3,2026-05-26 23:40:37,,,0,0,5
4345,TCK-14345,20250303,36,6,1,2025-03-03 20:36:41,2025-03-04 16:22:53,19.77,1,1,4
4346,TCK-14346,20251211,49,4,1,2025-12-11 15:06:59,2025-12-12 15:24:59,24.3,1,1,4
4347,TCK-14347,20250916,50,2,2,2025-09-16 14:05:57,2025-09-17 17:45:33,27.66,1,1,4
4348,TCK-14348,20250925,28,6,1,2025-09-25 09:22:43,2025-09-26 03:26:55,18.07,1,1,4
4349,TCK-14349,20251020,39,7,3,2025-10-20 23:23:16,2025-10-21 10:37:04,11.23,1,0,3
4350,TCK-14350,20260726,30,4,3,2026-07-26 01:16:38,2026-07-26 22:50:14,21.56,1,1,4
4351,TCK-14351,20260206,16,4,2,2026-02-06 10:47:10,2026-02-07 11:34:34,24.79,1,1,5
4352,TCK-14352,20250504,43,8,2,2025-05-04 09:27:16,,,0,0,5
4353,TCK-14353,20250715,23,2,1,2025-07-15 09:09:20,2025-07-16 03:48:56,18.66,1,1,4
4354,TCK-14354,20250401,10,7,3,2025-04-01 06:34:16,,,0,0,4
4355,TCK-14355,20250110,5,6,2,2025-01-10 18:42:22,2025-01-12 10:21:58,39.66,1,1,5
4356,TCK-14356,20250107,22,3,2,2025-01-07 11:25:57,2025-01-07 20:41:33,9.26,1,1,3
4357,TCK-14357,20260326,1,3,3,2026-03-26 05:30:04,2026-03-27 03:53:28,22.39,1,0,5
4358,TCK-14358,20250805,40,3,3,2025-08-05 15:33:59,2025-08-06 11:29:11,19.92,1,0,3
4359,TCK-14359,20250608,16,8,1,2025-06-08 13:08:28,2025-06-09 05:18:04,16.16,1,1,3
4360,TCK-14360,20250507,33,6,3,2025-05-07 18:40:54,2025-05-08 00:56:30,6.26,1,1,5
4361,TCK-14361,20250604,38,8,2,2025-06-04 18:18:17,2025-06-05 14:24:53,20.11,1,1,4
4362,TCK-14362,20250610,32,6,3,2025-06-10 23:48:56,2025-06-11 01:10:32,1.36,1,1,4
4363,TCK-14363,20250824,22,1,3,2025-08-24 12:41:27,,,0,0,4
4364,TCK-14364,20250507,26,4,1,2025-05-07 22:45:49,2025-05-09 00:43:25,25.96,1,1,
4365,TCK-14365,20251216,1,8,3,2025-12-16 07:19:02,,,0,0,3
4366,TCK-14366,20250409,21,2,3,2025-04-09 16:01:06,2025-04-10 08:52:06,16.85,1,1,4
4367,TCK-14367,20250301,35,7,1,2025-03-01 03:55:38,2025-03-01 16:01:38,12.1,1,0,3
4368,TCK-14368,20250423,5,6,1,2025-04-23 11:17:49,,,0,0,2
4369,TCK-14369,20260104,7,8,3,2026-01-04 15:15:16,2026-01-05 19:50:40,28.59,1,1,
4370,TCK-14370,20260528,1,7,2,2026-05-28 13:54:11,2026-05-28 20:14:35,6.34,1,1,5
4371,TCK-14371,20250628,42,3,2,2025-06-28 04:19:55,,,0,0,4
4372,TCK-14372,20250418,22,3,1,2025-04-18 20:50:35,,,0,0,
4373,TCK-14373,20250908,7,7,3,2025-09-08 10:02:26,2025-09-09 13:45:02,27.71,1,0,
4374,TCK-14374,20260524,38,8,3,2026-05-24 20:01:25,2026-05-25 18:11:37,22.17,1,1,4
4375,TCK-14375,20250708,23,8,3,2025-07-08 13:33:25,2025-07-09 07:34:37,18.02,1,1,5
4376,TCK-14376,20250617,36,2,2,2025-06-17 03:18:02,2025-06-17 20:47:26,17.49,1,1,4
4377,TCK-14377,20250722,18,8,1,2025-07-22 18:01:12,2025-07-23 12:09:36,18.14,1,1,4
4378,TCK-14378,20260205,48,1,2,2026-02-05 05:25:50,2026-02-05 23:08:26,17.71,1,1,
4379,TCK-14379,20260520,19,3,3,2026-05-20 09:32:52,2026-05-20 18:28:04,8.92,1,1,3
4380,TCK-14380,20250622,15,3,1,2025-06-22 14:14:34,2025-06-23 05:09:46,14.92,1,0,4
4381,TCK-14381,20260812,9,4,1,2026-08-12 14:42:43,2026-08-13 10:25:19,19.71,1,1,
4382,TCK-14382,20251030,44,4,3,2025-10-30 15:49:56,2025-10-31 01:10:56,9.35,1,1,5
4383,TCK-14383,20251002,39,5,2,2025-10-02 14:34:03,2025-10-03 16:40:39,26.11,1,0,5
4384,TCK-14384,20260214,14,5,2,2026-02-14 13:38:53,2026-02-14 18:28:05,4.82,1,1,3
4385,TCK-14385,20251014,2,6,3,2025-10-14 10:34:15,2025-10-16 07:51:39,45.29,1,1,5
4386,TCK-14386,20250225,40,8,1,2025-02-25 23:12:07,2025-02-26 19:23:31,20.19,1,1,
4387,TCK-14387,20260107,50,2,1,2026-01-07 18:45:32,2026-01-08 16:20:56,21.59,1,1,5
4388,TCK-14388,20260307,27,6,3,2026-03-07 08:01:07,2026-03-08 01:22:07,17.35,1,1,4
4389,TCK-14389,20250710,21,4,1,2025-07-10 00:54:59,2025-07-11 17:11:11,40.27,1,0,4
4390,TCK-14390,20251010,25,4,1,2025-10-10 04:48:24,2025-10-11 07:19:36,26.52,1,1,4
4391,TCK-14391,20250609,36,5,1,2025-06-09 06:06:00,2025-06-10 11:50:24,29.74,1,0,5
4392,TCK-14392,20250914,30,5,2,2025-09-14 01:21:48,2025-09-14 11:58:24,10.61,1,1,
4393,TCK-14393,20250112,46,2,3,2025-01-12 00:53:53,2025-01-12 05:53:17,4.99,1,1,4
4394,TCK-14394,20250611,23,4,3,2025-06-11 13:14:23,2025-06-11 17:00:35,3.77,1,1,
4395,TCK-14395,20250706,24,7,1,2025-07-06 08:07:15,2025-07-07 21:04:15,36.95,1,0,4
4396,TCK-14396,20250225,7,7,2,2025-02-25 12:26:20,2025-02-26 16:52:44,28.44,1,0,4
4397,TCK-14397,20260327,29,4,2,2026-03-27 14:18:05,2026-03-27 22:44:29,8.44,1,1,
4398,TCK-14398,20250512,10,6,1,2025-05-12 22:31:55,2025-05-13 11:30:07,12.97,1,1,5
4399,TCK-14399,20250505,26,6,1,2025-05-05 10:33:29,,,0,0,3
4400,TCK-14400,20260722,47,2,2,2026-07-22 07:06:30,,,0,0,4
4401,TCK-14401,20250927,47,5,1,2025-09-27 03:10:18,2025-09-27 20:15:06,17.08,1,1,5
4402,TCK-14402,20250318,14,7,2,2025-03-18 21:59:13,2025-03-19 15:32:49,17.56,1,0,2
4403,TCK-14403,20250101,37,5,1,2025-01-01 21:26:25,2025-01-02 20:15:37,22.82,1,1,5
4404,TCK-14404,20250106,48,6,2,2025-01-06 06:16:00,,,0,0,4
4405,TCK-14405,20250402,26,2,2,2025-04-02 14:01:24,2025-04-03 06:35:36,16.57,1,1,
4406,TCK-14406,20260630,14,3,2,2026-06-30 07:54:05,2026-06-30 23:44:29,15.84,1,0,4
4407,TCK-14407,20251122,16,3,1,2025-11-22 15:37:24,2025-11-23 05:35:00,13.96,1,0,4
4408,TCK-14408,20251121,50,2,3,2025-11-21 09:54:08,2025-11-22 07:23:32,21.49,1,1,4
4409,TCK-14409,20250506,5,3,2,2025-05-06 13:55:17,2025-05-06 20:01:17,6.1,1,1,5
4410,TCK-14410,20260430,17,2,1,2026-04-30 10:56:18,2026-05-02 08:23:18,45.45,1,1,5
4411,TCK-14411,20250305,15,3,1,2025-03-05 20:27:57,,,0,0,5
4412,TCK-14412,20260608,28,2,1,2026-06-08 08:25:03,2026-06-09 12:53:15,28.47,1,1,2
4413,TCK-14413,20251213,45,2,3,2025-12-13 19:09:15,2025-12-14 09:12:51,14.06,1,1,
4414,TCK-14414,20250921,28,8,2,2025-09-21 10:12:48,,,0,0,
4415,TCK-14415,20251119,38,7,2,2025-11-19 00:27:02,2025-11-19 07:51:38,7.41,1,1,4
4416,TCK-14416,20250417,42,4,2,2025-04-17 07:41:43,2025-04-18 07:26:07,23.74,1,1,5
4417,TCK-14417,20260524,1,2,3,2026-05-24 17:38:54,2026-05-25 06:13:42,12.58,1,1,3
4418,TCK-14418,20260120,48,6,2,2026-01-20 01:07:35,2026-01-20 16:08:47,15.02,1,1,5
4419,TCK-14419,20251018,18,6,3,2025-10-18 15:19:53,2025-10-19 08:51:41,17.53,1,1,4
4420,TCK-14420,20260505,28,8,1,2026-05-05 01:06:42,2026-05-05 08:34:18,7.46,1,1,5
4421,TCK-14421,20260511,43,4,1,2026-05-11 10:03:16,,,0,0,5
4422,TCK-14422,20250326,2,4,2,2025-03-26 23:07:33,2025-03-27 05:05:45,5.97,1,1,5
4423,TCK-14423,20260103,40,1,3,2026-01-03 05:36:01,2026-01-04 06:46:13,25.17,1,0,
4424,TCK-14424,20250606,37,6,2,2025-06-06 16:04:33,2025-06-07 02:05:09,10.01,1,1,3
4425,TCK-14425,20250626,48,7,1,2025-06-26 09:04:27,,,0,0,
4426,TCK-14426,20260126,3,6,2,2026-01-26 05:47:31,2026-01-27 09:19:55,27.54,1,1,3
4427,TCK-14427,20250726,33,1,2,2025-07-26 02:48:07,2025-07-26 12:03:43,9.26,1,1,5
4428,TCK-14428,20260722,9,6,3,2026-07-22 04:49:52,,,0,0,5
4429,TCK-14429,20260204,22,2,1,2026-02-04 15:31:08,2026-02-05 18:31:44,27.01,1,1,3
4430,TCK-14430,20260311,8,6,2,2026-03-11 05:44:29,2026-03-12 09:15:05,27.51,1,1,4
4431,TCK-14431,20260522,42,3,2,2026-05-22 06:09:12,2026-05-22 07:14:36,1.09,1,1,4
4432,TCK-14432,20251113,44,3,1,2025-11-13 23:09:00,2025-11-14 22:46:12,23.62,1,0,5
4433,TCK-14433,20260114,8,8,2,2026-01-14 20:32:29,2026-01-15 12:31:17,15.98,1,1,3
4434,TCK-14434,20251204,9,6,3,2025-12-04 07:55:57,2025-12-05 22:24:09,38.47,1,1,3
4435,TCK-14435,20260715,48,6,3,2026-07-15 15:31:38,2026-07-16 07:42:26,16.18,1,1,3
4436,TCK-14436,20260417,14,3,2,2026-04-17 18:22:29,2026-04-17 20:09:53,1.79,1,1,4
4437,TCK-14437,20250602,38,2,1,2025-06-02 02:15:20,2025-06-02 11:34:32,9.32,1,1,3
4438,TCK-14438,20250131,7,4,1,2025-01-31 15:21:12,2025-02-01 10:11:36,18.84,1,1,4
4439,TCK-14439,20260622,18,7,3,2026-06-22 09:45:46,,,0,0,5
4440,TCK-14440,20250204,11,3,1,2025-02-04 17:30:50,2025-02-06 02:54:50,33.4,1,0,5
4441,TCK-14441,20260813,50,8,1,2026-08-13 09:13:37,,,0,0,
4442,TCK-14442,20251228,34,8,1,2025-12-28 17:56:28,,,0,0,3
4443,TCK-14443,20250425,15,3,1,2025-04-25 13:52:47,2025-04-26 19:24:35,29.53,1,0,5
4444,TCK-14444,20260117,5,4,2,2026-01-17 03:39:14,2026-01-17 07:53:02,4.23,1,1,4
4445,TCK-14445,20250722,1,4,3,2025-07-22 14:40:17,,,0,0,4
4446,TCK-14446,20250802,15,2,1,2025-08-02 14:03:42,2025-08-02 23:52:18,9.81,1,1,5
4447,TCK-14447,20260327,2,6,2,2026-03-27 15:56:00,2026-03-29 06:35:00,38.65,1,1,5
4448,TCK-14448,20260720,17,3,1,2026-07-20 23:06:42,2026-07-21 12:24:42,13.3,1,0,3
4449,TCK-14449,20250301,21,4,3,2025-03-01 04:46:58,2025-03-01 06:19:58,1.55,1,1,3
4450,TCK-14450,20260513,33,3,2,2026-05-13 23:22:14,2026-05-14 09:34:50,10.21,1,1,3
4451,TCK-14451,20250204,14,6,1,2025-02-04 14:49:01,2025-02-05 13:48:25,22.99,1,1,4
4452,TCK-14452,20250827,49,7,1,2025-08-27 02:06:36,2025-08-27 17:55:48,15.82,1,0,
4453,TCK-14453,20250417,6,7,3,2025-04-17 18:21:21,2025-04-18 21:44:09,27.38,1,0,4
4454,TCK-14454,20250228,17,2,1,2025-02-28 07:31:31,2025-03-01 03:33:55,20.04,1,1,4
4455,TCK-14455,20250805,41,8,3,2025-08-05 00:26:06,2025-08-05 04:29:42,4.06,1,1,3
4456,TCK-14456,20250513,34,5,2,2025-05-13 01:30:09,2025-05-13 02:32:33,1.04,1,1,5
4457,TCK-14457,20260318,20,5,1,2026-03-18 17:17:59,2026-03-20 02:37:11,33.32,1,0,5
4458,TCK-14458,20250518,22,1,2,2025-05-18 18:42:38,2025-05-19 11:27:02,16.74,1,1,3
4459,TCK-14459,20250503,41,8,3,2025-05-03 04:01:52,2025-05-04 12:24:04,32.37,1,1,5
4460,TCK-14460,20250124,36,6,2,2025-01-24 07:20:44,,,0,0,5
4461,TCK-14461,20250927,48,7,3,2025-09-27 08:20:27,2025-09-27 19:42:03,11.36,1,0,5
4462,TCK-14462,20250927,29,2,3,2025-09-27 09:11:02,,,0,0,4
4463,TCK-14463,20251130,24,6,1,2025-11-30 13:30:51,,,0,0,
4464,TCK-14464,20260208,8,3,1,2026-02-08 20:31:51,2026-02-09 13:28:51,16.95,1,0,
4465,TCK-14465,20250921,15,1,1,2025-09-21 20:05:19,,,0,0,3
4466,TCK-14466,20260506,41,1,2,2026-05-06 00:36:04,,,0,0,4
4467,TCK-14467,20250106,17,5,3,2025-01-06 01:00:02,,,0,0,
4468,TCK-14468,20250918,27,5,3,2025-09-18 11:16:39,2025-09-19 18:26:51,31.17,1,0,4
4469,TCK-14469,20260105,11,8,2,2026-01-05 13:01:18,,,0,0,5
4470,TCK-14470,20260312,26,3,2,2026-03-12 04:20:28,2026-03-13 05:38:28,25.3,1,0,
4471,TCK-14471,20250323,22,8,3,2025-03-23 02:32:07,2025-03-24 00:57:19,22.42,1,1,4
4472,TCK-14472,20260117,43,3,3,2026-01-17 01:35:43,2026-01-17 08:42:19,7.11,1,1,3
4473,TCK-14473,20260326,2,2,2,2026-03-26 02:49:31,2026-03-26 15:11:07,12.36,1,1,4
4474,TCK-14474,20260201,43,8,3,2026-02-01 06:52:49,,,0,0,
4475,TCK-14475,20250610,15,1,3,2025-06-10 22:15:07,2025-06-11 04:10:55,5.93,1,1,5
4476,TCK-14476,20260607,27,7,1,2026-06-07 08:58:18,2026-06-08 07:31:18,22.55,1,0,4
4477,TCK-14477,20251112,44,3,2,2025-11-12 02:42:34,2025-11-13 17:04:46,38.37,1,0,4
4478,TCK-14478,20250511,41,4,2,2025-05-11 08:47:43,2025-05-11 15:08:43,6.35,1,1,5
4479,TCK-14479,20251129,30,3,3,2025-11-29 18:05:45,,,0,0,4
4480,TCK-14480,20251110,37,5,3,2025-11-10 00:56:00,2025-11-10 15:26:00,14.5,1,1,5
4481,TCK-14481,20250608,16,5,2,2025-06-08 20:47:18,2025-06-09 23:07:06,26.33,1,0,3
4482,TCK-14482,20260211,31,8,1,2026-02-11 21:40:43,2026-02-12 08:10:07,10.49,1,1,4
4483,TCK-14483,20250216,34,4,2,2025-02-16 10:15:17,,,0,0,2
4484,TCK-14484,20250510,28,8,1,2025-05-10 17:36:28,2025-05-11 03:01:40,9.42,1,1,3
4485,TCK-14485,20250325,45,7,1,2025-03-25 18:07:38,2025-03-26 15:56:14,21.81,1,0,3
4486,TCK-14486,20250804,43,6,3,2025-08-04 03:28:27,,,0,0,4
4487,TCK-14487,20260307,23,1,3,2026-03-07 14:20:36,2026-03-07 16:47:00,2.44,1,1,3
4488,TCK-14488,20260302,38,4,3,2026-03-02 15:02:42,2026-03-03 07:18:18,16.26,1,1,5
4489,TCK-14489,20251230,3,2,2,2025-12-30 14:54:54,2025-12-31 15:10:30,24.26,1,1,4
4490,TCK-14490,20260104,6,1,3,2026-01-04 11:18:16,2026-01-06 03:51:16,40.55,1,0,4
4491,TCK-14491,20250516,21,6,2,2025-05-16 11:24:40,2025-05-17 04:32:28,17.13,1,1,5
4492,TCK-14492,20251211,22,5,2,2025-12-11 22:42:41,2025-12-13 19:46:53,45.07,1,0,3
4493,TCK-14493,20251006,22,4,1,2025-10-06 05:00:45,,,0,0,5
4494,TCK-14494,20260406,44,4,1,2026-04-06 05:30:59,2026-04-06 23:57:59,18.45,1,1,
4495,TCK-14495,20260809,25,3,2,2026-08-09 10:43:32,,,0,0,5
4496,TCK-14496,20260313,48,5,1,2026-03-13 12:01:15,2026-03-14 01:30:03,13.48,1,1,4
4497,TCK-14497,20251110,28,3,2,2025-11-10 08:34:11,2025-11-11 01:08:23,16.57,1,0,5
4498,TCK-14498,20260105,45,5,1,2026-01-05 01:03:30,2026-01-05 14:29:18,13.43,1,1,5
4499,TCK-14499,20260424,50,8,2,2026-04-24 21:33:16,2026-04-25 22:48:16,25.25,1,1,3
4500,TCK-14500,20260203,8,2,3,2026-02-03 06:43:27,2026-02-04 05:59:03,23.26,1,1,
4501,TCK-14501,20250630,22,8,1,2025-06-30 11:02:06,2025-07-01 16:51:18,29.82,1,1,4
4502,TCK-14502,20260606,40,1,2,2026-06-06 04:13:03,2026-06-07 12:43:39,32.51,1,0,4
4503,TCK-14503,20250119,38,5,3,2025-01-19 04:13:49,2025-01-20 01:19:49,21.1,1,1,5
4504,TCK-14504,20251016,40,3,2,2025-10-16 03:35:00,2025-10-16 10:39:12,7.07,1,1,5
4505,TCK-14505,20250628,42,2,1,2025-06-28 18:54:19,2025-06-29 12:40:31,17.77,1,1,5
4506,TCK-14506,20250407,30,3,3,2025-04-07 08:27:58,2025-04-07 10:11:10,1.72,1,1,5
4507,TCK-14507,20260731,15,1,1,2026-07-31 23:03:23,2026-08-01 07:59:11,8.93,1,1,5
4508,TCK-14508,20260811,14,5,1,2026-08-11 09:52:12,2026-08-12 07:58:12,22.1,1,1,5
4509,TCK-14509,20260528,34,5,1,2026-05-28 09:24:15,2026-05-28 17:43:27,8.32,1,1,4
4510,TCK-14510,20250907,48,6,1,2025-09-07 00:52:46,2025-09-07 03:29:22,2.61,1,1,5
4511,TCK-14511,20250729,37,2,2,2025-07-29 02:25:10,2025-07-30 07:06:34,28.69,1,1,4
4512,TCK-14512,20250530,40,7,2,2025-05-30 08:55:53,2025-05-30 20:23:29,11.46,1,0,5
4513,TCK-14513,20260726,26,8,1,2026-07-26 22:29:48,2026-07-27 09:27:24,10.96,1,1,4
4514,TCK-14514,20250625,6,5,3,2025-06-25 16:27:28,2025-06-26 01:44:16,9.28,1,1,4
4515,TCK-14515,20250223,6,7,3,2025-02-23 09:01:28,2025-02-24 18:06:16,33.08,1,0,3
4516,TCK-14516,20251016,12,7,2,2025-10-16 03:47:20,2025-10-17 11:09:32,31.37,1,0,
4517,TCK-14517,20250321,17,5,1,2025-03-21 22:57:00,2025-03-22 23:56:24,24.99,1,0,
4518,TCK-14518,20251014,39,2,1,2025-10-14 07:50:44,2025-10-16 04:02:08,44.19,1,1,5
4519,TCK-14519,20251026,7,8,3,2025-10-26 19:25:14,2025-10-27 11:54:38,16.49,1,1,4
4520,TCK-14520,20250323,43,4,1,2025-03-23 00:56:07,2025-03-23 07:56:43,7.01,1,1,4
4521,TCK-14521,20260504,15,4,1,2026-05-04 01:44:02,2026-05-04 12:41:38,10.96,1,1,1
4522,TCK-14522,20250405,13,5,3,2025-04-05 14:23:26,,,0,0,4
4523,TCK-14523,20260401,45,2,3,2026-04-01 06:29:13,2026-04-02 00:58:37,18.49,1,1,4
4524,TCK-14524,20251024,7,2,1,2025-10-24 18:10:26,2025-10-24 20:21:50,2.19,1,1,5
4525,TCK-14525,20250925,47,3,1,2025-09-25 00:00:26,2025-09-25 16:22:02,16.36,1,0,3
4526,TCK-14526,20250625,4,7,2,2025-06-25 20:20:54,2025-06-27 10:52:06,38.52,1,0,4
4527,TCK-14527,20250327,31,1,2,2025-03-27 02:53:35,2025-03-28 12:24:11,33.51,1,0,
4528,TCK-14528,20250223,22,1,2,2025-02-23 02:57:20,2025-02-24 14:06:20,35.15,1,0,3
4529,TCK-14529,20260221,41,6,3,2026-02-21 01:53:09,2026-02-21 14:05:09,12.2,1,1,4
4530,TCK-14530,20260324,32,5,2,2026-03-24 13:03:54,2026-03-26 03:15:54,38.2,1,0,3
4531,TCK-14531,20251225,31,3,2,2025-12-25 00:53:17,2025-12-25 10:35:53,9.71,1,1,5
4532,TCK-14532,20260528,17,7,3,2026-05-28 13:48:07,2026-05-29 08:59:31,19.19,1,0,3
4533,TCK-14533,20250613,34,2,3,2025-06-13 15:49:31,2025-06-14 21:50:07,30.01,1,1,5
4534,TCK-14534,20260113,4,2,2,2026-01-13 17:01:04,2026-01-14 00:08:52,7.13,1,1,2
4535,TCK-14535,20250624,36,8,1,2025-06-24 12:31:47,2025-06-25 13:18:35,24.78,1,1,
4536,TCK-14536,20250404,19,5,3,2025-04-04 09:57:17,2025-04-04 19:50:41,9.89,1,1,5
4537,TCK-14537,20250120,41,7,2,2025-01-20 16:34:03,2025-01-21 01:43:03,9.15,1,0,5
4538,TCK-14538,20260609,43,4,2,2026-06-09 21:26:49,,,0,0,5
4539,TCK-14539,20250214,29,5,3,2025-02-14 09:09:16,2025-02-15 00:56:40,15.79,1,1,
4540,TCK-14540,20260127,29,3,1,2026-01-27 21:34:05,2026-01-27 22:31:05,0.95,1,1,
4541,TCK-14541,20250929,5,7,3,2025-09-29 07:27:23,2025-09-30 17:42:59,34.26,1,0,5
4542,TCK-14542,20250418,27,8,2,2025-04-18 21:03:20,2025-04-20 05:29:44,32.44,1,1,3
4543,TCK-14543,20250115,28,1,2,2025-01-15 02:44:53,,,0,0,5
4544,TCK-14544,20260430,29,1,1,2026-04-30 17:16:11,2026-05-01 07:14:59,13.98,1,1,3
4545,TCK-14545,20250216,31,7,2,2025-02-16 13:27:31,2025-02-17 17:43:43,28.27,1,0,
4546,TCK-14546,20250827,36,3,1,2025-08-27 09:37:55,2025-08-28 12:17:31,26.66,1,0,5
4547,TCK-14547,20250612,24,3,1,2025-06-12 14:11:47,2025-06-13 00:13:35,10.03,1,1,4
4548,TCK-14548,20250225,45,8,2,2025-02-25 16:43:36,2025-02-26 09:49:36,17.1,1,1,4
4549,TCK-14549,20260422,45,5,2,2026-04-22 20:56:49,2026-04-23 14:00:25,17.06,1,1,3
4550,TCK-14550,20250619,12,1,1,2025-06-19 10:48:25,2025-06-20 13:04:37,26.27,1,0,
4551,TCK-14551,20250209,35,1,3,2025-02-09 04:22:31,,,0,0,
4552,TCK-14552,20250622,42,2,2,2025-06-22 22:03:47,2025-06-23 19:40:59,21.62,1,1,3
4553,TCK-14553,20251227,40,6,2,2025-12-27 19:06:20,2025-12-28 15:51:56,20.76,1,1,4
4554,TCK-14554,20260220,37,7,1,2026-02-20 11:34:55,2026-02-21 09:23:31,21.81,1,0,5
4555,TCK-14555,20260104,50,1,1,2026-01-04 07:55:24,2026-01-06 00:32:00,40.61,1,0,4
4556,TCK-14556,20251010,21,3,1,2025-10-10 11:02:51,2025-10-11 08:53:15,21.84,1,0,5
4557,TCK-14557,20260727,29,1,3,2026-07-27 14:52:13,,,0,0,4
4558,TCK-14558,20250724,35,8,1,2025-07-24 20:56:18,,,0,0,5
4559,TCK-14559,20260707,21,7,2,2026-07-07 09:32:18,,,0,0,4
4560,TCK-14560,20260801,49,4,3,2026-08-01 07:01:48,2026-08-01 17:45:36,10.73,1,1,4
4561,TCK-14561,20260701,46,7,1,2026-07-01 19:44:54,,,0,0,5
4562,TCK-14562,20250106,24,4,2,2025-01-06 09:18:29,,,0,0,4
4563,TCK-14563,20250906,36,6,3,2025-09-06 01:16:30,2025-09-06 05:04:30,3.8,1,1,
4564,TCK-14564,20260113,17,8,2,2026-01-13 03:12:00,2026-01-13 22:45:36,19.56,1,1,3
4565,TCK-14565,20260713,40,1,1,2026-07-13 10:58:31,2026-07-14 20:45:55,33.79,1,0,5
4566,TCK-14566,20250704,19,1,3,2025-07-04 15:19:01,2025-07-05 01:37:37,10.31,1,1,2
4567,TCK-14567,20251119,23,8,1,2025-11-19 07:11:00,2025-11-20 01:30:12,18.32,1,1,
4568,TCK-14568,20260114,21,6,1,2026-01-14 01:07:12,2026-01-14 19:31:48,18.41,1,1,4
4569,TCK-14569,20251220,49,8,3,2025-12-20 00:46:23,2025-12-21 11:55:59,35.16,1,1,4
4570,TCK-14570,20250126,33,5,1,2025-01-26 11:47:05,,,0,0,
4571,TCK-14571,20260520,1,1,3,2026-05-20 08:40:59,2026-05-20 22:02:35,13.36,1,1,
4572,TCK-14572,20250806,39,7,3,2025-08-06 06:51:49,2025-08-08 10:00:13,51.14,1,0,3
4573,TCK-14573,20250929,37,7,3,2025-09-29 14:14:32,2025-09-29 17:52:20,3.63,1,1,5
4574,TCK-14574,20250219,14,6,1,2025-02-19 12:03:23,2025-02-20 13:53:47,25.84,1,1,4
4575,TCK-14575,20260504,14,5,1,2026-05-04 06:39:54,2026-05-05 02:33:18,19.89,1,1,
4576,TCK-14576,20260805,5,6,3,2026-08-05 07:57:27,2026-08-06 00:39:27,16.7,1,1,5
4577,TCK-14577,20250719,44,7,2,2025-07-19 02:42:19,,,0,0,4
4578,TCK-14578,20260720,27,5,2,2026-07-20 03:23:02,2026-07-20 06:45:14,3.37,1,1,5
4579,TCK-14579,20250421,15,7,3,2025-04-21 17:28:39,2025-04-22 10:40:39,17.2,1,0,3
4580,TCK-14580,20250109,13,1,1,2025-01-09 08:09:51,,,0,0,4
4581,TCK-14581,20260622,34,4,3,2026-06-22 20:48:15,2026-06-23 14:19:27,17.52,1,1,
4582,TCK-14582,20250607,47,1,3,2025-06-07 15:01:16,2025-06-08 09:03:40,18.04,1,1,4
4583,TCK-14583,20260612,28,7,2,2026-06-12 09:29:02,2026-06-14 02:45:14,41.27,1,0,3
4584,TCK-14584,20260603,31,8,2,2026-06-03 19:26:27,2026-06-05 02:35:27,31.15,1,1,3
4585,TCK-14585,20250301,34,8,1,2025-03-01 17:49:33,,,0,0,
4586,TCK-14586,20260417,37,4,1,2026-04-17 00:05:38,2026-04-18 19:35:02,43.49,1,0,4
4587,TCK-14587,20260423,44,1,3,2026-04-23 11:06:33,2026-04-24 17:20:57,30.24,1,0,5
4588,TCK-14588,20260417,26,7,1,2026-04-17 16:59:43,2026-04-18 20:54:55,27.92,1,0,5
4589,TCK-14589,20260123,1,7,1,2026-01-23 12:54:50,2026-01-24 12:38:02,23.72,1,0,5
4590,TCK-14590,20251116,4,8,3,2025-11-16 23:55:10,2025-11-18 04:32:58,28.63,1,1,4
4591,TCK-14591,20250318,35,1,2,2025-03-18 21:28:38,2025-03-20 02:30:26,29.03,1,0,5
4592,TCK-14592,20250109,29,8,3,2025-01-09 06:07:02,2025-01-10 10:23:14,28.27,1,1,4
4593,TCK-14593,20250921,17,6,3,2025-09-21 16:29:35,2025-09-23 06:11:35,37.7,1,1,4
4594,TCK-14594,20260303,17,4,1,2026-03-03 10:34:24,,,0,0,3
4595,TCK-14595,20250707,4,3,2,2025-07-07 03:13:04,2025-07-07 18:46:40,15.56,1,0,4
4596,TCK-14596,20251124,4,7,2,2025-11-24 20:38:56,2025-11-25 08:25:08,11.77,1,0,3
4597,TCK-14597,20250109,36,8,3,2025-01-09 22:13:28,2025-01-11 07:55:28,33.7,1,1,3
4598,TCK-14598,20250510,7,4,2,2025-05-10 13:47:56,,,0,0,5
4599,TCK-14599,20260514,21,2,2,2026-05-14 17:40:06,2026-05-15 17:38:18,23.97,1,1,4
4600,TCK-14600,20251213,31,3,1,2025-12-13 12:08:17,2025-12-14 11:14:17,23.1,1,0,5
4601,TCK-14601,20260712,32,4,1,2026-07-12 05:28:14,2026-07-12 22:00:02,16.53,1,1,
4602,TCK-14602,20250519,28,8,2,2025-05-19 01:33:19,,,0,0,3
4603,TCK-14603,20250428,1,7,2,2025-04-28 10:28:28,2025-04-29 08:29:04,22.01,1,0,5
4604,TCK-14604,20251121,43,8,3,2025-11-21 13:21:40,2025-11-22 20:18:04,30.94,1,1,4
4605,TCK-14605,20260309,36,5,2,2026-03-09 12:29:11,2026-03-09 22:17:11,9.8,1,1,5
4606,TCK-14606,20260429,27,3,3,2026-04-29 19:17:02,2026-04-30 18:18:14,23.02,1,0,
4607,TCK-14607,20250822,7,6,2,2025-08-22 16:10:28,2025-08-24 00:26:40,32.27,1,1,3
4608,TCK-14608,20250519,40,4,1,2025-05-19 06:53:34,2025-05-19 16:00:10,9.11,1,1,3
4609,TCK-14609,20260529,42,5,2,2026-05-29 23:26:11,2026-05-31 20:47:11,45.35,1,0,
4610,TCK-14610,20260525,24,6,2,2026-05-25 08:41:35,2026-05-25 12:26:35,3.75,1,1,4
4611,TCK-14611,20250614,20,2,3,2025-06-14 13:09:30,2025-06-16 00:15:30,35.1,1,1,4
4612,TCK-14612,20260227,28,2,1,2026-02-27 09:54:24,2026-02-28 01:58:36,16.07,1,1,
4613,TCK-14613,20250207,19,7,1,2025-02-07 18:58:54,2025-02-08 18:55:54,23.95,1,0,4
4614,TCK-14614,20251115,22,6,2,2025-11-15 23:15:02,2025-11-16 03:25:14,4.17,1,1,4
4615,TCK-14615,20260518,42,7,1,2026-05-18 23:19:55,2026-05-19 09:57:43,10.63,1,0,
4616,TCK-14616,20250514,46,6,1,2025-05-14 10:42:43,2025-05-14 13:24:43,2.7,1,1,5
4617,TCK-14617,20250723,32,4,1,2025-07-23 05:06:26,,,0,0,3
4618,TCK-14618,20250216,7,7,3,2025-02-16 23:28:03,2025-02-17 12:41:15,13.22,1,0,3
4619,TCK-14619,20250807,6,2,2,2025-08-07 21:58:16,2025-08-08 18:21:40,20.39,1,1,
4620,TCK-14620,20260415,10,5,1,2026-04-15 13:58:50,2026-04-16 10:58:50,21.0,1,1,3
4621,TCK-14621,20260318,9,7,2,2026-03-18 21:43:58,2026-03-19 11:33:10,13.82,1,0,5
4622,TCK-14622,20250323,17,8,3,2025-03-23 02:26:00,2025-03-23 19:17:00,16.85,1,1,3
4623,TCK-14623,20260729,23,8,2,2026-07-29 15:59:20,2026-07-30 05:32:20,13.55,1,1,5
4624,TCK-14624,20260627,11,6,2,2026-06-27 23:50:53,,,0,0,5
4625,TCK-14625,20251008,26,1,1,2025-10-08 23:14:01,,,0,0,4
4626,TCK-14626,20251013,46,8,2,2025-10-13 09:41:49,2025-10-14 02:50:13,17.14,1,1,4
4627,TCK-14627,20260413,44,5,2,2026-04-13 16:27:58,,,0,0,4
4628,TCK-14628,20251030,4,5,3,2025-10-30 15:29:08,2025-10-31 02:08:08,10.65,1,1,3
4629,TCK-14629,20260607,48,8,1,2026-06-07 06:42:49,2026-06-07 23:38:01,16.92,1,1,4
4630,TCK-14630,20260810,3,2,1,2026-08-10 14:35:18,2026-08-11 15:40:42,25.09,1,1,5
4631,TCK-14631,20250923,25,4,1,2025-09-23 04:07:08,2025-09-23 09:58:44,5.86,1,1,4
4632,TCK-14632,20250704,50,8,1,2025-07-04 09:33:37,2025-07-04 21:48:01,12.24,1,1,5
4633,TCK-14633,20260626,50,2,2,2026-06-26 23:16:14,2026-06-28 19:01:50,43.76,1,1,4
4634,TCK-14634,20250817,10,2,3,2025-08-17 09:13:58,2025-08-19 02:27:46,41.23,1,1,5
4635,TCK-14635,20250810,42,1,2,2025-08-10 02:46:15,2025-08-10 13:35:27,10.82,1,1,4
4636,TCK-14636,20251003,48,8,3,2025-10-03 10:39:01,2025-10-04 09:48:01,23.15,1,1,5
4637,TCK-14637,20250317,11,3,3,2025-03-17 20:06:50,2025-03-18 01:12:50,5.1,1,1,
4638,TCK-14638,20250926,17,2,2,2025-09-26 15:35:32,2025-09-27 20:42:08,29.11,1,1,3
4639,TCK-14639,20250129,24,8,1,2025-01-29 14:01:39,2025-01-29 22:34:03,8.54,1,1,5
4640,TCK-14640,20250811,43,3,2,2025-08-11 05:28:25,2025-08-12 01:29:37,20.02,1,0,3
4641,TCK-14641,20251209,28,4,1,2025-12-09 14:09:00,,,0,0,3
4642,TCK-14642,20260518,48,1,2,2026-05-18 01:30:32,2026-05-19 01:57:32,24.45,1,0,2
4643,TCK-14643,20251203,43,8,2,2025-12-03 05:44:41,2025-12-03 13:22:29,7.63,1,1,3
4644,TCK-14644,20260616,7,7,3,2026-06-16 09:23:17,2026-06-17 18:24:29,33.02,1,0,3
4645,TCK-14645,20260409,24,4,3,2026-04-09 22:56:36,2026-04-11 04:29:00,29.54,1,1,5
4646,TCK-14646,20251227,27,1,1,2025-12-27 03:20:38,2025-12-27 16:29:02,13.14,1,1,5
4647,TCK-14647,20251206,24,8,1,2025-12-06 23:14:12,,,0,0,
4648,TCK-14648,20250822,50,8,3,2025-08-22 02:50:42,2025-08-22 17:06:54,14.27,1,1,5
4649,TCK-14649,20250408,28,2,3,2025-04-08 14:24:23,2025-04-09 22:25:35,32.02,1,1,5
4650,TCK-14650,20260626,32,1,1,2026-06-26 13:19:42,2026-06-26 18:59:18,5.66,1,1,3
4651,TCK-14651,20250106,50,8,1,2025-01-06 11:07:40,2025-01-06 23:02:52,11.92,1,1,5
4652,TCK-14652,20250103,7,7,1,2025-01-03 10:57:13,,,0,0,3
4653,TCK-14653,20260424,36,3,3,2026-04-24 20:36:58,,,0,0,5
4654,TCK-14654,20260130,44,8,2,2026-01-30 05:11:25,,,0,0,3
4655,TCK-14655,20250617,23,2,3,2025-06-17 21:16:48,2025-06-18 16:58:48,19.7,1,1,5
4656,TCK-14656,20250717,29,8,2,2025-07-17 23:06:19,,,0,0,5
4657,TCK-14657,20260802,38,5,1,2026-08-02 12:42:17,2026-08-02 17:19:29,4.62,1,1,2
4658,TCK-14658,20250927,41,7,1,2025-09-27 21:12:35,2025-09-29 20:12:35,47.0,1,0,4
4659,TCK-14659,20250318,29,3,2,2025-03-18 11:28:54,,,0,0,3
4660,TCK-14660,20250423,21,8,1,2025-04-23 17:09:22,2025-04-24 17:11:46,24.04,1,1,5
4661,TCK-14661,20260321,35,2,3,2026-03-21 14:08:01,2026-03-22 00:00:13,9.87,1,1,4
4662,TCK-14662,20250321,28,6,2,2025-03-21 19:26:51,2025-03-23 12:14:15,40.79,1,1,4
4663,TCK-14663,20250225,22,2,3,2025-02-25 22:17:15,2025-02-26 17:57:27,19.67,1,1,
4664,TCK-14664,20260206,12,2,1,2026-02-06 20:23:21,2026-02-07 10:19:09,13.93,1,1,3
4665,TCK-14665,20260414,48,7,2,2026-04-14 06:46:08,2026-04-14 21:22:08,14.6,1,0,
4666,TCK-14666,20260320,1,1,2,2026-03-20 16:20:39,2026-03-21 15:35:39,23.25,1,1,4
4667,TCK-14667,20260313,20,1,3,2026-03-13 22:11:07,2026-03-14 07:51:55,9.68,1,1,5
4668,TCK-14668,20250814,22,2,2,2025-08-14 14:14:53,,,0,0,
4669,TCK-14669,20260711,11,4,2,2026-07-11 19:00:31,2026-07-12 15:20:19,20.33,1,1,
4670,TCK-14670,20250727,38,7,1,2025-07-27 01:59:36,2025-07-27 12:27:12,10.46,1,0,
4671,TCK-14671,20260212,28,2,1,2026-02-12 03:25:38,2026-02-13 05:41:14,26.26,1,1,4
4672,TCK-14672,20250503,8,1,2,2025-05-03 14:42:53,2025-05-04 06:12:17,15.49,1,1,3
4673,TCK-14673,20260813,39,4,1,2026-08-13 09:26:28,2026-08-14 07:05:28,21.65,1,1,4
4674,TCK-14674,20260307,40,8,2,2026-03-07 02:55:09,2026-03-07 23:53:21,20.97,1,1,4
4675,TCK-14675,20251115,34,8,3,2025-11-15 22:30:28,,,0,0,4
4676,TCK-14676,20250810,50,3,2,2025-08-10 14:22:39,2025-08-10 21:08:15,6.76,1,1,4
4677,TCK-14677,20260530,17,3,2,2026-05-30 05:44:14,2026-05-31 00:49:38,19.09,1,0,4
4678,TCK-14678,20260515,17,2,2,2026-05-15 10:37:22,2026-05-16 08:08:34,21.52,1,1,3
4679,TCK-14679,20250605,29,4,2,2025-06-05 23:42:05,2025-06-06 12:05:29,12.39,1,1,5
4680,TCK-14680,20260703,2,2,2,2026-07-03 05:58:34,2026-07-03 18:18:58,12.34,1,1,5
4681,TCK-14681,20260406,16,2,3,2026-04-06 02:26:50,2026-04-06 04:40:38,2.23,1,1,3
4682,TCK-14682,20260118,7,4,3,2026-01-18 18:26:40,2026-01-19 17:59:40,23.55,1,1,4
4683,TCK-14683,20260609,7,2,2,2026-06-09 23:04:45,2026-06-11 01:11:21,26.11,1,1,
4684,TCK-14684,20251108,4,8,3,2025-11-08 13:46:19,2025-11-08 16:31:55,2.76,1,1,4
4685,TCK-14685,20250817,7,2,2,2025-08-17 19:16:58,2025-08-17 19:48:46,0.53,1,1,5
4686,TCK-14686,20250614,44,2,3,2025-06-14 13:50:53,2025-06-15 03:40:41,13.83,1,1,
4687,TCK-14687,20260309,4,7,3,2026-03-09 16:04:57,,,0,0,5
4688,TCK-14688,20250409,25,7,3,2025-04-09 03:30:48,2025-04-09 12:14:00,8.72,1,0,4
4689,TCK-14689,20250221,31,1,2,2025-02-21 17:01:21,2025-02-22 06:58:57,13.96,1,1,4
4690,TCK-14690,20260507,40,1,2,2026-05-07 15:45:43,2026-05-08 16:00:07,24.24,1,0,4
4691,TCK-14691,20250302,15,1,1,2025-03-02 06:05:23,2025-03-02 17:26:59,11.36,1,1,4
4692,TCK-14692,20260322,36,6,3,2026-03-22 05:49:09,2026-03-22 20:20:57,14.53,1,1,3
4693,TCK-14693,20251004,7,5,3,2025-10-04 18:53:22,,,0,0,3
4694,TCK-14694,20260810,5,3,2,2026-08-10 01:05:00,2026-08-11 03:26:00,26.35,1,0,3
4695,TCK-14695,20260513,29,3,1,2026-05-13 22:48:30,2026-05-14 12:31:06,13.71,1,0,5
4696,TCK-14696,20250829,12,7,3,2025-08-29 19:42:47,2025-08-30 08:43:23,13.01,1,0,4
4697,TCK-14697,20260620,16,3,1,2026-06-20 20:00:07,2026-06-21 07:58:19,11.97,1,1,3
4698,TCK-14698,20260115,44,5,1,2026-01-15 03:13:39,2026-01-17 00:27:27,45.23,1,0,2
4699,TCK-14699,20260427,14,4,1,2026-04-27 11:00:32,2026-04-27 22:37:08,11.61,1,1,4
4700,TCK-14700,20250814,10,3,2,2025-08-14 04:17:15,2025-08-15 10:52:03,30.58,1,0,5
4701,TCK-14701,20251130,28,8,3,2025-11-30 13:10:35,2025-12-01 10:26:47,21.27,1,1,
4702,TCK-14702,20251130,17,7,3,2025-11-30 10:46:33,2025-12-01 13:19:33,26.55,1,0,4
4703,TCK-14703,20260709,31,5,1,2026-07-09 05:33:24,2026-07-09 16:52:00,11.31,1,1,3
4704,TCK-14704,20260408,48,4,3,2026-04-08 00:49:27,,,0,0,4
4705,TCK-14705,20250811,30,6,3,2025-08-11 12:01:33,2025-08-12 02:41:45,14.67,1,1,4
4706,TCK-14706,20250727,49,7,1,2025-07-27 22:42:05,,,0,0,4
4707,TCK-14707,20250519,13,2,2,2025-05-19 20:28:47,2025-05-20 16:42:35,20.23,1,1,5
4708,TCK-14708,20251212,31,5,2,2025-12-12 12:54:44,2025-12-12 13:49:20,0.91,1,1,3
4709,TCK-14709,20260705,29,2,1,2026-07-05 15:00:33,2026-07-06 18:47:21,27.78,1,1,5
4710,TCK-14710,20260718,38,3,3,2026-07-18 23:04:51,2026-07-19 15:37:51,16.55,1,0,4
4711,TCK-14711,20260108,29,7,2,2026-01-08 06:48:41,2026-01-08 16:58:17,10.16,1,0,4
4712,TCK-14712,20251202,41,2,1,2025-12-02 12:09:10,2025-12-03 16:28:22,28.32,1,1,4
4713,TCK-14713,20251003,17,5,2,2025-10-03 04:37:36,2025-10-03 17:26:12,12.81,1,1,4
4714,TCK-14714,20260121,44,2,3,2026-01-21 01:58:46,2026-01-22 00:27:34,22.48,1,1,3
4715,TCK-14715,20250207,5,5,2,2025-02-07 12:42:54,2025-02-07 17:50:42,5.13,1,1,4
4716,TCK-14716,20260613,38,7,1,2026-06-13 23:24:00,2026-06-14 23:18:00,23.9,1,0,3
4717,TCK-14717,20260308,16,2,1,2026-03-08 20:12:40,2026-03-09 13:54:40,17.7,1,1,3
4718,TCK-14718,20250205,21,7,1,2025-02-05 21:37:24,2025-02-07 17:53:36,44.27,1,0,
4719,TCK-14719,20260715,11,4,2,2026-07-15 16:34:39,2026-07-16 11:16:03,18.69,1,1,4
4720,TCK-14720,20250312,34,7,1,2025-03-12 02:56:57,2025-03-13 10:32:57,31.6,1,0,5
4721,TCK-14721,20250127,26,4,3,2025-01-27 07:49:26,2025-01-27 15:31:26,7.7,1,1,4
4722,TCK-14722,20251006,50,5,2,2025-10-06 06:51:53,2025-10-07 05:36:53,22.75,1,1,2
4723,TCK-14723,20250806,27,8,2,2025-08-06 17:50:14,2025-08-08 02:40:02,32.83,1,1,5
4724,TCK-14724,20260609,15,1,2,2026-06-09 09:44:15,2026-06-09 16:53:51,7.16,1,1,3
4725,TCK-14725,20250925,33,6,2,2025-09-25 05:07:35,2025-09-25 23:48:23,18.68,1,1,4
4726,TCK-14726,20250620,30,8,2,2025-06-20 19:05:45,,,0,0,4
4727,TCK-14727,20260328,40,7,2,2026-03-28 09:24:00,2026-03-29 08:13:48,22.83,1,0,
4728,TCK-14728,20250315,9,4,1,2025-03-15 15:33:07,2025-03-16 10:07:55,18.58,1,1,3
4729,TCK-14729,20260623,21,3,2,2026-06-23 17:35:05,,,0,0,4
4730,TCK-14730,20250925,2,7,1,2025-09-25 03:24:22,2025-09-25 17:14:46,13.84,1,0,4
4731,TCK-14731,20251219,37,2,1,2025-12-19 07:06:59,2025-12-19 21:59:11,14.87,1,1,4
4732,TCK-14732,20250819,5,3,2,2025-08-19 12:55:40,2025-08-19 19:35:16,6.66,1,1,4
4733,TCK-14733,20250131,12,8,1,2025-01-31 18:41:56,2025-02-01 09:19:08,14.62,1,1,4
4734,TCK-14734,20260201,25,2,2,2026-02-01 02:55:45,2026-02-01 12:25:09,9.49,1,1,5
4735,TCK-14735,20251017,3,8,1,2025-10-17 11:03:44,2025-10-18 00:02:32,12.98,1,1,5
4736,TCK-14736,20251226,44,4,3,2025-12-26 07:15:13,2025-12-27 02:38:37,19.39,1,1,
4737,TCK-14737,20260308,12,7,3,2026-03-08 04:20:04,2026-03-09 07:30:52,27.18,1,0,3
4738,TCK-14738,20250206,16,2,2,2025-02-06 11:42:04,2025-02-07 11:25:52,23.73,1,1,4
4739,TCK-14739,20260210,38,3,1,2026-02-10 14:12:03,,,0,0,5
4740,TCK-14740,20260505,1,3,2,2026-05-05 09:05:40,,,0,0,3
4741,TCK-14741,20250902,22,7,2,2025-09-02 07:36:03,2025-09-02 12:56:27,5.34,1,1,5
4742,TCK-14742,20250725,18,6,2,2025-07-25 07:38:06,2025-07-26 03:48:18,20.17,1,1,
4743,TCK-14743,20250526,26,5,1,2025-05-26 21:24:31,2025-05-27 14:12:31,16.8,1,1,
4744,TCK-14744,20250904,34,5,2,2025-09-04 20:07:17,2025-09-06 13:12:41,41.09,1,0,
4745,TCK-14745,20260105,24,5,3,2026-01-05 16:45:43,2026-01-06 12:01:55,19.27,1,1,3
4746,TCK-14746,20260530,7,3,1,2026-05-30 03:48:41,,,0,0,
4747,TCK-14747,20250408,1,4,1,2025-04-08 12:22:06,2025-04-09 19:37:06,31.25,1,1,3
4748,TCK-14748,20260514,8,1,3,2026-05-14 11:02:29,,,0,0,
4749,TCK-14749,20260430,30,3,2,2026-04-30 20:22:51,2026-05-01 07:25:51,11.05,1,1,5
4750,TCK-14750,20260612,41,3,3,2026-06-12 20:18:12,2026-06-13 03:22:24,7.07,1,1,3
4751,TCK-14751,20250526,1,8,1,2025-05-26 00:16:54,,,0,0,5
4752,TCK-14752,20250821,2,8,1,2025-08-21 12:50:43,2025-08-22 04:50:43,16.0,1,1,5
4753,TCK-14753,20260426,10,5,2,2026-04-26 03:43:58,2026-04-26 12:56:34,9.21,1,1,4
4754,TCK-14754,20260113,38,5,2,2026-01-13 11:00:35,,,0,0,
4755,TCK-14755,20251225,47,1,2,2025-12-25 09:30:12,,,0,0,4
4756,TCK-14756,20250918,9,8,3,2025-09-18 06:26:40,2025-09-18 21:44:04,15.29,1,1,3
4757,TCK-14757,20250228,21,3,2,2025-02-28 20:33:07,2025-03-01 05:09:43,8.61,1,1,4
4758,TCK-14758,20260327,1,4,2,2026-03-27 09:07:31,2026-03-28 06:57:19,21.83,1,1,4
4759,TCK-14759,20250324,13,6,2,2025-03-24 06:16:47,2025-03-25 10:40:47,28.4,1,1,5
4760,TCK-14760,20260519,5,6,2,2026-05-19 11:17:43,2026-05-20 05:13:31,17.93,1,1,5
4761,TCK-14761,20260717,50,1,2,2026-07-17 08:35:10,2026-07-18 01:14:10,16.65,1,1,4
4762,TCK-14762,20250416,41,7,3,2025-04-16 00:48:58,,,0,0,4
4763,TCK-14763,20251229,28,3,3,2025-12-29 13:06:08,2025-12-30 13:13:56,24.13,1,0,2
4764,TCK-14764,20260507,27,5,3,2026-05-07 12:16:29,2026-05-08 02:15:53,13.99,1,1,4
4765,TCK-14765,20250321,4,5,2,2025-03-21 20:55:56,,,0,0,5
4766,TCK-14766,20250116,30,3,2,2025-01-16 18:37:56,2025-01-17 10:03:08,15.42,1,0,5
4767,TCK-14767,20250902,17,6,1,2025-09-02 16:43:54,2025-09-03 11:59:30,19.26,1,1,4
4768,TCK-14768,20250501,37,7,2,2025-05-01 17:48:07,,,0,0,5
4769,TCK-14769,20260627,12,1,2,2026-06-27 06:51:38,2026-06-28 18:34:50,35.72,1,0,3
4770,TCK-14770,20250813,32,1,2,2025-08-13 00:46:42,2025-08-13 22:32:18,21.76,1,1,3
4771,TCK-14771,20260318,7,5,1,2026-03-18 20:30:29,2026-03-18 23:31:41,3.02,1,1,3
4772,TCK-14772,20251203,2,2,3,2025-12-03 00:54:31,,,0,0,5
4773,TCK-14773,20251110,49,8,2,2025-11-10 11:59:45,2025-11-11 08:56:45,20.95,1,1,2
4774,TCK-14774,20260607,16,2,2,2026-06-07 14:51:27,2026-06-07 16:44:51,1.89,1,1,4
4775,TCK-14775,20260228,24,6,3,2026-02-28 15:27:38,2026-03-01 15:34:50,24.12,1,1,3
4776,TCK-14776,20250821,27,3,3,2025-08-21 05:45:30,2025-08-21 13:20:18,7.58,1,1,5
4777,TCK-14777,20250322,44,1,1,2025-03-22 18:42:02,2025-03-23 08:43:14,14.02,1,1,3
4778,TCK-14778,20250828,5,2,2,2025-08-28 09:12:01,,,0,0,5
4779,TCK-14779,20260604,37,4,1,2026-06-04 14:24:51,2026-06-05 23:29:39,33.08,1,1,5
4780,TCK-14780,20250330,41,6,3,2025-03-30 18:06:30,2025-03-31 17:40:42,23.57,1,1,5
4781,TCK-14781,20260329,16,7,3,2026-03-29 08:46:42,2026-03-30 03:17:18,18.51,1,0,4
4782,TCK-14782,20250717,17,2,3,2025-07-17 09:04:12,2025-07-17 18:49:12,9.75,1,1,3
4783,TCK-14783,20250308,8,3,2,2025-03-08 03:47:18,2025-03-09 04:49:42,25.04,1,0,4
4784,TCK-14784,20260509,35,5,2,2026-05-09 07:46:22,2026-05-09 20:21:46,12.59,1,1,5
4785,TCK-14785,20250718,29,7,2,2025-07-18 02:41:06,2025-07-18 10:32:06,7.85,1,1,4
4786,TCK-14786,20250120,31,7,1,2025-01-20 00:34:55,2025-01-21 02:19:19,25.74,1,0,4
4787,TCK-14787,20260715,20,1,1,2026-07-15 21:23:30,2026-07-16 21:30:42,24.12,1,0,4
4788,TCK-14788,20260627,34,7,1,2026-06-27 01:56:43,2026-06-27 20:02:07,18.09,1,0,4
4789,TCK-14789,20251016,9,1,3,2025-10-16 09:25:51,2025-10-16 11:36:03,2.17,1,1,3
4790,TCK-14790,20260122,17,8,1,2026-01-22 01:59:51,2026-01-23 00:55:03,22.92,1,1,5
4791,TCK-14791,20250719,37,2,2,2025-07-19 22:05:33,2025-07-20 10:27:45,12.37,1,1,4
4792,TCK-14792,20250108,48,4,3,2025-01-08 09:21:00,2025-01-10 05:29:24,44.14,1,0,4
4793,TCK-14793,20250425,37,4,2,2025-04-25 20:05:25,2025-04-26 01:06:37,5.02,1,1,5
4794,TCK-14794,20260221,45,4,3,2026-02-21 17:51:06,2026-02-22 14:18:42,20.46,1,1,5
4795,TCK-14795,20260726,32,3,3,2026-07-26 03:35:04,2026-07-27 12:12:16,32.62,1,0,3
4796,TCK-14796,20250401,12,4,1,2025-04-01 06:25:31,2025-04-02 09:19:31,26.9,1,1,4
4797,TCK-14797,20260618,31,2,3,2026-06-18 14:25:00,2026-06-18 16:44:12,2.32,1,1,
4798,TCK-14798,20250914,45,3,2,2025-09-14 16:32:04,2025-09-15 11:44:04,19.2,1,0,4
4799,TCK-14799,20250627,5,8,3,2025-06-27 16:32:42,2025-06-28 16:11:42,23.65,1,1,4
4800,TCK-14800,20250817,37,6,3,2025-08-17 01:49:35,,,0,0,5
4801,TCK-14801,20260614,42,3,2,2026-06-14 03:17:27,2026-06-14 21:47:27,18.5,1,0,5
4802,TCK-14802,20250602,34,7,3,2025-06-02 07:49:11,2025-06-03 07:20:59,23.53,1,0,5
4803,TCK-14803,20251215,6,2,3,2025-12-15 13:51:56,2025-12-16 13:06:56,23.25,1,1,3
4804,TCK-14804,20260526,25,1,3,2026-05-26 17:01:04,2026-05-27 08:56:52,15.93,1,1,5
4805,TCK-14805,20250604,5,5,3,2025-06-04 17:56:00,2025-06-05 10:50:00,16.9,1,1,5
4806,TCK-14806,20250726,36,3,1,2025-07-26 13:08:18,2025-07-27 03:50:18,14.7,1,0,5
4807,TCK-14807,20260724,42,8,3,2026-07-24 13:44:04,2026-07-25 12:05:40,22.36,1,1,5
4808,TCK-14808,20260302,2,8,2,2026-03-02 06:39:56,2026-03-02 22:58:32,16.31,1,1,4
4809,TCK-14809,20260501,24,1,2,2026-05-01 09:04:44,2026-05-01 11:07:44,2.05,1,1,4
4810,TCK-14810,20250907,46,7,2,2025-09-07 21:15:30,2025-09-08 21:56:54,24.69,1,0,
4811,TCK-14811,20251217,15,5,2,2025-12-17 15:28:30,2025-12-17 23:09:54,7.69,1,1,4
4812,TCK-14812,20250828,33,5,2,2025-08-28 13:04:34,,,0,0,4
4813,TCK-14813,20251116,19,4,2,2025-11-16 17:56:36,,,0,0,2
4814,TCK-14814,20251003,9,1,2,2025-10-03 08:20:00,2025-10-03 15:32:00,7.2,1,1,3
4815,TCK-14815,20260614,31,3,1,2026-06-14 05:39:21,2026-06-15 11:06:21,29.45,1,0,4
4816,TCK-14816,20250104,47,7,1,2025-01-04 07:28:46,2025-01-05 00:38:58,17.17,1,0,4
4817,TCK-14817,20260518,14,1,2,2026-05-18 08:05:40,2026-05-19 02:08:04,18.04,1,1,5
4818,TCK-14818,20250504,21,7,2,2025-05-04 00:33:26,2025-05-04 08:29:50,7.94,1,1,
4819,TCK-14819,20260530,32,8,1,2026-05-30 06:39:50,2026-05-31 06:39:50,24.0,1,1,4
4820,TCK-14820,20260111,31,3,3,2026-01-11 18:18:11,2026-01-13 12:58:59,42.68,1,0,4
4821,TCK-14821,20251124,24,8,2,2025-11-24 15:19:33,2025-11-24 23:41:45,8.37,1,1,3
4822,TCK-14822,20250104,48,8,3,2025-01-04 10:25:03,,,0,0,4
4823,TCK-14823,20260809,4,5,1,2026-08-09 12:00:49,2026-08-10 14:05:01,26.07,1,0,4
4824,TCK-14824,20250718,22,2,3,2025-07-18 02:28:24,2025-07-19 01:04:24,22.6,1,1,4
4825,TCK-14825,20260420,39,6,2,2026-04-20 22:37:05,2026-04-22 01:41:17,27.07,1,1,4
4826,TCK-14826,20251203,29,7,3,2025-12-03 14:21:54,2025-12-05 03:05:42,36.73,1,0,4
4827,TCK-14827,20250704,50,4,2,2025-07-04 13:01:23,2025-07-04 19:59:35,6.97,1,1,2
4828,TCK-14828,20260322,46,5,3,2026-03-22 18:25:24,2026-03-23 06:35:36,12.17,1,1,4
4829,TCK-14829,20251124,30,2,3,2025-11-24 16:35:02,2025-11-25 02:47:02,10.2,1,1,5
4830,TCK-14830,20260401,34,4,2,2026-04-01 08:21:06,2026-04-02 04:23:30,20.04,1,1,5
4831,TCK-14831,20250227,40,4,2,2025-02-27 05:10:41,2025-02-28 10:19:41,29.15,1,1,5
4832,TCK-14832,20250313,14,5,2,2025-03-13 21:10:05,2025-03-14 04:28:41,7.31,1,1,4
4833,TCK-14833,20250201,40,8,3,2025-02-01 01:30:11,2025-02-01 11:24:47,9.91,1,1,5
4834,TCK-14834,20250228,16,8,1,2025-02-28 12:41:13,,,0,0,3
4835,TCK-14835,20250317,45,4,2,2025-03-17 20:43:23,2025-03-18 17:30:47,20.79,1,1,3
4836,TCK-14836,20260124,31,8,2,2026-01-24 15:38:23,2026-01-25 00:34:47,8.94,1,1,3
4837,TCK-14837,20260128,39,3,2,2026-01-28 15:13:29,2026-01-29 00:32:41,9.32,1,1,4
4838,TCK-14838,20251110,2,2,1,2025-11-10 10:16:42,2025-11-11 14:29:54,28.22,1,1,5
4839,TCK-14839,20260728,14,5,2,2026-07-28 23:33:08,2026-07-29 07:40:20,8.12,1,1,4
4840,TCK-14840,20260202,44,2,1,2026-02-02 12:31:17,2026-02-02 17:50:29,5.32,1,1,4
4841,TCK-14841,20260616,1,7,3,2026-06-16 15:33:27,2026-06-18 16:14:15,48.68,1,0,3
4842,TCK-14842,20250209,38,4,2,2025-02-09 23:46:57,2025-02-10 04:10:57,4.4,1,1,3
4843,TCK-14843,20250710,18,5,2,2025-07-10 14:03:28,2025-07-11 05:08:52,15.09,1,1,5
4844,TCK-14844,20251209,4,7,1,2025-12-09 08:29:52,2025-12-09 17:47:52,9.3,1,0,
4845,TCK-14845,20250909,40,6,1,2025-09-09 19:07:59,2025-09-10 10:39:47,15.53,1,1,4
4846,TCK-14846,20260228,21,1,1,2026-02-28 16:38:38,2026-03-02 02:11:38,33.55,1,0,5
4847,TCK-14847,20260507,32,6,3,2026-05-07 14:00:57,2026-05-08 10:32:45,20.53,1,1,5
4848,TCK-14848,20250627,41,4,3,2025-06-27 10:25:28,,,0,0,5
4849,TCK-14849,20251108,50,8,3,2025-11-08 21:51:25,2025-11-10 20:55:37,47.07,1,1,5
4850,TCK-14850,20250705,26,2,3,2025-07-05 13:26:46,2025-07-06 09:20:46,19.9,1,1,
4851,TCK-14851,20260730,49,4,1,2026-07-30 12:13:50,2026-07-30 16:06:02,3.87,1,1,4
4852,TCK-14852,20260613,20,7,1,2026-06-13 13:19:01,2026-06-14 05:18:25,15.99,1,0,3
4853,TCK-14853,20251117,2,8,2,2025-11-17 07:25:19,2025-11-18 18:36:43,35.19,1,1,4
4854,TCK-14854,20250516,7,6,2,2025-05-16 03:41:29,2025-05-17 07:25:53,27.74,1,1,
4855,TCK-14855,20250630,45,1,1,2025-06-30 16:39:15,,,0,0,4
4856,TCK-14856,20250616,38,1,3,2025-06-16 00:22:15,,,0,0,4
4857,TCK-14857,20260213,23,5,3,2026-02-13 16:27:39,2026-02-15 13:36:03,45.14,1,0,5
4858,TCK-14858,20251120,6,4,1,2025-11-20 04:51:19,2025-11-20 19:11:43,14.34,1,1,5
4859,TCK-14859,20251001,33,8,2,2025-10-01 22:51:09,2025-10-02 13:56:33,15.09,1,1,
4860,TCK-14860,20260808,29,3,2,2026-08-08 23:54:12,2026-08-09 14:51:12,14.95,1,0,4
4861,TCK-14861,20250406,2,5,1,2025-04-06 17:17:16,2025-04-07 00:29:52,7.21,1,1,4
4862,TCK-14862,20260108,46,3,3,2026-01-08 01:46:26,2026-01-08 19:07:26,17.35,1,0,
4863,TCK-14863,20250306,20,2,3,2025-03-06 20:41:56,,,0,0,3
4864,TCK-14864,20250919,14,6,1,2025-09-19 20:27:23,2025-09-20 00:02:47,3.59,1,1,4
4865,TCK-14865,20250814,4,3,3,2025-08-14 17:17:47,,,0,0,5
4866,TCK-14866,20251106,17,3,2,2025-11-06 21:03:04,,,0,0,4
4867,TCK-14867,20250804,44,2,2,2025-08-04 10:13:21,,,0,0,3
4868,TCK-14868,20260317,41,3,2,2026-03-17 04:53:34,2026-03-17 05:45:46,0.87,1,1,
4869,TCK-14869,20251018,33,2,1,2025-10-18 22:29:50,2025-10-20 02:16:38,27.78,1,1,
4870,TCK-14870,20251007,30,5,1,2025-10-07 19:05:32,,,0,0,3
4871,TCK-14871,20250223,17,3,3,2025-02-23 11:42:59,2025-02-24 23:39:23,35.94,1,0,4
4872,TCK-14872,20250124,40,1,2,2025-01-24 21:40:41,2025-01-25 11:28:41,13.8,1,1,
4873,TCK-14873,20250812,30,6,3,2025-08-12 20:28:09,2025-08-13 17:10:09,20.7,1,1,3
4874,TCK-14874,20250822,20,5,2,2025-08-22 19:50:16,2025-08-23 17:29:52,21.66,1,1,
4875,TCK-14875,20250118,44,6,2,2025-01-18 01:37:10,2025-01-18 14:41:58,13.08,1,1,4
4876,TCK-14876,20260524,36,1,2,2026-05-24 07:00:56,,,0,0,5
4877,TCK-14877,20251006,16,1,1,2025-10-06 20:46:48,2025-10-08 10:00:00,37.22,1,0,4
4878,TCK-14878,20251205,2,7,1,2025-12-05 21:23:49,2025-12-06 08:17:13,10.89,1,0,2
4879,TCK-14879,20251105,33,7,1,2025-11-05 19:31:23,2025-11-05 22:41:35,3.17,1,1,5
4880,TCK-14880,20250906,39,4,1,2025-09-06 19:37:49,2025-09-08 04:19:49,32.7,1,1,5
4881,TCK-14881,20260327,36,6,2,2026-03-27 16:58:11,2026-03-27 22:40:11,5.7,1,1,4
4882,TCK-14882,20260606,12,6,2,2026-06-06 07:38:28,2026-06-08 01:36:40,41.97,1,1,4
4883,TCK-14883,20260620,41,7,2,2026-06-20 09:25:48,2026-06-21 03:07:12,17.69,1,0,4
4884,TCK-14884,20250611,27,5,2,2025-06-11 21:20:43,2025-06-12 15:12:19,17.86,1,1,4
4885,TCK-14885,20260702,7,3,2,2026-07-02 20:32:28,2026-07-03 04:49:16,8.28,1,1,4
4886,TCK-14886,20250205,9,1,3,2025-02-05 15:21:56,,,0,0,5
4887,TCK-14887,20250802,19,1,2,2025-08-02 18:01:40,2025-08-03 15:57:28,21.93,1,1,3
4888,TCK-14888,20250621,40,8,1,2025-06-21 01:09:19,2025-06-21 16:50:07,15.68,1,1,5
4889,TCK-14889,20250414,41,8,1,2025-04-14 18:30:05,,,0,0,4
4890,TCK-14890,20250705,5,1,1,2025-07-05 01:48:12,2025-07-05 12:45:48,10.96,1,1,4
4891,TCK-14891,20250916,26,2,3,2025-09-16 04:57:27,2025-09-16 09:21:27,4.4,1,1,2
4892,TCK-14892,20250309,31,7,2,2025-03-09 00:31:44,2025-03-09 11:37:44,11.1,1,0,5
4893,TCK-14893,20250126,46,3,3,2025-01-26 17:15:06,,,0,0,4
4894,TCK-14894,20260131,48,1,1,2026-01-31 02:40:55,2026-01-31 13:21:07,10.67,1,1,3
4895,TCK-14895,20251030,32,1,1,2025-10-30 02:51:47,2025-11-01 04:56:35,50.08,1,0,4
4896,TCK-14896,20250125,25,1,3,2025-01-25 09:09:35,,,0,0,3
4897,TCK-14897,20250806,9,7,2,2025-08-06 04:54:19,2025-08-06 21:05:43,16.19,1,0,1
4898,TCK-14898,20260207,4,1,2,2026-02-07 01:27:29,,,0,0,5
4899,TCK-14899,20250506,17,3,1,2025-05-06 17:07:02,2025-05-07 03:34:02,10.45,1,1,3
4900,TCK-14900,20260630,40,5,2,2026-06-30 23:02:46,2026-07-01 08:37:34,9.58,1,1,
4901,TCK-14901,20260205,23,1,3,2026-02-05 08:29:40,,,0,0,3
4902,TCK-14902,20250122,29,8,2,2025-01-22 07:51:46,2025-01-23 17:07:58,33.27,1,1,5
4903,TCK-14903,20250327,39,5,2,2025-03-27 00:52:37,2025-03-27 11:43:37,10.85,1,1,3
4904,TCK-14904,20260707,19,8,3,2026-07-07 22:54:25,2026-07-08 08:56:13,10.03,1,1,4
4905,TCK-14905,20250928,13,6,1,2025-09-28 06:01:16,2025-09-29 00:49:16,18.8,1,1,5
4906,TCK-14906,20250607,2,1,1,2025-06-07 12:49:29,2025-06-08 09:30:17,20.68,1,1,3
4907,TCK-14907,20250402,46,7,2,2025-04-02 13:13:33,2025-04-04 01:42:21,36.48,1,0,
4908,TCK-14908,20250727,41,8,1,2025-07-27 01:12:53,2025-07-27 14:30:53,13.3,1,1,4
4909,TCK-14909,20250912,15,3,2,2025-09-12 00:34:49,,,0,0,4
4910,TCK-14910,20260612,45,1,3,2026-06-12 22:27:56,2026-06-13 07:41:08,9.22,1,1,
4911,TCK-14911,20251106,2,6,3,2025-11-06 09:44:56,2025-11-06 19:49:44,10.08,1,1,4
4912,TCK-14912,20250405,9,8,2,2025-04-05 03:08:28,2025-04-05 16:57:40,13.82,1,1,4
4913,TCK-14913,20260302,30,2,3,2026-03-02 13:14:58,2026-03-03 13:40:46,24.43,1,1,4
4914,TCK-14914,20250428,29,4,3,2025-04-28 02:00:28,2025-04-29 10:09:28,32.15,1,1,4
4915,TCK-14915,20251111,27,7,2,2025-11-11 03:18:30,,,0,0,3
4916,TCK-14916,20260423,41,6,1,2026-04-23 09:11:21,2026-04-23 21:14:57,12.06,1,1,5
4917,TCK-14917,20250815,31,8,3,2025-08-15 21:53:36,2025-08-16 09:39:12,11.76,1,1,4
4918,TCK-14918,20250913,42,3,3,2025-09-13 21:30:47,,,0,0,
4919,TCK-14919,20250305,23,1,3,2025-03-05 21:28:50,2025-03-06 14:07:50,16.65,1,1,
4920,TCK-14920,20260125,40,2,3,2026-01-25 23:42:40,2026-01-26 20:50:28,21.13,1,1,4
4921,TCK-14921,20260305,22,8,1,2026-03-05 02:44:05,2026-03-06 13:15:53,34.53,1,1,4
4922,TCK-14922,20260602,50,4,1,2026-06-02 09:05:25,2026-06-03 04:21:37,19.27,1,1,3
4923,TCK-14923,20260715,12,1,2,2026-07-15 23:48:32,2026-07-16 14:37:44,14.82,1,1,3
4924,TCK-14924,20260702,37,4,1,2026-07-02 01:22:05,2026-07-03 01:50:17,24.47,1,1,5
4925,TCK-14925,20251126,16,4,2,2025-11-26 13:33:03,2025-11-27 20:55:15,31.37,1,1,4
4926,TCK-14926,20250529,32,4,2,2025-05-29 09:57:44,2025-05-30 00:37:56,14.67,1,1,
4927,TCK-14927,20250905,19,8,3,2025-09-05 00:39:26,2025-09-05 06:19:02,5.66,1,1,4
4928,TCK-14928,20251106,16,7,3,2025-11-06 16:30:01,2025-11-07 06:09:37,13.66,1,0,5
4929,TCK-14929,20250622,44,2,2,2025-06-22 17:45:37,2025-06-24 08:51:01,39.09,1,1,4
4930,TCK-14930,20260504,29,7,1,2026-05-04 06:14:06,,,0,0,5
4931,TCK-14931,20260728,43,2,1,2026-07-28 14:25:25,2026-07-30 06:20:37,39.92,1,1,4
4932,TCK-14932,20260312,30,5,2,2026-03-12 10:45:11,,,0,0,
4933,TCK-14933,20260613,26,7,3,2026-06-13 10:48:07,2026-06-14 11:16:19,24.47,1,0,
4934,TCK-14934,20250528,24,2,1,2025-05-28 20:35:19,2025-05-30 03:22:07,30.78,1,1,5
4935,TCK-14935,20250124,41,6,1,2025-01-24 11:51:56,2025-01-25 09:26:08,21.57,1,1,3
4936,TCK-14936,20251116,27,8,2,2025-11-16 17:29:33,2025-11-17 04:54:09,11.41,1,1,4
4937,TCK-14937,20260523,3,8,2,2026-05-23 17:49:15,2026-05-24 07:05:27,13.27,1,1,3
4938,TCK-14938,20250510,24,3,2,2025-05-10 09:52:51,2025-05-11 00:03:39,14.18,1,0,4
4939,TCK-14939,20251113,16,4,2,2025-11-13 03:31:27,2025-11-13 23:24:15,19.88,1,1,3
4940,TCK-14940,20250422,42,2,1,2025-04-22 01:41:06,2025-04-23 08:09:18,30.47,1,1,5
4941,TCK-14941,20260603,11,2,3,2026-06-03 20:15:51,2026-06-04 03:03:15,6.79,1,1,2
4942,TCK-14942,20250518,7,1,3,2025-05-18 14:30:04,2025-05-18 23:36:40,9.11,1,1,4
4943,TCK-14943,20260529,42,6,2,2026-05-29 10:12:52,,,0,0,
4944,TCK-14944,20251016,29,2,3,2025-10-16 08:31:36,,,0,0,4
4945,TCK-14945,20250130,13,1,3,2025-01-30 17:38:46,2025-01-31 08:49:34,15.18,1,1,4
4946,TCK-14946,20260203,40,2,3,2026-02-03 10:35:47,2026-02-04 13:50:11,27.24,1,1,5
4947,TCK-14947,20260302,9,5,2,2026-03-02 20:20:35,2026-03-03 16:14:35,19.9,1,1,4
4948,TCK-14948,20250702,27,7,2,2025-07-02 13:02:00,2025-07-02 21:35:00,8.55,1,0,5
4949,TCK-14949,20260719,50,2,3,2026-07-19 16:00:00,2026-07-20 21:16:48,29.28,1,1,4
4950,TCK-14950,20260621,26,3,3,2026-06-21 23:30:40,2026-06-22 14:18:40,14.8,1,0,2
4951,TCK-14951,20250314,30,4,1,2025-03-14 01:54:34,2025-03-14 21:44:22,19.83,1,1,3
4952,TCK-14952,20260424,46,3,1,2026-04-24 12:41:25,2026-04-25 04:09:37,15.47,1,0,4
4953,TCK-14953,20250302,36,2,3,2025-03-02 14:00:53,2025-03-03 18:56:05,28.92,1,1,
4954,TCK-14954,20251112,39,3,3,2025-11-12 04:42:35,2025-11-12 15:05:59,10.39,1,1,4
4955,TCK-14955,20250725,25,3,3,2025-07-25 17:37:49,,,0,0,3
4956,TCK-14956,20251003,42,8,3,2025-10-03 19:20:22,2025-10-04 20:05:22,24.75,1,1,4
4957,TCK-14957,20260107,24,4,1,2026-01-07 16:32:22,2026-01-09 11:48:34,43.27,1,0,4
4958,TCK-14958,20250809,42,5,2,2025-08-09 20:33:52,2025-08-10 18:50:04,22.27,1,1,4
4959,TCK-14959,20260515,36,6,2,2026-05-15 11:13:01,2026-05-16 12:58:37,25.76,1,1,5
4960,TCK-14960,20251101,40,1,3,2025-11-01 02:27:29,2025-11-01 16:04:05,13.61,1,1,
4961,TCK-14961,20260605,50,8,3,2026-06-05 19:43:46,2026-06-06 09:12:34,13.48,1,1,5
4962,TCK-14962,20250504,36,2,1,2025-05-04 15:40:10,2025-05-04 20:01:10,4.35,1,1,3
4963,TCK-14963,20250921,38,8,2,2025-09-21 01:53:02,2025-09-21 18:53:02,17.0,1,1,5
4964,TCK-14964,20260708,48,7,2,2026-07-08 00:56:31,2026-07-09 19:36:43,42.67,1,0,5
4965,TCK-14965,20250122,30,1,2,2025-01-22 02:36:57,2025-01-22 07:36:21,4.99,1,1,5
4966,TCK-14966,20250531,21,6,2,2025-05-31 21:58:39,2025-06-01 12:35:15,14.61,1,1,5
4967,TCK-14967,20260528,27,6,3,2026-05-28 00:44:44,2026-05-28 02:24:56,1.67,1,1,4
4968,TCK-14968,20260730,45,2,2,2026-07-30 03:08:49,2026-07-30 20:29:49,17.35,1,1,4
4969,TCK-14969,20250208,44,5,2,2025-02-08 00:08:58,2025-02-09 02:17:22,26.14,1,0,5
4970,TCK-14970,20251003,20,8,1,2025-10-03 13:03:39,,,0,0,4
4971,TCK-14971,20250613,32,8,3,2025-06-13 09:34:30,2025-06-13 19:26:06,9.86,1,1,4
4972,TCK-14972,20250806,35,1,3,2025-08-06 10:28:08,2025-08-06 15:58:44,5.51,1,1,
4973,TCK-14973,20260304,46,1,1,2026-03-04 07:17:41,2026-03-04 08:21:17,1.06,1,1,4
4974,TCK-14974,20250607,3,5,1,2025-06-07 05:12:00,2025-06-07 11:01:48,5.83,1,1,3
4975,TCK-14975,20260320,50,4,1,2026-03-20 17:49:41,2026-03-21 13:56:17,20.11,1,1,5
4976,TCK-14976,20260101,47,8,2,2026-01-01 11:08:21,2026-01-01 20:07:45,8.99,1,1,5
4977,TCK-14977,20260313,47,6,1,2026-03-13 12:17:32,2026-03-13 21:51:08,9.56,1,1,3
4978,TCK-14978,20250216,15,8,1,2025-02-16 01:03:11,2025-02-17 09:49:23,32.77,1,1,3
4979,TCK-14979,20260401,19,4,1,2026-04-01 19:32:22,2026-04-02 05:33:34,10.02,1,1,3
4980,TCK-14980,20251021,1,5,2,2025-10-21 03:44:44,2025-10-21 12:01:32,8.28,1,1,
4981,TCK-14981,20250720,49,7,1,2025-07-20 15:02:27,2025-07-21 06:39:03,15.61,1,0,
4982,TCK-14982,20250504,26,2,3,2025-05-04 06:34:41,2025-05-05 05:58:05,23.39,1,1,4
4983,TCK-14983,20260812,12,5,1,2026-08-12 16:06:42,2026-08-13 01:25:54,9.32,1,1,4
4984,TCK-14984,20250331,47,8,2,2025-03-31 02:33:00,,,0,0,3
4985,TCK-14985,20260417,45,7,2,2026-04-17 09:52:12,2026-04-18 11:37:12,25.75,1,0,3
4986,TCK-14986,20260326,10,6,3,2026-03-26 03:16:14,2026-03-26 13:13:14,9.95,1,1,4
4987,TCK-14987,20260507,20,4,3,2026-05-07 12:44:33,2026-05-08 10:35:33,21.85,1,1,
4988,TCK-14988,20260508,34,2,3,2026-05-08 14:24:19,,,0,0,5
4989,TCK-14989,20250713,19,1,3,2025-07-13 02:50:39,2025-07-13 13:20:39,10.5,1,1,5
4990,TCK-14990,20250207,48,8,3,2025-02-07 20:50:01,,,0,0,5
4991,TCK-14991,20260517,21,1,2,2026-05-17 09:03:08,,,0,0,5
4992,TCK-14992,20260112,40,5,2,2026-01-12 17:48:28,2026-01-13 05:37:40,11.82,1,1,5
4993,TCK-14993,20250403,34,3,2,2025-04-03 07:02:31,2025-04-03 17:41:31,10.65,1,1,4
4994,TCK-14994,20251111,38,4,2,2025-11-11 03:10:47,2025-11-11 21:17:59,18.12,1,1,3
4995,TCK-14995,20260114,12,3,1,2026-01-14 22:33:03,,,0,0,3
4996,TCK-14996,20260128,50,2,1,2026-01-28 05:51:44,2026-01-29 19:03:08,37.19,1,1,3
4997,TCK-14997,20260611,9,5,3,2026-06-11 13:12:08,2026-06-13 06:33:44,41.36,1,0,
4998,TCK-14998,20250920,30,4,1,2025-09-20 20:57:02,2025-09-21 15:18:02,18.35,1,1,4
4999,TCK-14999,20251031,15,8,2,2025-10-31 08:13:13,2025-10-31 20:10:49,11.96,1,1,4
5000,TCK-15000,20260111,16,7,1,2026-01-11 12:17:04,2026-01-11 20:24:16,8.12,1,0,3
5001,TCK-15001,20251205,11,8,1,2025-12-05 04:06:23,2025-12-06 05:21:23,25.25,1,1,3
5002,TCK-15002,20260502,7,4,2,2026-05-02 04:41:12,2026-05-03 09:19:36,28.64,1,1,4
5003,TCK-15003,20250623,24,5,3,2025-06-23 12:03:40,,,0,0,
5004,TCK-15004,20260427,19,4,2,2026-04-27 04:56:10,2026-04-28 20:47:46,39.86,1,0,3
5005,TCK-15005,20260220,49,4,1,2026-02-20 02:07:14,2026-02-21 08:03:38,29.94,1,1,4
5006,TCK-15006,20250619,24,3,2,2025-06-19 06:17:03,2025-06-20 12:06:15,29.82,1,0,4
5007,TCK-15007,20260110,22,4,1,2026-01-10 11:25:15,2026-01-11 02:15:39,14.84,1,1,4
5008,TCK-15008,20260801,40,5,1,2026-08-01 14:19:33,2026-08-02 05:44:09,15.41,1,1,4
5009,TCK-15009,20250802,46,6,2,2025-08-02 06:58:33,2025-08-02 11:32:45,4.57,1,1,
5010,TCK-15010,20251023,37,7,1,2025-10-23 00:19:16,2025-10-23 05:06:40,4.79,1,1,5
5011,TCK-15011,20260227,22,6,1,2026-02-27 21:53:25,2026-02-28 18:33:37,20.67,1,1,3
5012,TCK-15012,20251127,26,1,3,2025-11-27 17:59:25,,,0,0,3
5013,TCK-15013,20250623,13,3,1,2025-06-23 09:11:02,2025-06-24 15:43:26,30.54,1,0,4
5014,TCK-15014,20260801,28,2,1,2026-08-01 15:53:54,2026-08-02 17:10:42,25.28,1,1,3
5015,TCK-15015,20251105,6,2,3,2025-11-05 22:09:53,2025-11-07 00:27:53,26.3,1,1,
5016,TCK-15016,20260722,11,3,1,2026-07-22 13:43:54,,,0,0,3
5017,TCK-15017,20250515,46,5,1,2025-05-15 20:18:59,2025-05-16 20:56:11,24.62,1,0,5
5018,TCK-15018,20250123,16,3,2,2025-01-23 04:14:44,2025-01-23 22:07:32,17.88,1,0,
5019,TCK-15019,20250625,34,3,2,2025-06-25 17:42:43,2025-06-26 10:12:43,16.5,1,0,3
5020,TCK-15020,20250827,7,8,3,2025-08-27 10:14:48,2025-08-28 19:38:12,33.39,1,1,3
5021,TCK-15021,20251015,12,8,2,2025-10-15 23:44:33,2025-10-17 05:52:21,30.13,1,1,4
5022,TCK-15022,20260107,38,8,2,2026-01-07 06:24:04,,,0,0,
5023,TCK-15023,20260422,42,4,1,2026-04-22 01:38:03,2026-04-22 10:45:51,9.13,1,1,4
5024,TCK-15024,20251209,8,8,1,2025-12-09 13:30:53,2025-12-10 12:01:29,22.51,1,1,2
5025,TCK-15025,20250530,12,4,2,2025-05-30 09:20:51,2025-05-31 05:37:03,20.27,1,1,3
5026,TCK-15026,20250706,35,8,1,2025-07-06 22:19:12,,,0,0,4
5027,TCK-15027,20250613,11,5,2,2025-06-13 05:11:10,,,0,0,4
5028,TCK-15028,20251130,33,2,1,2025-11-30 05:46:10,2025-12-01 18:22:46,36.61,1,1,4
5029,TCK-15029,20251026,46,1,3,2025-10-26 01:56:46,2025-10-26 21:36:58,19.67,1,1,4
5030,TCK-15030,20250608,12,6,1,2025-06-08 08:51:23,2025-06-09 10:22:35,25.52,1,1,2
5031,TCK-15031,20250821,46,4,3,2025-08-21 22:41:22,2025-08-22 14:02:58,15.36,1,1,5
5032,TCK-15032,20260416,42,4,1,2026-04-16 08:07:22,,,0,0,5
5033,TCK-15033,20260619,46,4,1,2026-06-19 14:32:41,,,0,0,3
5034,TCK-15034,20250203,16,1,2,2025-02-03 18:40:47,2025-02-03 23:29:59,4.82,1,1,3
5035,TCK-15035,20250513,31,3,2,2025-05-13 07:11:47,2025-05-14 10:08:47,26.95,1,0,4
5036,TCK-15036,20260323,36,7,1,2026-03-23 19:52:19,2026-03-24 14:24:43,18.54,1,0,4
5037,TCK-15037,20250411,48,6,1,2025-04-11 08:35:15,2025-04-11 18:09:27,9.57,1,1,3
5038,TCK-15038,20250523,9,7,3,2025-05-23 14:54:55,,,0,0,
5039,TCK-15039,20260113,9,3,2,2026-01-13 20:42:45,2026-01-14 22:58:21,26.26,1,0,4
5040,TCK-15040,20260225,23,1,2,2026-02-25 05:41:19,,,0,0,
5041,TCK-15041,20260604,27,7,2,2026-06-04 00:50:41,,,0,0,3
5042,TCK-15042,20260806,21,1,3,2026-08-06 12:19:30,2026-08-07 13:39:18,25.33,1,0,5
5043,TCK-15043,20250723,49,5,2,2025-07-23 22:09:01,2025-07-24 14:09:01,16.0,1,1,5
5044,TCK-15044,20251030,5,7,3,2025-10-30 07:19:55,2025-10-30 12:58:19,5.64,1,1,2
5045,TCK-15045,20251220,5,4,2,2025-12-20 04:56:53,2025-12-21 01:40:41,20.73,1,1,4
5046,TCK-15046,20260701,27,6,3,2026-07-01 07:41:58,2026-07-02 18:59:58,35.3,1,1,3
5047,TCK-15047,20250617,12,2,3,2025-06-17 11:10:47,,,0,0,3
5048,TCK-15048,20260325,28,8,1,2026-03-25 20:40:42,2026-03-26 10:07:42,13.45,1,1,3
5049,TCK-15049,20250131,30,4,1,2025-01-31 14:33:05,2025-02-01 08:23:29,17.84,1,1,4
5050,TCK-15050,20250110,34,5,2,2025-01-10 11:25:38,2025-01-11 00:11:14,12.76,1,1,5
5051,TCK-15051,20250121,46,8,2,2025-01-21 00:17:16,2025-01-22 06:49:04,30.53,1,1,3
5052,TCK-15052,20250716,11,1,2,2025-07-16 22:04:46,,,0,0,3
5053,TCK-15053,20260806,19,3,1,2026-08-06 19:13:01,2026-08-07 10:11:49,14.98,1,0,4
5054,TCK-15054,20260415,4,3,1,2026-04-15 01:42:54,2026-04-16 00:51:18,23.14,1,0,4
5055,TCK-15055,20250401,14,6,1,2025-04-01 11:46:33,2025-04-02 03:03:21,15.28,1,1,4
5056,TCK-15056,20250429,23,7,2,2025-04-29 08:07:16,2025-04-30 00:00:04,15.88,1,0,4
5057,TCK-15057,20250515,18,6,1,2025-05-15 14:30:03,2025-05-17 04:07:15,37.62,1,1,5
5058,TCK-15058,20250506,22,2,1,2025-05-06 03:05:58,2025-05-07 06:26:22,27.34,1,1,5
5059,TCK-15059,20260114,49,5,1,2026-01-14 19:12:16,2026-01-15 00:09:52,4.96,1,1,5
5060,TCK-15060,20250918,41,6,1,2025-09-18 22:55:31,2025-09-19 13:59:07,15.06,1,1,5
5061,TCK-15061,20260527,13,1,2,2026-05-27 02:11:09,2026-05-28 08:38:45,30.46,1,0,5
5062,TCK-15062,20250701,47,5,2,2025-07-01 09:59:01,2025-07-01 12:04:25,2.09,1,1,5
5063,TCK-15063,20250512,38,7,3,2025-05-12 10:49:14,2025-05-13 00:44:26,13.92,1,0,
5064,TCK-15064,20250411,38,4,1,2025-04-11 22:53:17,2025-04-12 20:23:53,21.51,1,1,
5065,TCK-15065,20260408,47,2,1,2026-04-08 22:07:50,2026-04-09 04:25:50,6.3,1,1,3
5066,TCK-15066,20250320,47,8,2,2025-03-20 10:45:37,,,0,0,4
5067,TCK-15067,20251205,46,4,2,2025-12-05 01:09:25,2025-12-06 04:46:01,27.61,1,1,3
5068,TCK-15068,20260208,39,7,3,2026-02-08 13:57:17,2026-02-09 10:23:05,20.43,1,0,4
5069,TCK-15069,20250519,41,3,3,2025-05-19 22:56:29,2025-05-20 18:30:41,19.57,1,0,5
5070,TCK-15070,20260614,40,8,2,2026-06-14 07:42:24,2026-06-15 03:43:36,20.02,1,1,4
5071,TCK-15071,20260531,4,3,2,2026-05-31 19:50:14,2026-06-01 14:24:26,18.57,1,0,
5072,TCK-15072,20250410,48,4,1,2025-04-10 11:29:36,2025-04-10 13:25:24,1.93,1,1,3
5073,TCK-15073,20260201,46,7,1,2026-02-01 20:10:01,2026-02-03 03:01:01,30.85,1,0,2
5074,TCK-15074,20250524,8,6,3,2025-05-24 12:41:53,,,0,0,
5075,TCK-15075,20250424,28,7,3,2025-04-24 02:54:01,2025-04-25 06:16:49,27.38,1,0,
5076,TCK-15076,20260504,42,3,3,2026-05-04 12:57:30,2026-05-05 07:32:54,18.59,1,0,4
5077,TCK-15077,20251221,38,4,1,2025-12-21 01:25:25,2025-12-21 07:35:37,6.17,1,1,4
5078,TCK-15078,20260623,2,6,2,2026-06-23 20:01:41,2026-06-24 14:35:53,18.57,1,1,5
5079,TCK-15079,20250711,27,4,1,2025-07-11 11:03:44,2025-07-12 10:30:44,23.45,1,1,4
5080,TCK-15080,20251116,19,6,2,2025-11-16 02:37:36,2025-11-16 11:19:00,8.69,1,1,4
5081,TCK-15081,20250219,26,7,1,2025-02-19 11:00:44,2025-02-19 21:45:44,10.75,1,0,5
5082,TCK-15082,20250405,26,1,2,2025-04-05 18:07:48,2025-04-06 07:47:24,13.66,1,1,
5083,TCK-15083,20250804,35,5,3,2025-08-04 13:31:33,2025-08-05 14:26:09,24.91,1,0,4
5084,TCK-15084,20260801,18,8,2,2026-08-01 22:05:07,2026-08-02 06:39:55,8.58,1,1,
5085,TCK-15085,20260521,13,1,2,2026-05-21 10:41:55,2026-05-22 09:27:31,22.76,1,1,4
5086,TCK-15086,20251126,40,3,1,2025-11-26 01:45:34,2025-11-27 07:35:22,29.83,1,0,5
5087,TCK-15087,20260523,28,1,1,2026-05-23 09:35:27,2026-05-24 05:52:15,20.28,1,1,2
5088,TCK-15088,20251120,5,4,2,2025-11-20 07:16:42,2025-11-21 19:46:42,36.5,1,0,4
5089,TCK-15089,20260615,1,3,2,2026-06-15 03:10:03,2026-06-16 13:29:51,34.33,1,0,
5090,TCK-15090,20260707,32,1,1,2026-07-07 02:54:00,2026-07-07 21:26:24,18.54,1,1,5
5091,TCK-15091,20250410,17,3,1,2025-04-10 12:00:38,2025-04-11 19:45:02,31.74,1,0,4
5092,TCK-15092,20260213,26,6,1,2026-02-13 02:36:01,2026-02-13 12:50:25,10.24,1,1,4
5093,TCK-15093,20251023,15,1,2,2025-10-23 23:42:45,,,0,0,5
5094,TCK-15094,20250622,45,3,1,2025-06-22 14:44:53,,,0,0,
5095,TCK-15095,20251003,22,2,1,2025-10-03 20:50:54,,,0,0,5
5096,TCK-15096,20250704,48,7,1,2025-07-04 16:41:19,,,0,0,4
5097,TCK-15097,20251121,34,2,3,2025-11-21 12:34:32,2025-11-21 15:25:32,2.85,1,1,5
5098,TCK-15098,20260406,43,4,1,2026-04-06 08:22:12,,,0,0,3
5099,TCK-15099,20260709,15,1,1,2026-07-09 09:35:28,2026-07-10 06:18:40,20.72,1,1,3
5100,TCK-15100,20260328,44,4,3,2026-03-28 07:24:49,2026-03-30 08:42:49,49.3,1,0,
5101,TCK-15101,20250817,22,6,2,2025-08-17 23:29:38,2025-08-19 01:17:02,25.79,1,1,4
5102,TCK-15102,20250704,17,4,3,2025-07-04 22:36:01,2025-07-06 07:28:49,32.88,1,1,3
5103,TCK-15103,20251030,13,6,1,2025-10-30 12:46:42,2025-10-30 21:43:42,8.95,1,1,
5104,TCK-15104,20260313,49,3,1,2026-03-13 15:25:47,2026-03-13 17:40:11,2.24,1,1,
5105,TCK-15105,20251121,28,1,2,2025-11-21 16:56:39,2025-11-22 09:04:27,16.13,1,1,4
5106,TCK-15106,20260720,24,6,2,2026-07-20 04:48:36,2026-07-20 17:14:24,12.43,1,1,4
5107,TCK-15107,20251104,43,1,3,2025-11-04 23:18:40,2025-11-06 10:55:52,35.62,1,0,5
5108,TCK-15108,20250917,13,4,3,2025-09-17 12:24:38,2025-09-17 20:36:38,8.2,1,1,5
5109,TCK-15109,20260219,9,7,1,2026-02-19 10:14:11,2026-02-20 04:39:59,18.43,1,0,4
5110,TCK-15110,20250118,31,4,1,2025-01-18 14:57:38,2025-01-19 14:11:26,23.23,1,1,
5111,TCK-15111,20260624,46,1,2,2026-06-24 22:31:33,2026-06-26 04:13:33,29.7,1,0,4
5112,TCK-15112,20251123,18,4,1,2025-11-23 02:11:38,2025-11-23 06:53:38,4.7,1,1,3
5113,TCK-15113,20250802,33,5,1,2025-08-02 06:49:31,2025-08-03 14:51:55,32.04,1,0,5
5114,TCK-15114,20250125,23,5,1,2025-01-25 14:51:58,2025-01-26 03:02:46,12.18,1,1,4
5115,TCK-15115,20250226,4,6,3,2025-02-26 14:32:27,2025-02-27 16:18:39,25.77,1,1,
5116,TCK-15116,20251123,48,6,1,2025-11-23 15:50:58,,,0,0,3
5117,TCK-15117,20250814,4,7,3,2025-08-14 12:54:28,2025-08-15 11:54:28,23.0,1,0,4
5118,TCK-15118,20250328,18,5,2,2025-03-28 11:48:53,2025-03-28 22:29:05,10.67,1,1,4
5119,TCK-15119,20250307,46,7,2,2025-03-07 20:17:32,,,0,0,3
5120,TCK-15120,20260303,16,5,3,2026-03-03 09:34:21,2026-03-03 20:30:09,10.93,1,1,4
5121,TCK-15121,20250303,13,8,2,2025-03-03 12:04:16,,,0,0,3
5122,TCK-15122,20250919,43,2,2,2025-09-19 02:38:24,2025-09-20 00:31:48,21.89,1,1,4
5123,TCK-15123,20260608,27,3,2,2026-06-08 06:57:54,2026-06-09 17:09:54,34.2,1,0,3
5124,TCK-15124,20250913,34,3,2,2025-09-13 20:51:35,2025-09-14 04:44:59,7.89,1,1,
5125,TCK-15125,20250505,31,4,2,2025-05-05 09:22:07,,,0,0,4
5126,TCK-15126,20250617,35,1,1,2025-06-17 13:52:22,2025-06-18 00:32:34,10.67,1,1,3
5127,TCK-15127,20260506,25,4,3,2026-05-06 11:24:11,2026-05-07 06:42:11,19.3,1,1,3
5128,TCK-15128,20251109,50,1,1,2025-11-09 18:40:32,2025-11-10 22:03:20,27.38,1,0,4
5129,TCK-15129,20260213,16,6,2,2026-02-13 21:19:40,,,0,0,5
5130,TCK-15130,20250921,22,8,1,2025-09-21 08:31:55,2025-09-22 07:49:19,23.29,1,1,4
5131,TCK-15131,20260425,36,1,1,2026-04-25 12:49:44,,,0,0,3
5132,TCK-15132,20250903,18,8,1,2025-09-03 16:34:21,,,0,0,
5133,TCK-15133,20260615,23,8,1,2026-06-15 07:17:41,,,0,0,4
5134,TCK-15134,20260717,16,8,3,2026-07-17 10:19:17,,,0,0,4
5135,TCK-15135,20250923,10,5,1,2025-09-23 17:48:00,2025-09-23 23:16:48,5.48,1,1,5
5136,TCK-15136,20260408,46,1,3,2026-04-08 12:12:56,,,0,0,3
5137,TCK-15137,20250417,30,5,2,2025-04-17 03:22:28,2025-04-17 10:17:40,6.92,1,1,4
5138,TCK-15138,20260218,8,6,2,2026-02-18 05:04:47,2026-02-18 08:59:23,3.91,1,1,4
5139,TCK-15139,20251026,5,8,1,2025-10-26 00:44:40,,,0,0,4
5140,TCK-15140,20260302,28,2,2,2026-03-02 22:07:27,2026-03-03 16:15:51,18.14,1,1,3
5141,TCK-15141,20250626,26,7,2,2025-06-26 23:04:32,2025-06-27 11:39:20,12.58,1,0,5
5142,TCK-15142,20260521,17,3,1,2026-05-21 12:41:56,,,0,0,5
5143,TCK-15143,20250405,29,2,2,2025-04-05 20:17:33,2025-04-06 19:36:45,23.32,1,1,3
5144,TCK-15144,20250716,12,6,3,2025-07-16 10:09:38,2025-07-16 21:46:50,11.62,1,1,5
5145,TCK-15145,20260329,15,5,1,2026-03-29 07:16:21,2026-03-30 04:28:21,21.2,1,1,2
5146,TCK-15146,20251119,23,2,1,2025-11-19 16:11:54,2025-11-20 13:59:54,21.8,1,1,
5147,TCK-15147,20250328,22,2,3,2025-03-28 14:05:50,2025-03-30 06:55:02,40.82,1,1,4
5148,TCK-15148,20250722,28,8,3,2025-07-22 03:13:06,2025-07-22 04:17:18,1.07,1,1,5
5149,TCK-15149,20251031,26,4,1,2025-10-31 05:22:20,,,0,0,5
5150,TCK-15150,20250203,6,3,3,2025-02-03 03:10:21,,,0,0,4
5151,TCK-15151,20250312,50,8,2,2025-03-12 09:37:37,2025-03-12 18:19:01,8.69,1,1,5
5152,TCK-15152,20250827,3,8,2,2025-08-27 03:44:51,2025-08-27 12:47:15,9.04,1,1,5
5153,TCK-15153,20250711,13,6,3,2025-07-11 01:04:57,2025-07-12 05:04:57,28.0,1,1,4
5154,TCK-15154,20260607,31,4,2,2026-06-07 16:43:51,,,0,0,3
5155,TCK-15155,20251113,20,5,3,2025-11-13 18:32:56,2025-11-14 13:01:08,18.47,1,1,5
5156,TCK-15156,20250717,29,3,2,2025-07-17 18:08:40,2025-07-18 09:19:28,15.18,1,0,4
5157,TCK-15157,20250524,40,5,1,2025-05-24 02:05:39,,,0,0,3
5158,TCK-15158,20251216,42,5,1,2025-12-16 01:27:38,2025-12-16 12:53:26,11.43,1,1,4
5159,TCK-15159,20250518,31,4,3,2025-05-18 03:06:08,,,0,0,5
5160,TCK-15160,20250211,49,4,3,2025-02-11 03:23:56,2025-02-12 10:57:32,31.56,1,1,4
5161,TCK-15161,20260313,32,6,2,2026-03-13 02:27:35,,,0,0,
5162,TCK-15162,20250901,3,7,3,2025-09-01 01:19:46,,,0,0,
5163,TCK-15163,20251004,45,6,3,2025-10-04 13:33:01,2025-10-05 04:19:13,14.77,1,1,5
5164,TCK-15164,20260303,16,5,1,2026-03-03 00:58:22,2026-03-04 16:37:58,39.66,1,0,5
5165,TCK-15165,20260812,18,2,2,2026-08-12 10:39:40,2026-08-13 20:03:04,33.39,1,1,4
5166,TCK-15166,20250421,48,8,3,2025-04-21 19:24:53,,,0,0,4
5167,TCK-15167,20250829,5,1,3,2025-08-29 12:18:04,2025-08-29 20:34:52,8.28,1,1,5
5168,TCK-15168,20251106,37,1,2,2025-11-06 17:40:13,2025-11-08 03:34:13,33.9,1,0,
5169,TCK-15169,20250114,34,2,2,2025-01-14 03:48:05,2025-01-15 00:44:29,20.94,1,1,3
5170,TCK-15170,20260130,40,7,1,2026-01-30 09:13:38,2026-01-30 22:41:14,13.46,1,0,5
5171,TCK-15171,20250302,9,8,1,2025-03-02 00:54:37,2025-03-02 17:33:01,16.64,1,1,3
5172,TCK-15172,20250703,15,1,2,2025-07-03 11:27:47,2025-07-04 13:46:59,26.32,1,0,5
5173,TCK-15173,20260523,39,1,2,2026-05-23 01:16:26,2026-05-23 18:40:26,17.4,1,1,4
5174,TCK-15174,20260807,26,2,3,2026-08-07 23:13:10,2026-08-09 03:34:10,28.35,1,1,
5175,TCK-15175,20251024,29,6,3,2025-10-24 03:05:58,2025-10-24 23:50:22,20.74,1,1,
5176,TCK-15176,20250317,33,1,1,2025-03-17 22:25:52,2025-03-19 00:36:40,26.18,1,0,4
5177,TCK-15177,20260604,5,6,1,2026-06-04 10:43:32,,,0,0,3
5178,TCK-15178,20250713,45,1,2,2025-07-13 19:16:09,2025-07-15 10:37:09,39.35,1,0,4
5179,TCK-15179,20260707,50,3,2,2026-07-07 20:20:30,2026-07-08 20:43:54,24.39,1,0,5
5180,TCK-15180,20250125,31,1,1,2025-01-25 06:28:30,2025-01-26 04:22:30,21.9,1,1,4
5181,TCK-15181,20251110,42,7,3,2025-11-10 16:22:13,2025-11-10 20:51:01,4.48,1,1,4
5182,TCK-15182,20250123,17,2,1,2025-01-23 23:37:22,2025-01-25 01:13:22,25.6,1,1,4
5183,TCK-15183,20250906,7,2,3,2025-09-06 22:54:45,2025-09-07 14:16:57,15.37,1,1,
5184,TCK-15184,20251108,23,5,3,2025-11-08 23:42:06,2025-11-09 18:18:42,18.61,1,1,4
5185,TCK-15185,20250109,7,5,3,2025-01-09 23:37:18,2025-01-10 00:15:42,0.64,1,1,4
5186,TCK-15186,20260105,21,7,1,2026-01-05 13:05:17,2026-01-06 15:37:41,26.54,1,0,3
5187,TCK-15187,20250301,5,8,1,2025-03-01 19:12:42,2025-03-01 21:25:18,2.21,1,1,4
5188,TCK-15188,20250409,8,7,1,2025-04-09 09:32:14,2025-04-10 00:59:50,15.46,1,0,5
5189,TCK-15189,20260226,44,6,1,2026-02-26 02:08:07,2026-02-26 23:30:55,21.38,1,1,5
5190,TCK-15190,20250303,41,2,3,2025-03-03 00:04:04,2025-03-03 18:11:52,18.13,1,1,4
5191,TCK-15191,20260126,38,7,2,2026-01-26 10:23:40,,,0,0,4
5192,TCK-15192,20260716,15,4,1,2026-07-16 23:41:51,,,0,0,4
5193,TCK-15193,20260207,19,4,2,2026-02-07 05:11:51,2026-02-07 23:31:39,18.33,1,1,4
5194,TCK-15194,20260609,13,1,2,2026-06-09 21:55:46,2026-06-11 08:40:10,34.74,1,0,3
5195,TCK-15195,20251004,49,1,3,2025-10-04 05:33:41,2025-10-05 13:52:53,32.32,1,0,3
5196,TCK-15196,20250329,12,8,2,2025-03-29 00:44:32,2025-03-30 01:43:20,24.98,1,1,4
5197,TCK-15197,20250323,38,1,2,2025-03-23 11:47:29,,,0,0,4
5198,TCK-15198,20251211,22,2,2,2025-12-11 02:35:19,2025-12-11 16:52:43,14.29,1,1,2
5199,TCK-15199,20251122,16,7,2,2025-11-22 04:08:06,2025-11-23 05:44:06,25.6,1,0,5
5200,TCK-15200,20250625,43,8,3,2025-06-25 18:34:03,2025-06-26 19:57:27,25.39,1,1,
5201,TCK-15201,20251118,25,8,1,2025-11-18 03:41:41,2025-11-18 23:10:29,19.48,1,1,5
5202,TCK-15202,20250424,49,8,3,2025-04-24 07:06:18,2025-04-25 05:02:06,21.93,1,1,3
5203,TCK-15203,20250303,14,4,1,2025-03-03 04:17:54,2025-03-04 11:57:30,31.66,1,1,
5204,TCK-15204,20250309,14,2,1,2025-03-09 09:27:19,,,0,0,4
5205,TCK-15205,20250129,44,8,3,2025-01-29 11:21:42,,,0,0,
5206,TCK-15206,20250125,31,3,2,2025-01-25 21:08:27,2025-01-27 04:47:27,31.65,1,0,3
5207,TCK-15207,20260615,38,8,3,2026-06-15 14:44:11,2026-06-16 12:44:47,22.01,1,1,3
5208,TCK-15208,20251223,14,2,1,2025-12-23 00:54:28,2025-12-24 03:34:40,26.67,1,1,3
5209,TCK-15209,20260217,29,3,3,2026-02-17 06:13:36,2026-02-17 16:47:12,10.56,1,1,
5210,TCK-15210,20250419,8,1,2,2025-04-19 19:55:18,2025-04-21 18:22:18,46.45,1,0,5
5211,TCK-15211,20250408,3,3,1,2025-04-08 02:09:56,,,0,0,5
5212,TCK-15212,20260114,9,5,1,2026-01-14 18:46:14,2026-01-15 06:54:38,12.14,1,1,5
5213,TCK-15213,20250806,15,2,2,2025-08-06 03:26:57,,,0,0,
5214,TCK-15214,20260428,40,7,3,2026-04-28 09:43:19,,,0,0,5
5215,TCK-15215,20250428,32,8,1,2025-04-28 03:38:33,2025-04-28 08:34:57,4.94,1,1,3
5216,TCK-15216,20260713,32,2,2,2026-07-13 14:08:15,2026-07-14 20:38:15,30.5,1,1,3
5217,TCK-15217,20250111,26,6,3,2025-01-11 05:25:19,2025-01-11 17:45:43,12.34,1,1,4
5218,TCK-15218,20251020,35,6,3,2025-10-20 22:24:47,2025-10-21 18:08:35,19.73,1,1,4
5219,TCK-15219,20260616,2,8,2,2026-06-16 21:01:22,2026-06-17 11:15:10,14.23,1,1,4
5220,TCK-15220,20251111,17,8,3,2025-11-11 08:03:03,2025-11-11 17:15:39,9.21,1,1,4
5221,TCK-15221,20251111,18,5,1,2025-11-11 07:28:38,,,0,0,4
5222,TCK-15222,20260211,49,5,3,2026-02-11 23:29:07,2026-02-12 19:42:19,20.22,1,1,3
5223,TCK-15223,20250814,29,8,3,2025-08-14 09:52:28,2025-08-15 12:27:16,26.58,1,1,3
5224,TCK-15224,20250509,45,5,2,2025-05-09 14:57:15,2025-05-10 14:56:39,23.99,1,1,4
5225,TCK-15225,20260523,27,2,2,2026-05-23 10:54:18,2026-05-24 01:14:42,14.34,1,1,3
5226,TCK-15226,20260325,43,6,2,2026-03-25 19:29:40,2026-03-27 04:30:52,33.02,1,1,3
5227,TCK-15227,20250226,42,8,2,2025-02-26 09:40:40,2025-02-26 16:49:40,7.15,1,1,4
5228,TCK-15228,20250926,7,8,1,2025-09-26 03:09:30,2025-09-26 22:03:30,18.9,1,1,5
5229,TCK-15229,20250511,29,6,2,2025-05-11 08:03:23,2025-05-12 17:49:35,33.77,1,1,4
5230,TCK-15230,20251023,31,2,2,2025-10-23 20:34:22,2025-10-24 11:26:34,14.87,1,1,4
5231,TCK-15231,20250810,18,3,3,2025-08-10 14:19:09,2025-08-11 00:29:21,10.17,1,1,
5232,TCK-15232,20250511,12,3,1,2025-05-11 01:17:04,2025-05-11 15:39:16,14.37,1,0,
5233,TCK-15233,20250610,22,3,2,2025-06-10 22:03:53,,,0,0,
5234,TCK-15234,20260306,30,5,3,2026-03-06 01:39:26,2026-03-07 11:12:26,33.55,1,0,4
5235,TCK-15235,20260810,8,4,1,2026-08-10 10:24:46,,,0,0,4
5236,TCK-15236,20250102,24,3,1,2025-01-02 13:46:22,2025-01-03 17:36:46,27.84,1,0,3
5237,TCK-15237,20250917,34,6,3,2025-09-17 08:42:22,2025-09-17 14:35:46,5.89,1,1,5
5238,TCK-15238,20250204,2,2,3,2025-02-04 21:10:02,2025-02-05 07:01:02,9.85,1,1,
5239,TCK-15239,20250908,10,1,2,2025-09-08 05:06:53,2025-09-09 08:14:05,27.12,1,0,4
5240,TCK-15240,20250703,38,7,2,2025-07-03 18:26:01,2025-07-04 03:47:37,9.36,1,0,4
5241,TCK-15241,20250703,12,4,2,2025-07-03 01:31:52,2025-07-05 01:12:04,47.67,1,0,5
5242,TCK-15242,20250619,11,8,2,2025-06-19 04:35:29,2025-06-20 07:44:29,27.15,1,1,3
5243,TCK-15243,20260514,26,4,3,2026-05-14 09:10:34,2026-05-14 21:28:34,12.3,1,1,
5244,TCK-15244,20260428,45,8,2,2026-04-28 21:55:33,2026-04-29 19:39:21,21.73,1,1,5
5245,TCK-15245,20250307,7,1,1,2025-03-07 06:02:41,2025-03-07 18:26:41,12.4,1,1,3
5246,TCK-15246,20250601,11,4,2,2025-06-01 06:29:31,2025-06-01 22:20:31,15.85,1,1,5
5247,TCK-15247,20250711,16,7,3,2025-07-11 08:17:35,2025-07-11 19:27:11,11.16,1,0,
5248,TCK-15248,20260305,11,2,3,2026-03-05 03:25:46,2026-03-06 03:19:46,23.9,1,1,4
5249,TCK-15249,20260808,43,4,1,2026-08-08 15:03:08,2026-08-09 22:02:32,30.99,1,1,4
5250,TCK-15250,20250205,48,7,3,2025-02-05 09:30:42,2025-02-05 23:46:54,14.27,1,0,
5251,TCK-15251,20260111,49,7,3,2026-01-11 08:18:05,2026-01-12 23:22:17,39.07,1,0,4
5252,TCK-15252,20260301,11,8,1,2026-03-01 14:59:56,2026-03-02 20:02:20,29.04,1,1,4
5253,TCK-15253,20250711,29,3,1,2025-07-11 08:25:42,2025-07-11 10:08:54,1.72,1,1,5
5254,TCK-15254,20260101,49,5,3,2026-01-01 02:05:37,2026-01-02 05:32:37,27.45,1,0,4
5255,TCK-15255,20260218,12,4,1,2026-02-18 15:38:04,2026-02-19 22:29:04,30.85,1,1,4
5256,TCK-15256,20250625,39,3,2,2025-06-25 21:29:11,2025-06-26 05:19:35,7.84,1,1,4
5257,TCK-15257,20250526,9,3,1,2025-05-26 11:15:34,2025-05-26 19:34:46,8.32,1,1,4
5258,TCK-15258,20260219,32,7,1,2026-02-19 11:43:31,2026-02-19 18:41:07,6.96,1,1,2
5259,TCK-15259,20250115,28,4,2,2025-01-15 15:37:35,2025-01-16 19:54:23,28.28,1,1,4
5260,TCK-15260,20250812,33,4,2,2025-08-12 12:54:40,2025-08-13 15:15:40,26.35,1,1,3
5261,TCK-15261,20260127,26,7,3,2026-01-27 20:33:01,2026-01-29 06:53:25,34.34,1,0,4
5262,TCK-15262,20250220,2,4,1,2025-02-20 05:51:09,2025-02-20 13:24:09,7.55,1,1,5
5263,TCK-15263,20250106,31,1,2,2025-01-06 19:09:35,2025-01-08 00:03:35,28.9,1,0,
5264,TCK-15264,20250810,8,3,3,2025-08-10 15:18:28,,,0,0,3
5265,TCK-15265,20250528,12,4,3,2025-05-28 21:26:46,2025-05-28 22:21:58,0.92,1,1,3
5266,TCK-15266,20250509,27,3,2,2025-05-09 19:15:46,2025-05-10 14:01:22,18.76,1,0,5
5267,TCK-15267,20251113,49,4,1,2025-11-13 00:43:30,2025-11-13 23:36:54,22.89,1,1,4
5268,TCK-15268,20250418,33,6,3,2025-04-18 20:58:42,2025-04-20 04:04:42,31.1,1,1,4
5269,TCK-15269,20260729,35,1,3,2026-07-29 23:03:16,2026-07-30 20:41:40,21.64,1,1,5
5270,TCK-15270,20251106,50,3,2,2025-11-06 10:53:08,2025-11-06 23:29:08,12.6,1,0,5
5271,TCK-15271,20260511,45,4,1,2026-05-11 05:11:57,2026-05-12 12:20:21,31.14,1,1,1
5272,TCK-15272,20250409,50,6,1,2025-04-09 12:39:55,2025-04-10 08:28:31,19.81,1,1,3
5273,TCK-15273,20250409,24,8,2,2025-04-09 02:45:42,2025-04-10 11:29:30,32.73,1,1,2
5274,TCK-15274,20260213,35,7,1,2026-02-13 05:49:18,,,0,0,4
5275,TCK-15275,20250105,47,7,2,2025-01-05 23:21:52,2025-01-06 11:57:16,12.59,1,0,3
5276,TCK-15276,20250406,5,5,2,2025-04-06 16:05:13,,,0,0,
5277,TCK-15277,20250717,10,1,2,2025-07-17 23:36:07,2025-07-18 08:35:31,8.99,1,1,
5278,TCK-15278,20260109,22,5,2,2026-01-09 01:49:26,,,0,0,3
5279,TCK-15279,20260415,25,6,1,2026-04-15 23:55:26,2026-04-16 04:43:26,4.8,1,1,2
5280,TCK-15280,20260227,25,2,3,2026-02-27 18:28:25,2026-02-27 20:24:49,1.94,1,1,4
5281,TCK-15281,20260811,46,5,3,2026-08-11 11:43:06,,,0,0,5
5282,TCK-15282,20250721,18,1,3,2025-07-21 21:16:09,2025-07-23 01:41:57,28.43,1,0,5
5283,TCK-15283,20260426,30,2,2,2026-04-26 08:45:57,2026-04-27 05:33:57,20.8,1,1,4
5284,TCK-15284,20250421,42,5,1,2025-04-21 22:50:37,,,0,0,3
5285,TCK-15285,20260331,17,1,1,2026-03-31 06:06:29,2026-03-31 23:07:41,17.02,1,1,
5286,TCK-15286,20260708,24,3,3,2026-07-08 07:46:35,2026-07-08 18:08:11,10.36,1,1,4
5287,TCK-15287,20251118,20,2,1,2025-11-18 06:47:20,2025-11-19 04:48:32,22.02,1,1,5
5288,TCK-15288,20260327,5,5,1,2026-03-27 02:38:43,,,0,0,5
5289,TCK-15289,20260402,17,4,2,2026-04-02 20:05:44,2026-04-03 07:19:32,11.23,1,1,5
5290,TCK-15290,20250421,20,3,2,2025-04-21 15:51:26,2025-04-22 09:51:26,18.0,1,0,4
5291,TCK-15291,20260807,9,7,3,2026-08-07 20:37:57,2026-08-08 08:51:09,12.22,1,0,4
5292,TCK-15292,20250502,30,5,2,2025-05-02 21:35:26,2025-05-03 14:59:26,17.4,1,1,5
5293,TCK-15293,20250630,48,2,2,2025-06-30 11:18:38,2025-07-01 14:54:02,27.59,1,1,
5294,TCK-15294,20260305,16,5,2,2026-03-05 10:06:12,2026-03-05 15:53:00,5.78,1,1,4
5295,TCK-15295,20251025,45,7,2,2025-10-25 12:05:27,2025-10-26 11:25:15,23.33,1,0,3
5296,TCK-15296,20260511,2,8,3,2026-05-11 21:50:44,,,0,0,5
5297,TCK-15297,20260304,1,5,2,2026-03-04 19:48:58,,,0,0,4
5298,TCK-15298,20260410,7,2,1,2026-04-10 16:52:49,2026-04-11 22:20:25,29.46,1,1,3
5299,TCK-15299,20260313,39,8,1,2026-03-13 14:09:54,2026-03-14 19:26:42,29.28,1,1,5
5300,TCK-15300,20250419,49,2,3,2025-04-19 20:24:56,2025-04-21 06:04:32,33.66,1,1,3
5301,TCK-15301,20260519,17,7,3,2026-05-19 08:00:56,2026-05-20 19:00:56,35.0,1,0,5
5302,TCK-15302,20260409,8,6,1,2026-04-09 10:20:51,2026-04-10 00:31:03,14.17,1,1,
5303,TCK-15303,20251006,47,4,3,2025-10-06 01:14:38,,,0,0,
5304,TCK-15304,20251016,22,7,2,2025-10-16 11:28:26,2025-10-17 09:30:14,22.03,1,0,4
5305,TCK-15305,20250305,43,3,2,2025-03-05 19:22:25,2025-03-06 11:19:25,15.95,1,0,5
5306,TCK-15306,20260620,33,6,1,2026-06-20 05:12:07,,,0,0,
5307,TCK-15307,20250810,33,7,2,2025-08-10 09:12:59,2025-08-11 08:39:59,23.45,1,0,3
5308,TCK-15308,20260423,30,2,3,2026-04-23 13:15:32,2026-04-23 17:07:08,3.86,1,1,4
5309,TCK-15309,20251004,22,3,1,2025-10-04 07:31:44,2025-10-04 09:11:56,1.67,1,1,4
5310,TCK-15310,20260324,8,2,2,2026-03-24 11:55:13,,,0,0,5
5311,TCK-15311,20251003,13,6,2,2025-10-03 11:51:03,2025-10-03 15:15:39,3.41,1,1,3
5312,TCK-15312,20260706,17,3,3,2026-07-06 13:15:50,2026-07-06 16:32:02,3.27,1,1,3
5313,TCK-15313,20251011,45,6,2,2025-10-11 03:28:37,2025-10-12 06:13:37,26.75,1,1,3
5314,TCK-15314,20250502,37,2,2,2025-05-02 08:10:58,2025-05-03 02:23:34,18.21,1,1,5
5315,TCK-15315,20260419,26,1,3,2026-04-19 12:09:19,,,0,0,5
5316,TCK-15316,20260114,2,1,2,2026-01-14 05:47:42,2026-01-14 20:08:06,14.34,1,1,2
5317,TCK-15317,20250915,24,1,1,2025-09-15 14:27:24,,,0,0,4
5318,TCK-15318,20260329,29,4,1,2026-03-29 18:51:38,2026-03-31 04:39:02,33.79,1,1,5
5319,TCK-15319,20251229,42,7,3,2025-12-29 03:39:54,2025-12-29 08:33:54,4.9,1,1,4
5320,TCK-15320,20260107,7,5,2,2026-01-07 23:02:17,2026-01-08 16:41:17,17.65,1,1,3
5321,TCK-15321,20250527,4,3,1,2025-05-27 10:05:48,2025-05-28 03:46:00,17.67,1,0,4
5322,TCK-15322,20250406,5,6,1,2025-04-06 09:28:16,,,0,0,3
5323,TCK-15323,20260115,23,1,3,2026-01-15 10:08:15,2026-01-16 10:11:51,24.06,1,0,3
5324,TCK-15324,20251027,31,8,2,2025-10-27 10:24:59,2025-10-27 22:44:11,12.32,1,1,4
5325,TCK-15325,20260726,50,4,1,2026-07-26 17:57:19,,,0,0,3
5326,TCK-15326,20250213,37,6,1,2025-02-13 06:45:18,2025-02-14 05:15:18,22.5,1,1,3
5327,TCK-15327,20260309,8,4,1,2026-03-09 01:25:42,2026-03-09 19:13:42,17.8,1,1,5
5328,TCK-15328,20260803,24,1,1,2026-08-03 07:55:18,,,0,0,
5329,TCK-15329,20250719,31,8,3,2025-07-19 06:18:45,2025-07-20 02:51:09,20.54,1,1,5
5330,TCK-15330,20250605,36,8,1,2025-06-05 03:40:54,2025-06-06 08:03:06,28.37,1,1,
5331,TCK-15331,20260806,13,7,3,2026-08-06 05:14:04,2026-08-07 06:10:28,24.94,1,0,5
5332,TCK-15332,20250128,6,2,3,2025-01-28 17:51:59,2025-01-29 11:24:23,17.54,1,1,4
5333,TCK-15333,20260507,37,4,2,2026-05-07 00:49:43,2026-05-08 10:15:31,33.43,1,1,4
5334,TCK-15334,20260310,23,6,1,2026-03-10 09:17:42,2026-03-10 15:09:18,5.86,1,1,
5335,TCK-15335,20260408,19,4,2,2026-04-08 22:11:33,2026-04-09 03:42:09,5.51,1,1,3
5336,TCK-15336,20250610,43,5,1,2025-06-10 07:32:44,2025-06-10 23:05:08,15.54,1,1,
5337,TCK-15337,20250925,5,6,3,2025-09-25 10:00:38,2025-09-26 01:37:14,15.61,1,1,3
5338,TCK-15338,20260618,9,6,2,2026-06-18 12:39:15,2026-06-18 17:18:51,4.66,1,1,5
5339,TCK-15339,20260508,25,2,1,2026-05-08 07:14:13,,,0,0,4
5340,TCK-15340,20251030,14,7,2,2025-10-30 17:42:03,,,0,0,3
5341,TCK-15341,20260106,36,3,1,2026-01-06 17:22:46,2026-01-07 06:20:58,12.97,1,0,5
5342,TCK-15342,20260108,45,2,3,2026-01-08 21:19:19,2026-01-09 23:53:31,26.57,1,1,4
5343,TCK-15343,20250228,18,1,2,2025-02-28 11:06:51,2025-03-01 20:36:15,33.49,1,0,5
5344,TCK-15344,20250624,9,4,3,2025-06-24 03:46:41,2025-06-24 11:40:41,7.9,1,1,4
5345,TCK-15345,20260627,41,5,3,2026-06-27 07:36:04,2026-06-27 21:55:52,14.33,1,1,5
5346,TCK-15346,20250824,4,2,3,2025-08-24 20:31:08,2025-08-26 07:27:32,34.94,1,1,
5347,TCK-15347,20250626,30,3,3,2025-06-26 19:21:52,,,0,0,3
5348,TCK-15348,20260420,14,3,2,2026-04-20 01:41:03,2026-04-21 20:54:51,43.23,1,0,4
5349,TCK-15349,20250124,45,4,1,2025-01-24 05:10:22,2025-01-24 15:15:46,10.09,1,1,3
5350,TCK-15350,20260516,11,3,1,2026-05-16 09:26:10,2026-05-17 09:38:46,24.21,1,0,4
5351,TCK-15351,20260112,12,6,3,2026-01-12 12:59:22,2026-01-13 22:22:10,33.38,1,1,
5352,TCK-15352,20251130,47,3,3,2025-11-30 19:02:37,,,0,0,4
5353,TCK-15353,20250802,24,5,2,2025-08-02 14:27:54,2025-08-03 05:36:18,15.14,1,1,3
5354,TCK-15354,20251027,27,3,2,2025-10-27 16:22:34,2025-10-28 04:24:22,12.03,1,0,3
5355,TCK-15355,20260524,21,6,3,2026-05-24 15:46:00,2026-05-25 10:26:48,18.68,1,1,5
5356,TCK-15356,20260228,30,1,2,2026-02-28 08:55:21,2026-02-28 13:14:33,4.32,1,1,4
5357,TCK-15357,20260531,27,3,2,2026-05-31 14:00:19,,,0,0,3
5358,TCK-15358,20260101,32,7,3,2026-01-01 01:54:46,2026-01-01 22:37:58,20.72,1,0,3
5359,TCK-15359,20260204,41,1,3,2026-02-04 07:32:45,2026-02-05 08:47:45,25.25,1,0,
5360,TCK-15360,20250526,27,5,1,2025-05-26 14:21:00,,,0,0,3
5361,TCK-15361,20250611,41,3,1,2025-06-11 05:21:11,2025-06-12 02:03:11,20.7,1,0,2
5362,TCK-15362,20251016,44,3,3,2025-10-16 08:44:52,2025-10-18 02:13:04,41.47,1,0,4
5363,TCK-15363,20250409,21,7,1,2025-04-09 09:32:29,2025-04-10 14:14:29,28.7,1,0,3
5364,TCK-15364,20251203,44,2,1,2025-12-03 08:23:48,2025-12-03 11:04:00,2.67,1,1,3
5365,TCK-15365,20251206,15,4,3,2025-12-06 16:55:42,2025-12-06 17:46:06,0.84,1,1,3
5366,TCK-15366,20251222,38,2,2,2025-12-22 07:22:59,2025-12-22 14:31:59,7.15,1,1,
5367,TCK-15367,20251126,44,8,3,2025-11-26 02:08:00,2025-11-26 05:27:48,3.33,1,1,
5368,TCK-15368,20251106,43,2,2,2025-11-06 18:29:15,2025-11-07 20:04:39,25.59,1,1,5
5369,TCK-15369,20250127,28,4,1,2025-01-27 18:34:39,2025-01-28 16:40:39,22.1,1,1,4
5370,TCK-15370,20251126,49,5,3,2025-11-26 19:48:24,2025-11-28 04:19:36,32.52,1,0,5
5371,TCK-15371,20260106,2,5,1,2026-01-06 19:31:23,2026-01-07 20:55:23,25.4,1,0,5
5372,TCK-15372,20251007,48,6,3,2025-10-07 05:05:01,2025-10-08 08:57:13,27.87,1,1,5
5373,TCK-15373,20260713,12,2,3,2026-07-13 20:59:26,2026-07-14 00:01:14,3.03,1,1,3
5374,TCK-15374,20250205,22,3,2,2025-02-05 22:23:19,2025-02-06 22:58:07,24.58,1,0,
5375,TCK-15375,20260404,24,4,2,2026-04-04 14:00:53,,,0,0,4
5376,TCK-15376,20260216,2,7,3,2026-02-16 02:58:42,2026-02-16 20:09:30,17.18,1,0,5
5377,TCK-15377,20250926,35,2,1,2025-09-26 17:13:24,,,0,0,4
5378,TCK-15378,20260512,11,6,3,2026-05-12 14:47:03,2026-05-12 22:06:15,7.32,1,1,5
5379,TCK-15379,20250424,43,7,3,2025-04-24 11:24:36,2025-04-24 14:27:36,3.05,1,1,3
5380,TCK-15380,20250702,42,1,3,2025-07-02 15:27:07,2025-07-03 02:32:31,11.09,1,1,4
5381,TCK-15381,20250923,40,3,1,2025-09-23 11:37:45,2025-09-25 03:52:45,40.25,1,0,3
5382,TCK-15382,20250925,17,4,3,2025-09-25 06:35:22,,,0,0,5
5383,TCK-15383,20260103,31,4,1,2026-01-03 18:55:32,2026-01-04 11:16:32,16.35,1,1,5
5384,TCK-15384,20260525,34,8,3,2026-05-25 00:07:35,2026-05-25 06:30:59,6.39,1,1,3
5385,TCK-15385,20250825,47,2,1,2025-08-25 07:50:30,2025-08-26 22:33:06,38.71,1,1,3
5386,TCK-15386,20250620,16,2,2,2025-06-20 08:05:40,,,0,0,
5387,TCK-15387,20260517,10,8,1,2026-05-17 16:31:49,2026-05-18 12:16:49,19.75,1,1,5
5388,TCK-15388,20250312,47,1,3,2025-03-12 06:43:11,2025-03-13 14:47:23,32.07,1,0,
5389,TCK-15389,20260616,19,1,2,2026-06-16 09:42:52,2026-06-17 08:40:28,22.96,1,1,5
5390,TCK-15390,20251228,17,2,2,2025-12-28 15:07:51,2025-12-29 18:40:15,27.54,1,1,5
5391,TCK-15391,20250118,38,6,3,2025-01-18 00:45:50,,,0,0,4
5392,TCK-15392,20251009,9,5,1,2025-10-09 03:31:02,2025-10-09 06:18:26,2.79,1,1,4
5393,TCK-15393,20250902,7,4,3,2025-09-02 15:31:43,2025-09-03 09:37:43,18.1,1,1,5
5394,TCK-15394,20260430,48,1,2,2026-04-30 18:10:21,2026-05-01 03:37:57,9.46,1,1,3
5395,TCK-15395,20250827,8,6,3,2025-08-27 13:32:10,2025-08-29 00:11:10,34.65,1,1,4
5396,TCK-15396,20260514,45,3,3,2026-05-14 19:26:35,2026-05-15 12:11:35,16.75,1,0,
5397,TCK-15397,20250224,41,8,1,2025-02-24 13:10:02,2025-02-25 14:55:02,25.75,1,1,4
5398,TCK-15398,20260320,25,8,3,2026-03-20 09:46:40,2026-03-20 19:47:52,10.02,1,1,4
5399,TCK-15399,20250909,49,3,1,2025-09-09 23:21:02,2025-09-11 00:34:14,25.22,1,0,
5400,TCK-15400,20260122,17,4,2,2026-01-22 17:58:44,,,0,0,4
5401,TCK-15401,20260624,6,3,3,2026-06-24 09:32:37,,,0,0,4
5402,TCK-15402,20251012,47,5,3,2025-10-12 23:38:28,2025-10-13 11:44:28,12.1,1,1,5
5403,TCK-15403,20250914,32,1,2,2025-09-14 09:08:43,2025-09-15 10:02:43,24.9,1,0,3
5404,TCK-15404,20251130,25,1,2,2025-11-30 03:55:18,2025-11-30 16:09:06,12.23,1,1,5
5405,TCK-15405,20251027,5,5,3,2025-10-27 23:20:10,2025-10-28 13:41:10,14.35,1,1,3
5406,TCK-15406,20251122,25,7,2,2025-11-22 00:56:35,2025-11-23 02:37:59,25.69,1,0,4
5407,TCK-15407,20250608,19,8,3,2025-06-08 02:15:38,2025-06-08 23:54:02,21.64,1,1,3
5408,TCK-15408,20260624,17,8,2,2026-06-24 07:39:13,2026-06-25 12:11:01,28.53,1,1,4
5409,TCK-15409,20260106,8,8,3,2026-01-06 08:53:09,2026-01-08 08:54:21,48.02,1,0,5
5410,TCK-15410,20260624,14,1,3,2026-06-24 21:13:17,2026-06-25 21:03:05,23.83,1,1,5
5411,TCK-15411,20260401,3,8,1,2026-04-01 09:58:04,2026-04-01 15:50:52,5.88,1,1,
5412,TCK-15412,20250615,16,1,2,2025-06-15 07:38:58,,,0,0,5
5413,TCK-15413,20250820,14,8,2,2025-08-20 11:10:06,,,0,0,5
5414,TCK-15414,20260714,23,8,2,2026-07-14 05:26:14,2026-07-14 20:01:38,14.59,1,1,
5415,TCK-15415,20250304,7,5,2,2025-03-04 17:33:22,2025-03-04 19:10:34,1.62,1,1,3
5416,TCK-15416,20250413,8,2,3,2025-04-13 19:39:17,2025-04-15 06:17:41,34.64,1,1,5
5417,TCK-15417,20250103,9,4,2,2025-01-03 13:16:12,2025-01-05 01:03:00,35.78,1,1,3
5418,TCK-15418,20251113,13,6,2,2025-11-13 06:12:18,2025-11-13 19:27:54,13.26,1,1,4
5419,TCK-15419,20251004,1,3,3,2025-10-04 01:53:59,,,0,0,4
5420,TCK-15420,20250202,41,5,1,2025-02-02 00:39:41,2025-02-03 04:52:53,28.22,1,0,4
5421,TCK-15421,20250517,15,7,1,2025-05-17 09:41:14,2025-05-17 19:38:50,9.96,1,0,4
5422,TCK-15422,20260507,17,3,2,2026-05-07 16:15:53,2026-05-07 21:16:29,5.01,1,1,
5423,TCK-15423,20250327,9,8,1,2025-03-27 05:23:31,2025-03-27 08:24:07,3.01,1,1,4
5424,TCK-15424,20251107,10,2,1,2025-11-07 03:36:32,,,0,0,3
5425,TCK-15425,20260104,42,5,2,2026-01-04 05:02:28,2026-01-05 00:51:04,19.81,1,1,4
5426,TCK-15426,20260803,6,4,1,2026-08-03 14:31:32,2026-08-03 22:41:08,8.16,1,1,
5427,TCK-15427,20250420,4,7,2,2025-04-20 17:03:03,2025-04-21 10:50:27,17.79,1,0,
5428,TCK-15428,20250430,4,8,2,2025-04-30 21:55:08,2025-05-01 18:46:44,20.86,1,1,3
5429,TCK-15429,20250120,3,2,1,2025-01-20 06:24:55,2025-01-21 12:22:31,29.96,1,1,3
5430,TCK-15430,20260716,16,8,3,2026-07-16 08:54:51,2026-07-17 05:15:51,20.35,1,1,4
5431,TCK-15431,20250318,33,5,2,2025-03-18 12:14:55,2025-03-18 13:49:43,1.58,1,1,5
5432,TCK-15432,20250718,27,3,1,2025-07-18 15:08:21,,,0,0,
5433,TCK-15433,20250330,14,1,3,2025-03-30 01:09:24,2025-03-31 14:55:36,37.77,1,0,3
5434,TCK-15434,20260725,19,8,3,2026-07-25 23:59:11,2026-07-27 03:26:47,27.46,1,1,5
5435,TCK-15435,20251211,26,6,2,2025-12-11 22:43:17,2025-12-12 16:48:41,18.09,1,1,5
5436,TCK-15436,20250224,23,5,2,2025-02-24 06:24:21,2025-02-25 08:27:57,26.06,1,0,5
5437,TCK-15437,20250613,29,3,1,2025-06-13 08:27:27,2025-06-13 15:35:15,7.13,1,1,4
5438,TCK-15438,20260520,5,8,2,2026-05-20 09:41:28,2026-05-20 22:10:52,12.49,1,1,3
5439,TCK-15439,20250624,19,3,1,2025-06-24 22:02:23,2025-06-26 08:18:35,34.27,1,0,4
5440,TCK-15440,20260630,29,5,3,2026-06-30 01:24:17,2026-06-30 18:38:05,17.23,1,1,
5441,TCK-15441,20250713,45,7,1,2025-07-13 09:54:48,2025-07-13 11:27:12,1.54,1,1,3
5442,TCK-15442,20250506,3,2,2,2025-05-06 11:24:54,2025-05-07 17:44:06,30.32,1,1,3
5443,TCK-15443,20251122,50,2,1,2025-11-22 08:51:11,2025-11-23 05:30:11,20.65,1,1,4
5444,TCK-15444,20250304,30,4,3,2025-03-04 22:33:26,,,0,0,
5445,TCK-15445,20260114,34,4,2,2026-01-14 11:32:41,,,0,0,4
5446,TCK-15446,20260405,49,8,2,2026-04-05 18:36:49,2026-04-06 22:27:49,27.85,1,1,5
5447,TCK-15447,20250301,38,3,3,2025-03-01 23:49:54,2025-03-03 08:48:42,32.98,1,0,5
5448,TCK-15448,20260522,17,7,3,2026-05-22 21:33:20,2026-05-24 03:56:08,30.38,1,0,5
5449,TCK-15449,20251122,12,7,2,2025-11-22 07:03:48,2025-11-22 18:41:00,11.62,1,0,5
5450,TCK-15450,20250925,44,8,3,2025-09-25 11:06:06,,,0,0,4
5451,TCK-15451,20251018,11,4,3,2025-10-18 13:30:04,2025-10-18 21:36:40,8.11,1,1,3
5452,TCK-15452,20260326,14,6,1,2026-03-26 03:01:56,2026-03-27 10:27:44,31.43,1,1,5
5453,TCK-15453,20260130,42,6,3,2026-01-30 06:20:04,2026-01-30 11:56:40,5.61,1,1,4
5454,TCK-15454,20250212,12,6,1,2025-02-12 18:45:15,2025-02-13 16:17:39,21.54,1,1,
5455,TCK-15455,20250421,18,5,2,2025-04-21 19:30:10,2025-04-23 06:40:22,35.17,1,0,4
5456,TCK-15456,20260520,28,1,1,2026-05-20 10:33:00,2026-05-21 01:13:12,14.67,1,1,4
5457,TCK-15457,20250404,5,5,1,2025-04-04 14:04:53,2025-04-06 03:09:05,37.07,1,0,
5458,TCK-15458,20250129,32,4,3,2025-01-29 19:29:06,2025-01-30 02:39:54,7.18,1,1,
5459,TCK-15459,20250828,45,8,2,2025-08-28 15:13:40,2025-08-29 16:42:28,25.48,1,1,4
5460,TCK-15460,20260518,11,6,3,2026-05-18 09:26:59,2026-05-19 01:04:11,15.62,1,1,
5461,TCK-15461,20260330,39,7,3,2026-03-30 15:18:03,2026-03-31 08:17:27,16.99,1,0,4
5462,TCK-15462,20260212,41,3,2,2026-02-12 12:47:55,2026-02-13 12:37:07,23.82,1,0,4
5463,TCK-15463,20250211,30,6,1,2025-02-11 00:31:03,,,0,0,
5464,TCK-15464,20250430,9,3,1,2025-04-30 05:44:25,2025-05-01 06:51:37,25.12,1,0,5
5465,TCK-15465,20250206,48,6,1,2025-02-06 03:59:53,2025-02-07 11:27:29,31.46,1,1,
5466,TCK-15466,20251003,13,7,3,2025-10-03 23:37:07,2025-10-04 10:23:55,10.78,1,0,3
5467,TCK-15467,20250423,3,8,1,2025-04-23 09:39:19,2025-04-24 07:57:19,22.3,1,1,5
5468,TCK-15468,20250603,36,4,1,2025-06-03 23:09:23,2025-06-04 03:53:47,4.74,1,1,4
5469,TCK-15469,20260131,41,6,3,2026-01-31 03:27:28,2026-01-31 12:08:52,8.69,1,1,
5470,TCK-15470,20251201,10,8,1,2025-12-01 08:54:19,2025-12-01 18:45:19,9.85,1,1,
5471,TCK-15471,20250610,18,3,3,2025-06-10 22:05:54,2025-06-11 10:43:06,12.62,1,0,5
5472,TCK-15472,20250221,34,5,3,2025-02-21 10:44:29,,,0,0,5
5473,TCK-15473,20251029,11,6,1,2025-10-29 04:16:41,2025-10-29 14:55:05,10.64,1,1,4
5474,TCK-15474,20260420,43,4,1,2026-04-20 20:20:18,2026-04-21 08:38:18,12.3,1,1,4
5475,TCK-15475,20250608,1,4,1,2025-06-08 00:25:05,2025-06-08 06:08:17,5.72,1,1,
5476,TCK-15476,20260406,27,2,3,2026-04-06 13:53:46,2026-04-06 21:02:10,7.14,1,1,3
5477,TCK-15477,20260516,48,3,3,2026-05-16 17:00:31,,,0,0,5
5478,TCK-15478,20260319,40,1,2,2026-03-19 07:02:44,2026-03-19 16:29:44,9.45,1,1,5
5479,TCK-15479,20260123,37,7,1,2026-01-23 01:40:10,,,0,0,5
5480,TCK-15480,20250313,39,5,3,2025-03-13 20:02:16,2025-03-14 02:03:28,6.02,1,1,5
5481,TCK-15481,20260530,21,6,2,2026-05-30 08:46:19,,,0,0,4
5482,TCK-15482,20250909,8,8,3,2025-09-09 22:52:57,2025-09-10 23:28:21,24.59,1,1,4
5483,TCK-15483,20260618,12,4,3,2026-06-18 14:49:13,2026-06-19 10:50:25,20.02,1,1,3
5484,TCK-15484,20250921,21,7,2,2025-09-21 23:34:40,2025-09-22 07:50:16,8.26,1,0,4
5485,TCK-15485,20251109,45,5,2,2025-11-09 10:40:17,2025-11-10 12:25:17,25.75,1,0,5
5486,TCK-15486,20251104,7,3,3,2025-11-04 07:24:26,2025-11-05 20:20:50,36.94,1,0,2
5487,TCK-15487,20250626,36,4,3,2025-06-26 06:08:15,2025-06-27 19:09:27,37.02,1,0,4
5488,TCK-15488,20250615,33,7,2,2025-06-15 04:49:48,2025-06-16 19:13:12,38.39,1,0,4
5489,TCK-15489,20251107,24,8,3,2025-11-07 19:57:40,2025-11-09 11:33:40,39.6,1,1,4
5490,TCK-15490,20250827,13,1,1,2025-08-27 20:29:40,2025-08-28 16:15:52,19.77,1,1,4
5491,TCK-15491,20250412,1,8,2,2025-04-12 09:56:05,2025-04-13 21:58:29,36.04,1,1,5
5492,TCK-15492,20250312,14,7,1,2025-03-12 11:15:39,2025-03-13 00:09:03,12.89,1,0,4
5493,TCK-15493,20250307,3,7,2,2025-03-07 12:12:57,2025-03-08 15:03:57,26.85,1,0,3
5494,TCK-15494,20250521,39,8,3,2025-05-21 03:55:51,2025-05-23 01:57:03,46.02,1,1,5
5495,TCK-15495,20250929,2,2,1,2025-09-29 09:14:00,2025-09-29 19:26:00,10.2,1,1,4
5496,TCK-15496,20260803,26,7,2,2026-08-03 09:09:28,2026-08-03 17:07:04,7.96,1,1,3
5497,TCK-15497,20250618,13,3,2,2025-06-18 12:51:28,2025-06-19 09:54:28,21.05,1,0,
5498,TCK-15498,20250304,48,4,1,2025-03-04 14:21:14,,,0,0,5
5499,TCK-15499,20250422,18,8,1,2025-04-22 08:54:11,2025-04-23 08:29:35,23.59,1,1,4
5500,TCK-15500,20260126,17,7,3,2026-01-26 03:18:12,2026-01-27 05:34:24,26.27,1,0,5
5501,TCK-15501,20251104,32,2,2,2025-11-04 22:46:08,2025-11-05 13:53:56,15.13,1,1,2
5502,TCK-15502,20251019,35,1,2,2025-10-19 21:30:16,2025-10-20 18:30:52,21.01,1,1,3
5503,TCK-15503,20260511,38,3,3,2026-05-11 05:41:19,2026-05-11 08:53:55,3.21,1,1,3
5504,TCK-15504,20251215,19,3,1,2025-12-15 11:44:18,2025-12-16 00:35:18,12.85,1,0,
5505,TCK-15505,20260214,20,1,1,2026-02-14 03:07:48,,,0,0,3
5506,TCK-15506,20250802,24,6,2,2025-08-02 18:47:53,2025-08-03 10:58:41,16.18,1,1,3
5507,TCK-15507,20260318,9,7,2,2026-03-18 19:11:54,2026-03-19 14:35:54,19.4,1,0,5
5508,TCK-15508,20250511,48,1,1,2025-05-11 20:22:47,2025-05-12 18:31:47,22.15,1,1,5
5509,TCK-15509,20250731,45,6,2,2025-07-31 14:53:52,2025-08-01 09:16:04,18.37,1,1,4
5510,TCK-15510,20260628,24,3,2,2026-06-28 23:53:31,2026-07-01 05:59:31,54.1,1,0,5
5511,TCK-15511,20251226,29,2,1,2025-12-26 03:31:15,2025-12-26 16:46:51,13.26,1,1,
5512,TCK-15512,20250630,41,5,3,2025-06-30 03:21:05,2025-07-01 03:48:05,24.45,1,0,4
5513,TCK-15513,20250312,30,8,1,2025-03-12 07:20:43,,,0,0,5
5514,TCK-15514,20251013,23,2,1,2025-10-13 17:57:49,2025-10-14 18:20:01,24.37,1,1,5
5515,TCK-15515,20260311,40,8,1,2026-03-11 08:12:43,2026-03-12 10:33:07,26.34,1,1,3
5516,TCK-15516,20250525,39,1,3,2025-05-25 17:26:42,2025-05-26 09:35:06,16.14,1,1,3
5517,TCK-15517,20250416,22,8,2,2025-04-16 10:14:25,2025-04-17 05:40:13,19.43,1,1,4
5518,TCK-15518,20260120,25,6,1,2026-01-20 19:37:06,2026-01-21 03:43:42,8.11,1,1,2
5519,TCK-15519,20260802,22,7,3,2026-08-02 08:18:05,2026-08-03 06:37:53,22.33,1,0,
5520,TCK-15520,20260126,21,2,1,2026-01-26 20:45:34,2026-01-27 07:19:10,10.56,1,1,5
5521,TCK-15521,20250212,34,3,1,2025-02-12 12:45:44,2025-02-14 00:44:32,35.98,1,0,
5522,TCK-15522,20250623,16,4,2,2025-06-23 07:43:23,2025-06-23 13:09:11,5.43,1,1,
5523,TCK-15523,20260213,23,2,2,2026-02-13 02:12:44,,,0,0,3
5524,TCK-15524,20260325,33,4,3,2026-03-25 02:41:42,2026-03-25 18:37:30,15.93,1,1,5
5525,TCK-15525,20260421,1,4,1,2026-04-21 20:18:50,2026-04-22 03:15:14,6.94,1,1,2
5526,TCK-15526,20250505,19,8,2,2025-05-05 20:56:18,,,0,0,4
5527,TCK-15527,20250410,14,2,3,2025-04-10 12:15:12,2025-04-10 16:00:12,3.75,1,1,4
5528,TCK-15528,20250721,28,4,3,2025-07-21 01:21:29,2025-07-22 16:34:41,39.22,1,0,3
5529,TCK-15529,20250711,4,1,2,2025-07-11 10:01:29,2025-07-12 04:06:17,18.08,1,1,2
5530,TCK-15530,20260105,33,6,1,2026-01-05 22:09:27,2026-01-07 05:10:03,31.01,1,1,
5531,TCK-15531,20250803,23,7,2,2025-08-03 04:24:48,,,0,0,5
5532,TCK-15532,20251006,12,5,1,2025-10-06 00:43:48,,,0,0,3
5533,TCK-15533,20260612,19,7,3,2026-06-12 06:20:37,2026-06-12 23:45:13,17.41,1,0,4
5534,TCK-15534,20260515,33,3,1,2026-05-15 03:24:40,2026-05-16 02:33:40,23.15,1,0,4
5535,TCK-15535,20260803,6,3,2,2026-08-03 03:32:37,2026-08-04 02:18:13,22.76,1,0,
5536,TCK-15536,20250409,9,8,3,2025-04-09 13:21:00,2025-04-11 06:28:12,41.12,1,1,5
5537,TCK-15537,20250109,48,8,2,2025-01-09 03:32:02,,,0,0,5
5538,TCK-15538,20250509,21,8,3,2025-05-09 04:26:08,2025-05-10 01:08:08,20.7,1,1,3
5539,TCK-15539,20250420,33,4,1,2025-04-20 12:55:27,2025-04-21 07:22:27,18.45,1,1,3
5540,TCK-15540,20260417,6,2,1,2026-04-17 09:36:15,2026-04-17 19:22:27,9.77,1,1,5
5541,TCK-15541,20250706,28,8,3,2025-07-06 11:21:39,2025-07-06 12:16:15,0.91,1,1,
5542,TCK-15542,20260311,28,3,2,2026-03-11 20:49:21,2026-03-12 16:13:21,19.4,1,0,4
5543,TCK-15543,20260702,17,2,2,2026-07-02 22:12:26,2026-07-03 21:21:26,23.15,1,1,
5544,TCK-15544,20250828,8,4,2,2025-08-28 10:01:12,2025-08-28 13:00:36,2.99,1,1,5
5545,TCK-15545,20260328,33,7,3,2026-03-28 10:28:19,2026-03-28 23:41:31,13.22,1,0,5
5546,TCK-15546,20250428,10,5,3,2025-04-28 16:54:56,,,0,0,3
5547,TCK-15547,20250511,49,3,1,2025-05-11 10:57:20,2025-05-11 19:20:08,8.38,1,1,5
5548,TCK-15548,20250812,4,1,2,2025-08-12 02:21:04,2025-08-12 18:20:28,15.99,1,1,4
5549,TCK-15549,20260305,45,7,2,2026-03-05 19:36:58,2026-03-06 16:51:58,21.25,1,0,2
5550,TCK-15550,20250322,32,5,2,2025-03-22 07:19:05,2025-03-22 19:50:53,12.53,1,1,3
5551,TCK-15551,20250127,6,4,2,2025-01-27 13:23:49,2025-01-27 20:38:49,7.25,1,1,3
5552,TCK-15552,20260111,25,8,2,2026-01-11 13:48:10,,,0,0,3
5553,TCK-15553,20250220,41,7,2,2025-02-20 07:57:38,2025-02-21 15:16:50,31.32,1,0,4
5554,TCK-15554,20250408,20,8,2,2025-04-08 01:55:47,,,0,0,4
5555,TCK-15555,20250425,50,2,3,2025-04-25 16:11:45,2025-04-27 02:36:57,34.42,1,1,
5556,TCK-15556,20250909,40,5,1,2025-09-09 10:47:48,2025-09-09 11:20:12,0.54,1,1,4
5557,TCK-15557,20250519,44,8,1,2025-05-19 01:13:05,2025-05-19 08:37:05,7.4,1,1,4
5558,TCK-15558,20251001,33,6,1,2025-10-01 15:32:50,2025-10-02 06:25:02,14.87,1,1,3
5559,TCK-15559,20260519,33,5,2,2026-05-19 19:46:56,2026-05-20 10:06:08,14.32,1,1,
5560,TCK-15560,20251028,39,2,2,2025-10-28 13:04:41,,,0,0,
5561,TCK-15561,20250701,46,7,3,2025-07-01 07:40:45,2025-07-01 13:10:09,5.49,1,1,5
5562,TCK-15562,20260521,49,4,1,2026-05-21 21:33:25,2026-05-22 19:09:25,21.6,1,1,3
5563,TCK-15563,20250122,2,5,1,2025-01-22 07:11:24,,,0,0,4
5564,TCK-15564,20250524,21,4,1,2025-05-24 08:06:06,2025-05-25 12:10:54,28.08,1,1,5
5565,TCK-15565,20250810,15,6,1,2025-08-10 10:11:53,2025-08-10 17:40:05,7.47,1,1,
5566,TCK-15566,20250201,5,7,3,2025-02-01 17:17:50,,,0,0,3
5567,TCK-15567,20260505,38,3,3,2026-05-05 01:19:49,2026-05-05 07:20:25,6.01,1,1,4
5568,TCK-15568,20260805,45,2,1,2026-08-05 14:26:31,2026-08-06 21:51:07,31.41,1,1,5
5569,TCK-15569,20251125,41,6,2,2025-11-25 12:48:04,,,0,0,4
5570,TCK-15570,20250715,33,4,3,2025-07-15 21:56:19,2025-07-16 15:56:55,18.01,1,1,3
5571,TCK-15571,20250702,5,6,1,2025-07-02 01:02:33,2025-07-02 12:10:57,11.14,1,1,4
5572,TCK-15572,20250417,18,1,1,2025-04-17 21:28:02,2025-04-18 16:57:26,19.49,1,1,4
5573,TCK-15573,20250811,16,8,3,2025-08-11 02:13:19,2025-08-12 04:54:43,26.69,1,1,
5574,TCK-15574,20260327,41,2,2,2026-03-27 03:51:32,2026-03-27 08:40:44,4.82,1,1,4
5575,TCK-15575,20251029,31,2,2,2025-10-29 23:09:41,2025-10-31 11:37:53,36.47,1,1,5
5576,TCK-15576,20250517,35,8,2,2025-05-17 02:45:21,,,0,0,4
5577,TCK-15577,20260308,37,8,3,2026-03-08 07:05:14,2026-03-09 00:03:26,16.97,1,1,3
5578,TCK-15578,20250324,25,5,3,2025-03-24 19:57:26,2025-03-24 21:59:14,2.03,1,1,3
5579,TCK-15579,20250405,31,7,1,2025-04-05 08:22:30,2025-04-06 17:49:30,33.45,1,0,5
5580,TCK-15580,20250616,28,7,3,2025-06-16 06:28:32,2025-06-16 18:21:20,11.88,1,0,3
5581,TCK-15581,20250309,12,8,1,2025-03-09 18:37:36,,,0,0,4
5582,TCK-15582,20260505,25,2,2,2026-05-05 00:42:55,2026-05-05 17:24:19,16.69,1,1,
5583,TCK-15583,20250614,28,8,3,2025-06-14 23:17:19,2025-06-15 17:54:31,18.62,1,1,5
5584,TCK-15584,20250111,45,4,1,2025-01-11 07:38:34,2025-01-12 01:32:34,17.9,1,1,5
5585,TCK-15585,20260801,22,5,2,2026-08-01 09:47:38,2026-08-02 13:08:02,27.34,1,0,3
5586,TCK-15586,20260608,42,5,3,2026-06-08 15:44:17,2026-06-09 06:27:29,14.72,1,1,4
5587,TCK-15587,20260721,25,3,1,2026-07-21 12:32:30,2026-07-22 14:27:06,25.91,1,0,3
5588,TCK-15588,20251021,24,8,3,2025-10-21 10:30:45,2025-10-22 07:09:09,20.64,1,1,4
5589,TCK-15589,20260305,48,3,2,2026-03-05 09:13:01,,,0,0,
5590,TCK-15590,20251221,12,3,1,2025-12-21 14:23:01,2025-12-22 09:52:25,19.49,1,0,
5591,TCK-15591,20250902,20,7,2,2025-09-02 22:51:23,2025-09-04 03:06:23,28.25,1,0,4
5592,TCK-15592,20260331,42,6,3,2026-03-31 07:06:18,2026-04-01 19:12:18,36.1,1,1,5
5593,TCK-15593,20260519,17,3,3,2026-05-19 14:27:00,2026-05-19 17:21:36,2.91,1,1,3
5594,TCK-15594,20250304,5,1,2,2025-03-04 01:09:16,2025-03-04 22:20:40,21.19,1,1,3
5595,TCK-15595,20260416,8,7,2,2026-04-16 20:37:15,2026-04-17 23:47:27,27.17,1,0,3
5596,TCK-15596,20250727,50,4,3,2025-07-27 07:32:12,2025-07-27 11:54:24,4.37,1,1,4
5597,TCK-15597,20260213,47,4,3,2026-02-13 16:37:50,2026-02-14 07:39:38,15.03,1,1,4
5598,TCK-15598,20260123,7,7,3,2026-01-23 11:11:47,2026-01-23 22:46:35,11.58,1,0,5
5599,TCK-15599,20260518,35,4,2,2026-05-18 07:46:40,2026-05-19 14:35:16,30.81,1,1,
5600,TCK-15600,20250201,26,5,3,2025-02-01 21:12:59,2025-02-03 02:26:11,29.22,1,0,3
5601,TCK-15601,20260209,35,6,1,2026-02-09 14:09:46,2026-02-09 19:53:34,5.73,1,1,3
5602,TCK-15602,20260327,26,1,2,2026-03-27 14:47:28,2026-03-28 15:16:52,24.49,1,0,3
5603,TCK-15603,20260509,39,4,3,2026-05-09 02:34:04,,,0,0,
5604,TCK-15604,20260529,28,8,2,2026-05-29 18:57:36,2026-05-30 20:11:24,25.23,1,1,
5605,TCK-15605,20251015,32,4,3,2025-10-15 01:42:27,2025-10-15 19:44:15,18.03,1,1,
5606,TCK-15606,20251014,10,4,1,2025-10-14 17:44:30,2025-10-16 00:07:18,30.38,1,1,5
5607,TCK-15607,20260223,35,2,3,2026-02-23 12:05:13,2026-02-24 15:58:37,27.89,1,1,2
5608,TCK-15608,20260424,17,8,1,2026-04-24 12:54:13,2026-04-26 00:20:01,35.43,1,1,4
5609,TCK-15609,20260422,1,6,1,2026-04-22 04:35:59,2026-04-22 08:47:59,4.2,1,1,4
5610,TCK-15610,20250109,50,6,3,2025-01-09 00:37:39,2025-01-10 12:17:15,35.66,1,1,2
5611,TCK-15611,20251117,18,3,3,2025-11-17 22:01:59,2025-11-19 03:39:47,29.63,1,0,3
5612,TCK-15612,20251220,15,8,3,2025-12-20 23:38:31,2025-12-21 11:13:55,11.59,1,1,4
5613,TCK-15613,20260802,19,4,2,2026-08-02 12:06:45,2026-08-04 03:23:33,39.28,1,0,5
5614,TCK-15614,20250603,10,8,2,2025-06-03 05:09:44,2025-06-03 15:36:08,10.44,1,1,3
5615,TCK-15615,20250204,16,6,1,2025-02-04 00:09:31,2025-02-05 07:04:07,30.91,1,1,4
5616,TCK-15616,20260427,40,8,2,2026-04-27 22:27:44,2026-04-28 20:09:08,21.69,1,1,3
5617,TCK-15617,20250904,23,2,2,2025-09-04 17:24:41,2025-09-04 23:48:41,6.4,1,1,
5618,TCK-15618,20250608,5,7,3,2025-06-08 01:31:21,,,0,0,
5619,TCK-15619,20250324,50,7,3,2025-03-24 11:23:33,,,0,0,2
5620,TCK-15620,20250920,17,3,1,2025-09-20 10:22:27,2025-09-20 18:50:39,8.47,1,1,5
5621,TCK-15621,20250327,50,5,2,2025-03-27 06:39:51,2025-03-28 08:29:03,25.82,1,0,3
5622,TCK-15622,20250723,39,7,3,2025-07-23 06:03:15,2025-07-23 10:25:27,4.37,1,1,3
5623,TCK-15623,20251224,1,1,2,2025-12-24 23:42:43,2025-12-25 10:11:31,10.48,1,1,4
5624,TCK-15624,20250425,27,7,1,2025-04-25 20:50:04,2025-04-26 13:27:16,16.62,1,0,4
5625,TCK-15625,20250715,30,2,1,2025-07-15 00:43:24,2025-07-15 19:33:12,18.83,1,1,4
5626,TCK-15626,20260713,9,5,2,2026-07-13 14:56:51,2026-07-14 03:37:03,12.67,1,1,3
5627,TCK-15627,20250829,37,3,3,2025-08-29 00:49:41,2025-08-29 11:50:17,11.01,1,1,4
5628,TCK-15628,20260128,21,6,1,2026-01-28 01:35:59,2026-01-28 23:43:47,22.13,1,1,
5629,TCK-15629,20260223,42,2,1,2026-02-23 01:16:44,2026-02-23 10:32:20,9.26,1,1,5
5630,TCK-15630,20260719,40,6,2,2026-07-19 02:35:17,2026-07-20 21:23:17,42.8,1,1,4
5631,TCK-15631,20260416,20,7,2,2026-04-16 02:39:49,2026-04-16 08:18:49,5.65,1,1,
5632,TCK-15632,20260414,33,6,2,2026-04-14 09:33:30,2026-04-15 04:07:06,18.56,1,1,4
5633,TCK-15633,20250107,26,1,2,2025-01-07 18:41:19,2025-01-08 15:30:31,20.82,1,1,4
5634,TCK-15634,20250815,50,2,1,2025-08-15 10:03:26,2025-08-16 05:39:26,19.6,1,1,3
5635,TCK-15635,20250122,23,6,1,2025-01-22 16:54:23,2025-01-24 03:26:11,34.53,1,1,3
5636,TCK-15636,20250912,37,4,2,2025-09-12 18:06:59,2025-09-13 18:38:11,24.52,1,1,4
5637,TCK-15637,20251130,13,1,3,2025-11-30 04:05:44,2025-12-01 05:24:20,25.31,1,0,4
5638,TCK-15638,20250128,8,1,3,2025-01-28 04:29:27,,,0,0,2
5639,TCK-15639,20250915,12,2,2,2025-09-15 21:41:14,2025-09-17 09:55:02,36.23,1,1,5
5640,TCK-15640,20260303,42,3,2,2026-03-03 21:08:15,2026-03-04 21:40:39,24.54,1,0,5
5641,TCK-15641,20260705,1,4,1,2026-07-05 07:06:16,2026-07-06 08:53:40,25.79,1,1,5
5642,TCK-15642,20260131,20,1,1,2026-01-31 06:51:12,2026-02-01 06:50:00,23.98,1,1,5
5643,TCK-15643,20260218,21,6,2,2026-02-18 17:25:26,2026-02-20 05:06:50,35.69,1,1,4
5644,TCK-15644,20260104,4,1,1,2026-01-04 17:36:42,2026-01-06 02:48:06,33.19,1,0,3
5645,TCK-15645,20250224,24,6,2,2025-02-24 02:54:20,2025-02-24 07:12:56,4.31,1,1,2
5646,TCK-15646,20250420,35,6,2,2025-04-20 17:40:03,,,0,0,5
5647,TCK-15647,20250420,47,5,3,2025-04-20 09:56:33,,,0,0,4
5648,TCK-15648,20250427,43,2,2,2025-04-27 09:17:27,2025-04-28 17:13:51,31.94,1,1,3
5649,TCK-15649,20250206,6,2,2,2025-02-06 00:55:53,2025-02-06 04:19:17,3.39,1,1,5
5650,TCK-15650,20260721,35,7,2,2026-07-21 11:18:54,2026-07-22 01:26:42,14.13,1,0,3
5651,TCK-15651,20260524,32,7,1,2026-05-24 13:27:23,2026-05-25 20:45:23,31.3,1,0,
5652,TCK-15652,20250516,19,4,2,2025-05-16 07:57:51,2025-05-16 15:48:15,7.84,1,1,4
5653,TCK-15653,20250421,20,5,3,2025-04-21 16:41:25,2025-04-22 21:51:37,29.17,1,0,5
5654,TCK-15654,20251210,46,7,1,2025-12-10 17:03:42,2025-12-11 23:47:30,30.73,1,0,5
5655,TCK-15655,20250721,44,4,1,2025-07-21 11:27:07,2025-07-22 11:49:55,24.38,1,1,4
5656,TCK-15656,20251101,13,5,2,2025-11-01 09:29:53,2025-11-01 23:39:29,14.16,1,1,4
5657,TCK-15657,20260125,49,2,2,2026-01-25 02:39:44,,,0,0,4
5658,TCK-15658,20260619,23,3,1,2026-06-19 17:21:42,,,0,0,5
5659,TCK-15659,20251118,14,4,1,2025-11-18 22:43:43,2025-11-19 13:18:31,14.58,1,1,
5660,TCK-15660,20251008,29,8,2,2025-10-08 00:55:28,2025-10-08 03:54:16,2.98,1,1,4
5661,TCK-15661,20251216,27,8,2,2025-12-16 14:31:37,2025-12-17 15:53:49,25.37,1,1,3
5662,TCK-15662,20250926,19,4,3,2025-09-26 04:21:07,2025-09-27 09:01:19,28.67,1,1,4
5663,TCK-15663,20250510,43,2,3,2025-05-10 09:06:23,,,0,0,3
5664,TCK-15664,20260313,5,5,1,2026-03-13 02:42:28,2026-03-14 01:29:52,22.79,1,1,4
5665,TCK-15665,20251130,20,2,2,2025-11-30 06:15:31,2025-11-30 16:49:07,10.56,1,1,4
5666,TCK-15666,20250408,40,6,2,2025-04-08 08:27:43,2025-04-09 07:50:31,23.38,1,1,4
5667,TCK-15667,20260502,13,8,1,2026-05-02 13:57:33,2026-05-03 13:01:45,23.07,1,1,5
5668,TCK-15668,20250116,5,8,3,2025-01-16 19:00:31,2025-01-17 18:30:31,23.5,1,1,3
5669,TCK-15669,20251116,7,5,2,2025-11-16 18:22:06,2025-11-16 23:10:42,4.81,1,1,4
5670,TCK-15670,20250806,32,4,3,2025-08-06 12:35:02,,,0,0,3
5671,TCK-15671,20250321,47,7,2,2025-03-21 16:03:34,2025-03-22 22:00:34,29.95,1,0,
5672,TCK-15672,20260425,9,5,3,2026-04-25 22:10:12,2026-04-26 07:45:36,9.59,1,1,
5673,TCK-15673,20251116,2,1,2,2025-11-16 23:59:24,2025-11-17 13:45:00,13.76,1,1,5
5674,TCK-15674,20250925,1,7,3,2025-09-25 11:45:46,2025-09-26 03:22:58,15.62,1,0,
5675,TCK-15675,20250224,14,8,1,2025-02-24 00:11:31,2025-02-24 16:18:07,16.11,1,1,4
5676,TCK-15676,20250731,11,8,1,2025-07-31 15:14:53,2025-08-01 03:20:53,12.1,1,1,5
5677,TCK-15677,20250215,25,3,3,2025-02-15 10:37:03,2025-02-16 13:20:51,26.73,1,0,4
5678,TCK-15678,20260110,49,3,2,2026-01-10 08:37:13,2026-01-12 01:31:49,40.91,1,0,4
5679,TCK-15679,20251109,50,8,1,2025-11-09 11:06:12,2025-11-09 17:23:36,6.29,1,1,3
5680,TCK-15680,20260124,4,3,2,2026-01-24 01:45:01,2026-01-24 11:48:01,10.05,1,1,3
5681,TCK-15681,20250402,21,1,3,2025-04-02 08:41:44,2025-04-03 06:40:32,21.98,1,1,4
5682,TCK-15682,20250402,40,2,3,2025-04-02 22:12:27,2025-04-03 20:08:15,21.93,1,1,5
5683,TCK-15683,20251023,24,3,3,2025-10-23 05:27:02,2025-10-24 05:11:26,23.74,1,0,
5684,TCK-15684,20260618,13,3,1,2026-06-18 08:13:23,,,0,0,3
5685,TCK-15685,20260112,20,6,3,2026-01-12 17:36:10,2026-01-13 02:10:22,8.57,1,1,
5686,TCK-15686,20251126,32,8,2,2025-11-26 05:38:17,2025-11-26 12:27:29,6.82,1,1,4
5687,TCK-15687,20260610,50,3,3,2026-06-10 21:56:39,2026-06-12 00:29:39,26.55,1,0,4
5688,TCK-15688,20251222,28,8,2,2025-12-22 14:03:13,2025-12-23 15:49:25,25.77,1,1,4
5689,TCK-15689,20260613,42,4,1,2026-06-13 15:22:50,2026-06-14 13:26:26,22.06,1,1,2
5690,TCK-15690,20260608,48,5,2,2026-06-08 06:52:50,2026-06-08 16:18:38,9.43,1,1,3
5691,TCK-15691,20260603,37,8,2,2026-06-03 16:45:40,2026-06-03 22:18:04,5.54,1,1,4
5692,TCK-15692,20260116,10,3,2,2026-01-16 09:13:02,2026-01-17 07:36:26,22.39,1,0,5
5693,TCK-15693,20251227,5,6,1,2025-12-27 02:31:12,2025-12-27 18:21:00,15.83,1,1,5
5694,TCK-15694,20260811,35,1,2,2026-08-11 20:36:51,2026-08-13 23:01:27,50.41,1,0,4
5695,TCK-15695,20251125,31,2,2,2025-11-25 13:57:06,2025-11-27 09:40:18,43.72,1,1,
5696,TCK-15696,20250703,11,4,1,2025-07-03 03:45:08,2025-07-04 05:49:20,26.07,1,1,4
5697,TCK-15697,20250818,33,7,3,2025-08-18 04:12:09,2025-08-19 04:24:09,24.2,1,0,5
5698,TCK-15698,20250517,15,3,2,2025-05-17 13:47:47,2025-05-19 03:21:59,37.57,1,0,3
5699,TCK-15699,20250207,42,2,2,2025-02-07 08:20:07,,,0,0,5
5700,TCK-15700,20260528,36,8,2,2026-05-28 01:49:53,,,0,0,3
5701,TCK-15701,20260309,12,2,1,2026-03-09 17:19:11,2026-03-09 20:15:35,2.94,1,1,4
5702,TCK-15702,20250211,27,6,2,2025-02-11 06:12:45,2025-02-11 17:31:57,11.32,1,1,4
5703,TCK-15703,20260805,6,6,2,2026-08-05 14:15:11,2026-08-06 03:50:35,13.59,1,1,4
5704,TCK-15704,20260426,36,3,2,2026-04-26 13:40:49,2026-04-27 16:52:49,27.2,1,0,5
5705,TCK-15705,20250123,19,6,2,2025-01-23 21:37:14,2025-01-23 23:10:50,1.56,1,1,3
5706,TCK-15706,20260118,47,2,3,2026-01-18 00:30:44,2026-01-18 10:29:32,9.98,1,1,3
5707,TCK-15707,20250421,34,4,3,2025-04-21 18:41:07,,,0,0,4
5708,TCK-15708,20260417,44,5,3,2026-04-17 08:24:07,2026-04-18 07:46:55,23.38,1,1,4
5709,TCK-15709,20251024,10,1,1,2025-10-24 02:23:21,2025-10-25 03:03:33,24.67,1,0,3
5710,TCK-15710,20251208,14,4,2,2025-12-08 06:12:10,,,0,0,
5711,TCK-15711,20260529,28,7,2,2026-05-29 13:51:56,,,0,0,3
5712,TCK-15712,20260130,6,4,1,2026-01-30 05:58:04,2026-01-30 19:36:28,13.64,1,1,3
5713,TCK-15713,20250917,45,2,2,2025-09-17 14:13:50,2025-09-18 22:10:14,31.94,1,1,3
5714,TCK-15714,20251215,2,4,1,2025-12-15 11:28:31,2025-12-16 22:00:19,34.53,1,1,
5715,TCK-15715,20250528,4,4,3,2025-05-28 14:21:36,2025-05-28 17:01:48,2.67,1,1,4
5716,TCK-15716,20260408,25,6,3,2026-04-08 19:12:21,,,0,0,4
5717,TCK-15717,20251011,37,2,2,2025-10-11 10:10:47,2025-10-12 11:47:23,25.61,1,1,5
5718,TCK-15718,20250523,28,7,1,2025-05-23 20:48:00,2025-05-23 23:40:12,2.87,1,1,4
5719,TCK-15719,20260812,42,5,1,2026-08-12 23:46:46,,,0,0,4
5720,TCK-15720,20250417,20,6,1,2025-04-17 09:00:22,2025-04-18 01:36:22,16.6,1,1,
5721,TCK-15721,20260506,18,4,3,2026-05-06 20:17:45,2026-05-07 14:03:57,17.77,1,1,3
5722,TCK-15722,20250707,5,7,2,2025-07-07 05:51:26,2025-07-08 05:15:26,23.4,1,0,
5723,TCK-15723,20260812,15,5,3,2026-08-12 23:55:11,2026-08-14 00:56:59,25.03,1,0,5
5724,TCK-15724,20250127,17,5,1,2025-01-27 17:05:29,2025-01-28 07:04:53,13.99,1,1,4
5725,TCK-15725,20251212,42,7,3,2025-12-12 20:11:28,2025-12-14 02:45:40,30.57,1,0,4
5726,TCK-15726,20260716,7,1,3,2026-07-16 20:35:06,2026-07-17 03:25:30,6.84,1,1,5
5727,TCK-15727,20260704,11,2,2,2026-07-04 01:38:51,2026-07-05 04:49:39,27.18,1,1,5
5728,TCK-15728,20250910,28,1,3,2025-09-10 11:55:58,2025-09-11 11:31:58,23.6,1,1,
5729,TCK-15729,20250807,42,8,2,2025-08-07 07:07:28,2025-08-07 16:26:40,9.32,1,1,4
5730,TCK-15730,20250102,31,8,3,2025-01-02 17:24:03,2025-01-03 18:27:03,25.05,1,1,3
5731,TCK-15731,20250704,30,6,3,2025-07-04 11:12:29,2025-07-05 08:28:05,21.26,1,1,
5732,TCK-15732,20250903,15,2,2,2025-09-03 07:01:00,2025-09-04 08:53:48,25.88,1,1,3
5733,TCK-15733,20250915,29,7,2,2025-09-15 02:12:59,,,0,0,
5734,TCK-15734,20260301,6,2,2,2026-03-01 16:14:39,2026-03-01 19:17:03,3.04,1,1,4
5735,TCK-15735,20260319,42,3,2,2026-03-19 06:05:23,2026-03-20 04:22:11,22.28,1,0,5
5736,TCK-15736,20251115,42,1,1,2025-11-15 22:36:07,2025-11-16 09:51:07,11.25,1,1,5
5737,TCK-15737,20250401,32,7,2,2025-04-01 06:25:19,2025-04-02 07:31:55,25.11,1,0,
5738,TCK-15738,20250708,11,5,2,2025-07-08 16:48:40,2025-07-09 06:56:28,14.13,1,1,
5739,TCK-15739,20251113,14,6,3,2025-11-13 16:42:20,2025-11-14 18:26:08,25.73,1,1,3
5740,TCK-15740,20260221,17,4,3,2026-02-21 11:28:29,2026-02-22 07:03:53,19.59,1,1,5
5741,TCK-15741,20260524,39,2,3,2026-05-24 00:43:24,2026-05-25 04:43:24,28.0,1,1,
5742,TCK-15742,20250211,18,2,2,2025-02-11 04:19:16,,,0,0,4
5743,TCK-15743,20250115,22,1,2,2025-01-15 03:25:12,2025-01-15 06:02:24,2.62,1,1,2
5744,TCK-15744,20250117,7,2,2,2025-01-17 21:22:08,2025-01-18 06:20:20,8.97,1,1,3
5745,TCK-15745,20260421,11,7,2,2026-04-21 04:46:04,2026-04-22 19:41:16,38.92,1,0,2
5746,TCK-15746,20260201,13,6,2,2026-02-01 15:26:32,2026-02-02 11:46:56,20.34,1,1,3
5747,TCK-15747,20250710,31,5,2,2025-07-10 12:38:32,2025-07-11 15:48:08,27.16,1,0,
5748,TCK-15748,20250516,15,4,1,2025-05-16 15:39:49,2025-05-18 09:58:25,42.31,1,0,4
5749,TCK-15749,20250625,1,2,2,2025-06-25 20:26:42,,,0,0,
5750,TCK-15750,20251017,19,7,1,2025-10-17 19:06:54,2025-10-18 06:20:42,11.23,1,0,
5751,TCK-15751,20250507,28,8,2,2025-05-07 13:47:02,2025-05-07 17:02:02,3.25,1,1,4
5752,TCK-15752,20260305,2,3,2,2026-03-05 16:56:11,,,0,0,3
5753,TCK-15753,20250328,20,7,1,2025-03-28 00:36:58,2025-03-28 21:48:22,21.19,1,0,
5754,TCK-15754,20250714,11,6,3,2025-07-14 05:46:21,,,0,0,2
5755,TCK-15755,20260806,28,6,1,2026-08-06 00:12:03,2026-08-06 03:18:03,3.1,1,1,4
5756,TCK-15756,20250314,47,8,3,2025-03-14 02:11:03,2025-03-15 15:58:27,37.79,1,1,5
5757,TCK-15757,20260107,41,4,3,2026-01-07 20:36:53,2026-01-07 23:57:17,3.34,1,1,5
5758,TCK-15758,20250606,30,3,1,2025-06-06 04:12:02,2025-06-07 09:12:38,29.01,1,0,4
5759,TCK-15759,20260103,35,4,3,2026-01-03 02:06:44,2026-01-03 13:47:32,11.68,1,1,4
5760,TCK-15760,20250907,31,8,3,2025-09-07 17:52:42,2025-09-07 19:45:30,1.88,1,1,3
5761,TCK-15761,20250909,11,8,3,2025-09-09 12:00:40,2025-09-10 02:14:28,14.23,1,1,5
5762,TCK-15762,20251108,7,7,2,2025-11-08 08:43:16,2025-11-09 18:15:04,33.53,1,0,3
5763,TCK-15763,20260127,2,7,1,2026-01-27 16:04:19,2026-01-28 12:34:55,20.51,1,0,3
5764,TCK-15764,20260326,33,2,3,2026-03-26 04:03:11,,,0,0,4
5765,TCK-15765,20250105,1,2,1,2025-01-05 16:17:15,,,0,0,5
5766,TCK-15766,20260717,46,2,3,2026-07-17 03:48:04,2026-07-18 05:04:52,25.28,1,1,3
5767,TCK-15767,20251212,41,4,1,2025-12-12 00:29:48,,,0,0,4
5768,TCK-15768,20251017,19,6,1,2025-10-17 07:54:55,2025-10-18 21:17:07,37.37,1,1,5
5769,TCK-15769,20260617,46,1,1,2026-06-17 08:41:16,2026-06-18 19:14:52,34.56,1,0,
5770,TCK-15770,20260223,14,7,3,2026-02-23 05:17:53,2026-02-24 13:20:17,32.04,1,0,4
5771,TCK-15771,20260315,42,2,3,2026-03-15 07:08:15,2026-03-15 23:24:27,16.27,1,1,5
5772,TCK-15772,20251029,46,6,2,2025-10-29 02:02:15,2025-10-29 22:47:15,20.75,1,1,5
5773,TCK-15773,20250506,18,6,3,2025-05-06 22:20:08,2025-05-08 13:47:08,39.45,1,1,3
5774,TCK-15774,20251119,15,2,2,2025-11-19 15:33:04,,,0,0,
5775,TCK-15775,20260321,46,5,2,2026-03-21 13:52:32,2026-03-22 05:15:20,15.38,1,1,4
5776,TCK-15776,20250302,50,1,1,2025-03-02 05:53:38,2025-03-02 17:48:50,11.92,1,1,2
5777,TCK-15777,20250411,8,6,3,2025-04-11 17:23:33,2025-04-12 08:42:09,15.31,1,1,
5778,TCK-15778,20260129,19,1,1,2026-01-29 01:08:12,2026-01-29 02:17:48,1.16,1,1,5
5779,TCK-15779,20260607,11,7,3,2026-06-07 18:00:06,2026-06-09 02:58:54,32.98,1,0,4
5780,TCK-15780,20250822,28,4,2,2025-08-22 02:25:31,2025-08-22 15:39:19,13.23,1,1,
5781,TCK-15781,20260723,34,3,2,2026-07-23 17:17:55,2026-07-24 15:52:43,22.58,1,0,5
5782,TCK-15782,20260629,13,2,3,2026-06-29 07:19:31,2026-06-29 19:06:55,11.79,1,1,5
5783,TCK-15783,20250919,49,1,3,2025-09-19 15:14:00,,,0,0,5
5784,TCK-15784,20250407,11,3,3,2025-04-07 06:07:45,2025-04-07 20:21:33,14.23,1,0,5
5785,TCK-15785,20250828,20,2,3,2025-08-28 00:17:48,2025-08-28 08:55:00,8.62,1,1,5
5786,TCK-15786,20260731,21,5,1,2026-07-31 13:14:19,2026-08-01 08:50:19,19.6,1,1,
5787,TCK-15787,20260306,29,2,3,2026-03-06 16:46:46,2026-03-07 09:26:58,16.67,1,1,4
5788,TCK-15788,20250402,24,2,3,2025-04-02 21:05:12,2025-04-03 18:52:36,21.79,1,1,3
5789,TCK-15789,20250105,31,7,1,2025-01-05 12:44:59,2025-01-06 11:23:59,22.65,1,0,3
5790,TCK-15790,20260706,45,7,2,2026-07-06 21:58:08,2026-07-08 03:44:56,29.78,1,0,5
5791,TCK-15791,20260620,20,3,3,2026-06-20 02:32:06,2026-06-20 14:54:54,12.38,1,0,3
5792,TCK-15792,20250227,17,5,2,2025-02-27 10:23:28,2025-02-27 23:39:04,13.26,1,1,3
5793,TCK-15793,20260808,50,2,1,2026-08-08 13:54:12,2026-08-09 08:32:00,18.63,1,1,5
5794,TCK-15794,20251007,1,2,2,2025-10-07 18:43:58,2025-10-08 18:22:22,23.64,1,1,
5795,TCK-15795,20250130,5,3,1,2025-01-30 02:28:03,2025-01-30 12:41:51,10.23,1,1,5
5796,TCK-15796,20250518,29,7,1,2025-05-18 03:44:34,2025-05-19 01:49:58,22.09,1,0,3
5797,TCK-15797,20250222,47,5,3,2025-02-22 09:30:02,2025-02-23 20:37:14,35.12,1,0,
5798,TCK-15798,20260202,21,3,2,2026-02-02 11:24:54,,,0,0,3
5799,TCK-15799,20260204,26,7,2,2026-02-04 13:29:06,2026-02-05 12:09:18,22.67,1,0,2
5800,TCK-15800,20260522,3,2,1,2026-05-22 00:06:33,2026-05-23 05:25:45,29.32,1,1,4
5801,TCK-15801,20260309,37,4,2,2026-03-09 15:40:37,2026-03-10 18:28:01,26.79,1,1,2
5802,TCK-15802,20260417,23,6,1,2026-04-17 13:05:22,2026-04-18 02:08:58,13.06,1,1,2
5803,TCK-15803,20260610,39,4,2,2026-06-10 20:16:34,2026-06-11 10:22:34,14.1,1,1,4
5804,TCK-15804,20250729,17,4,1,2025-07-29 08:09:10,2025-07-30 18:50:34,34.69,1,1,3
5805,TCK-15805,20250104,8,4,1,2025-01-04 02:45:15,2025-01-04 07:49:27,5.07,1,1,3
5806,TCK-15806,20250218,1,1,2,2025-02-18 07:31:59,2025-02-18 12:39:11,5.12,1,1,5
5807,TCK-15807,20250213,20,1,1,2025-02-13 10:27:21,2025-02-14 11:38:09,25.18,1,0,5
5808,TCK-15808,20250217,48,1,3,2025-02-17 19:20:39,2025-02-18 08:20:03,12.99,1,1,3
5809,TCK-15809,20250717,26,1,2,2025-07-17 12:38:54,2025-07-17 18:08:54,5.5,1,1,
5810,TCK-15810,20251001,27,4,3,2025-10-01 16:48:34,2025-10-02 02:29:22,9.68,1,1,
5811,TCK-15811,20250718,27,7,1,2025-07-18 12:28:42,,,0,0,3
5812,TCK-15812,20260225,39,6,1,2026-02-25 22:59:43,2026-02-26 22:42:55,23.72,1,1,4
5813,TCK-15813,20260102,7,7,3,2026-01-02 08:45:34,2026-01-02 20:33:34,11.8,1,0,3
5814,TCK-15814,20250522,45,5,1,2025-05-22 08:20:53,2025-05-22 22:02:17,13.69,1,1,4
5815,TCK-15815,20251212,31,1,3,2025-12-12 10:02:20,2025-12-13 01:38:56,15.61,1,1,5
5816,TCK-15816,20260112,34,7,2,2026-01-12 00:06:14,,,0,0,
5817,TCK-15817,20250305,30,4,3,2025-03-05 14:58:17,,,0,0,
5818,TCK-15818,20250904,7,3,1,2025-09-04 08:53:39,2025-09-04 15:00:15,6.11,1,1,4
5819,TCK-15819,20250318,43,3,3,2025-03-18 09:01:18,2025-03-18 21:05:30,12.07,1,0,3
5820,TCK-15820,20250709,29,4,2,2025-07-09 06:26:42,2025-07-09 21:11:06,14.74,1,1,4
5821,TCK-15821,20251123,20,1,1,2025-11-23 09:19:25,2025-11-24 17:54:13,32.58,1,0,5
5822,TCK-15822,20250213,48,3,1,2025-02-13 19:20:18,,,0,0,3
5823,TCK-15823,20260417,32,7,1,2026-04-17 22:42:12,2026-04-19 05:54:12,31.2,1,0,
5824,TCK-15824,20260808,47,2,3,2026-08-08 19:41:59,,,0,0,3
5825,TCK-15825,20260306,29,5,2,2026-03-06 02:29:01,2026-03-06 17:18:13,14.82,1,1,
5826,TCK-15826,20250616,47,6,2,2025-06-16 10:30:44,2025-06-17 08:49:20,22.31,1,1,
5827,TCK-15827,20250127,34,1,1,2025-01-27 11:29:48,,,0,0,4
5828,TCK-15828,20250920,49,1,1,2025-09-20 09:17:04,2025-09-20 16:41:04,7.4,1,1,4
5829,TCK-15829,20260405,24,4,1,2026-04-05 05:31:23,2026-04-05 13:49:23,8.3,1,1,4
5830,TCK-15830,20251123,29,3,1,2025-11-23 17:36:11,,,0,0,4
5831,TCK-15831,20260416,13,1,2,2026-04-16 00:07:47,2026-04-16 06:45:35,6.63,1,1,4
5832,TCK-15832,20250810,1,8,1,2025-08-10 04:57:46,2025-08-11 07:16:22,26.31,1,1,4
5833,TCK-15833,20260509,30,4,3,2026-05-09 11:26:31,2026-05-11 06:54:07,43.46,1,0,3
5834,TCK-15834,20251011,12,6,1,2025-10-11 03:48:18,2025-10-12 07:57:54,28.16,1,1,5
5835,TCK-15835,20260103,29,1,2,2026-01-03 15:55:40,,,0,0,4
5836,TCK-15836,20260208,24,8,3,2026-02-08 09:23:05,2026-02-09 12:56:05,27.55,1,1,4
5837,TCK-15837,20260706,25,4,2,2026-07-06 21:08:54,2026-07-08 04:32:54,31.4,1,1,4
5838,TCK-15838,20260618,12,6,1,2026-06-18 15:56:13,2026-06-19 08:53:49,16.96,1,1,
5839,TCK-15839,20260207,34,8,2,2026-02-07 07:16:40,2026-02-07 20:11:16,12.91,1,1,5
5840,TCK-15840,20260222,29,8,2,2026-02-22 06:37:28,2026-02-24 05:05:04,46.46,1,1,
5841,TCK-15841,20260326,35,2,3,2026-03-26 05:31:31,,,0,0,5
5842,TCK-15842,20260707,43,1,2,2026-07-07 16:50:33,2026-07-07 17:45:45,0.92,1,1,5
5843,TCK-15843,20250201,22,3,1,2025-02-01 21:52:53,2025-02-02 06:34:17,8.69,1,1,4
5844,TCK-15844,20250926,14,2,2,2025-09-26 13:21:05,2025-09-26 23:10:53,9.83,1,1,
5845,TCK-15845,20250307,9,4,1,2025-03-07 09:57:04,2025-03-08 10:22:16,24.42,1,1,3
5846,TCK-15846,20260629,4,8,3,2026-06-29 23:53:46,2026-06-30 16:08:46,16.25,1,1,4
5847,TCK-15847,20250224,27,5,2,2025-02-24 03:31:00,2025-02-25 03:17:12,23.77,1,1,3
5848,TCK-15848,20251209,7,8,1,2025-12-09 11:44:55,2025-12-09 23:30:31,11.76,1,1,4
5849,TCK-15849,20250607,22,7,2,2025-06-07 22:42:59,2025-06-08 20:14:11,21.52,1,0,3
5850,TCK-15850,20260124,8,4,2,2026-01-24 17:15:08,2026-01-25 12:52:56,19.63,1,1,5
5851,TCK-15851,20250324,14,2,1,2025-03-24 16:03:03,2025-03-26 07:29:27,39.44,1,1,4
5852,TCK-15852,20251119,44,5,2,2025-11-19 10:23:28,2025-11-20 02:34:52,16.19,1,1,4
5853,TCK-15853,20250311,39,3,1,2025-03-11 06:08:42,2025-03-11 16:54:54,10.77,1,1,
5854,TCK-15854,20250926,25,4,2,2025-09-26 19:33:15,2025-09-27 12:21:51,16.81,1,1,4
5855,TCK-15855,20260410,9,8,1,2026-04-10 10:32:17,2026-04-10 16:50:17,6.3,1,1,4
5856,TCK-15856,20250528,4,4,2,2025-05-28 08:58:19,2025-05-28 20:02:31,11.07,1,1,4
5857,TCK-15857,20260124,4,1,3,2026-01-24 12:59:52,2026-01-25 03:14:52,14.25,1,1,5
5858,TCK-15858,20251025,28,7,1,2025-10-25 12:46:21,2025-10-25 16:04:21,3.3,1,1,4
5859,TCK-15859,20251104,18,3,2,2025-11-04 12:58:15,2025-11-05 04:56:27,15.97,1,0,3
5860,TCK-15860,20260415,12,1,3,2026-04-15 09:37:15,2026-04-16 11:34:51,25.96,1,0,
5861,TCK-15861,20250208,9,2,1,2025-02-08 05:48:04,2025-02-08 10:09:04,4.35,1,1,
5862,TCK-15862,20260604,44,3,3,2026-06-04 11:05:13,2026-06-05 03:40:01,16.58,1,0,5
5863,TCK-15863,20250619,22,7,3,2025-06-19 07:31:00,2025-06-19 15:23:48,7.88,1,1,4
5864,TCK-15864,20250225,40,6,1,2025-02-25 01:13:11,2025-02-25 19:17:23,18.07,1,1,4
5865,TCK-15865,20251021,48,8,3,2025-10-21 07:10:27,2025-10-22 01:03:51,17.89,1,1,5
5866,TCK-15866,20250305,50,4,1,2025-03-05 06:08:13,,,0,0,4
5867,TCK-15867,20260322,29,5,1,2026-03-22 15:15:03,2026-03-23 00:07:51,8.88,1,1,4
5868,TCK-15868,20251216,18,7,3,2025-12-16 19:39:26,2025-12-17 13:01:02,17.36,1,0,
5869,TCK-15869,20250323,9,4,1,2025-03-23 04:22:23,,,0,0,3
5870,TCK-15870,20250122,14,3,3,2025-01-22 15:34:07,2025-01-23 07:38:55,16.08,1,0,
5871,TCK-15871,20260227,2,6,2,2026-02-27 14:57:03,2026-02-28 18:37:51,27.68,1,1,3
5872,TCK-15872,20251218,17,3,2,2025-12-18 09:47:52,,,0,0,3
5873,TCK-15873,20260118,8,2,1,2026-01-18 22:26:51,2026-01-19 09:12:27,10.76,1,1,4
5874,TCK-15874,20251030,25,5,1,2025-10-30 10:38:46,2025-10-31 07:29:10,20.84,1,1,3
5875,TCK-15875,20260116,19,7,3,2026-01-16 16:13:45,2026-01-17 06:29:21,14.26,1,0,
5876,TCK-15876,20260723,23,1,1,2026-07-23 21:22:32,2026-07-24 21:01:32,23.65,1,1,4
5877,TCK-15877,20250711,3,8,2,2025-07-11 15:40:04,2025-07-12 04:17:52,12.63,1,1,4
5878,TCK-15878,20260326,36,3,1,2026-03-26 05:59:54,2026-03-27 02:08:18,20.14,1,0,4
5879,TCK-15879,20251111,50,7,3,2025-11-11 18:31:02,2025-11-12 05:40:02,11.15,1,0,3
5880,TCK-15880,20250430,47,1,3,2025-04-30 18:52:25,2025-05-01 16:51:13,21.98,1,1,3
5881,TCK-15881,20250527,27,4,2,2025-05-27 06:37:21,2025-05-28 12:57:45,30.34,1,1,5
5882,TCK-15882,20250215,44,8,1,2025-02-15 00:02:34,,,0,0,5
5883,TCK-15883,20250213,11,3,3,2025-02-13 17:37:15,2025-02-14 11:16:51,17.66,1,0,4
5884,TCK-15884,20260128,28,1,2,2026-01-28 02:54:28,2026-01-28 21:04:04,18.16,1,1,4
5885,TCK-15885,20251227,30,3,2,2025-12-27 18:39:46,2025-12-28 05:45:10,11.09,1,1,
5886,TCK-15886,20250215,37,8,1,2025-02-15 12:26:20,2025-02-15 18:50:20,6.4,1,1,5
5887,TCK-15887,20260316,46,6,2,2026-03-16 01:11:29,,,0,0,3
5888,TCK-15888,20251109,10,6,1,2025-11-09 10:00:25,,,0,0,4
5889,TCK-15889,20250304,30,3,3,2025-03-04 22:44:43,2025-03-05 22:37:31,23.88,1,0,
5890,TCK-15890,20251118,17,7,3,2025-11-18 13:57:19,2025-11-19 00:27:55,10.51,1,0,2
5891,TCK-15891,20250503,40,5,2,2025-05-03 08:10:45,2025-05-04 06:57:33,22.78,1,1,
5892,TCK-15892,20250423,45,1,1,2025-04-23 06:48:28,2025-04-23 16:16:40,9.47,1,1,4
5893,TCK-15893,20260604,16,1,2,2026-06-04 05:12:11,2026-06-05 16:04:59,34.88,1,0,2
5894,TCK-15894,20260314,31,4,1,2026-03-14 05:41:46,2026-03-15 19:21:22,37.66,1,0,4
5895,TCK-15895,20251010,22,1,1,2025-10-10 03:30:31,2025-10-11 06:05:19,26.58,1,0,5
5896,TCK-15896,20250221,3,7,1,2025-02-21 01:01:56,2025-02-23 01:51:44,48.83,1,0,5
5897,TCK-15897,20251002,42,7,1,2025-10-02 15:38:48,2025-10-03 16:36:24,24.96,1,0,5
5898,TCK-15898,20250512,4,2,2,2025-05-12 12:37:41,2025-05-14 07:58:05,43.34,1,1,
5899,TCK-15899,20251226,23,6,3,2025-12-26 21:33:03,2025-12-27 10:18:03,12.75,1,1,3
5900,TCK-15900,20250806,7,8,2,2025-08-06 03:32:59,2025-08-07 13:02:59,33.5,1,1,2
5901,TCK-15901,20260705,43,8,1,2026-07-05 08:17:16,2026-07-05 17:47:16,9.5,1,1,4
5902,TCK-15902,20250331,35,4,3,2025-03-31 07:32:23,2025-04-01 07:10:11,23.63,1,1,4
5903,TCK-15903,20250820,40,5,1,2025-08-20 05:25:47,2025-08-21 05:26:23,24.01,1,0,5
5904,TCK-15904,20260514,15,8,1,2026-05-14 21:02:04,2026-05-15 19:23:04,22.35,1,1,3
5905,TCK-15905,20260430,12,8,1,2026-04-30 18:14:05,2026-05-01 19:08:41,24.91,1,1,4
5906,TCK-15906,20260305,21,8,2,2026-03-05 23:38:38,2026-03-06 13:09:14,13.51,1,1,4
5907,TCK-15907,20260202,28,2,3,2026-02-02 00:39:23,2026-02-02 20:10:35,19.52,1,1,5
5908,TCK-15908,20250513,37,3,3,2025-05-13 02:45:01,,,0,0,5
5909,TCK-15909,20260105,15,7,2,2026-01-05 17:51:15,2026-01-06 03:50:03,9.98,1,0,4
5910,TCK-15910,20250926,8,7,1,2025-09-26 18:55:08,2025-09-27 07:28:44,12.56,1,0,
5911,TCK-15911,20260502,43,7,1,2026-05-02 10:41:25,2026-05-02 12:43:49,2.04,1,1,5
5912,TCK-15912,20250623,43,7,2,2025-06-23 05:01:26,2025-06-23 13:17:38,8.27,1,0,5
5913,TCK-15913,20251218,50,3,2,2025-12-18 16:49:15,2025-12-19 01:24:03,8.58,1,1,5
5914,TCK-15914,20250909,26,8,2,2025-09-09 08:47:18,2025-09-09 14:25:06,5.63,1,1,5
5915,TCK-15915,20260725,19,6,1,2026-07-25 17:15:58,2026-07-26 00:54:22,7.64,1,1,4
5916,TCK-15916,20260603,29,3,2,2026-06-03 06:18:03,2026-06-03 17:05:27,10.79,1,1,4
5917,TCK-15917,20260131,6,2,3,2026-01-31 21:30:05,,,0,0,4
5918,TCK-15918,20250820,1,2,1,2025-08-20 09:02:11,2025-08-22 00:34:35,39.54,1,1,3
5919,TCK-15919,20260411,21,8,2,2026-04-11 08:06:30,2026-04-12 11:20:54,27.24,1,1,4
5920,TCK-15920,20250116,2,1,1,2025-01-16 02:14:15,2025-01-17 05:44:15,27.5,1,0,3
5921,TCK-15921,20250119,38,5,3,2025-01-19 08:58:00,2025-01-19 23:43:36,14.76,1,1,2
5922,TCK-15922,20260726,23,3,1,2026-07-26 23:56:04,2026-07-27 04:47:04,4.85,1,1,
5923,TCK-15923,20260405,42,5,1,2026-04-05 22:26:18,2026-04-06 19:53:18,21.45,1,1,
5924,TCK-15924,20260811,36,5,2,2026-08-11 03:23:57,2026-08-11 07:31:45,4.13,1,1,4
5925,TCK-15925,20260330,40,7,2,2026-03-30 09:31:56,2026-04-01 10:48:08,49.27,1,0,
5926,TCK-15926,20250502,45,8,3,2025-05-02 19:11:44,2025-05-03 13:15:56,18.07,1,1,5
5927,TCK-15927,20260120,9,4,3,2026-01-20 11:27:07,2026-01-20 14:09:07,2.7,1,1,4
5928,TCK-15928,20260217,25,2,1,2026-02-17 13:43:39,2026-02-17 17:17:15,3.56,1,1,5
5929,TCK-15929,20260414,46,3,3,2026-04-14 14:43:01,2026-04-14 16:16:37,1.56,1,1,3
5930,TCK-15930,20251031,30,7,2,2025-10-31 17:46:27,2025-10-31 22:27:15,4.68,1,1,2
5931,TCK-15931,20260509,28,8,2,2026-05-09 06:44:42,2026-05-10 11:47:06,29.04,1,1,5
5932,TCK-15932,20260226,47,6,1,2026-02-26 16:08:12,2026-02-27 13:11:12,21.05,1,1,2
5933,TCK-15933,20251013,16,4,3,2025-10-13 14:49:18,2025-10-14 12:54:42,22.09,1,1,4
5934,TCK-15934,20250223,29,7,2,2025-02-23 14:15:41,2025-02-23 20:12:05,5.94,1,1,3
5935,TCK-15935,20260104,48,1,3,2026-01-04 04:05:29,,,0,0,5
5936,TCK-15936,20250812,16,3,1,2025-08-12 00:40:21,2025-08-12 04:54:45,4.24,1,1,4
5937,TCK-15937,20250610,46,1,1,2025-06-10 18:42:52,2025-06-11 17:20:40,22.63,1,1,2
5938,TCK-15938,20260620,33,4,1,2026-06-20 17:13:31,2026-06-22 03:36:55,34.39,1,1,4
5939,TCK-15939,20250111,44,2,3,2025-01-11 13:08:12,2025-01-12 01:05:48,11.96,1,1,3
5940,TCK-15940,20250322,40,5,2,2025-03-22 18:52:31,2025-03-23 13:55:31,19.05,1,1,4
5941,TCK-15941,20260211,48,5,3,2026-02-11 15:07:07,2026-02-12 09:49:07,18.7,1,1,3
5942,TCK-15942,20250903,25,6,3,2025-09-03 08:12:27,2025-09-04 07:12:27,23.0,1,1,
5943,TCK-15943,20250525,27,5,1,2025-05-25 20:44:49,2025-05-25 21:58:37,1.23,1,1,3
5944,TCK-15944,20260520,36,7,1,2026-05-20 01:05:56,2026-05-20 22:13:08,21.12,1,0,
5945,TCK-15945,20260311,26,2,2,2026-03-11 14:03:04,2026-03-11 22:04:16,8.02,1,1,
5946,TCK-15946,20251208,18,2,1,2025-12-08 22:39:36,2025-12-09 07:21:36,8.7,1,1,5
5947,TCK-15947,20260718,39,2,3,2026-07-18 21:01:09,2026-07-19 06:50:57,9.83,1,1,5
5948,TCK-15948,20250205,21,7,1,2025-02-05 06:58:19,2025-02-06 00:42:43,17.74,1,0,3
5949,TCK-15949,20250920,31,5,1,2025-09-20 02:17:26,,,0,0,3
5950,TCK-15950,20250707,6,5,2,2025-07-07 07:55:13,,,0,0,3
5951,TCK-15951,20250331,40,5,3,2025-03-31 11:41:26,2025-03-31 23:43:50,12.04,1,1,
5952,TCK-15952,20250827,13,4,2,2025-08-27 16:26:45,2025-08-28 09:02:45,16.6,1,1,4
5953,TCK-15953,20251130,14,5,2,2025-11-30 05:57:51,2025-11-30 21:55:27,15.96,1,1,4
5954,TCK-15954,20260212,15,7,2,2026-02-12 08:29:01,2026-02-12 17:21:49,8.88,1,0,3
5955,TCK-15955,20250412,33,8,2,2025-04-12 06:16:04,2025-04-12 19:30:28,13.24,1,1,5
5956,TCK-15956,20250308,50,7,2,2025-03-08 21:52:20,2025-03-10 05:55:20,32.05,1,0,3
5957,TCK-15957,20250319,48,4,2,2025-03-19 16:17:02,,,0,0,4
5958,TCK-15958,20260218,47,5,3,2026-02-18 11:06:49,,,0,0,
5959,TCK-15959,20250205,4,8,1,2025-02-05 09:39:41,2025-02-06 10:51:05,25.19,1,1,2
5960,TCK-15960,20250929,34,5,1,2025-09-29 15:45:01,2025-09-30 23:02:25,31.29,1,0,4
5961,TCK-15961,20250408,4,1,2,2025-04-08 12:54:13,2025-04-09 04:10:25,15.27,1,1,5
5962,TCK-15962,20250814,21,7,1,2025-08-14 04:55:35,2025-08-14 17:09:59,12.24,1,0,4
5963,TCK-15963,20260811,19,3,3,2026-08-11 23:06:08,2026-08-12 11:55:20,12.82,1,0,4
5964,TCK-15964,20250902,12,1,2,2025-09-02 17:07:32,2025-09-03 10:45:56,17.64,1,1,4
5965,TCK-15965,20260521,27,6,1,2026-05-21 18:05:31,2026-05-22 06:31:19,12.43,1,1,
5966,TCK-15966,20250329,32,7,1,2025-03-29 03:30:09,2025-03-30 03:53:33,24.39,1,0,4
5967,TCK-15967,20250912,8,6,3,2025-09-12 23:13:23,2025-09-14 01:13:23,26.0,1,1,4
5968,TCK-15968,20251115,9,8,3,2025-11-15 11:44:53,2025-11-16 08:48:29,21.06,1,1,3
5969,TCK-15969,20250417,17,1,3,2025-04-17 08:50:28,2025-04-18 22:29:28,37.65,1,0,5
5970,TCK-15970,20250512,35,3,1,2025-05-12 09:18:24,2025-05-13 05:53:12,20.58,1,0,4
5971,TCK-15971,20250105,32,3,3,2025-01-05 06:33:27,,,0,0,5
5972,TCK-15972,20250616,10,8,1,2025-06-16 06:57:08,,,0,0,2
5973,TCK-15973,20260724,29,7,1,2026-07-24 23:13:25,2026-07-26 03:21:49,28.14,1,0,
5974,TCK-15974,20260512,34,6,1,2026-05-12 17:17:30,2026-05-13 16:58:54,23.69,1,1,
5975,TCK-15975,20250403,19,5,2,2025-04-03 14:27:19,2025-04-04 08:50:07,18.38,1,1,4
5976,TCK-15976,20250204,47,5,3,2025-02-04 12:44:20,2025-02-05 02:50:56,14.11,1,1,4
5977,TCK-15977,20251003,20,3,2,2025-10-03 21:34:48,2025-10-04 15:12:36,17.63,1,0,4
5978,TCK-15978,20260718,1,6,2,2026-07-18 20:44:38,2026-07-19 06:10:26,9.43,1,1,5
5979,TCK-15979,20260407,21,2,3,2026-04-07 00:58:27,2026-04-07 08:41:03,7.71,1,1,
5980,TCK-15980,20250127,12,7,1,2025-01-27 09:12:42,,,0,0,5
5981,TCK-15981,20251020,40,2,2,2025-10-20 17:59:30,2025-10-20 20:41:30,2.7,1,1,
5982,TCK-15982,20260616,12,2,2,2026-06-16 21:43:15,2026-06-17 14:25:51,16.71,1,1,3
5983,TCK-15983,20250122,12,1,3,2025-01-22 23:30:41,2025-01-23 12:04:53,12.57,1,1,
5984,TCK-15984,20250513,3,3,1,2025-05-13 11:11:40,2025-05-13 16:39:16,5.46,1,1,3
5985,TCK-15985,20251220,41,3,1,2025-12-20 21:16:31,2025-12-21 20:24:55,23.14,1,0,5
5986,TCK-15986,20250112,38,3,3,2025-01-12 05:20:05,2025-01-13 07:17:05,25.95,1,0,2
5987,TCK-15987,20260809,30,3,2,2026-08-09 18:53:32,,,0,0,4
5988,TCK-15988,20260318,11,5,1,2026-03-18 01:14:11,,,0,0,3
5989,TCK-15989,20260430,30,1,3,2026-04-30 20:02:00,2026-05-01 15:18:48,19.28,1,1,
5990,TCK-15990,20260710,25,6,1,2026-07-10 10:09:18,2026-07-10 23:05:06,12.93,1,1,5
5991,TCK-15991,20250221,11,6,3,2025-02-21 17:20:07,,,0,0,
5992,TCK-15992,20260607,42,3,1,2026-06-07 13:58:24,,,0,0,
5993,TCK-15993,20251015,19,8,3,2025-10-15 03:06:49,2025-10-15 11:50:37,8.73,1,1,4
5994,TCK-15994,20260516,33,7,2,2026-05-16 07:30:08,2026-05-16 23:51:44,16.36,1,0,4
5995,TCK-15995,20260813,21,2,1,2026-08-13 13:32:17,2026-08-13 15:44:53,2.21,1,1,4
5996,TCK-15996,20260313,43,8,3,2026-03-13 20:31:04,2026-03-13 21:34:04,1.05,1,1,5
5997,TCK-15997,20251128,40,6,3,2025-11-28 15:05:50,2025-11-29 08:49:02,17.72,1,1,5
5998,TCK-15998,20250327,6,1,2,2025-03-27 23:41:45,2025-03-28 07:54:57,8.22,1,1,
5999,TCK-15999,20260216,15,6,1,2026-02-16 07:57:22,2026-02-17 23:28:34,39.52,1,1,5
6000,TCK-16000,20250330,22,5,1,2025-03-30 11:20:34,,,0,0,3
6001,TCK-16001,20251006,43,4,1,2025-10-06 21:14:34,2025-10-07 05:35:34,8.35,1,1,5
6002,TCK-16002,20260619,45,2,1,2026-06-19 16:39:51,2026-06-20 15:11:03,22.52,1,1,4
6003,TCK-16003,20260131,46,3,3,2026-01-31 10:42:37,2026-01-31 23:28:49,12.77,1,0,4
6004,TCK-16004,20250503,36,7,2,2025-05-03 08:14:05,2025-05-04 20:07:29,35.89,1,0,4
6005,TCK-16005,20260804,6,1,3,2026-08-04 17:03:56,2026-08-07 00:21:20,55.29,1,0,
6006,TCK-16006,20250618,36,7,1,2025-06-18 05:17:53,2025-06-19 05:47:53,24.5,1,0,5
6007,TCK-16007,20260611,43,6,1,2026-06-11 19:40:42,2026-06-12 05:27:30,9.78,1,1,3
6008,TCK-16008,20260406,5,6,2,2026-04-06 19:07:22,2026-04-07 14:46:22,19.65,1,1,5
6009,TCK-16009,20251004,14,1,3,2025-10-04 11:38:45,2025-10-05 13:57:21,26.31,1,0,4
6010,TCK-16010,20250220,18,5,3,2025-02-20 16:02:38,,,0,0,
6011,TCK-16011,20251130,38,1,2,2025-11-30 12:39:34,2025-11-30 22:59:58,10.34,1,1,4
6012,TCK-16012,20260427,26,4,1,2026-04-27 18:48:10,2026-04-28 11:37:22,16.82,1,1,4
6013,TCK-16013,20260403,4,4,3,2026-04-03 11:00:21,2026-04-04 02:59:45,15.99,1,1,4
6014,TCK-16014,20250429,34,5,1,2025-04-29 01:24:28,2025-04-29 08:22:40,6.97,1,1,4
6015,TCK-16015,20250616,21,2,1,2025-06-16 00:34:24,2025-06-16 17:29:00,16.91,1,1,3
6016,TCK-16016,20250720,35,6,3,2025-07-20 19:12:05,2025-07-22 02:48:05,31.6,1,1,3
6017,TCK-16017,20250909,37,6,2,2025-09-09 08:58:29,,,0,0,
6018,TCK-16018,20260716,34,3,2,2026-07-16 16:46:07,2026-07-16 20:22:07,3.6,1,1,3
6019,TCK-16019,20250902,41,7,3,2025-09-02 05:03:05,2025-09-03 20:55:17,39.87,1,0,
6020,TCK-16020,20260310,48,2,2,2026-03-10 04:15:45,2026-03-11 04:13:21,23.96,1,1,4
6021,TCK-16021,20260327,48,2,1,2026-03-27 14:26:06,,,0,0,4
6022,TCK-16022,20250930,33,1,2,2025-09-30 09:08:16,2025-09-30 10:34:04,1.43,1,1,5
6023,TCK-16023,20250523,43,1,2,2025-05-23 11:38:28,,,0,0,5
6024,TCK-16024,20251105,35,5,2,2025-11-05 14:36:42,,,0,0,4
6025,TCK-16025,20260811,17,7,1,2026-08-11 19:01:54,2026-08-12 22:32:30,27.51,1,0,
6026,TCK-16026,20251104,20,1,2,2025-11-04 09:54:36,2025-11-04 12:00:00,2.09,1,1,4
6027,TCK-16027,20250910,23,2,2,2025-09-10 17:57:52,2025-09-11 09:21:52,15.4,1,1,5
6028,TCK-16028,20260204,26,1,2,2026-02-04 23:25:31,2026-02-05 11:56:07,12.51,1,1,4
6029,TCK-16029,20251125,7,1,1,2025-11-25 15:37:37,2025-11-26 20:12:25,28.58,1,0,5
6030,TCK-16030,20251012,9,2,1,2025-10-12 11:48:03,2025-10-12 18:12:03,6.4,1,1,4
6031,TCK-16031,20260308,40,1,3,2026-03-08 23:32:03,,,0,0,5
6032,TCK-16032,20260305,8,3,2,2026-03-05 13:10:13,,,0,0,4
6033,TCK-16033,20260418,6,7,1,2026-04-18 20:28:11,,,0,0,5
6034,TCK-16034,20260322,9,2,1,2026-03-22 03:12:21,2026-03-22 21:17:45,18.09,1,1,4
6035,TCK-16035,20260719,43,1,1,2026-07-19 04:13:12,2026-07-20 08:39:36,28.44,1,0,3
6036,TCK-16036,20250817,21,1,1,2025-08-17 01:17:53,,,0,0,3
6037,TCK-16037,20260117,35,8,1,2026-01-17 07:14:07,2026-01-18 03:36:19,20.37,1,1,4
6038,TCK-16038,20260723,12,6,2,2026-07-23 14:21:12,2026-07-24 22:33:48,32.21,1,1,4
6039,TCK-16039,20251022,25,4,1,2025-10-22 18:09:07,2025-10-24 16:33:43,46.41,1,0,5
6040,TCK-16040,20260424,34,5,2,2026-04-24 02:24:24,2026-04-24 09:18:24,6.9,1,1,4
6041,TCK-16041,20260321,7,3,1,2026-03-21 17:45:50,2026-03-22 04:14:02,10.47,1,1,4
6042,TCK-16042,20251211,22,2,3,2025-12-11 15:16:51,,,0,0,
6043,TCK-16043,20250702,7,3,2,2025-07-02 03:34:34,2025-07-03 02:01:34,22.45,1,0,4
6044,TCK-16044,20250316,37,2,2,2025-03-16 18:57:19,2025-03-17 15:26:07,20.48,1,1,4
6045,TCK-16045,20260202,48,8,2,2026-02-02 18:48:45,2026-02-03 22:54:45,28.1,1,1,3
6046,TCK-16046,20250520,8,2,2,2025-05-20 01:14:19,,,0,0,5
6047,TCK-16047,20250506,18,8,3,2025-05-06 20:28:21,2025-05-08 12:39:45,40.19,1,1,4
6048,TCK-16048,20250218,1,3,1,2025-02-18 04:11:18,,,0,0,
6049,TCK-16049,20260130,26,8,1,2026-01-30 09:14:13,2026-01-31 11:19:37,26.09,1,1,5
6050,TCK-16050,20260408,39,6,1,2026-04-08 20:47:10,,,0,0,
6051,TCK-16051,20250615,40,6,1,2025-06-15 14:48:54,2025-06-16 13:47:42,22.98,1,1,3
6052,TCK-16052,20260308,4,4,3,2026-03-08 15:27:40,2026-03-10 14:09:04,46.69,1,0,5
6053,TCK-16053,20250406,50,2,3,2025-04-06 15:58:48,,,0,0,4
6054,TCK-16054,20250201,8,1,3,2025-02-01 21:49:16,2025-02-02 19:45:04,21.93,1,1,
6055,TCK-16055,20250217,42,6,1,2025-02-17 09:37:21,,,0,0,3
6056,TCK-16056,20250725,2,6,1,2025-07-25 17:53:38,2025-07-26 09:45:14,15.86,1,1,4
6057,TCK-16057,20250109,12,4,3,2025-01-09 05:21:50,2025-01-09 19:03:50,13.7,1,1,3
6058,TCK-16058,20260224,50,1,2,2026-02-24 19:52:46,2026-02-25 11:40:10,15.79,1,1,3
6059,TCK-16059,20251227,37,5,1,2025-12-27 19:10:35,2025-12-28 15:42:59,20.54,1,1,4
6060,TCK-16060,20250831,44,5,2,2025-08-31 08:29:16,2025-09-01 07:38:16,23.15,1,1,4
6061,TCK-16061,20260606,3,2,2,2026-06-06 08:43:51,2026-06-07 00:01:15,15.29,1,1,4
6062,TCK-16062,20250930,42,3,1,2025-09-30 21:17:40,2025-10-01 20:38:04,23.34,1,0,2
6063,TCK-16063,20260622,20,5,3,2026-06-22 11:50:42,2026-06-23 12:30:54,24.67,1,0,5
6064,TCK-16064,20250926,45,6,1,2025-09-26 05:07:40,2025-09-26 16:10:40,11.05,1,1,
6065,TCK-16065,20260124,9,2,2,2026-01-24 22:03:30,2026-01-25 21:09:30,23.1,1,1,5
6066,TCK-16066,20251016,26,3,2,2025-10-16 21:25:07,,,0,0,
6067,TCK-16067,20260111,17,6,2,2026-01-11 23:59:40,,,0,0,4
6068,TCK-16068,20250111,12,4,2,2025-01-11 13:50:29,2025-01-11 16:54:05,3.06,1,1,4
6069,TCK-16069,20250904,2,8,3,2025-09-04 19:39:46,2025-09-06 18:22:22,46.71,1,1,4
6070,TCK-16070,20260731,14,8,2,2026-07-31 03:52:38,2026-08-01 00:44:50,20.87,1,1,3
6071,TCK-16071,20260801,44,3,3,2026-08-01 02:32:53,2026-08-01 07:53:17,5.34,1,1,4
6072,TCK-16072,20251107,33,4,3,2025-11-07 17:40:20,2025-11-08 10:14:32,16.57,1,1,4
6073,TCK-16073,20250929,6,2,3,2025-09-29 13:08:29,,,0,0,4
6074,TCK-16074,20260426,5,7,1,2026-04-26 22:48:25,,,0,0,4
6075,TCK-16075,20251109,8,4,3,2025-11-09 08:55:23,2025-11-09 22:08:35,13.22,1,1,3
6076,TCK-16076,20260409,39,5,3,2026-04-09 10:13:41,2026-04-10 19:55:41,33.7,1,0,4
6077,TCK-16077,20251018,21,5,2,2025-10-18 10:51:00,2025-10-19 10:50:24,23.99,1,1,5
6078,TCK-16078,20250729,7,5,3,2025-07-29 02:08:03,,,0,0,5
6079,TCK-16079,20260811,36,4,1,2026-08-11 16:39:45,2026-08-13 05:48:45,37.15,1,0,4
6080,TCK-16080,20250210,46,3,1,2025-02-10 05:45:59,2025-02-11 13:04:35,31.31,1,0,4
6081,TCK-16081,20260218,44,8,1,2026-02-18 16:12:44,2026-02-18 23:39:08,7.44,1,1,4
6082,TCK-16082,20250119,44,5,1,2025-01-19 21:00:38,,,0,0,3
6083,TCK-16083,20260224,43,5,3,2026-02-24 05:23:42,,,0,0,4
6084,TCK-16084,20250525,8,1,3,2025-05-25 02:13:23,2025-05-25 22:58:23,20.75,1,1,4
6085,TCK-16085,20260319,13,5,3,2026-03-19 23:16:24,2026-03-20 18:30:12,19.23,1,1,4
6086,TCK-16086,20251025,20,6,2,2025-10-25 00:13:40,2025-10-25 11:07:04,10.89,1,1,
6087,TCK-16087,20260521,49,5,2,2026-05-21 05:01:56,,,0,0,4
6088,TCK-16088,20260211,7,4,1,2026-02-11 23:47:41,,,0,0,3
6089,TCK-16089,20250607,1,6,2,2025-06-07 12:52:59,2025-06-08 04:00:11,15.12,1,1,5
6090,TCK-16090,20250225,26,4,3,2025-02-25 14:10:09,,,0,0,4
6091,TCK-16091,20260629,10,4,3,2026-06-29 20:35:46,2026-06-30 05:12:22,8.61,1,1,4
6092,TCK-16092,20260214,2,1,1,2026-02-14 20:43:21,,,0,0,4
6093,TCK-16093,20250720,47,5,2,2025-07-20 01:20:11,2025-07-20 05:17:11,3.95,1,1,2
6094,TCK-16094,20260401,15,2,2,2026-04-01 00:29:40,2026-04-02 08:13:28,31.73,1,1,3
6095,TCK-16095,20251224,41,1,3,2025-12-24 01:11:41,2025-12-24 08:14:05,7.04,1,1,5
6096,TCK-16096,20260501,29,4,3,2026-05-01 23:35:32,,,0,0,
6097,TCK-16097,20250413,24,5,3,2025-04-13 11:49:38,2025-04-14 07:10:02,19.34,1,1,4
6098,TCK-16098,20260403,49,5,3,2026-04-03 16:18:40,2026-04-05 11:30:40,43.2,1,0,
6099,TCK-16099,20250924,7,5,2,2025-09-24 00:43:32,,,0,0,3
6100,TCK-16100,20260215,21,6,1,2026-02-15 19:37:53,2026-02-16 12:33:05,16.92,1,1,5
6101,TCK-16101,20260212,5,1,3,2026-02-12 17:33:18,2026-02-13 08:52:30,15.32,1,1,3
6102,TCK-16102,20251114,1,4,1,2025-11-14 15:49:41,2025-11-15 12:02:17,20.21,1,1,5
6103,TCK-16103,20250522,20,3,3,2025-05-22 14:56:24,2025-05-22 23:30:00,8.56,1,1,4
6104,TCK-16104,20260222,18,4,2,2026-02-22 23:24:48,,,0,0,5
6105,TCK-16105,20260330,44,7,1,2026-03-30 03:24:18,2026-04-01 05:08:42,49.74,1,0,
6106,TCK-16106,20260116,24,7,3,2026-01-16 04:19:04,,,0,0,
6107,TCK-16107,20260715,32,8,2,2026-07-15 05:20:26,2026-07-16 14:04:50,32.74,1,1,4
6108,TCK-16108,20250325,8,2,1,2025-03-25 00:10:42,,,0,0,3
6109,TCK-16109,20251002,8,4,3,2025-10-02 18:42:49,2025-10-03 17:41:37,22.98,1,1,4
6110,TCK-16110,20260410,42,1,1,2026-04-10 09:29:16,2026-04-11 12:39:28,27.17,1,0,4
6111,TCK-16111,20251008,38,7,1,2025-10-08 04:12:49,2025-10-09 00:28:25,20.26,1,0,4
6112,TCK-16112,20260505,50,3,2,2026-05-05 23:00:32,,,0,0,5
6113,TCK-16113,20250717,18,6,2,2025-07-17 13:44:18,2025-07-18 10:16:06,20.53,1,1,3
6114,TCK-16114,20250421,25,1,1,2025-04-21 20:20:52,2025-04-21 22:38:16,2.29,1,1,3
6115,TCK-16115,20250628,31,3,1,2025-06-28 18:29:09,2025-06-29 22:08:09,27.65,1,0,4
6116,TCK-16116,20260225,33,8,1,2026-02-25 22:15:13,,,0,0,4
6117,TCK-16117,20260327,15,5,2,2026-03-27 11:55:56,2026-03-28 18:19:56,30.4,1,0,
6118,TCK-16118,20251126,47,4,3,2025-11-26 12:44:54,2025-11-28 05:41:18,40.94,1,0,
6119,TCK-16119,20251013,20,3,3,2025-10-13 00:59:59,2025-10-13 07:02:59,6.05,1,1,
6120,TCK-16120,20251010,46,7,3,2025-10-10 19:57:18,2025-10-11 13:04:30,17.12,1,0,5
6121,TCK-16121,20250928,4,8,3,2025-09-28 09:29:20,2025-09-28 13:14:20,3.75,1,1,3
6122,TCK-16122,20260318,2,7,3,2026-03-18 00:57:34,2026-03-18 20:25:46,19.47,1,0,4
6123,TCK-16123,20250115,2,1,3,2025-01-15 21:40:11,2025-01-17 06:39:35,32.99,1,0,3
6124,TCK-16124,20260309,18,3,3,2026-03-09 10:40:20,2026-03-10 11:42:08,25.03,1,0,5
6125,TCK-16125,20260715,33,2,1,2026-07-15 03:25:39,2026-07-16 21:49:03,42.39,1,1,4
6126,TCK-16126,20250603,46,4,1,2025-06-03 07:10:31,2025-06-04 15:08:07,31.96,1,1,4
6127,TCK-16127,20250808,34,7,1,2025-08-08 17:33:59,2025-08-09 15:35:47,22.03,1,0,
6128,TCK-16128,20250620,43,5,3,2025-06-20 21:10:13,2025-06-21 18:21:01,21.18,1,1,5
6129,TCK-16129,20260209,49,5,2,2026-02-09 03:38:37,2026-02-10 10:37:25,30.98,1,0,
6130,TCK-16130,20250424,10,7,1,2025-04-24 07:41:14,2025-04-25 09:09:26,25.47,1,0,3
6131,TCK-16131,20250924,50,3,1,2025-09-24 11:42:22,,,0,0,5
6132,TCK-16132,20250129,31,3,1,2025-01-29 22:03:55,2025-01-30 00:10:31,2.11,1,1,4
6133,TCK-16133,20250918,50,8,2,2025-09-18 05:58:11,2025-09-18 06:29:23,0.52,1,1,3
6134,TCK-16134,20260612,17,4,2,2026-06-12 11:41:03,2026-06-13 08:51:15,21.17,1,1,3
6135,TCK-16135,20250221,47,4,1,2025-02-21 01:25:42,2025-02-21 10:51:30,9.43,1,1,
6136,TCK-16136,20260322,16,8,2,2026-03-22 23:42:24,2026-03-23 06:02:12,6.33,1,1,3
6137,TCK-16137,20251121,6,8,2,2025-11-21 14:53:14,2025-11-22 08:37:02,17.73,1,1,4
6138,TCK-16138,20260701,16,1,1,2026-07-01 23:59:47,2026-07-03 02:39:23,26.66,1,0,4
6139,TCK-16139,20251024,47,7,3,2025-10-24 21:53:29,2025-10-25 12:23:29,14.5,1,0,
6140,TCK-16140,20260622,48,3,2,2026-06-22 03:09:47,2026-06-23 13:24:47,34.25,1,0,4
6141,TCK-16141,20260812,3,5,3,2026-08-12 19:22:10,2026-08-13 02:46:46,7.41,1,1,3
6142,TCK-16142,20250909,46,2,2,2025-09-09 14:09:03,2025-09-10 19:36:03,29.45,1,1,3
6143,TCK-16143,20251125,29,2,1,2025-11-25 20:21:21,2025-11-26 02:13:33,5.87,1,1,5
6144,TCK-16144,20260305,3,6,1,2026-03-05 14:45:19,,,0,0,3
6145,TCK-16145,20250508,32,1,3,2025-05-08 22:25:31,2025-05-09 06:54:19,8.48,1,1,5
6146,TCK-16146,20250619,2,1,1,2025-06-19 09:48:36,,,0,0,3
6147,TCK-16147,20250808,36,1,1,2025-08-08 07:19:07,,,0,0,5
6148,TCK-16148,20250720,2,6,3,2025-07-20 19:40:12,2025-07-21 10:43:48,15.06,1,1,2
6149,TCK-16149,20260114,49,1,1,2026-01-14 08:13:06,,,0,0,4
6150,TCK-16150,20260808,10,4,1,2026-08-08 11:50:44,2026-08-09 08:42:56,20.87,1,1,3
6151,TCK-16151,20260526,35,2,3,2026-05-26 22:23:36,,,0,0,4
6152,TCK-16152,20250209,34,3,2,2025-02-09 19:37:09,,,0,0,5
6153,TCK-16153,20250407,37,7,1,2025-04-07 20:02:26,2025-04-08 12:26:26,16.4,1,0,5
6154,TCK-16154,20250816,3,7,1,2025-08-16 17:04:54,2025-08-18 01:49:18,32.74,1,0,4
6155,TCK-16155,20260424,3,7,2,2026-04-24 20:24:44,2026-04-25 02:59:32,6.58,1,1,4
6156,TCK-16156,20250307,18,5,2,2025-03-07 03:34:22,2025-03-08 05:26:34,25.87,1,0,4
6157,TCK-16157,20260416,22,3,2,2026-04-16 07:00:47,2026-04-16 21:48:47,14.8,1,0,4
6158,TCK-16158,20250629,20,6,3,2025-06-29 07:01:08,2025-06-29 22:22:08,15.35,1,1,2
6159,TCK-16159,20260117,45,3,2,2026-01-17 05:07:43,2026-01-18 12:53:19,31.76,1,0,4
6160,TCK-16160,20250504,5,3,1,2025-05-04 22:17:14,2025-05-05 15:10:38,16.89,1,0,3
6161,TCK-16161,20260326,30,3,2,2026-03-26 11:50:37,2026-03-26 17:13:25,5.38,1,1,4
6162,TCK-16162,20251227,2,5,2,2025-12-27 06:44:59,2025-12-27 09:57:35,3.21,1,1,5
6163,TCK-16163,20250304,49,8,2,2025-03-04 19:24:50,2025-03-05 12:52:26,17.46,1,1,5
6164,TCK-16164,20251025,28,8,1,2025-10-25 12:50:10,2025-10-25 14:02:10,1.2,1,1,3
6165,TCK-16165,20250120,50,4,2,2025-01-20 10:15:48,,,0,0,
6166,TCK-16166,20250124,1,2,1,2025-01-24 01:30:54,2025-01-24 15:11:06,13.67,1,1,
6167,TCK-16167,20250728,27,3,3,2025-07-28 15:40:16,2025-07-29 02:04:52,10.41,1,1,4
6168,TCK-16168,20250227,21,3,1,2025-02-27 23:32:05,2025-02-28 14:39:17,15.12,1,0,4
6169,TCK-16169,20260114,19,5,3,2026-01-14 08:42:44,2026-01-14 20:54:08,12.19,1,1,4
6170,TCK-16170,20260522,34,3,2,2026-05-22 22:38:53,2026-05-23 07:26:17,8.79,1,1,3
6171,TCK-16171,20251116,30,8,1,2025-11-16 00:26:59,2025-11-17 01:47:59,25.35,1,1,3
6172,TCK-16172,20260120,1,5,1,2026-01-20 03:13:30,2026-01-20 15:09:18,11.93,1,1,4
6173,TCK-16173,20250515,36,7,1,2025-05-15 10:46:38,,,0,0,4
6174,TCK-16174,20260520,35,4,1,2026-05-20 16:55:49,2026-05-21 15:55:49,23.0,1,1,4
6175,TCK-16175,20250615,6,2,1,2025-06-15 12:13:20,2025-06-17 03:18:44,39.09,1,1,
6176,TCK-16176,20250204,5,7,2,2025-02-04 05:57:24,2025-02-04 19:43:00,13.76,1,0,4
6177,TCK-16177,20260306,21,4,1,2026-03-06 04:51:49,2026-03-06 06:56:01,2.07,1,1,4
6178,TCK-16178,20250129,17,3,3,2025-01-29 23:57:06,,,0,0,5
6179,TCK-16179,20250929,3,3,1,2025-09-29 07:11:02,2025-09-30 08:02:02,24.85,1,0,4
6180,TCK-16180,20260509,19,2,1,2026-05-09 19:25:42,2026-05-11 04:55:42,33.5,1,1,3
6181,TCK-16181,20260517,7,1,1,2026-05-17 05:38:47,2026-05-17 17:51:59,12.22,1,1,4
6182,TCK-16182,20260514,14,6,1,2026-05-14 13:56:56,2026-05-15 17:10:44,27.23,1,1,
6183,TCK-16183,20260125,39,2,3,2026-01-25 15:36:39,,,0,0,4
6184,TCK-16184,20250607,5,5,2,2025-06-07 00:32:46,,,0,0,4
6185,TCK-16185,20250926,37,6,1,2025-09-26 01:23:59,2025-09-26 08:45:35,7.36,1,1,3
6186,TCK-16186,20250225,17,4,3,2025-02-25 03:03:53,2025-02-25 06:01:29,2.96,1,1,3
6187,TCK-16187,20251214,9,8,1,2025-12-14 15:50:46,2025-12-15 04:39:58,12.82,1,1,4
6188,TCK-16188,20250610,8,4,3,2025-06-10 05:30:10,2025-06-11 05:22:58,23.88,1,1,3
6189,TCK-16189,20250113,41,6,2,2025-01-13 07:43:00,2025-01-13 12:13:00,4.5,1,1,4
6190,TCK-16190,20250602,29,7,2,2025-06-02 07:39:24,2025-06-03 08:54:24,25.25,1,0,4
6191,TCK-16191,20260221,6,8,2,2026-02-21 06:34:00,2026-02-22 02:43:36,20.16,1,1,4
6192,TCK-16192,20250209,39,5,1,2025-02-09 14:13:29,2025-02-09 16:00:17,1.78,1,1,4
6193,TCK-16193,20250116,35,7,2,2025-01-16 06:25:04,2025-01-16 23:34:04,17.15,1,0,4
6194,TCK-16194,20260106,6,3,3,2026-01-06 12:21:01,2026-01-07 14:01:49,25.68,1,0,3
6195,TCK-16195,20260808,18,2,3,2026-08-08 05:51:08,2026-08-08 22:10:20,16.32,1,1,4
6196,TCK-16196,20250828,38,3,1,2025-08-28 11:57:04,2025-08-29 03:22:52,15.43,1,0,3
6197,TCK-16197,20250906,27,7,1,2025-09-06 17:47:02,2025-09-08 15:14:02,45.45,1,0,5
6198,TCK-16198,20250418,22,5,1,2025-04-18 15:23:38,2025-04-19 06:48:14,15.41,1,1,2
6199,TCK-16199,20250927,44,1,3,2025-09-27 10:25:12,,,0,0,
6200,TCK-16200,20260211,44,5,2,2026-02-11 03:49:11,2026-02-12 09:42:35,29.89,1,0,
6201,TCK-16201,20260602,22,8,2,2026-06-02 10:12:56,2026-06-02 17:42:56,7.5,1,1,3
6202,TCK-16202,20260306,46,2,2,2026-03-06 16:40:02,2026-03-07 08:26:50,15.78,1,1,4
6203,TCK-16203,20251107,42,8,2,2025-11-07 22:30:12,2025-11-09 07:51:48,33.36,1,1,5
6204,TCK-16204,20260418,21,6,2,2026-04-18 09:57:30,,,0,0,3
6205,TCK-16205,20260720,22,6,3,2026-07-20 23:32:42,2026-07-22 02:50:06,27.29,1,1,3
6206,TCK-16206,20260109,30,4,1,2026-01-09 09:05:04,2026-01-10 12:27:16,27.37,1,1,3
6207,TCK-16207,20251219,42,1,1,2025-12-19 12:10:24,2025-12-20 16:55:24,28.75,1,0,4
6208,TCK-16208,20260407,9,1,2,2026-04-07 18:09:01,2026-04-08 10:42:01,16.55,1,1,3
6209,TCK-16209,20251012,49,7,3,2025-10-12 22:59:26,2025-10-14 06:42:02,31.71,1,0,3
6210,TCK-16210,20260512,16,4,1,2026-05-12 10:21:44,,,0,0,4
6211,TCK-16211,20250821,15,4,3,2025-08-21 20:05:16,2025-08-22 07:59:52,11.91,1,1,3
6212,TCK-16212,20250618,44,6,3,2025-06-18 16:51:59,,,0,0,5
6213,TCK-16213,20251126,28,7,2,2025-11-26 06:16:31,2025-11-27 02:11:43,19.92,1,0,4
6214,TCK-16214,20260704,10,1,1,2026-07-04 02:00:02,2026-07-04 17:19:14,15.32,1,1,4
6215,TCK-16215,20250114,36,2,2,2025-01-14 16:45:32,,,0,0,3
6216,TCK-16216,20250313,40,5,3,2025-03-13 12:09:31,2025-03-14 08:36:31,20.45,1,1,
6217,TCK-16217,20250305,23,5,1,2025-03-05 02:09:08,2025-03-05 09:46:20,7.62,1,1,4
6218,TCK-16218,20250610,21,4,2,2025-06-10 15:04:37,2025-06-11 15:43:37,24.65,1,1,4
6219,TCK-16219,20250714,9,3,2,2025-07-14 06:33:01,2025-07-15 04:43:13,22.17,1,0,4
6220,TCK-16220,20260418,29,1,1,2026-04-18 09:19:25,2026-04-18 14:15:49,4.94,1,1,5
6221,TCK-16221,20260515,8,5,3,2026-05-15 23:20:00,2026-05-16 16:17:00,16.95,1,1,4
6222,TCK-16222,20250429,15,3,1,2025-04-29 10:54:43,2025-04-30 02:47:31,15.88,1,0,4
6223,TCK-16223,20250131,5,8,2,2025-01-31 20:14:28,2025-02-01 18:38:28,22.4,1,1,3
6224,TCK-16224,20260625,25,7,3,2026-06-25 21:36:35,2026-06-27 02:40:11,29.06,1,0,3
6225,TCK-16225,20260401,9,4,3,2026-04-01 16:25:02,2026-04-02 02:32:14,10.12,1,1,3
6226,TCK-16226,20260111,24,7,1,2026-01-11 11:41:42,,,0,0,
6227,TCK-16227,20260804,39,2,3,2026-08-04 02:16:59,2026-08-04 11:31:23,9.24,1,1,4
6228,TCK-16228,20250831,24,6,3,2025-08-31 00:05:49,2025-09-01 03:13:37,27.13,1,1,3
6229,TCK-16229,20250920,19,6,3,2025-09-20 11:43:42,2025-09-21 00:22:42,12.65,1,1,
6230,TCK-16230,20250314,50,6,1,2025-03-14 00:08:02,2025-03-14 22:51:14,22.72,1,1,5
6231,TCK-16231,20260316,16,8,1,2026-03-16 00:54:18,,,0,0,
6232,TCK-16232,20251021,3,2,1,2025-10-21 13:34:31,2025-10-22 05:05:07,15.51,1,1,4
6233,TCK-16233,20251118,28,5,3,2025-11-18 09:11:22,2025-11-18 21:26:58,12.26,1,1,5
6234,TCK-16234,20250619,12,7,1,2025-06-19 19:03:47,2025-06-20 16:58:59,21.92,1,0,
6235,TCK-16235,20260127,23,2,1,2026-01-27 15:13:38,2026-01-28 00:32:50,9.32,1,1,3
6236,TCK-16236,20260422,3,7,3,2026-04-22 00:53:24,2026-04-22 04:03:00,3.16,1,1,3
6237,TCK-16237,20250712,50,6,3,2025-07-12 17:40:57,2025-07-13 13:04:57,19.4,1,1,4
6238,TCK-16238,20250225,9,6,3,2025-02-25 09:29:30,2025-02-26 00:42:06,15.21,1,1,4
6239,TCK-16239,20260419,9,8,2,2026-04-19 07:56:10,2026-04-20 03:48:22,19.87,1,1,5
6240,TCK-16240,20250828,36,5,1,2025-08-28 04:44:52,2025-08-29 18:32:52,37.8,1,0,5
6241,TCK-16241,20260627,20,7,1,2026-06-27 06:29:15,,,0,0,3
6242,TCK-16242,20250315,1,3,1,2025-03-15 08:57:26,2025-03-15 18:47:14,9.83,1,1,4
6243,TCK-16243,20251201,4,4,3,2025-12-01 23:18:57,,,0,0,4
6244,TCK-16244,20250504,3,8,1,2025-05-04 22:59:01,2025-05-05 13:27:13,14.47,1,1,4
6245,TCK-16245,20250224,35,1,3,2025-02-24 18:37:57,2025-02-26 00:18:45,29.68,1,0,5
6246,TCK-16246,20250226,2,7,3,2025-02-26 23:33:59,2025-02-27 22:05:47,22.53,1,0,3
6247,TCK-16247,20260618,21,7,2,2026-06-18 21:19:09,2026-06-19 15:23:21,18.07,1,0,3
6248,TCK-16248,20260111,22,6,2,2026-01-11 22:27:53,2026-01-12 19:36:53,21.15,1,1,5
6249,TCK-16249,20250124,22,8,2,2025-01-24 02:38:13,2025-01-24 18:04:01,15.43,1,1,4
6250,TCK-16250,20250521,18,5,3,2025-05-21 05:48:54,2025-05-21 09:56:06,4.12,1,1,5
6251,TCK-16251,20260606,13,6,1,2026-06-06 03:17:38,2026-06-07 08:41:02,29.39,1,1,
6252,TCK-16252,20250123,48,5,1,2025-01-23 23:58:44,2025-01-24 08:11:56,8.22,1,1,5
6253,TCK-16253,20250917,12,4,1,2025-09-17 01:18:37,2025-09-17 06:55:13,5.61,1,1,5
6254,TCK-16254,20251213,32,4,1,2025-12-13 20:22:13,2025-12-13 22:16:13,1.9,1,1,4
6255,TCK-16255,20250811,28,8,3,2025-08-11 01:55:49,2025-08-11 14:32:25,12.61,1,1,5
6256,TCK-16256,20251231,28,3,2,2025-12-31 09:59:51,2025-12-31 16:30:27,6.51,1,1,5
6257,TCK-16257,20260722,44,2,2,2026-07-22 18:31:14,2026-07-23 00:58:14,6.45,1,1,3
6258,TCK-16258,20251002,7,6,3,2025-10-02 21:49:43,2025-10-03 05:37:43,7.8,1,1,
6259,TCK-16259,20260424,35,4,2,2026-04-24 13:07:39,2026-04-24 18:17:51,5.17,1,1,4
6260,TCK-16260,20250410,24,6,2,2025-04-10 01:31:59,2025-04-11 00:27:47,22.93,1,1,3
6261,TCK-16261,20250417,25,7,3,2025-04-17 02:23:35,2025-04-17 16:35:35,14.2,1,0,
6262,TCK-16262,20260530,47,8,1,2026-05-30 14:53:08,2026-06-01 03:47:08,36.9,1,1,3
6263,TCK-16263,20250430,14,7,3,2025-04-30 11:48:25,2025-05-01 11:41:13,23.88,1,0,4
6264,TCK-16264,20250409,5,6,3,2025-04-09 12:39:49,,,0,0,5
6265,TCK-16265,20260719,26,6,1,2026-07-19 04:47:49,2026-07-19 23:55:01,19.12,1,1,4
6266,TCK-16266,20250911,9,1,3,2025-09-11 05:31:45,2025-09-12 12:31:45,31.0,1,0,3
6267,TCK-16267,20260110,29,3,2,2026-01-10 19:53:08,2026-01-10 22:10:32,2.29,1,1,5
6268,TCK-16268,20260801,33,4,2,2026-08-01 20:03:20,2026-08-01 22:42:20,2.65,1,1,5
6269,TCK-16269,20250322,9,2,2,2025-03-22 23:03:41,2025-03-23 18:04:53,19.02,1,1,3
6270,TCK-16270,20260131,34,2,1,2026-01-31 23:29:55,2026-02-02 06:37:07,31.12,1,1,
6271,TCK-16271,20251225,14,8,3,2025-12-25 00:43:20,2025-12-25 14:33:08,13.83,1,1,
6272,TCK-16272,20250602,7,2,1,2025-06-02 11:18:57,2025-06-03 21:49:33,34.51,1,1,3
6273,TCK-16273,20260102,16,5,1,2026-01-02 20:54:51,2026-01-03 08:48:51,11.9,1,1,4
6274,TCK-16274,20260510,49,7,2,2026-05-10 03:41:35,,,0,0,3
6275,TCK-16275,20251004,38,3,3,2025-10-04 06:26:35,2025-10-05 04:40:23,22.23,1,0,5
6276,TCK-16276,20260721,19,4,3,2026-07-21 20:00:49,2026-07-22 16:13:25,20.21,1,1,4
6277,TCK-16277,20260615,23,5,3,2026-06-15 08:21:34,2026-06-16 06:01:10,21.66,1,1,4
6278,TCK-16278,20250513,1,7,3,2025-05-13 03:35:03,2025-05-13 09:26:39,5.86,1,1,4
6279,TCK-16279,20251018,13,8,3,2025-10-18 08:57:17,2025-10-19 21:00:53,36.06,1,1,3
6280,TCK-16280,20251101,32,7,2,2025-11-01 20:09:04,2025-11-03 10:51:04,38.7,1,0,4
6281,TCK-16281,20251011,14,1,2,2025-10-11 09:12:53,2025-10-12 18:14:05,33.02,1,0,5
6282,TCK-16282,20251221,29,3,2,2025-12-21 08:11:51,2025-12-22 13:31:39,29.33,1,0,4
6283,TCK-16283,20260619,20,8,1,2026-06-19 13:33:39,,,0,0,3
6284,TCK-16284,20251207,11,4,1,2025-12-07 07:21:01,2025-12-07 09:39:37,2.31,1,1,3
6285,TCK-16285,20250108,38,7,3,2025-01-08 06:14:33,2025-01-09 04:58:57,22.74,1,0,4
6286,TCK-16286,20260521,34,1,2,2026-05-21 21:45:31,2026-05-23 05:40:07,31.91,1,0,
6287,TCK-16287,20250614,44,3,1,2025-06-14 23:58:02,2025-06-15 12:40:02,12.7,1,0,5
6288,TCK-16288,20250712,4,5,1,2025-07-12 07:43:52,2025-07-12 16:34:16,8.84,1,1,3
6289,TCK-16289,20250225,3,4,2,2025-02-25 04:06:20,2025-02-25 09:51:20,5.75,1,1,5
6290,TCK-16290,20250713,18,7,3,2025-07-13 13:55:21,2025-07-14 05:09:45,15.24,1,0,2
6291,TCK-16291,20251125,45,8,3,2025-11-25 22:07:53,2025-11-26 10:12:41,12.08,1,1,3
6292,TCK-16292,20250615,45,6,1,2025-06-15 19:24:31,2025-06-16 03:28:43,8.07,1,1,4
6293,TCK-16293,20250401,14,3,3,2025-04-01 16:41:34,2025-04-02 01:42:10,9.01,1,1,5
6294,TCK-16294,20250709,20,4,1,2025-07-09 16:51:02,2025-07-10 18:58:14,26.12,1,1,
6295,TCK-16295,20260421,39,3,2,2026-04-21 14:00:48,2026-04-22 13:51:48,23.85,1,0,4
6296,TCK-16296,20260116,28,5,1,2026-01-16 20:17:31,2026-01-17 09:40:55,13.39,1,1,
6297,TCK-16297,20251008,31,3,2,2025-10-08 19:57:01,2025-10-09 18:06:37,22.16,1,0,3
6298,TCK-16298,20260228,24,4,2,2026-02-28 05:52:36,2026-02-28 19:09:24,13.28,1,1,5
6299,TCK-16299,20260629,22,6,1,2026-06-29 04:09:45,,,0,0,5
6300,TCK-16300,20250207,26,5,2,2025-02-07 10:36:27,2025-02-08 12:22:03,25.76,1,0,5
6301,TCK-16301,20251007,11,7,1,2025-10-07 18:58:35,2025-10-07 21:15:59,2.29,1,1,5
6302,TCK-16302,20260129,32,5,2,2026-01-29 18:46:47,2026-01-30 08:52:47,14.1,1,1,5
6303,TCK-16303,20250818,42,2,2,2025-08-18 15:13:48,2025-08-20 00:12:36,32.98,1,1,4
6304,TCK-16304,20250324,49,4,1,2025-03-24 22:25:44,2025-03-25 20:05:20,21.66,1,1,3
6305,TCK-16305,20260324,34,5,2,2026-03-24 16:58:28,2026-03-24 22:42:16,5.73,1,1,
6306,TCK-16306,20250410,6,2,3,2025-04-10 12:39:16,2025-04-11 18:32:04,29.88,1,1,
6307,TCK-16307,20260601,6,8,3,2026-06-01 22:48:29,2026-06-03 03:17:17,28.48,1,1,3
6308,TCK-16308,20251226,2,8,2,2025-12-26 08:04:36,2025-12-27 18:33:24,34.48,1,1,4
6309,TCK-16309,20250506,8,6,3,2025-05-06 15:18:10,2025-05-06 17:58:22,2.67,1,1,5
6310,TCK-16310,20250325,23,1,2,2025-03-25 05:53:10,2025-03-26 10:29:46,28.61,1,0,5
6311,TCK-16311,20250131,30,4,3,2025-01-31 17:07:03,2025-01-31 17:40:03,0.55,1,1,4
6312,TCK-16312,20250430,37,2,3,2025-04-30 01:01:19,2025-04-30 11:42:43,10.69,1,1,4
6313,TCK-16313,20260103,35,2,1,2026-01-03 08:42:41,2026-01-04 14:12:05,29.49,1,1,5
6314,TCK-16314,20250822,50,3,2,2025-08-22 03:41:21,2025-08-22 18:31:45,14.84,1,0,
6315,TCK-16315,20250224,29,7,2,2025-02-24 08:59:43,2025-02-25 02:35:43,17.6,1,0,3
6316,TCK-16316,20251013,21,1,1,2025-10-13 21:02:53,,,0,0,4
6317,TCK-16317,20260528,37,4,2,2026-05-28 08:51:34,2026-05-28 12:39:34,3.8,1,1,5
6318,TCK-16318,20260615,49,7,2,2026-06-15 22:59:18,2026-06-16 11:48:30,12.82,1,0,4
6319,TCK-16319,20250729,23,7,1,2025-07-29 15:02:45,2025-07-30 17:23:45,26.35,1,0,4
6320,TCK-16320,20260126,14,5,3,2026-01-26 02:07:15,,,0,0,4
6321,TCK-16321,20251125,46,8,1,2025-11-25 15:06:57,,,0,0,3
6322,TCK-16322,20260520,33,6,2,2026-05-20 01:47:51,2026-05-20 13:36:27,11.81,1,1,3
6323,TCK-16323,20260609,16,5,3,2026-06-09 20:22:25,2026-06-10 19:50:37,23.47,1,1,
6324,TCK-16324,20260722,22,7,3,2026-07-22 13:29:50,2026-07-23 01:04:38,11.58,1,0,
6325,TCK-16325,20250803,14,8,2,2025-08-03 01:14:41,2025-08-03 14:29:05,13.24,1,1,
6326,TCK-16326,20250123,25,4,1,2025-01-23 07:50:34,,,0,0,4
6327,TCK-16327,20251020,29,6,3,2025-10-20 04:55:53,,,0,0,4
6328,TCK-16328,20260406,13,7,3,2026-04-06 23:33:00,2026-04-07 05:11:24,5.64,1,1,4
6329,TCK-16329,20250122,35,6,3,2025-01-22 14:18:25,2025-01-23 07:33:25,17.25,1,1,4
6330,TCK-16330,20260122,21,6,2,2026-01-22 10:27:24,2026-01-22 13:51:24,3.4,1,1,5
6331,TCK-16331,20250527,40,2,1,2025-05-27 21:51:08,,,0,0,5
6332,TCK-16332,20250825,4,3,1,2025-08-25 15:38:47,,,0,0,4
6333,TCK-16333,20260705,20,3,1,2026-07-05 14:36:45,2026-07-06 05:25:57,14.82,1,0,4
6334,TCK-16334,20251210,13,3,1,2025-12-10 14:53:44,2025-12-11 17:02:44,26.15,1,0,4
6335,TCK-16335,20251222,48,8,3,2025-12-22 19:00:05,2025-12-24 05:03:41,34.06,1,1,5
6336,TCK-16336,20250828,5,3,1,2025-08-28 06:28:00,2025-08-28 19:05:12,12.62,1,0,5
6337,TCK-16337,20251126,36,1,3,2025-11-26 01:59:46,,,0,0,4
6338,TCK-16338,20250609,39,2,1,2025-06-09 17:08:12,,,0,0,4
6339,TCK-16339,20250903,20,7,3,2025-09-03 17:53:09,2025-09-04 07:37:33,13.74,1,0,4
6340,TCK-16340,20250812,44,1,3,2025-08-12 07:35:12,,,0,0,4
6341,TCK-16341,20250313,26,4,3,2025-03-13 09:46:03,2025-03-13 12:10:03,2.4,1,1,5
6342,TCK-16342,20251124,6,6,2,2025-11-24 17:06:32,2025-11-25 16:11:20,23.08,1,1,
6343,TCK-16343,20251023,40,7,3,2025-10-23 21:57:09,2025-10-25 04:50:33,30.89,1,0,3
6344,TCK-16344,20260518,48,4,1,2026-05-18 23:32:37,2026-05-20 07:05:37,31.55,1,1,3
6345,TCK-16345,20250531,42,4,3,2025-05-31 01:04:58,2025-06-01 10:56:34,33.86,1,1,4
6346,TCK-16346,20250612,31,2,1,2025-06-12 07:09:46,2025-06-12 11:34:58,4.42,1,1,2
6347,TCK-16347,20260327,48,8,2,2026-03-27 16:15:51,2026-03-27 20:23:39,4.13,1,1,3
6348,TCK-16348,20250728,35,1,3,2025-07-28 09:48:17,2025-07-28 20:56:41,11.14,1,1,
6349,TCK-16349,20260529,32,5,1,2026-05-29 10:35:16,2026-05-30 16:48:28,30.22,1,0,5
6350,TCK-16350,20250309,4,4,1,2025-03-09 11:28:58,2025-03-10 19:08:34,31.66,1,1,5
6351,TCK-16351,20250629,46,8,3,2025-06-29 07:19:57,2025-06-30 02:58:21,19.64,1,1,5
6352,TCK-16352,20250217,23,5,1,2025-02-17 10:38:43,2025-02-17 18:50:43,8.2,1,1,
6353,TCK-16353,20260728,28,7,1,2026-07-28 09:18:57,2026-07-28 12:09:21,2.84,1,1,4
6354,TCK-16354,20260301,35,7,3,2026-03-01 02:44:30,,,0,0,3
6355,TCK-16355,20250121,47,7,1,2025-01-21 09:10:49,2025-01-22 06:37:13,21.44,1,0,4
6356,TCK-16356,20251113,45,1,1,2025-11-13 02:03:46,2025-11-13 04:13:22,2.16,1,1,5
6357,TCK-16357,20260201,4,3,1,2026-02-01 11:06:07,2026-02-03 03:28:19,40.37,1,0,4
6358,TCK-16358,20260602,10,2,2,2026-06-02 16:01:02,2026-06-03 01:43:02,9.7,1,1,5
6359,TCK-16359,20250125,37,5,2,2025-01-25 11:53:02,2025-01-25 22:21:50,10.48,1,1,3
6360,TCK-16360,20250115,48,2,2,2025-01-15 08:08:51,2025-01-15 21:01:39,12.88,1,1,4
6361,TCK-16361,20260328,35,8,3,2026-03-28 10:59:08,2026-03-29 07:56:08,20.95,1,1,5
6362,TCK-16362,20250827,8,5,2,2025-08-27 07:43:12,2025-08-27 15:42:00,7.98,1,1,5
6363,TCK-16363,20260507,14,2,1,2026-05-07 23:30:00,2026-05-08 04:06:00,4.6,1,1,4
6364,TCK-16364,20260324,2,4,2,2026-03-24 05:29:19,2026-03-25 14:37:43,33.14,1,1,4
6365,TCK-16365,20250726,34,1,3,2025-07-26 05:32:25,,,0,0,3
6366,TCK-16366,20250819,20,7,1,2025-08-19 10:53:17,2025-08-20 01:44:53,14.86,1,0,
6367,TCK-16367,20251119,23,3,2,2025-11-19 14:46:18,2025-11-19 17:46:54,3.01,1,1,4
6368,TCK-16368,20250117,18,4,1,2025-01-17 06:57:56,2025-01-17 17:39:20,10.69,1,1,5
6369,TCK-16369,20260104,8,2,3,2026-01-04 21:32:22,2026-01-05 10:40:10,13.13,1,1,
6370,TCK-16370,20250605,39,7,1,2025-06-05 11:53:34,2025-06-06 04:44:34,16.85,1,0,3
6371,TCK-16371,20250915,42,2,3,2025-09-15 07:28:59,2025-09-16 03:40:23,20.19,1,1,5
6372,TCK-16372,20260126,34,4,3,2026-01-26 23:55:54,2026-01-27 05:58:18,6.04,1,1,5
6373,TCK-16373,20250110,9,1,1,2025-01-10 20:34:01,2025-01-11 05:22:37,8.81,1,1,4
6374,TCK-16374,20260114,39,3,2,2026-01-14 02:13:54,2026-01-14 22:25:54,20.2,1,0,3
6375,TCK-16375,20250412,24,4,3,2025-04-12 08:27:07,2025-04-13 21:37:19,37.17,1,0,
6376,TCK-16376,20250820,33,8,3,2025-08-20 08:01:00,2025-08-21 07:53:12,23.87,1,1,5
6377,TCK-16377,20250413,4,7,3,2025-04-13 23:01:35,2025-04-15 01:53:11,26.86,1,0,4
6378,TCK-16378,20260802,20,8,1,2026-08-02 13:12:11,2026-08-02 18:57:47,5.76,1,1,4
6379,TCK-16379,20250415,13,8,2,2025-04-15 15:20:08,2025-04-16 02:36:20,11.27,1,1,4
6380,TCK-16380,20250919,11,3,3,2025-09-19 00:57:57,2025-09-19 17:53:09,16.92,1,0,
6381,TCK-16381,20250722,37,3,2,2025-07-22 15:53:45,2025-07-22 20:02:45,4.15,1,1,4
6382,TCK-16382,20260729,10,1,1,2026-07-29 15:47:17,2026-07-30 02:38:17,10.85,1,1,3
6383,TCK-16383,20250925,34,8,3,2025-09-25 04:58:14,2025-09-25 07:01:14,2.05,1,1,
6384,TCK-16384,20250705,20,3,2,2025-07-05 03:40:19,2025-07-05 06:32:31,2.87,1,1,4
6385,TCK-16385,20251013,15,7,3,2025-10-13 09:31:29,2025-10-13 18:17:05,8.76,1,0,3
6386,TCK-16386,20250604,43,4,3,2025-06-04 00:22:23,,,0,0,4
6387,TCK-16387,20260422,42,6,3,2026-04-22 00:50:16,2026-04-23 00:33:28,23.72,1,1,4
6388,TCK-16388,20250914,15,1,2,2025-09-14 19:17:35,2025-09-16 02:30:11,31.21,1,0,3
6389,TCK-16389,20260613,25,3,3,2026-06-13 15:18:18,2026-06-13 21:39:18,6.35,1,1,2
6390,TCK-16390,20250527,1,5,3,2025-05-27 19:01:14,,,0,0,
6391,TCK-16391,20250816,1,2,3,2025-08-16 19:05:04,2025-08-17 09:17:40,14.21,1,1,5
6392,TCK-16392,20250622,28,8,3,2025-06-22 02:54:26,,,0,0,3
6393,TCK-16393,20251208,4,5,1,2025-12-08 06:19:59,2025-12-09 19:14:35,36.91,1,0,5
6394,TCK-16394,20250601,33,6,1,2025-06-01 07:35:09,2025-06-01 08:26:45,0.86,1,1,5
6395,TCK-16395,20250329,42,4,2,2025-03-29 18:56:20,2025-03-30 20:20:56,25.41,1,1,4
6396,TCK-16396,20251111,8,3,2,2025-11-11 12:14:22,2025-11-11 16:56:58,4.71,1,1,
6397,TCK-16397,20260301,34,5,2,2026-03-01 06:48:58,2026-03-02 20:12:22,37.39,1,0,3
6398,TCK-16398,20250724,11,1,1,2025-07-24 16:14:48,2025-07-25 13:42:24,21.46,1,1,4
6399,TCK-16399,20251027,31,4,1,2025-10-27 00:10:24,2025-10-27 02:50:36,2.67,1,1,4
6400,TCK-16400,20250911,16,1,1,2025-09-11 03:01:32,2025-09-11 15:36:20,12.58,1,1,5
6401,TCK-16401,20250406,48,1,2,2025-04-06 08:15:42,2025-04-06 23:24:42,15.15,1,1,3
6402,TCK-16402,20260810,3,5,3,2026-08-10 08:42:17,2026-08-11 23:29:05,38.78,1,0,5
6403,TCK-16403,20250528,13,2,3,2025-05-28 09:48:02,2025-05-29 18:35:26,32.79,1,1,3
6404,TCK-16404,20251226,14,2,1,2025-12-26 08:28:12,2025-12-27 03:02:24,18.57,1,1,4
6405,TCK-16405,20260205,23,6,2,2026-02-05 06:18:40,2026-02-06 05:37:52,23.32,1,1,4
6406,TCK-16406,20250424,30,6,2,2025-04-24 17:03:47,2025-04-25 11:29:35,18.43,1,1,4
6407,TCK-16407,20260301,28,4,3,2026-03-01 11:08:34,2026-03-02 00:37:58,13.49,1,1,
6408,TCK-16408,20250704,49,1,3,2025-07-04 14:17:20,2025-07-04 16:24:32,2.12,1,1,2
6409,TCK-16409,20260515,2,3,2,2026-05-15 13:55:12,,,0,0,5
6410,TCK-16410,20250726,19,4,2,2025-07-26 11:48:14,2025-07-27 10:30:14,22.7,1,1,5
6411,TCK-16411,20250301,42,8,1,2025-03-01 19:21:33,2025-03-02 21:09:33,25.8,1,1,4
6412,TCK-16412,20250903,10,7,1,2025-09-03 02:03:11,2025-09-03 09:39:47,7.61,1,1,2
6413,TCK-16413,20251026,44,8,2,2025-10-26 19:12:25,2025-10-27 17:43:37,22.52,1,1,
6414,TCK-16414,20251102,16,1,3,2025-11-02 01:10:58,,,0,0,5
6415,TCK-16415,20250805,40,5,1,2025-08-05 21:37:13,2025-08-07 09:27:01,35.83,1,0,4
6416,TCK-16416,20250721,39,5,2,2025-07-21 11:14:39,2025-07-22 21:57:15,34.71,1,0,3
6417,TCK-16417,20251026,21,2,3,2025-10-26 04:45:51,2025-10-27 05:42:51,24.95,1,1,
6418,TCK-16418,20260505,48,3,2,2026-05-05 01:05:13,2026-05-05 08:03:25,6.97,1,1,3
6419,TCK-16419,20260414,8,3,1,2026-04-14 20:49:58,2026-04-15 22:04:58,25.25,1,0,4
6420,TCK-16420,20250702,31,5,2,2025-07-02 00:49:17,2025-07-02 23:43:53,22.91,1,1,5
6421,TCK-16421,20250414,30,7,3,2025-04-14 22:27:08,2025-04-15 14:51:44,16.41,1,0,4
6422,TCK-16422,20260215,4,7,3,2026-02-15 07:02:02,,,0,0,3
6423,TCK-16423,20250810,46,3,1,2025-08-10 20:49:52,2025-08-11 11:10:16,14.34,1,0,4
6424,TCK-16424,20260109,41,4,3,2026-01-09 13:14:39,2026-01-11 06:30:51,41.27,1,0,5
6425,TCK-16425,20250526,25,2,3,2025-05-26 12:41:55,2025-05-26 22:49:43,10.13,1,1,4
6426,TCK-16426,20260419,23,2,1,2026-04-19 06:19:19,2026-04-19 15:27:43,9.14,1,1,4
6427,TCK-16427,20260405,19,1,3,2026-04-05 19:43:16,2026-04-06 01:58:16,6.25,1,1,2
6428,TCK-16428,20250412,26,4,3,2025-04-12 12:54:26,,,0,0,4
6429,TCK-16429,20260811,29,1,3,2026-08-11 04:36:25,2026-08-11 07:23:13,2.78,1,1,4
6430,TCK-16430,20260517,48,7,3,2026-05-17 14:52:27,2026-05-19 06:59:39,40.12,1,0,4
6431,TCK-16431,20250112,26,8,1,2025-01-12 00:50:51,2025-01-13 06:50:15,29.99,1,1,4
6432,TCK-16432,20250720,46,5,1,2025-07-20 16:14:49,2025-07-22 04:08:49,35.9,1,0,
6433,TCK-16433,20250602,21,2,2,2025-06-02 17:41:08,2025-06-04 05:18:56,35.63,1,1,4
6434,TCK-16434,20260530,42,8,2,2026-05-30 23:46:34,2026-06-01 04:35:46,28.82,1,1,5
6435,TCK-16435,20250925,28,2,2,2025-09-25 01:56:10,2025-09-26 21:39:22,43.72,1,1,4
6436,TCK-16436,20251105,12,3,1,2025-11-05 09:53:24,2025-11-06 16:36:00,30.71,1,0,
6437,TCK-16437,20260212,28,6,3,2026-02-12 13:11:54,2026-02-13 05:33:30,16.36,1,1,4
6438,TCK-16438,20250725,34,4,3,2025-07-25 06:48:36,2025-07-25 16:01:12,9.21,1,1,3
6439,TCK-16439,20250502,37,1,3,2025-05-02 05:49:25,,,0,0,
6440,TCK-16440,20260726,37,7,2,2026-07-26 11:28:28,,,0,0,3
6441,TCK-16441,20260805,21,8,1,2026-08-05 17:16:03,2026-08-06 01:18:27,8.04,1,1,
6442,TCK-16442,20250608,30,6,2,2025-06-08 01:48:39,2025-06-08 06:37:15,4.81,1,1,5
6443,TCK-16443,20260416,27,3,3,2026-04-16 22:38:52,2026-04-17 04:09:28,5.51,1,1,2
6444,TCK-16444,20260224,28,2,3,2026-02-24 17:02:31,2026-02-25 11:23:31,18.35,1,1,4
6445,TCK-16445,20260428,37,2,2,2026-04-28 15:25:24,,,0,0,
6446,TCK-16446,20250126,1,3,1,2025-01-26 20:58:15,2025-01-27 11:49:51,14.86,1,0,4
6447,TCK-16447,20251218,16,3,1,2025-12-18 10:11:09,2025-12-18 20:22:33,10.19,1,1,4
6448,TCK-16448,20260216,46,6,3,2026-02-16 05:40:40,2026-02-17 08:11:52,26.52,1,1,4
6449,TCK-16449,20250916,2,5,3,2025-09-16 03:05:56,2025-09-16 17:05:20,13.99,1,1,4
6450,TCK-16450,20250410,21,6,3,2025-04-10 14:49:24,2025-04-11 18:56:36,28.12,1,1,3
6451,TCK-16451,20250630,39,6,1,2025-06-30 13:09:32,,,0,0,4
6452,TCK-16452,20250606,32,6,3,2025-06-06 01:46:42,2025-06-06 18:58:06,17.19,1,1,4
6453,TCK-16453,20251103,7,1,2,2025-11-03 07:51:11,2025-11-05 05:21:11,45.5,1,0,3
6454,TCK-16454,20250122,3,5,2,2025-01-22 13:38:36,2025-01-22 17:36:12,3.96,1,1,
6455,TCK-16455,20250922,4,8,1,2025-09-22 09:37:03,2025-09-22 23:40:39,14.06,1,1,4
6456,TCK-16456,20250225,40,7,3,2025-02-25 12:45:34,,,0,0,5
6457,TCK-16457,20250713,2,6,3,2025-07-13 19:06:09,2025-07-14 00:09:45,5.06,1,1,4
6458,TCK-16458,20260709,13,1,2,2026-07-09 23:31:21,2026-07-10 11:30:09,11.98,1,1,3
6459,TCK-16459,20250915,49,4,3,2025-09-15 05:53:36,2025-09-16 08:40:24,26.78,1,1,4
6460,TCK-16460,20260521,49,8,3,2026-05-21 06:14:32,2026-05-23 02:17:32,44.05,1,1,4
6461,TCK-16461,20260304,42,4,1,2026-03-04 23:43:41,,,0,0,4
6462,TCK-16462,20250517,50,1,2,2025-05-17 06:52:09,,,0,0,
6463,TCK-16463,20260120,35,7,2,2026-01-20 05:44:58,2026-01-20 19:37:10,13.87,1,0,4
6464,TCK-16464,20251102,15,2,3,2025-11-02 05:57:05,2025-11-03 14:16:17,32.32,1,1,3
6465,TCK-16465,20250623,15,6,2,2025-06-23 22:20:05,2025-06-24 07:18:53,8.98,1,1,4
6466,TCK-16466,20250701,6,8,1,2025-07-01 08:14:09,2025-07-02 13:34:33,29.34,1,1,4
6467,TCK-16467,20260213,45,8,3,2026-02-13 03:29:17,2026-02-13 18:56:17,15.45,1,1,4
6468,TCK-16468,20260618,25,1,2,2026-06-18 08:07:54,2026-06-18 08:55:18,0.79,1,1,4
6469,TCK-16469,20250430,17,8,2,2025-04-30 07:49:11,2025-05-01 14:10:11,30.35,1,1,5
6470,TCK-16470,20260719,4,2,2,2026-07-19 20:48:37,2026-07-20 16:08:25,19.33,1,1,4
6471,TCK-16471,20250818,49,3,1,2025-08-18 06:56:29,2025-08-19 16:45:05,33.81,1,0,4
6472,TCK-16472,20250618,32,7,1,2025-06-18 19:19:12,2025-06-19 10:25:12,15.1,1,0,
6473,TCK-16473,20251008,50,8,1,2025-10-08 10:07:08,2025-10-09 12:15:32,26.14,1,1,3
6474,TCK-16474,20251210,47,3,3,2025-12-10 10:34:24,2025-12-11 03:57:48,17.39,1,0,4
6475,TCK-16475,20260430,10,1,3,2026-04-30 16:27:12,,,0,0,3
6476,TCK-16476,20260206,47,7,2,2026-02-06 23:06:08,2026-02-07 14:47:32,15.69,1,0,
6477,TCK-16477,20251122,23,7,3,2025-11-22 05:56:07,2025-11-22 19:06:55,13.18,1,0,3
6478,TCK-16478,20251209,8,2,2,2025-12-09 12:51:25,2025-12-09 21:04:37,8.22,1,1,4
6479,TCK-16479,20250316,18,2,1,2025-03-16 03:53:08,2025-03-16 10:03:56,6.18,1,1,3
6480,TCK-16480,20250806,11,1,2,2025-08-06 17:40:42,2025-08-07 17:42:30,24.03,1,0,5
6481,TCK-16481,20250214,23,6,2,2025-02-14 16:20:20,2025-02-15 00:02:56,7.71,1,1,4
6482,TCK-16482,20250221,37,1,2,2025-02-21 09:15:37,2025-02-21 13:13:49,3.97,1,1,4
6483,TCK-16483,20260712,41,5,3,2026-07-12 09:49:17,,,0,0,5
6484,TCK-16484,20260110,41,1,3,2026-01-10 19:19:03,2026-01-11 23:16:03,27.95,1,0,5
6485,TCK-16485,20260524,1,1,1,2026-05-24 14:31:12,2026-05-25 18:32:24,28.02,1,0,4
6486,TCK-16486,20250814,11,4,1,2025-08-14 06:12:24,2025-08-15 00:36:24,18.4,1,1,4
6487,TCK-16487,20251228,9,8,3,2025-12-28 07:34:19,2025-12-29 04:31:55,20.96,1,1,5
6488,TCK-16488,20260118,10,2,1,2026-01-18 07:58:15,2026-01-18 19:17:27,11.32,1,1,4
6489,TCK-16489,20250118,50,5,3,2025-01-18 09:48:05,2025-01-18 14:00:05,4.2,1,1,4
6490,TCK-16490,20251130,48,2,1,2025-11-30 09:41:17,2025-12-01 09:03:29,23.37,1,1,4
6491,TCK-16491,20250316,45,5,2,2025-03-16 00:43:44,2025-03-16 17:07:08,16.39,1,1,4
6492,TCK-16492,20260512,31,2,1,2026-05-12 21:37:54,2026-05-13 16:41:30,19.06,1,1,5
6493,TCK-16493,20251107,46,6,1,2025-11-07 20:50:25,2025-11-08 09:06:37,12.27,1,1,4
6494,TCK-16494,20250702,41,1,1,2025-07-02 21:50:19,2025-07-03 16:30:31,18.67,1,1,5
6495,TCK-16495,20260311,22,8,3,2026-03-11 22:40:56,,,0,0,4
6496,TCK-16496,20250313,26,5,1,2025-03-13 08:21:23,,,0,0,
6497,TCK-16497,20250326,16,1,2,2025-03-26 05:33:27,2025-03-26 12:14:51,6.69,1,1,4
6498,TCK-16498,20260529,40,5,2,2026-05-29 21:12:24,2026-05-30 16:17:48,19.09,1,1,3
6499,TCK-16499,20251230,33,2,2,2025-12-30 06:05:56,2025-12-30 10:22:08,4.27,1,1,3
6500,TCK-16500,20251108,5,8,1,2025-11-08 12:07:59,2025-11-09 09:40:23,21.54,1,1,4
6501,TCK-16501,20250822,45,3,2,2025-08-22 19:08:17,2025-08-22 21:55:41,2.79,1,1,
6502,TCK-16502,20251208,11,7,2,2025-12-08 00:32:51,2025-12-09 00:02:51,23.5,1,0,4
6503,TCK-16503,20260808,27,4,3,2026-08-08 13:54:40,2026-08-09 15:42:40,25.8,1,1,3
6504,TCK-16504,20250913,10,8,1,2025-09-13 15:10:16,,,0,0,3
6505,TCK-16505,20250330,11,3,3,2025-03-30 07:14:08,2025-03-31 13:43:32,30.49,1,0,4
6506,TCK-16506,20260102,2,5,2,2026-01-02 12:37:52,,,0,0,4
6507,TCK-16507,20260221,45,6,3,2026-02-21 19:22:42,2026-02-23 01:25:42,30.05,1,1,5
6508,TCK-16508,20250816,18,2,1,2025-08-16 20:48:33,2025-08-17 01:28:09,4.66,1,1,
6509,TCK-16509,20250709,4,6,3,2025-07-09 10:55:25,2025-07-09 21:42:13,10.78,1,1,4
6510,TCK-16510,20250301,20,5,3,2025-03-01 09:09:17,2025-03-02 14:35:05,29.43,1,0,5
6511,TCK-16511,20260209,5,3,2,2026-02-09 01:16:25,2026-02-10 14:38:01,37.36,1,0,4
6512,TCK-16512,20260201,26,5,2,2026-02-01 22:00:58,2026-02-02 15:35:46,17.58,1,1,4
6513,TCK-16513,20260419,14,8,3,2026-04-19 09:30:24,2026-04-20 00:18:24,14.8,1,1,2
6514,TCK-16514,20250630,20,8,1,2025-06-30 08:10:30,2025-07-01 03:36:54,19.44,1,1,4
6515,TCK-16515,20250419,27,8,3,2025-04-19 04:48:47,2025-04-19 18:13:59,13.42,1,1,4
6516,TCK-16516,20260804,39,8,2,2026-08-04 19:54:18,2026-08-05 21:20:42,25.44,1,1,3
6517,TCK-16517,20260719,46,1,2,2026-07-19 03:11:54,2026-07-19 17:26:18,14.24,1,1,
6518,TCK-16518,20260429,28,1,3,2026-04-29 06:09:20,2026-04-30 03:40:32,21.52,1,1,3
6519,TCK-16519,20250613,25,2,1,2025-06-13 08:29:04,,,0,0,4
6520,TCK-16520,20260703,13,7,3,2026-07-03 23:26:57,2026-07-04 20:25:09,20.97,1,0,4
6521,TCK-16521,20250127,33,6,1,2025-01-27 23:30:32,2025-01-28 18:05:20,18.58,1,1,3
6522,TCK-16522,20260120,38,2,2,2026-01-20 04:58:01,,,0,0,4
6523,TCK-16523,20260116,26,8,1,2026-01-16 07:43:35,2026-01-17 13:56:11,30.21,1,1,3
6524,TCK-16524,20250726,9,7,3,2025-07-26 10:18:55,2025-07-27 02:08:07,15.82,1,0,5
6525,TCK-16525,20260713,24,1,2,2026-07-13 18:51:26,2026-07-14 19:58:02,25.11,1,0,5
6526,TCK-16526,20251214,4,3,2,2025-12-14 01:03:17,,,0,0,2
6527,TCK-16527,20260126,26,1,3,2026-01-26 13:00:23,2026-01-27 17:33:23,28.55,1,0,4
6528,TCK-16528,20260531,38,5,1,2026-05-31 02:21:33,2026-05-31 21:01:45,18.67,1,1,5
6529,TCK-16529,20250424,11,8,1,2025-04-24 03:26:34,2025-04-24 07:26:34,4.0,1,1,
6530,TCK-16530,20250921,6,3,3,2025-09-21 19:32:38,2025-09-23 00:15:14,28.71,1,0,3
6531,TCK-16531,20260720,31,2,3,2026-07-20 03:48:59,,,0,0,5
6532,TCK-16532,20260720,49,5,3,2026-07-20 22:12:24,2026-07-21 16:26:12,18.23,1,1,4
6533,TCK-16533,20260202,25,4,1,2026-02-02 20:54:49,2026-02-03 07:09:49,10.25,1,1,4
6534,TCK-16534,20251029,15,4,1,2025-10-29 20:09:27,,,0,0,4
6535,TCK-16535,20250308,28,6,2,2025-03-08 03:49:21,,,0,0,3
6536,TCK-16536,20260128,1,2,2,2026-01-28 09:42:03,2026-01-28 15:29:27,5.79,1,1,4
6537,TCK-16537,20250611,35,2,2,2025-06-11 21:39:24,,,0,0,4
6538,TCK-16538,20251027,29,4,1,2025-10-27 17:46:01,2025-10-29 04:45:25,34.99,1,1,4
6539,TCK-16539,20250425,1,8,1,2025-04-25 18:57:39,2025-04-25 19:56:27,0.98,1,1,3
6540,TCK-16540,20260502,7,6,1,2026-05-02 09:55:23,2026-05-02 22:18:47,12.39,1,1,3
6541,TCK-16541,20260310,36,5,1,2026-03-10 17:18:52,2026-03-11 02:43:28,9.41,1,1,3
6542,TCK-16542,20260118,20,5,1,2026-01-18 14:57:36,2026-01-19 03:10:12,12.21,1,1,4
6543,TCK-16543,20250309,36,8,1,2025-03-09 10:40:27,2025-03-09 16:56:03,6.26,1,1,3
6544,TCK-16544,20251219,6,3,3,2025-12-19 13:05:12,2025-12-19 23:57:24,10.87,1,1,
6545,TCK-16545,20260217,31,4,1,2026-02-17 06:38:57,2026-02-17 20:08:21,13.49,1,1,2
6546,TCK-16546,20260407,50,8,1,2026-04-07 12:33:29,2026-04-07 19:15:29,6.7,1,1,5
6547,TCK-16547,20250324,35,8,1,2025-03-24 21:59:30,2025-03-25 16:58:54,18.99,1,1,4
6548,TCK-16548,20250427,23,8,3,2025-04-27 02:51:31,2025-04-28 18:34:43,39.72,1,1,3
6549,TCK-16549,20250221,27,5,1,2025-02-21 04:07:02,2025-02-22 15:14:14,35.12,1,0,3
6550,TCK-16550,20260306,27,7,3,2026-03-06 15:10:49,2026-03-07 13:03:37,21.88,1,0,3
6551,TCK-16551,20250702,12,4,1,2025-07-02 12:59:13,,,0,0,3
6552,TCK-16552,20260307,13,3,2,2026-03-07 18:32:04,2026-03-08 04:35:40,10.06,1,1,5
6553,TCK-16553,20260415,28,8,1,2026-04-15 03:23:27,2026-04-16 01:39:03,22.26,1,1,4
6554,TCK-16554,20260711,11,1,1,2026-07-11 06:43:49,2026-07-11 11:54:37,5.18,1,1,4
6555,TCK-16555,20250128,25,7,2,2025-01-28 15:43:06,2025-01-29 01:02:18,9.32,1,0,
6556,TCK-16556,20260716,11,7,2,2026-07-16 10:57:12,2026-07-17 04:41:36,17.74,1,0,5
6557,TCK-16557,20250706,22,7,3,2025-07-06 04:09:55,2025-07-06 22:23:43,18.23,1,0,4
6558,TCK-16558,20260505,44,6,3,2026-05-05 20:28:19,2026-05-06 13:05:31,16.62,1,1,
6559,TCK-16559,20250528,19,1,1,2025-05-28 00:45:24,,,0,0,4
6560,TCK-16560,20260527,5,8,1,2026-05-27 00:17:53,2026-05-27 16:21:29,16.06,1,1,5
6561,TCK-16561,20260726,46,1,3,2026-07-26 03:51:31,2026-07-27 01:27:31,21.6,1,1,4
6562,TCK-16562,20250211,16,2,1,2025-02-11 08:24:44,2025-02-12 06:39:08,22.24,1,1,5
6563,TCK-16563,20250409,48,1,3,2025-04-09 13:42:26,2025-04-10 10:27:26,20.75,1,1,4
6564,TCK-16564,20250621,11,7,3,2025-06-21 04:55:53,2025-06-21 20:21:05,15.42,1,0,
6565,TCK-16565,20260108,2,2,1,2026-01-08 00:55:36,,,0,0,4
6566,TCK-16566,20250718,36,5,2,2025-07-18 09:33:35,2025-07-19 03:55:11,18.36,1,1,4
6567,TCK-16567,20260331,45,3,2,2026-03-31 09:00:47,2026-03-31 23:47:35,14.78,1,0,3
6568,TCK-16568,20260424,8,5,2,2026-04-24 11:24:27,,,0,0,
6569,TCK-16569,20250816,6,7,1,2025-08-16 05:15:37,,,0,0,5
6570,TCK-16570,20250210,6,8,2,2025-02-10 06:08:51,2025-02-11 02:18:27,20.16,1,1,4
6571,TCK-16571,20260503,25,8,1,2026-05-03 21:02:55,2026-05-03 21:52:43,0.83,1,1,4
6572,TCK-16572,20250119,4,4,3,2025-01-19 08:21:40,2025-01-19 10:18:40,1.95,1,1,5
6573,TCK-16573,20250111,16,2,3,2025-01-11 08:08:49,,,0,0,
6574,TCK-16574,20251225,4,6,3,2025-12-25 05:30:14,2025-12-25 09:55:26,4.42,1,1,3
6575,TCK-16575,20250710,12,7,2,2025-07-10 08:06:10,2025-07-11 07:07:22,23.02,1,0,4
6576,TCK-16576,20250409,4,5,1,2025-04-09 21:36:22,2025-04-09 22:31:34,0.92,1,1,3
6577,TCK-16577,20250702,17,3,1,2025-07-02 22:56:17,2025-07-03 05:53:53,6.96,1,1,5
6578,TCK-16578,20260811,23,7,1,2026-08-11 20:11:44,2026-08-12 18:04:32,21.88,1,0,
6579,TCK-16579,20251012,45,8,2,2025-10-12 17:24:04,2025-10-13 11:46:16,18.37,1,1,3
6580,TCK-16580,20250502,38,6,3,2025-05-02 09:14:11,2025-05-03 09:01:35,23.79,1,1,3
6581,TCK-16581,20250304,48,6,2,2025-03-04 11:04:32,2025-03-05 02:16:32,15.2,1,1,4
6582,TCK-16582,20260623,1,8,3,2026-06-23 15:58:07,2026-06-24 12:49:43,20.86,1,1,5
6583,TCK-16583,20250608,17,4,1,2025-06-08 01:56:57,2025-06-08 17:49:09,15.87,1,1,4
6584,TCK-16584,20260119,50,6,3,2026-01-19 18:11:20,2026-01-20 04:58:44,10.79,1,1,4
6585,TCK-16585,20250926,1,3,3,2025-09-26 22:27:47,2025-09-27 16:30:11,18.04,1,0,3
6586,TCK-16586,20260325,47,2,1,2026-03-25 04:58:05,2026-03-26 00:00:29,19.04,1,1,4
6587,TCK-16587,20250405,32,2,2,2025-04-05 12:58:44,2025-04-06 09:06:32,20.13,1,1,
6588,TCK-16588,20250619,3,5,1,2025-06-19 13:10:06,2025-06-20 04:02:18,14.87,1,1,2
6589,TCK-16589,20251108,6,1,3,2025-11-08 22:14:40,2025-11-09 09:45:52,11.52,1,1,2
6590,TCK-16590,20250911,22,5,1,2025-09-11 02:43:04,2025-09-11 16:08:52,13.43,1,1,4
6591,TCK-16591,20260419,15,4,1,2026-04-19 04:36:34,2026-04-20 02:34:10,21.96,1,1,2
6592,TCK-16592,20250211,48,2,1,2025-02-11 09:09:54,2025-02-11 22:38:06,13.47,1,1,2
6593,TCK-16593,20260511,48,1,1,2026-05-11 21:47:29,2026-05-13 07:25:53,33.64,1,0,4
6594,TCK-16594,20260627,30,1,3,2026-06-27 11:09:23,2026-06-27 17:41:47,6.54,1,1,2
6595,TCK-16595,20251112,21,4,3,2025-11-12 02:14:07,,,0,0,3
6596,TCK-16596,20251210,35,5,2,2025-12-10 22:07:50,2025-12-11 16:07:50,18.0,1,1,5
6597,TCK-16597,20250212,17,4,2,2025-02-12 05:23:45,2025-02-12 12:30:57,7.12,1,1,4
6598,TCK-16598,20260622,34,2,1,2026-06-22 19:09:40,2026-06-23 15:39:04,20.49,1,1,5
6599,TCK-16599,20251129,35,8,2,2025-11-29 07:05:21,2025-11-29 11:15:33,4.17,1,1,3
6600,TCK-16600,20260211,44,7,2,2026-02-11 22:00:35,2026-02-12 07:02:23,9.03,1,0,2
6601,TCK-16601,20251205,32,8,2,2025-12-05 07:32:48,,,0,0,
6602,TCK-16602,20250819,35,8,2,2025-08-19 11:12:08,2025-08-19 15:14:32,4.04,1,1,4
6603,TCK-16603,20260314,8,1,3,2026-03-14 04:07:38,2026-03-15 08:02:50,27.92,1,0,3
6604,TCK-16604,20250726,38,5,2,2025-07-26 02:26:35,2025-07-27 05:23:35,26.95,1,0,2
6605,TCK-16605,20250317,44,6,3,2025-03-17 12:18:39,2025-03-17 20:17:27,7.98,1,1,3
6606,TCK-16606,20260121,8,5,2,2026-01-21 09:53:36,,,0,0,5
6607,TCK-16607,20250115,40,7,1,2025-01-15 03:30:41,2025-01-16 00:54:05,21.39,1,0,5
6608,TCK-16608,20251003,11,3,2,2025-10-03 13:53:58,,,0,0,
6609,TCK-16609,20251031,25,4,1,2025-10-31 15:58:12,2025-11-01 02:00:36,10.04,1,1,
6610,TCK-16610,20251215,13,8,2,2025-12-15 17:41:36,2025-12-16 17:14:00,23.54,1,1,5
6611,TCK-16611,20250715,16,6,1,2025-07-15 07:04:57,2025-07-15 11:59:33,4.91,1,1,5
6612,TCK-16612,20250707,16,4,1,2025-07-07 08:26:36,2025-07-07 19:13:24,10.78,1,1,5
6613,TCK-16613,20260430,32,4,3,2026-04-30 15:50:10,2026-05-01 00:37:34,8.79,1,1,5
6614,TCK-16614,20260716,33,2,3,2026-07-16 21:17:09,2026-07-18 00:42:57,27.43,1,1,5
6615,TCK-16615,20251230,19,6,2,2025-12-30 11:46:13,2025-12-31 10:46:49,23.01,1,1,4
6616,TCK-16616,20260319,32,4,2,2026-03-19 19:25:19,2026-03-20 04:19:55,8.91,1,1,2
6617,TCK-16617,20251104,34,7,2,2025-11-04 04:21:13,2025-11-05 04:47:37,24.44,1,0,
6618,TCK-16618,20260708,7,1,1,2026-07-08 15:11:07,2026-07-10 00:22:31,33.19,1,0,4
6619,TCK-16619,20250130,45,3,1,2025-01-30 11:27:40,2025-01-30 13:08:28,1.68,1,1,5
6620,TCK-16620,20260222,8,7,3,2026-02-22 23:03:04,2026-02-23 01:46:52,2.73,1,1,2
6621,TCK-16621,20260318,49,4,3,2026-03-18 21:17:03,2026-03-19 03:33:51,6.28,1,1,4
6622,TCK-16622,20260609,5,6,3,2026-06-09 09:02:18,2026-06-10 02:31:06,17.48,1,1,4
6623,TCK-16623,20251106,34,2,3,2025-11-06 18:29:53,2025-11-07 16:14:17,21.74,1,1,5
6624,TCK-16624,20250817,27,6,2,2025-08-17 07:27:26,,,0,0,5
6625,TCK-16625,20251210,15,1,1,2025-12-10 04:55:57,2025-12-11 13:34:21,32.64,1,0,5
6626,TCK-16626,20250628,36,2,1,2025-06-28 17:36:04,2025-06-29 16:09:40,22.56,1,1,
6627,TCK-16627,20250119,40,8,1,2025-01-19 11:57:41,2025-01-19 20:40:53,8.72,1,1,5
6628,TCK-16628,20251207,4,7,3,2025-12-07 12:08:15,,,0,0,4
6629,TCK-16629,20260407,37,5,2,2026-04-07 12:32:33,2026-04-08 06:06:45,17.57,1,1,5
6630,TCK-16630,20250609,33,5,2,2025-06-09 19:20:16,2025-06-10 20:25:40,25.09,1,0,5
6631,TCK-16631,20250212,1,4,1,2025-02-12 07:46:00,2025-02-13 16:44:12,32.97,1,1,5
6632,TCK-16632,20250630,19,3,1,2025-06-30 11:15:47,2025-07-01 11:35:35,24.33,1,0,
6633,TCK-16633,20250113,19,2,3,2025-01-13 00:06:05,2025-01-13 20:21:41,20.26,1,1,5
6634,TCK-16634,20251027,32,2,3,2025-10-27 03:19:24,2025-10-28 03:27:48,24.14,1,1,3
6635,TCK-16635,20250924,41,8,1,2025-09-24 22:15:40,2025-09-25 06:04:16,7.81,1,1,5
6636,TCK-16636,20260118,16,2,2,2026-01-18 07:55:20,2026-01-18 17:57:08,10.03,1,1,4
6637,TCK-16637,20260219,49,5,2,2026-02-19 12:02:03,2026-02-20 00:18:51,12.28,1,1,5
6638,TCK-16638,20250607,6,1,3,2025-06-07 12:06:38,2025-06-07 19:08:26,7.03,1,1,3
6639,TCK-16639,20250228,20,6,3,2025-02-28 01:19:32,,,0,0,5
6640,TCK-16640,20260720,1,6,2,2026-07-20 08:24:36,2026-07-20 19:08:24,10.73,1,1,3
6641,TCK-16641,20260803,45,7,3,2026-08-03 14:29:23,2026-08-05 02:26:59,35.96,1,0,3
6642,TCK-16642,20250325,3,5,1,2025-03-25 22:20:08,2025-03-27 02:42:20,28.37,1,0,4
6643,TCK-16643,20260317,31,6,1,2026-03-17 05:37:45,2026-03-18 02:44:21,21.11,1,1,4
6644,TCK-16644,20250709,50,8,1,2025-07-09 01:37:19,2025-07-09 21:21:07,19.73,1,1,4
6645,TCK-16645,20260715,44,5,1,2026-07-15 20:23:29,2026-07-16 06:39:05,10.26,1,1,
6646,TCK-16646,20250801,10,4,2,2025-08-01 01:45:44,2025-08-01 19:37:56,17.87,1,1,5
6647,TCK-16647,20260423,29,2,3,2026-04-23 08:36:31,2026-04-24 07:57:31,23.35,1,1,3
6648,TCK-16648,20260701,21,6,1,2026-07-01 10:55:15,2026-07-02 20:42:03,33.78,1,1,4
6649,TCK-16649,20250418,18,2,2,2025-04-18 09:15:26,,,0,0,3
6650,TCK-16650,20250829,19,8,1,2025-08-29 00:34:32,2025-08-29 19:54:20,19.33,1,1,3
6651,TCK-16651,20251102,8,5,3,2025-11-02 09:47:09,2025-11-03 10:51:57,25.08,1,0,3
6652,TCK-16652,20250912,13,7,3,2025-09-12 15:21:44,2025-09-13 07:36:08,16.24,1,0,4
6653,TCK-16653,20250102,35,1,3,2025-01-02 13:12:36,2025-01-03 05:25:48,16.22,1,1,
6654,TCK-16654,20250705,43,6,3,2025-07-05 19:24:22,2025-07-06 23:11:10,27.78,1,1,
6655,TCK-16655,20260530,27,5,2,2026-05-30 01:38:35,2026-05-31 05:47:35,28.15,1,0,3
6656,TCK-16656,20260623,7,1,2,2026-06-23 07:17:19,,,0,0,4
6657,TCK-16657,20250508,4,8,3,2025-05-08 08:11:56,,,0,0,5
6658,TCK-16658,20260315,13,4,3,2026-03-15 18:15:24,2026-03-16 10:38:48,16.39,1,1,
6659,TCK-16659,20251102,23,1,2,2025-11-02 18:33:02,2025-11-03 19:40:50,25.13,1,0,4
6660,TCK-16660,20250712,24,1,2,2025-07-12 09:40:37,2025-07-12 18:27:25,8.78,1,1,3
6661,TCK-16661,20250508,39,4,2,2025-05-08 13:24:55,2025-05-09 14:45:19,25.34,1,1,2
6662,TCK-16662,20251211,23,1,2,2025-12-11 20:18:12,2025-12-12 16:09:48,19.86,1,1,4
6663,TCK-16663,20250609,45,4,1,2025-06-09 21:04:45,2025-06-10 20:25:09,23.34,1,1,
6664,TCK-16664,20260516,35,1,1,2026-05-16 15:12:59,2026-05-18 00:30:59,33.3,1,0,4
6665,TCK-16665,20260727,32,8,3,2026-07-27 19:50:52,2026-07-29 01:58:40,30.13,1,1,3
6666,TCK-16666,20260303,45,8,1,2026-03-03 12:27:32,2026-03-04 04:33:32,16.1,1,1,5
6667,TCK-16667,20250203,21,2,2,2025-02-03 19:34:13,2025-02-03 20:43:13,1.15,1,1,4
6668,TCK-16668,20250215,48,5,3,2025-02-15 03:54:58,2025-02-15 17:18:58,13.4,1,1,4
6669,TCK-16669,20260614,40,5,2,2026-06-14 19:33:16,2026-06-15 14:47:40,19.24,1,1,5
6670,TCK-16670,20250702,32,6,1,2025-07-02 11:46:33,2025-07-03 10:50:45,23.07,1,1,3
6671,TCK-16671,20260808,19,6,3,2026-08-08 13:09:55,2026-08-09 14:08:43,24.98,1,1,
6672,TCK-16672,20250519,47,1,1,2025-05-19 12:42:34,,,0,0,5
6673,TCK-16673,20250823,32,1,1,2025-08-23 16:22:20,2025-08-24 08:22:20,16.0,1,1,
6674,TCK-16674,20260121,30,2,3,2026-01-21 02:19:10,2026-01-21 23:42:34,21.39,1,1,4
6675,TCK-16675,20250104,49,8,2,2025-01-04 08:40:49,2025-01-05 11:25:49,26.75,1,1,
6676,TCK-16676,20250702,41,1,1,2025-07-02 20:55:25,,,0,0,4
6677,TCK-16677,20260103,34,8,2,2026-01-03 12:17:08,2026-01-04 16:53:44,28.61,1,1,4
6678,TCK-16678,20250107,5,8,3,2025-01-07 11:49:14,2025-01-08 01:06:02,13.28,1,1,3
6679,TCK-16679,20250921,13,4,2,2025-09-21 06:54:19,2025-09-22 07:44:07,24.83,1,1,4
6680,TCK-16680,20250914,11,1,1,2025-09-14 05:01:58,2025-09-14 21:42:10,16.67,1,1,3
6681,TCK-16681,20250517,26,1,2,2025-05-17 11:42:37,2025-05-18 09:51:37,22.15,1,1,3
6682,TCK-16682,20260531,9,2,1,2026-05-31 09:32:18,2026-06-01 01:17:18,15.75,1,1,4
6683,TCK-16683,20250602,50,8,2,2025-06-02 02:45:39,2025-06-03 00:47:27,22.03,1,1,5
6684,TCK-16684,20260731,47,8,3,2026-07-31 21:05:12,2026-08-01 01:55:36,4.84,1,1,
6685,TCK-16685,20260622,27,2,3,2026-06-22 09:48:37,2026-06-22 12:15:37,2.45,1,1,4
6686,TCK-16686,20260129,10,2,3,2026-01-29 07:44:33,2026-01-30 19:30:09,35.76,1,1,5
6687,TCK-16687,20251219,42,5,2,2025-12-19 00:37:29,2025-12-19 19:52:29,19.25,1,1,
6688,TCK-16688,20260611,15,8,1,2026-06-11 05:45:17,,,0,0,3
6689,TCK-16689,20260524,10,6,3,2026-05-24 01:18:39,2026-05-24 14:54:03,13.59,1,1,3
6690,TCK-16690,20251029,43,7,1,2025-10-29 12:16:30,2025-10-29 20:48:18,8.53,1,0,
6691,TCK-16691,20250314,1,2,1,2025-03-14 11:08:53,2025-03-15 10:04:05,22.92,1,1,
6692,TCK-16692,20251230,49,2,2,2025-12-30 17:34:04,2025-12-31 05:06:28,11.54,1,1,5
6693,TCK-16693,20260605,3,7,2,2026-06-05 21:35:11,2026-06-06 17:00:59,19.43,1,0,
6694,TCK-16694,20250626,11,6,3,2025-06-26 10:46:16,2025-06-27 16:48:04,30.03,1,1,4
6695,TCK-16695,20260713,26,2,2,2026-07-13 21:06:03,2026-07-14 17:24:39,20.31,1,1,5
6696,TCK-16696,20250225,31,3,2,2025-02-25 15:12:03,2025-02-26 09:01:15,17.82,1,0,4
6697,TCK-16697,20251010,29,8,2,2025-10-10 22:21:43,2025-10-12 21:40:19,47.31,1,1,3
6698,TCK-16698,20250718,49,8,1,2025-07-18 00:04:26,2025-07-19 06:56:38,30.87,1,1,5
6699,TCK-16699,20250403,34,6,2,2025-04-03 11:47:36,2025-04-03 19:09:48,7.37,1,1,5
6700,TCK-16700,20250406,41,6,2,2025-04-06 14:09:50,2025-04-07 04:18:14,14.14,1,1,5
6701,TCK-16701,20250406,31,1,1,2025-04-06 09:30:58,,,0,0,4
6702,TCK-16702,20251018,9,3,3,2025-10-18 10:12:06,2025-10-19 01:51:06,15.65,1,0,3
6703,TCK-16703,20250116,36,5,1,2025-01-16 10:17:54,2025-01-16 11:58:42,1.68,1,1,4
6704,TCK-16704,20251007,43,1,3,2025-10-07 05:01:49,,,0,0,3
6705,TCK-16705,20260420,40,1,3,2026-04-20 18:34:50,2026-04-21 00:48:38,6.23,1,1,4
6706,TCK-16706,20260527,36,2,1,2026-05-27 00:54:42,,,0,0,4
6707,TCK-16707,20250925,29,2,2,2025-09-25 22:37:59,2025-09-26 04:54:11,6.27,1,1,4
6708,TCK-16708,20250220,31,6,2,2025-02-20 21:36:33,,,0,0,4
6709,TCK-16709,20260312,47,6,1,2026-03-12 17:11:01,2026-03-12 21:43:25,4.54,1,1,5
6710,TCK-16710,20251103,40,6,2,2025-11-03 01:04:55,,,0,0,4
6711,TCK-16711,20260112,6,5,3,2026-01-12 00:25:32,2026-01-12 14:03:56,13.64,1,1,4
6712,TCK-16712,20260517,25,2,1,2026-05-17 17:31:12,2026-05-19 03:20:24,33.82,1,1,4
6713,TCK-16713,20260226,26,5,3,2026-02-26 14:23:29,2026-02-27 04:58:17,14.58,1,1,3
6714,TCK-16714,20250407,13,1,1,2025-04-07 06:48:46,2025-04-08 06:03:10,23.24,1,1,5
6715,TCK-16715,20251219,40,7,3,2025-12-19 14:06:14,2025-12-19 21:41:38,7.59,1,1,3
6716,TCK-16716,20260309,7,1,1,2026-03-09 17:18:22,2026-03-10 23:39:58,30.36,1,0,5
6717,TCK-16717,20260616,15,1,1,2026-06-16 14:51:59,2026-06-17 05:55:35,15.06,1,1,3
6718,TCK-16718,20260422,47,2,2,2026-04-22 12:52:03,2026-04-22 17:13:39,4.36,1,1,3
6719,TCK-16719,20250614,37,7,1,2025-06-14 04:22:49,,,0,0,4
6720,TCK-16720,20250106,8,7,1,2025-01-06 23:36:35,,,0,0,3
6721,TCK-16721,20250520,29,8,1,2025-05-20 01:27:25,2025-05-21 20:16:01,42.81,1,1,4
6722,TCK-16722,20250808,32,6,3,2025-08-08 00:15:29,2025-08-08 19:49:41,19.57,1,1,5
6723,TCK-16723,20260613,50,1,3,2026-06-13 06:00:45,2026-06-14 07:07:57,25.12,1,0,3
6724,TCK-16724,20260306,18,8,1,2026-03-06 15:09:37,2026-03-06 17:55:13,2.76,1,1,
6725,TCK-16725,20260408,14,2,2,2026-04-08 22:39:33,2026-04-09 22:43:09,24.06,1,1,
6726,TCK-16726,20250102,10,5,2,2025-01-02 05:44:46,2025-01-02 06:36:58,0.87,1,1,4
6727,TCK-16727,20250103,32,8,3,2025-01-03 17:56:28,2025-01-04 19:11:28,25.25,1,1,3
6728,TCK-16728,20251001,12,5,3,2025-10-01 09:15:05,2025-10-02 19:47:29,34.54,1,0,4
6729,TCK-16729,20250808,2,3,1,2025-08-08 12:30:41,,,0,0,5
6730,TCK-16730,20250927,47,6,3,2025-09-27 04:31:01,2025-09-28 00:43:01,20.2,1,1,5
6731,TCK-16731,20250831,4,2,3,2025-08-31 08:12:01,,,0,0,
6732,TCK-16732,20251111,22,4,1,2025-11-11 11:01:50,,,0,0,5
6733,TCK-16733,20260712,23,8,3,2026-07-12 22:25:33,2026-07-13 01:43:33,3.3,1,1,4
6734,TCK-16734,20260326,42,5,2,2026-03-26 08:34:56,2026-03-27 10:54:08,26.32,1,0,5
6735,TCK-16735,20250109,22,5,1,2025-01-09 09:26:17,,,0,0,
6736,TCK-16736,20260201,9,8,2,2026-02-01 11:52:52,2026-02-02 14:28:16,26.59,1,1,
6737,TCK-16737,20250603,6,7,2,2025-06-03 08:22:01,2025-06-03 20:49:01,12.45,1,0,4
6738,TCK-16738,20260722,8,5,3,2026-07-22 03:06:44,2026-07-22 22:54:44,19.8,1,1,4
6739,TCK-16739,20250616,42,7,3,2025-06-16 13:46:11,2025-06-17 13:16:11,23.5,1,0,3
6740,TCK-16740,20250719,25,3,1,2025-07-19 02:50:19,2025-07-20 01:06:31,22.27,1,0,
6741,TCK-16741,20250808,17,3,2,2025-08-08 05:37:22,2025-08-09 01:13:22,19.6,1,0,4
6742,TCK-16742,20260204,45,7,3,2026-02-04 09:09:36,2026-02-05 03:04:48,17.92,1,0,3
6743,TCK-16743,20260519,9,5,2,2026-05-19 21:13:04,2026-05-20 02:37:04,5.4,1,1,4
6744,TCK-16744,20260203,18,1,2,2026-02-03 04:01:13,2026-02-04 16:10:49,36.16,1,0,3
6745,TCK-16745,20260504,28,2,3,2026-05-04 06:18:44,2026-05-04 18:23:32,12.08,1,1,4
6746,TCK-16746,20260420,2,2,2,2026-04-20 20:35:49,2026-04-21 16:37:37,20.03,1,1,5
6747,TCK-16747,20250111,9,5,3,2025-01-11 15:03:12,2025-01-12 12:17:36,21.24,1,1,5
6748,TCK-16748,20250929,15,2,3,2025-09-29 04:19:31,2025-09-29 17:49:31,13.5,1,1,3
6749,TCK-16749,20251119,9,3,1,2025-11-19 22:28:51,2025-11-21 08:45:39,34.28,1,0,5
6750,TCK-16750,20260809,33,1,2,2026-08-09 11:52:10,2026-08-10 04:38:58,16.78,1,1,5
6751,TCK-16751,20260223,20,6,2,2026-02-23 12:13:38,2026-02-24 08:05:50,19.87,1,1,
6752,TCK-16752,20250904,14,1,2,2025-09-04 11:59:31,2025-09-05 03:15:07,15.26,1,1,4
6753,TCK-16753,20260417,26,8,2,2026-04-17 11:26:17,2026-04-17 13:43:05,2.28,1,1,2
6754,TCK-16754,20250406,46,5,3,2025-04-06 07:19:44,2025-04-07 21:25:44,38.1,1,0,2
6755,TCK-16755,20250620,14,5,1,2025-06-20 09:49:09,2025-06-20 10:40:45,0.86,1,1,4
6756,TCK-16756,20251018,9,4,3,2025-10-18 23:18:44,2025-10-19 00:40:56,1.37,1,1,
6757,TCK-16757,20250117,1,7,1,2025-01-17 09:36:32,2025-01-18 07:26:56,21.84,1,0,
6758,TCK-16758,20250716,36,2,3,2025-07-16 13:23:04,2025-07-17 06:39:52,17.28,1,1,5
6759,TCK-16759,20260508,15,2,3,2026-05-08 13:22:13,2026-05-09 13:33:37,24.19,1,1,5
6760,TCK-16760,20250118,6,4,2,2025-01-18 17:03:31,2025-01-19 13:44:19,20.68,1,1,4
6761,TCK-16761,20260117,18,4,2,2026-01-17 03:13:58,2026-01-17 19:28:58,16.25,1,1,5
6762,TCK-16762,20250602,47,5,1,2025-06-02 22:52:02,2025-06-04 06:34:02,31.7,1,0,4
6763,TCK-16763,20250410,10,4,1,2025-04-10 11:21:58,2025-04-11 05:25:34,18.06,1,1,5
6764,TCK-16764,20260326,5,3,2,2026-03-26 03:27:25,2026-03-26 05:39:25,2.2,1,1,4
6765,TCK-16765,20250422,6,2,3,2025-04-22 20:30:49,2025-04-24 12:24:49,39.9,1,1,
6766,TCK-16766,20250604,16,1,3,2025-06-04 22:22:12,2025-06-05 00:26:24,2.07,1,1,5
6767,TCK-16767,20250609,38,2,2,2025-06-09 02:41:26,2025-06-09 12:13:50,9.54,1,1,5
6768,TCK-16768,20260223,19,2,1,2026-02-23 17:31:11,2026-02-24 18:28:47,24.96,1,1,
6769,TCK-16769,20260713,14,2,2,2026-07-13 08:22:02,,,0,0,4
6770,TCK-16770,20250401,15,7,2,2025-04-01 06:42:06,2025-04-02 08:09:42,25.46,1,0,5
6771,TCK-16771,20250919,13,3,2,2025-09-19 22:42:24,2025-09-20 00:01:00,1.31,1,1,
6772,TCK-16772,20250702,25,4,3,2025-07-02 02:21:14,2025-07-03 11:24:14,33.05,1,1,4
6773,TCK-16773,20260306,19,1,1,2026-03-06 23:07:44,2026-03-08 13:58:08,38.84,1,0,5
6774,TCK-16774,20260117,29,5,2,2026-01-17 07:39:12,2026-01-18 01:16:24,17.62,1,1,
6775,TCK-16775,20250422,34,8,2,2025-04-22 06:54:43,2025-04-23 04:10:55,21.27,1,1,5
6776,TCK-16776,20250306,18,7,3,2025-03-06 14:22:07,2025-03-07 02:49:43,12.46,1,0,3
6777,TCK-16777,20251211,10,6,3,2025-12-11 10:16:32,2025-12-11 13:26:44,3.17,1,1,4
6778,TCK-16778,20250723,10,7,1,2025-07-23 21:21:49,2025-07-24 00:48:13,3.44,1,1,
6779,TCK-16779,20250305,45,4,1,2025-03-05 15:55:08,2025-03-05 17:08:56,1.23,1,1,4
6780,TCK-16780,20260218,28,4,2,2026-02-18 14:12:06,,,0,0,3
6781,TCK-16781,20260616,12,7,3,2026-06-16 12:15:13,2026-06-16 20:48:13,8.55,1,0,
6782,TCK-16782,20251022,6,2,1,2025-10-22 06:54:45,2025-10-23 04:02:33,21.13,1,1,4
6783,TCK-16783,20250615,17,4,3,2025-06-15 14:10:32,,,0,0,2
6784,TCK-16784,20260112,27,2,2,2026-01-12 23:39:48,2026-01-13 22:08:00,22.47,1,1,4
6785,TCK-16785,20260417,20,8,2,2026-04-17 14:58:01,2026-04-18 01:37:01,10.65,1,1,4
6786,TCK-16786,20250608,38,3,3,2025-06-08 08:55:47,2025-06-09 20:37:11,35.69,1,0,5
6787,TCK-16787,20251116,34,7,3,2025-11-16 06:48:37,2025-11-17 06:44:25,23.93,1,0,3
6788,TCK-16788,20250529,26,7,1,2025-05-29 13:12:34,2025-05-30 08:25:46,19.22,1,0,
6789,TCK-16789,20260530,45,5,2,2026-05-30 21:42:30,2026-05-31 21:56:54,24.24,1,0,4
6790,TCK-16790,20250505,43,1,1,2025-05-05 20:40:53,,,0,0,3
6791,TCK-16791,20250707,38,7,2,2025-07-07 15:38:52,2025-07-08 04:46:40,13.13,1,0,5
6792,TCK-16792,20260227,42,3,3,2026-02-27 09:20:58,2026-02-28 16:39:34,31.31,1,0,2
6793,TCK-16793,20251222,47,2,3,2025-12-22 19:05:40,2025-12-23 13:32:04,18.44,1,1,3
6794,TCK-16794,20251114,20,4,2,2025-11-14 21:28:30,2025-11-16 04:18:18,30.83,1,1,5
6795,TCK-16795,20250430,47,5,1,2025-04-30 08:28:49,2025-04-30 20:29:25,12.01,1,1,
6796,TCK-16796,20250527,31,7,1,2025-05-27 11:32:54,2025-05-27 19:05:18,7.54,1,1,3
6797,TCK-16797,20260604,8,3,2,2026-06-04 00:16:23,2026-06-04 16:55:23,16.65,1,0,5
6798,TCK-16798,20250422,11,6,1,2025-04-22 20:52:43,,,0,0,4
6799,TCK-16799,20260310,24,5,2,2026-03-10 23:47:14,2026-03-12 04:23:14,28.6,1,0,5
6800,TCK-16800,20260415,20,8,1,2026-04-15 01:45:10,2026-04-15 14:21:46,12.61,1,1,4
6801,TCK-16801,20260606,25,6,1,2026-06-06 05:07:46,,,0,0,
6802,TCK-16802,20250503,33,4,2,2025-05-03 07:49:59,2025-05-03 09:28:59,1.65,1,1,2
6803,TCK-16803,20260319,40,6,1,2026-03-19 20:11:44,2026-03-20 16:28:32,20.28,1,1,4
6804,TCK-16804,20260107,15,8,1,2026-01-07 19:04:50,,,0,0,3
6805,TCK-16805,20250623,11,6,2,2025-06-23 19:09:39,2025-06-23 22:24:03,3.24,1,1,5
6806,TCK-16806,20251124,36,5,2,2025-11-24 10:53:18,2025-11-25 20:48:30,33.92,1,0,3
6807,TCK-16807,20250424,37,8,1,2025-04-24 05:38:32,2025-04-25 17:36:44,35.97,1,1,3
6808,TCK-16808,20250830,24,4,3,2025-08-30 14:01:54,2025-08-31 03:28:18,13.44,1,1,4
6809,TCK-16809,20251229,6,2,2,2025-12-29 11:56:53,2025-12-30 09:32:17,21.59,1,1,5
6810,TCK-16810,20250510,27,2,2,2025-05-10 02:56:22,2025-05-11 15:52:10,36.93,1,1,4
6811,TCK-16811,20251017,32,7,1,2025-10-17 15:03:15,2025-10-18 01:26:39,10.39,1,0,2
6812,TCK-16812,20250225,46,7,3,2025-02-25 04:24:40,2025-02-26 17:33:04,37.14,1,0,4
6813,TCK-16813,20250820,22,5,1,2025-08-20 02:34:40,2025-08-20 11:16:04,8.69,1,1,4
6814,TCK-16814,20250507,47,8,2,2025-05-07 14:10:29,2025-05-08 15:31:29,25.35,1,1,5
6815,TCK-16815,20260118,49,2,1,2026-01-18 17:50:35,2026-01-19 13:57:11,20.11,1,1,5
6816,TCK-16816,20251003,6,2,2,2025-10-03 21:47:44,2025-10-04 17:50:08,20.04,1,1,5
6817,TCK-16817,20250220,31,1,3,2025-02-20 13:17:42,,,0,0,
6818,TCK-16818,20250627,5,8,3,2025-06-27 21:20:14,2025-06-28 18:46:02,21.43,1,1,5
6819,TCK-16819,20250706,22,6,3,2025-07-06 08:40:01,2025-07-07 09:45:25,25.09,1,1,3
6820,TCK-16820,20260106,8,3,1,2026-01-06 17:04:07,2026-01-07 04:53:19,11.82,1,1,
6821,TCK-16821,20250715,23,4,3,2025-07-15 03:04:49,2025-07-15 09:11:25,6.11,1,1,3
6822,TCK-16822,20250531,9,2,2,2025-05-31 06:16:20,2025-06-01 21:30:44,39.24,1,1,5
6823,TCK-16823,20250318,31,1,3,2025-03-18 23:54:13,2025-03-20 05:41:01,29.78,1,0,4
6824,TCK-16824,20250305,36,1,3,2025-03-05 12:48:00,2025-03-07 00:31:48,35.73,1,0,
6825,TCK-16825,20251230,2,7,2,2025-12-30 03:05:34,2025-12-30 13:25:58,10.34,1,0,4
6826,TCK-16826,20251015,19,2,3,2025-10-15 01:29:39,2025-10-16 18:12:51,40.72,1,1,3
6827,TCK-16827,20250414,15,4,2,2025-04-14 14:12:47,2025-04-15 07:08:35,16.93,1,1,5
6828,TCK-16828,20251025,10,6,1,2025-10-25 20:45:05,2025-10-27 07:38:29,34.89,1,1,5
6829,TCK-16829,20260717,27,2,1,2026-07-17 18:08:55,,,0,0,5
6830,TCK-16830,20250628,41,4,2,2025-06-28 15:15:34,2025-06-30 02:40:46,35.42,1,1,4
6831,TCK-16831,20260224,2,6,2,2026-02-24 19:17:20,2026-02-25 01:01:08,5.73,1,1,4
6832,TCK-16832,20260119,40,4,1,2026-01-19 15:36:42,2026-01-20 07:23:30,15.78,1,1,4
6833,TCK-16833,20250916,48,4,3,2025-09-16 08:52:51,,,0,0,3
6834,TCK-16834,20260721,42,1,2,2026-07-21 09:21:29,,,0,0,3
6835,TCK-16835,20250305,42,5,3,2025-03-05 23:51:10,2025-03-06 19:44:34,19.89,1,1,5
6836,TCK-16836,20260131,42,2,2,2026-01-31 10:58:43,2026-02-02 09:11:19,46.21,1,1,4
6837,TCK-16837,20260604,5,1,1,2026-06-04 07:28:26,,,0,0,4
6838,TCK-16838,20250813,42,2,3,2025-08-13 15:33:03,2025-08-14 10:58:15,19.42,1,1,
6839,TCK-16839,20251002,33,8,1,2025-10-02 08:44:50,2025-10-02 17:21:26,8.61,1,1,5
6840,TCK-16840,20260427,26,3,2,2026-04-27 04:05:52,,,0,0,
6841,TCK-16841,20250108,6,6,1,2025-01-08 18:17:23,2025-01-09 10:02:23,15.75,1,1,4
6842,TCK-16842,20251216,27,3,1,2025-12-16 11:05:19,2025-12-17 17:05:19,30.0,1,0,
6843,TCK-16843,20260609,35,1,1,2026-06-09 17:47:33,2026-06-11 10:03:09,40.26,1,0,4
6844,TCK-16844,20260414,16,2,2,2026-04-14 14:10:10,2026-04-15 00:47:58,10.63,1,1,5
6845,TCK-16845,20251013,49,4,1,2025-10-13 18:14:22,2025-10-14 08:13:10,13.98,1,1,4
6846,TCK-16846,20260420,10,8,1,2026-04-20 13:55:59,,,0,0,3
6847,TCK-16847,20260428,29,1,1,2026-04-28 14:15:05,2026-04-29 14:40:17,24.42,1,0,2
6848,TCK-16848,20251123,43,4,2,2025-11-23 18:14:13,2025-11-24 07:02:49,12.81,1,1,4
6849,TCK-16849,20260812,19,2,3,2026-08-12 08:02:42,2026-08-13 00:29:06,16.44,1,1,5
6850,TCK-16850,20260415,15,8,1,2026-04-15 19:52:53,,,0,0,4
6851,TCK-16851,20250218,49,3,1,2025-02-18 14:24:54,2025-02-19 07:57:18,17.54,1,0,3
6852,TCK-16852,20260420,35,6,2,2026-04-20 01:16:09,2026-04-22 01:40:09,48.4,1,1,5
6853,TCK-16853,20250913,46,7,2,2025-09-13 04:53:23,,,0,0,4
6854,TCK-16854,20250108,32,7,1,2025-01-08 05:35:40,2025-01-09 20:32:40,38.95,1,0,4
6855,TCK-16855,20260105,2,4,3,2026-01-05 14:07:09,2026-01-06 20:26:21,30.32,1,1,3
6856,TCK-16856,20260129,39,7,1,2026-01-29 21:57:24,2026-01-30 17:19:36,19.37,1,0,3
6857,TCK-16857,20250302,37,3,3,2025-03-02 20:51:16,2025-03-02 22:18:52,1.46,1,1,4
6858,TCK-16858,20260217,41,7,1,2026-02-17 16:33:36,2026-02-17 18:42:36,2.15,1,1,4
6859,TCK-16859,20250320,5,4,1,2025-03-20 21:52:52,2025-03-21 17:31:16,19.64,1,1,4
6860,TCK-16860,20251130,31,3,1,2025-11-30 06:19:44,2025-11-30 19:37:44,13.3,1,0,5
6861,TCK-16861,20260301,20,1,2,2026-03-01 05:16:01,,,0,0,4
6862,TCK-16862,20250809,26,5,1,2025-08-09 02:27:46,2025-08-09 13:35:34,11.13,1,1,3
6863,TCK-16863,20250224,4,2,2,2025-02-24 01:14:14,2025-02-25 08:52:38,31.64,1,1,
6864,TCK-16864,20250430,9,8,2,2025-04-30 04:47:58,2025-05-01 05:13:46,24.43,1,1,
6865,TCK-16865,20251130,35,1,3,2025-11-30 13:37:59,2025-11-30 15:11:35,1.56,1,1,
6866,TCK-16866,20250223,32,2,3,2025-02-23 16:56:32,2025-02-24 05:18:44,12.37,1,1,4
6867,TCK-16867,20250829,22,1,2,2025-08-29 00:48:35,,,0,0,3
6868,TCK-16868,20250820,29,7,2,2025-08-20 08:39:20,,,0,0,4
6869,TCK-16869,20251129,6,7,1,2025-11-29 22:02:02,2025-11-30 19:05:02,21.05,1,0,3
6870,TCK-16870,20260203,19,2,3,2026-02-03 11:04:27,,,0,0,2
6871,TCK-16871,20251124,5,3,2,2025-11-24 04:25:05,2025-11-24 07:32:53,3.13,1,1,3
6872,TCK-16872,20260501,16,7,3,2026-05-01 04:56:01,,,0,0,4
6873,TCK-16873,20251119,42,5,3,2025-11-19 08:29:05,2025-11-20 10:05:05,25.6,1,0,
6874,TCK-16874,20260722,17,7,1,2026-07-22 02:14:01,,,0,0,5
6875,TCK-16875,20260116,10,4,2,2026-01-16 20:58:25,2026-01-17 11:02:37,14.07,1,1,3
6876,TCK-16876,20260724,22,4,1,2026-07-24 02:59:34,2026-07-24 05:03:10,2.06,1,1,
6877,TCK-16877,20250129,6,7,2,2025-01-29 02:02:27,,,0,0,5
6878,TCK-16878,20260604,23,2,3,2026-06-04 02:50:24,2026-06-04 06:51:36,4.02,1,1,3
6879,TCK-16879,20260315,13,7,2,2026-03-15 12:49:07,2026-03-16 12:05:19,23.27,1,0,
6880,TCK-16880,20250228,24,8,3,2025-02-28 07:52:29,2025-03-01 02:53:41,19.02,1,1,4
6881,TCK-16881,20250620,19,6,1,2025-06-20 21:42:52,2025-06-21 19:20:40,21.63,1,1,5
6882,TCK-16882,20250306,20,2,1,2025-03-06 10:52:45,2025-03-06 23:20:57,12.47,1,1,4
6883,TCK-16883,20260411,35,4,1,2026-04-11 06:01:02,2026-04-11 08:54:26,2.89,1,1,
6884,TCK-16884,20260602,11,4,3,2026-06-02 18:28:38,2026-06-03 02:57:26,8.48,1,1,2
6885,TCK-16885,20251031,28,8,2,2025-10-31 20:06:01,2025-11-01 21:48:01,25.7,1,1,
6886,TCK-16886,20251007,39,3,2,2025-10-07 23:00:12,2025-10-08 08:29:36,9.49,1,1,4
6887,TCK-16887,20260609,38,4,1,2026-06-09 08:46:20,2026-06-10 07:55:56,23.16,1,1,5
6888,TCK-16888,20250919,46,5,3,2025-09-19 04:10:32,2025-09-20 07:24:20,27.23,1,0,4
6889,TCK-16889,20250727,48,4,2,2025-07-27 04:22:56,2025-07-28 01:09:08,20.77,1,1,4
6890,TCK-16890,20250112,14,4,3,2025-01-12 11:27:06,2025-01-12 23:04:18,11.62,1,1,4
6891,TCK-16891,20250731,9,4,2,2025-07-31 22:55:53,2025-08-01 22:12:41,23.28,1,1,3
6892,TCK-16892,20260115,48,2,1,2026-01-15 23:40:11,2026-01-16 08:17:59,8.63,1,1,4
6893,TCK-16893,20250810,36,1,3,2025-08-10 21:46:03,2025-08-11 11:51:27,14.09,1,1,4
6894,TCK-16894,20250306,42,1,3,2025-03-06 06:33:51,2025-03-07 09:16:27,26.71,1,0,
6895,TCK-16895,20250119,11,7,1,2025-01-19 16:09:35,2025-01-20 00:53:59,8.74,1,0,3
6896,TCK-16896,20250930,8,2,3,2025-09-30 07:13:48,2025-10-01 23:30:36,40.28,1,1,4
6897,TCK-16897,20250912,35,7,1,2025-09-12 11:32:45,2025-09-12 20:18:21,8.76,1,0,5
6898,TCK-16898,20260323,43,8,2,2026-03-23 16:02:29,2026-03-24 06:38:29,14.6,1,1,4
6899,TCK-16899,20250612,18,7,2,2025-06-12 06:41:22,,,0,0,5
6900,TCK-16900,20250129,18,5,3,2025-01-29 22:46:49,2025-01-30 15:28:49,16.7,1,1,2
6901,TCK-16901,20250919,24,1,2,2025-09-19 04:50:53,,,0,0,4
6902,TCK-16902,20260720,38,5,3,2026-07-20 01:05:19,2026-07-20 04:55:07,3.83,1,1,4
6903,TCK-16903,20250421,13,4,2,2025-04-21 10:57:39,2025-04-22 06:31:51,19.57,1,1,3
6904,TCK-16904,20250910,4,2,2,2025-09-10 08:34:54,2025-09-10 21:52:54,13.3,1,1,5
6905,TCK-16905,20250626,13,8,3,2025-06-26 13:12:13,2025-06-27 05:59:37,16.79,1,1,4
6906,TCK-16906,20260122,23,2,2,2026-01-22 13:51:05,,,0,0,4
6907,TCK-16907,20260622,4,5,3,2026-06-22 22:38:51,,,0,0,3
6908,TCK-16908,20250214,31,2,1,2025-02-14 12:07:06,2025-02-15 14:02:54,25.93,1,1,4
6909,TCK-16909,20250112,27,6,3,2025-01-12 12:58:22,2025-01-13 11:58:58,23.01,1,1,4
6910,TCK-16910,20251105,39,6,1,2025-11-05 09:13:27,2025-11-06 02:19:27,17.1,1,1,3
6911,TCK-16911,20260209,43,5,3,2026-02-09 23:48:04,2026-02-10 07:42:04,7.9,1,1,4
6912,TCK-16912,20250514,34,8,2,2025-05-14 13:41:13,2025-05-14 17:26:13,3.75,1,1,3
6913,TCK-16913,20250218,42,8,1,2025-02-18 07:27:22,,,0,0,4
6914,TCK-16914,20250914,29,5,2,2025-09-14 06:12:19,,,0,0,3
6915,TCK-16915,20251213,21,8,1,2025-12-13 10:50:01,2025-12-15 03:20:01,40.5,1,1,4
6916,TCK-16916,20250402,48,5,1,2025-04-02 15:46:08,,,0,0,3
6917,TCK-16917,20260603,33,4,1,2026-06-03 11:15:47,2026-06-05 09:31:23,46.26,1,0,4
6918,TCK-16918,20260618,22,1,1,2026-06-18 10:55:09,2026-06-19 09:19:09,22.4,1,1,4
6919,TCK-16919,20251211,34,8,3,2025-12-11 15:30:32,2025-12-12 14:51:32,23.35,1,1,4
6920,TCK-16920,20250331,2,5,1,2025-03-31 02:33:26,2025-03-31 23:25:38,20.87,1,1,3
6921,TCK-16921,20260606,6,5,1,2026-06-06 17:05:18,2026-06-07 13:52:06,20.78,1,1,3
6922,TCK-16922,20250510,45,2,3,2025-05-10 14:05:41,2025-05-11 12:00:17,21.91,1,1,4
6923,TCK-16923,20251005,38,4,1,2025-10-05 16:10:47,2025-10-06 05:04:47,12.9,1,1,3
6924,TCK-16924,20250927,39,5,1,2025-09-27 13:14:23,2025-09-28 11:34:47,22.34,1,1,
6925,TCK-16925,20250721,35,7,3,2025-07-21 10:17:30,,,0,0,4
6926,TCK-16926,20250709,29,5,3,2025-07-09 14:16:43,2025-07-10 21:47:19,31.51,1,0,5
6927,TCK-16927,20250512,5,1,2,2025-05-12 07:12:27,2025-05-14 01:07:03,41.91,1,0,
6928,TCK-16928,20251206,7,3,3,2025-12-06 11:17:59,2025-12-07 10:20:23,23.04,1,0,5
6929,TCK-16929,20250121,43,8,2,2025-01-21 08:43:06,2025-01-21 19:03:30,10.34,1,1,2
6930,TCK-16930,20260209,14,7,1,2026-02-09 08:12:09,2026-02-09 13:33:45,5.36,1,1,3
6931,TCK-16931,20260602,9,7,1,2026-06-02 14:28:20,2026-06-04 02:52:20,36.4,1,0,3
6932,TCK-16932,20250603,19,1,1,2025-06-03 02:51:00,,,0,0,3
6933,TCK-16933,20250105,27,6,2,2025-01-05 02:43:36,2025-01-05 13:18:24,10.58,1,1,4
6934,TCK-16934,20260803,14,8,3,2026-08-03 23:11:31,,,0,0,3
6935,TCK-16935,20250202,41,4,2,2025-02-02 22:54:57,2025-02-03 13:56:45,15.03,1,1,4
6936,TCK-16936,20260701,44,8,3,2026-07-01 19:40:11,2026-07-02 04:11:59,8.53,1,1,4
6937,TCK-16937,20260617,16,4,3,2026-06-17 02:56:00,2026-06-17 21:59:00,19.05,1,1,
6938,TCK-16938,20250715,48,1,3,2025-07-15 02:39:21,2025-07-15 08:57:57,6.31,1,1,
6939,TCK-16939,20260209,50,7,2,2026-02-09 15:18:55,2026-02-10 01:50:07,10.52,1,0,5
6940,TCK-16940,20251203,42,3,1,2025-12-03 00:23:19,2025-12-03 04:37:43,4.24,1,1,4
6941,TCK-16941,20250112,36,5,3,2025-01-12 11:36:21,2025-01-13 05:45:57,18.16,1,1,
6942,TCK-16942,20250815,20,3,1,2025-08-15 21:28:55,,,0,0,4
6943,TCK-16943,20250717,19,3,3,2025-07-17 21:32:42,2025-07-18 18:13:30,20.68,1,0,3
6944,TCK-16944,20250610,18,3,3,2025-06-10 17:35:55,2025-06-12 07:21:31,37.76,1,0,4
6945,TCK-16945,20250817,32,7,2,2025-08-17 16:43:56,2025-08-18 03:57:44,11.23,1,0,3
6946,TCK-16946,20260512,1,3,1,2026-05-12 04:05:52,,,0,0,3
6947,TCK-16947,20250106,25,1,2,2025-01-06 05:58:11,2025-01-06 09:06:35,3.14,1,1,5
6948,TCK-16948,20250715,47,2,1,2025-07-15 14:34:56,,,0,0,
6949,TCK-16949,20260223,40,5,1,2026-02-23 08:09:36,,,0,0,4
6950,TCK-16950,20250210,24,6,2,2025-02-10 14:40:37,2025-02-11 13:41:13,23.01,1,1,
6951,TCK-16951,20251103,9,3,3,2025-11-03 08:43:50,2025-11-03 14:52:50,6.15,1,1,
6952,TCK-16952,20250414,25,1,3,2025-04-14 00:32:23,2025-04-14 20:30:35,19.97,1,1,
6953,TCK-16953,20250102,17,4,2,2025-01-02 12:17:06,2025-01-03 03:02:06,14.75,1,1,
6954,TCK-16954,20250706,9,2,3,2025-07-06 05:18:07,2025-07-06 22:06:07,16.8,1,1,3
6955,TCK-16955,20250127,5,6,1,2025-01-27 04:15:11,2025-01-27 21:28:59,17.23,1,1,3
6956,TCK-16956,20250520,37,2,1,2025-05-20 22:34:20,,,0,0,5
6957,TCK-16957,20251121,15,3,2,2025-11-21 01:11:08,2025-11-21 13:38:08,12.45,1,0,5
6958,TCK-16958,20250328,4,7,1,2025-03-28 19:52:54,2025-03-29 07:55:18,12.04,1,0,4
6959,TCK-16959,20260530,31,6,3,2026-05-30 20:19:42,2026-05-31 18:55:42,22.6,1,1,5
6960,TCK-16960,20250910,42,2,2,2025-09-10 20:20:53,2025-09-11 00:56:53,4.6,1,1,3
6961,TCK-16961,20260425,37,2,3,2026-04-25 19:50:34,,,0,0,3
6962,TCK-16962,20250419,43,4,1,2025-04-19 19:52:41,2025-04-20 17:19:05,21.44,1,1,4
6963,TCK-16963,20260322,8,4,3,2026-03-22 22:28:03,2026-03-23 09:23:51,10.93,1,1,
6964,TCK-16964,20260619,36,5,3,2026-06-19 04:52:01,2026-06-21 03:07:37,46.26,1,0,4
6965,TCK-16965,20260715,2,1,3,2026-07-15 06:40:11,2026-07-16 05:46:11,23.1,1,1,4
6966,TCK-16966,20250514,30,4,3,2025-05-14 11:40:46,2025-05-14 23:29:58,11.82,1,1,
6967,TCK-16967,20260226,23,6,2,2026-02-26 22:46:29,2026-02-28 10:06:53,35.34,1,1,5
6968,TCK-16968,20251115,30,2,1,2025-11-15 08:45:01,2025-11-17 11:57:01,51.2,1,0,4
6969,TCK-16969,20250619,16,6,1,2025-06-19 09:49:40,2025-06-20 08:53:16,23.06,1,1,3
6970,TCK-16970,20260716,28,7,3,2026-07-16 16:30:35,,,0,0,2
6971,TCK-16971,20250520,44,1,3,2025-05-20 22:09:34,2025-05-21 03:45:34,5.6,1,1,4
6972,TCK-16972,20260617,25,2,2,2026-06-17 21:16:20,2026-06-18 22:21:44,25.09,1,1,
6973,TCK-16973,20250514,42,7,3,2025-05-14 05:21:51,2025-05-14 07:12:51,1.85,1,1,
6974,TCK-16974,20260711,22,1,2,2026-07-11 05:45:28,2026-07-11 22:19:40,16.57,1,1,4
6975,TCK-16975,20260418,40,7,2,2026-04-18 21:06:53,2026-04-19 16:08:41,19.03,1,0,5
6976,TCK-16976,20250817,16,2,2,2025-08-17 08:22:14,2025-08-18 16:25:14,32.05,1,1,4
6977,TCK-16977,20260410,39,3,2,2026-04-10 16:32:41,2026-04-12 02:59:05,34.44,1,0,
6978,TCK-16978,20251216,33,3,1,2025-12-16 22:09:02,2025-12-17 07:49:50,9.68,1,1,4
6979,TCK-16979,20250223,17,4,2,2025-02-23 10:34:51,2025-02-23 18:46:51,8.2,1,1,5
6980,TCK-16980,20250907,17,8,3,2025-09-07 19:49:22,,,0,0,5
6981,TCK-16981,20260731,45,5,3,2026-07-31 23:56:50,2026-08-01 04:19:38,4.38,1,1,3
6982,TCK-16982,20250330,39,6,2,2025-03-30 05:48:33,2025-03-30 18:56:57,13.14,1,1,5
6983,TCK-16983,20251004,19,5,3,2025-10-04 04:11:53,2025-10-04 10:17:53,6.1,1,1,
6984,TCK-16984,20260416,33,6,3,2026-04-16 09:09:28,,,0,0,5
6985,TCK-16985,20250104,15,7,3,2025-01-04 08:39:54,2025-01-04 12:53:06,4.22,1,1,5
6986,TCK-16986,20260124,35,5,2,2026-01-24 22:18:04,,,0,0,4
6987,TCK-16987,20250307,43,3,3,2025-03-07 00:46:21,2025-03-07 12:43:57,11.96,1,1,
6988,TCK-16988,20251017,33,2,1,2025-10-17 12:10:15,,,0,0,4
6989,TCK-16989,20260113,24,7,2,2026-01-13 12:14:57,2026-01-14 06:59:21,18.74,1,0,4
6990,TCK-16990,20250727,13,5,3,2025-07-27 10:37:54,,,0,0,
6991,TCK-16991,20260415,1,7,2,2026-04-15 21:57:40,2026-04-17 03:07:52,29.17,1,0,4
6992,TCK-16992,20260204,17,5,1,2026-02-04 23:58:28,,,0,0,4
6993,TCK-16993,20260128,44,4,3,2026-01-28 04:23:48,2026-01-28 21:01:00,16.62,1,1,4
6994,TCK-16994,20260303,24,2,2,2026-03-03 21:25:48,2026-03-03 23:14:24,1.81,1,1,4
6995,TCK-16995,20251215,23,4,2,2025-12-15 16:25:07,2025-12-16 22:08:55,29.73,1,1,
6996,TCK-16996,20260416,27,7,3,2026-04-16 18:24:38,2026-04-17 18:39:38,24.25,1,0,4
6997,TCK-16997,20251115,15,7,1,2025-11-15 09:12:27,2025-11-16 16:02:15,30.83,1,0,
6998,TCK-16998,20260624,46,7,1,2026-06-24 06:31:38,2026-06-26 00:11:50,41.67,1,0,4
6999,TCK-16999,20250911,45,4,1,2025-09-11 13:47:03,2025-09-12 04:57:15,15.17,1,1,5
7000,TCK-17000,20250216,50,8,2,2025-02-16 11:13:18,2025-02-16 20:37:18,9.4,1,1,5
7001,TCK-17001,20260107,44,2,2,2026-01-07 09:39:46,,,0,0,5
7002,TCK-17002,20260207,44,1,3,2026-02-07 03:32:54,2026-02-07 15:19:06,11.77,1,1,5
7003,TCK-17003,20260115,43,1,3,2026-01-15 14:57:25,2026-01-16 10:17:13,19.33,1,1,4
7004,TCK-17004,20251017,11,4,3,2025-10-17 04:34:49,2025-10-18 05:12:01,24.62,1,1,5
7005,TCK-17005,20250818,30,3,1,2025-08-18 13:24:47,,,0,0,3
7006,TCK-17006,20250215,44,1,2,2025-02-15 15:57:10,2025-02-16 14:42:46,22.76,1,1,5
7007,TCK-17007,20260402,24,4,2,2026-04-02 13:04:16,2026-04-04 01:37:16,36.55,1,0,3
7008,TCK-17008,20260303,8,8,3,2026-03-03 08:01:57,2026-03-04 19:46:57,35.75,1,1,5
7009,TCK-17009,20250919,17,3,1,2025-09-19 10:46:28,2025-09-19 23:29:04,12.71,1,0,4
7010,TCK-17010,20250708,35,7,2,2025-07-08 13:06:19,2025-07-09 04:44:07,15.63,1,0,5
7011,TCK-17011,20260610,31,6,3,2026-06-10 02:35:15,2026-06-10 23:41:51,21.11,1,1,5
7012,TCK-17012,20250429,16,4,3,2025-04-29 11:25:48,2025-04-30 10:04:12,22.64,1,1,3
7013,TCK-17013,20251203,50,1,3,2025-12-03 02:38:34,2025-12-04 16:01:58,37.39,1,0,5
7014,TCK-17014,20260715,40,3,2,2026-07-15 19:23:26,2026-07-16 19:23:26,24.0,1,0,
7015,TCK-17015,20260710,1,1,1,2026-07-10 18:28:55,2026-07-11 01:31:55,7.05,1,1,5
7016,TCK-17016,20251031,4,1,2,2025-10-31 08:06:59,2025-10-31 13:03:59,4.95,1,1,5
7017,TCK-17017,20260211,1,2,1,2026-02-11 06:20:18,2026-02-12 10:33:30,28.22,1,1,
7018,TCK-17018,20250121,33,1,2,2025-01-21 16:35:58,2025-01-23 13:28:10,44.87,1,0,3
7019,TCK-17019,20250917,34,8,2,2025-09-17 23:54:03,2025-09-18 19:39:39,19.76,1,1,4
7020,TCK-17020,20250526,39,4,3,2025-05-26 14:36:44,2025-05-27 22:25:20,31.81,1,1,4
7021,TCK-17021,20250124,35,5,2,2025-01-24 10:55:47,2025-01-24 15:56:59,5.02,1,1,3
7022,TCK-17022,20250318,26,6,1,2025-03-18 08:44:22,2025-03-18 16:14:58,7.51,1,1,2
7023,TCK-17023,20260216,41,6,3,2026-02-16 13:14:27,2026-02-17 05:15:03,16.01,1,1,5
7024,TCK-17024,20260322,29,7,1,2026-03-22 07:56:05,,,0,0,5
7025,TCK-17025,20260210,23,4,3,2026-02-10 17:40:15,2026-02-11 13:07:15,19.45,1,1,
7026,TCK-17026,20250204,22,1,1,2025-02-04 22:15:17,2025-02-05 05:59:05,7.73,1,1,3
7027,TCK-17027,20260219,21,4,3,2026-02-19 05:07:54,2026-02-20 06:46:54,25.65,1,1,4
7028,TCK-17028,20251127,2,2,1,2025-11-27 15:19:39,2025-11-29 16:02:51,48.72,1,0,
7029,TCK-17029,20260601,25,7,1,2026-06-01 05:33:39,2026-06-02 11:58:51,30.42,1,0,5
7030,TCK-17030,20260114,17,1,1,2026-01-14 12:19:51,2026-01-15 13:13:51,24.9,1,0,
7031,TCK-17031,20250226,26,1,2,2025-02-26 15:01:00,2025-02-27 03:33:24,12.54,1,1,3
7032,TCK-17032,20250928,20,7,2,2025-09-28 07:41:58,2025-09-29 12:10:10,28.47,1,0,4
7033,TCK-17033,20250426,27,8,1,2025-04-26 11:56:41,2025-04-26 20:49:29,8.88,1,1,4
7034,TCK-17034,20250322,49,2,1,2025-03-22 07:43:10,2025-03-23 04:33:34,20.84,1,1,5
7035,TCK-17035,20260531,28,8,1,2026-05-31 09:28:14,,,0,0,
7036,TCK-17036,20250213,39,2,2,2025-02-13 06:21:01,2025-02-14 04:15:01,21.9,1,1,4
7037,TCK-17037,20251218,47,3,3,2025-12-18 23:33:47,2025-12-19 17:22:59,17.82,1,0,
7038,TCK-17038,20250320,41,6,1,2025-03-20 21:27:33,2025-03-21 14:25:45,16.97,1,1,
7039,TCK-17039,20260122,16,2,2,2026-01-22 15:35:22,2026-01-22 18:15:34,2.67,1,1,5
7040,TCK-17040,20260510,25,5,2,2026-05-10 13:59:47,2026-05-11 05:07:35,15.13,1,1,
7041,TCK-17041,20260515,2,4,1,2026-05-15 06:30:00,2026-05-15 11:49:48,5.33,1,1,4
7042,TCK-17042,20260604,15,7,2,2026-06-04 21:21:01,2026-06-05 22:47:25,25.44,1,0,3
7043,TCK-17043,20251212,48,5,2,2025-12-12 11:16:10,2025-12-12 20:07:10,8.85,1,1,5
7044,TCK-17044,20250218,7,5,1,2025-02-18 18:17:14,,,0,0,
7045,TCK-17045,20250928,30,5,3,2025-09-28 23:32:37,2025-09-30 00:06:13,24.56,1,0,4
7046,TCK-17046,20250130,35,7,1,2025-01-30 22:29:23,2025-02-02 14:25:11,63.93,1,0,3
7047,TCK-17047,20260310,29,6,2,2026-03-10 00:01:55,2026-03-10 18:21:07,18.32,1,1,5
7048,TCK-17048,20251210,27,4,3,2025-12-10 09:47:52,,,0,0,2
7049,TCK-17049,20250810,49,4,3,2025-08-10 16:41:00,,,0,0,3
7050,TCK-17050,20260331,17,7,1,2026-03-31 20:05:59,,,0,0,3
7051,TCK-17051,20260722,43,8,3,2026-07-22 01:22:40,2026-07-22 19:43:04,18.34,1,1,4
7052,TCK-17052,20250710,33,3,2,2025-07-10 08:37:06,2025-07-12 00:13:42,39.61,1,0,
7053,TCK-17053,20260809,21,8,2,2026-08-09 05:06:41,2026-08-10 05:42:41,24.6,1,1,
7054,TCK-17054,20260618,50,8,2,2026-06-18 12:51:38,2026-06-20 03:09:38,38.3,1,1,5
7055,TCK-17055,20260526,21,2,2,2026-05-26 02:16:06,2026-05-27 07:56:54,29.68,1,1,3
7056,TCK-17056,20260215,21,2,1,2026-02-15 13:12:56,2026-02-15 13:53:44,0.68,1,1,5
7057,TCK-17057,20251215,50,1,1,2025-12-15 23:43:40,,,0,0,3
7058,TCK-17058,20251210,15,7,2,2025-12-10 15:35:24,2025-12-11 02:01:48,10.44,1,0,4
7059,TCK-17059,20250409,10,1,1,2025-04-09 03:40:43,2025-04-09 19:32:55,15.87,1,1,
7060,TCK-17060,20260604,40,5,2,2026-06-04 09:57:16,2026-06-05 19:38:40,33.69,1,0,
7061,TCK-17061,20260225,39,6,1,2026-02-25 16:13:44,2026-02-26 09:16:44,17.05,1,1,2
7062,TCK-17062,20250813,10,1,3,2025-08-13 15:07:01,2025-08-14 01:59:13,10.87,1,1,5
7063,TCK-17063,20250909,29,1,2,2025-09-09 04:59:31,2025-09-10 03:22:55,22.39,1,1,5
7064,TCK-17064,20250411,35,8,2,2025-04-11 03:27:08,2025-04-11 06:37:56,3.18,1,1,5
7065,TCK-17065,20260113,33,8,1,2026-01-13 02:07:17,2026-01-14 09:33:41,31.44,1,1,4
7066,TCK-17066,20251120,8,7,1,2025-11-20 19:12:33,2025-11-21 15:31:45,20.32,1,0,4
7067,TCK-17067,20260208,49,8,3,2026-02-08 03:05:33,2026-02-09 04:11:33,25.1,1,1,4
7068,TCK-17068,20251002,44,5,3,2025-10-02 01:53:08,2025-10-02 19:33:20,17.67,1,1,4
7069,TCK-17069,20260723,43,4,2,2026-07-23 23:34:47,2026-07-24 14:38:23,15.06,1,1,5
7070,TCK-17070,20260606,50,5,1,2026-06-06 10:49:59,2026-06-07 05:40:59,18.85,1,1,4
7071,TCK-17071,20250703,17,6,3,2025-07-03 16:31:24,,,0,0,3
7072,TCK-17072,20260614,36,7,2,2026-06-14 02:19:21,,,0,0,4
7073,TCK-17073,20250331,20,3,3,2025-03-31 06:47:56,2025-04-01 07:29:56,24.7,1,0,5
7074,TCK-17074,20250409,34,5,1,2025-04-09 19:40:19,2025-04-10 06:32:31,10.87,1,1,3
7075,TCK-17075,20251031,34,3,1,2025-10-31 04:50:29,2025-10-31 18:54:05,14.06,1,0,4
7076,TCK-17076,20260604,31,2,2,2026-06-04 13:52:59,2026-06-05 05:58:23,16.09,1,1,5
7077,TCK-17077,20250113,11,7,1,2025-01-13 10:09:43,,,0,0,5
7078,TCK-17078,20260313,19,7,1,2026-03-13 11:09:57,,,0,0,4
7079,TCK-17079,20260220,23,3,1,2026-02-20 04:16:18,2026-02-20 16:48:42,12.54,1,0,4
7080,TCK-17080,20260311,3,3,3,2026-03-11 13:59:22,2026-03-13 05:59:58,40.01,1,0,3
7081,TCK-17081,20250714,4,7,2,2025-07-14 14:03:28,2025-07-15 15:36:28,25.55,1,0,3
7082,TCK-17082,20260511,24,6,3,2026-05-11 11:14:58,2026-05-11 12:45:34,1.51,1,1,4
7083,TCK-17083,20250730,17,8,3,2025-07-30 14:05:06,2025-07-31 11:32:42,21.46,1,1,2
7084,TCK-17084,20260218,42,6,3,2026-02-18 19:06:44,2026-02-19 09:12:44,14.1,1,1,2
7085,TCK-17085,20250401,33,8,2,2025-04-01 11:35:37,2025-04-01 19:36:13,8.01,1,1,
7086,TCK-17086,20251001,34,4,2,2025-10-01 01:32:41,2025-10-01 15:26:05,13.89,1,1,3
7087,TCK-17087,20250419,49,7,1,2025-04-19 00:03:53,2025-04-19 20:09:53,20.1,1,0,4
7088,TCK-17088,20251203,28,5,1,2025-12-03 13:33:21,2025-12-04 03:39:21,14.1,1,1,
7089,TCK-17089,20250105,29,1,1,2025-01-05 17:59:26,,,0,0,5
7090,TCK-17090,20250225,6,4,3,2025-02-25 04:50:55,2025-02-25 18:47:55,13.95,1,1,4
7091,TCK-17091,20260310,42,4,2,2026-03-10 04:57:15,2026-03-11 20:24:15,39.45,1,0,4
7092,TCK-17092,20250119,26,2,1,2025-01-19 23:23:56,2025-01-20 18:58:44,19.58,1,1,4
7093,TCK-17093,20250616,25,3,2,2025-06-16 07:24:08,2025-06-16 22:01:20,14.62,1,0,
7094,TCK-17094,20250415,10,4,2,2025-04-15 08:45:32,2025-04-16 00:28:08,15.71,1,1,4
7095,TCK-17095,20250423,33,7,1,2025-04-23 02:35:01,2025-04-23 05:30:49,2.93,1,1,3
7096,TCK-17096,20250312,38,4,2,2025-03-12 06:47:22,,,0,0,3
7097,TCK-17097,20260620,34,5,2,2026-06-20 22:33:57,2026-06-21 23:12:21,24.64,1,0,4
7098,TCK-17098,20250810,8,8,3,2025-08-10 06:36:07,2025-08-10 20:52:19,14.27,1,1,
7099,TCK-17099,20250611,34,3,3,2025-06-11 20:48:14,2025-06-12 08:40:26,11.87,1,1,2
7100,TCK-17100,20260429,34,2,1,2026-04-29 01:23:59,2026-04-29 20:51:35,19.46,1,1,4
7101,TCK-17101,20251227,21,5,2,2025-12-27 06:11:18,,,0,0,2
7102,TCK-17102,20250611,3,1,2,2025-06-11 23:41:19,2025-06-13 05:01:07,29.33,1,0,4
7103,TCK-17103,20260719,31,8,1,2026-07-19 14:32:36,2026-07-20 14:36:48,24.07,1,1,4
7104,TCK-17104,20251117,18,1,1,2025-11-17 09:21:31,2025-11-17 10:08:55,0.79,1,1,
7105,TCK-17105,20250808,30,6,1,2025-08-08 14:13:10,,,0,0,3
7106,TCK-17106,20250919,10,4,2,2025-09-19 09:17:36,,,0,0,2
7107,TCK-17107,20260122,11,2,1,2026-01-22 18:20:59,2026-01-23 02:44:23,8.39,1,1,3
7108,TCK-17108,20250409,4,3,1,2025-04-09 04:22:45,2025-04-09 06:04:45,1.7,1,1,5
7109,TCK-17109,20260512,39,1,1,2026-05-12 00:32:59,2026-05-12 22:29:23,21.94,1,1,5
7110,TCK-17110,20250924,28,8,1,2025-09-24 01:04:13,,,0,0,3
7111,TCK-17111,20260315,9,8,3,2026-03-15 07:57:31,2026-03-15 22:26:19,14.48,1,1,
7112,TCK-17112,20251205,1,7,1,2025-12-05 23:58:36,2025-12-06 14:56:12,14.96,1,0,4
7113,TCK-17113,20260512,20,5,3,2026-05-12 19:18:01,2026-05-14 00:19:13,29.02,1,0,1
7114,TCK-17114,20251007,38,2,2,2025-10-07 19:00:26,2025-10-08 14:00:26,19.0,1,1,5
7115,TCK-17115,20260130,1,3,2,2026-01-30 02:01:42,2026-01-31 15:46:06,37.74,1,0,
7116,TCK-17116,20260108,41,2,3,2026-01-08 07:28:09,2026-01-09 09:20:21,25.87,1,1,
7117,TCK-17117,20250107,17,8,3,2025-01-07 17:39:35,2025-01-07 23:23:23,5.73,1,1,4
7118,TCK-17118,20250501,47,2,3,2025-05-01 11:47:54,2025-05-03 01:01:06,37.22,1,1,3
7119,TCK-17119,20260626,16,4,3,2026-06-26 04:33:34,2026-06-27 11:46:46,31.22,1,1,3
7120,TCK-17120,20250916,30,1,3,2025-09-16 03:54:52,2025-09-16 04:32:04,0.62,1,1,5
7121,TCK-17121,20260517,23,8,3,2026-05-17 03:37:43,,,0,0,5
7122,TCK-17122,20260326,44,4,1,2026-03-26 10:44:59,2026-03-26 13:59:59,3.25,1,1,2
7123,TCK-17123,20260722,21,2,2,2026-07-22 08:06:47,2026-07-22 19:46:23,11.66,1,1,5
7124,TCK-17124,20250123,11,4,1,2025-01-23 13:18:25,2025-01-24 13:10:01,23.86,1,1,4
7125,TCK-17125,20250328,50,4,2,2025-03-28 18:40:19,2025-03-29 16:23:31,21.72,1,1,5
7126,TCK-17126,20250726,26,3,3,2025-07-26 23:48:32,2025-07-27 22:35:56,22.79,1,0,4
7127,TCK-17127,20250825,4,3,3,2025-08-25 02:22:06,2025-08-26 11:49:06,33.45,1,0,4
7128,TCK-17128,20260419,29,2,3,2026-04-19 05:37:41,2026-04-19 13:41:17,8.06,1,1,3
7129,TCK-17129,20250511,7,7,3,2025-05-11 07:01:20,2025-05-11 23:03:44,16.04,1,0,
7130,TCK-17130,20250219,28,6,1,2025-02-19 01:04:40,2025-02-19 03:23:52,2.32,1,1,3
7131,TCK-17131,20250806,31,4,1,2025-08-06 16:33:52,,,0,0,4
7132,TCK-17132,20250520,6,3,1,2025-05-20 08:40:12,2025-05-21 01:15:00,16.58,1,0,4
7133,TCK-17133,20250321,4,3,1,2025-03-21 01:28:51,2025-03-21 07:58:15,6.49,1,1,4
7134,TCK-17134,20250205,4,6,3,2025-02-05 18:58:36,2025-02-06 11:26:12,16.46,1,1,4
7135,TCK-17135,20250507,24,1,3,2025-05-07 02:44:04,,,0,0,4
7136,TCK-17136,20251107,43,6,1,2025-11-07 03:10:52,2025-11-08 00:13:52,21.05,1,1,
7137,TCK-17137,20251206,30,3,3,2025-12-06 01:33:11,2025-12-06 16:42:47,15.16,1,0,4
7138,TCK-17138,20250109,36,8,1,2025-01-09 14:39:37,2025-01-10 12:57:37,22.3,1,1,4
7139,TCK-17139,20250202,6,2,3,2025-02-02 08:23:07,2025-02-04 05:14:43,44.86,1,1,4
7140,TCK-17140,20260224,21,2,2,2026-02-24 02:02:36,2026-02-24 06:57:48,4.92,1,1,5
7141,TCK-17141,20250308,39,4,2,2025-03-08 05:29:21,,,0,0,4
7142,TCK-17142,20250227,31,3,2,2025-02-27 11:11:48,2025-02-28 12:32:12,25.34,1,0,5
7143,TCK-17143,20250313,1,8,2,2025-03-13 15:35:12,2025-03-13 21:47:12,6.2,1,1,5
7144,TCK-17144,20260113,41,5,1,2026-01-13 16:21:32,2026-01-14 20:11:20,27.83,1,0,5
7145,TCK-17145,20260330,2,2,2,2026-03-30 14:23:30,2026-04-01 05:52:18,39.48,1,1,3
7146,TCK-17146,20260204,4,8,1,2026-02-04 03:02:18,2026-02-04 22:11:18,19.15,1,1,3
7147,TCK-17147,20260204,36,6,1,2026-02-04 16:09:54,2026-02-05 00:48:54,8.65,1,1,5
7148,TCK-17148,20260424,47,1,1,2026-04-24 20:54:35,2026-04-26 09:56:59,37.04,1,0,5
7149,TCK-17149,20250909,21,1,3,2025-09-09 08:45:29,2025-09-10 15:13:41,30.47,1,0,4
7150,TCK-17150,20251110,20,2,2,2025-11-10 07:48:37,2025-11-10 12:30:37,4.7,1,1,5
7151,TCK-17151,20250810,50,3,2,2025-08-10 19:57:22,2025-08-12 04:41:10,32.73,1,0,4
7152,TCK-17152,20250713,15,4,3,2025-07-13 08:58:44,,,0,0,5
7153,TCK-17153,20250613,37,6,1,2025-06-13 14:29:30,,,0,0,4
7154,TCK-17154,20260226,35,4,2,2026-02-26 03:58:51,2026-02-27 06:04:15,26.09,1,1,
7155,TCK-17155,20250311,29,8,3,2025-03-11 17:30:42,2025-03-12 14:55:54,21.42,1,1,4
7156,TCK-17156,20250301,16,3,3,2025-03-01 18:03:59,2025-03-01 19:58:35,1.91,1,1,5
7157,TCK-17157,20250106,4,5,1,2025-01-06 13:11:40,2025-01-07 15:50:40,26.65,1,0,4
7158,TCK-17158,20250104,26,7,3,2025-01-04 10:56:58,,,0,0,3
7159,TCK-17159,20260114,24,1,1,2026-01-14 23:10:55,2026-01-15 19:32:31,20.36,1,1,3
7160,TCK-17160,20250112,29,5,1,2025-01-12 08:56:07,2025-01-13 07:49:31,22.89,1,1,
7161,TCK-17161,20250520,29,2,2,2025-05-20 06:31:36,2025-05-21 09:26:12,26.91,1,1,5
7162,TCK-17162,20250227,13,6,1,2025-02-27 03:43:37,2025-02-28 02:53:13,23.16,1,1,
7163,TCK-17163,20250121,29,7,2,2025-01-21 08:33:23,2025-01-22 00:02:11,15.48,1,0,
7164,TCK-17164,20251005,19,8,3,2025-10-05 15:07:54,2025-10-06 16:19:18,25.19,1,1,5
7165,TCK-17165,20250201,48,2,2,2025-02-01 00:30:16,2025-02-02 02:06:52,25.61,1,1,3
7166,TCK-17166,20250527,6,3,1,2025-05-27 01:09:45,,,0,0,4
7167,TCK-17167,20250627,26,6,1,2025-06-27 01:30:42,,,0,0,4
7168,TCK-17168,20260419,44,8,2,2026-04-19 03:46:48,2026-04-19 07:54:36,4.13,1,1,4
7169,TCK-17169,20260323,2,6,1,2026-03-23 19:29:15,2026-03-24 01:13:03,5.73,1,1,2
7170,TCK-17170,20250601,45,5,3,2025-06-01 21:13:07,2025-06-02 13:43:43,16.51,1,1,
7171,TCK-17171,20250322,36,1,3,2025-03-22 15:32:12,2025-03-23 13:13:00,21.68,1,1,
7172,TCK-17172,20250721,45,1,3,2025-07-21 22:49:26,2025-07-23 16:18:14,41.48,1,0,
7173,TCK-17173,20260604,33,7,2,2026-06-04 02:33:50,2026-06-04 23:39:14,21.09,1,0,3
7174,TCK-17174,20250311,27,7,1,2025-03-11 20:44:28,2025-03-13 01:42:40,28.97,1,0,
7175,TCK-17175,20250929,35,8,2,2025-09-29 18:12:39,2025-09-30 09:27:39,15.25,1,1,5
7176,TCK-17176,20260715,4,7,2,2026-07-15 06:17:59,2026-07-15 22:53:59,16.6,1,0,4
7177,TCK-17177,20250328,21,6,3,2025-03-28 01:32:29,2025-03-29 03:34:53,26.04,1,1,4
7178,TCK-17178,20250102,32,4,2,2025-01-02 06:53:47,2025-01-02 15:07:35,8.23,1,1,4
7179,TCK-17179,20250728,30,1,1,2025-07-28 17:46:43,2025-07-29 04:14:19,10.46,1,1,4
7180,TCK-17180,20250703,26,2,1,2025-07-03 16:38:29,2025-07-04 12:07:17,19.48,1,1,
7181,TCK-17181,20250813,6,8,2,2025-08-13 09:52:34,2025-08-13 21:05:10,11.21,1,1,
7182,TCK-17182,20260701,46,2,1,2026-07-01 13:08:16,2026-07-01 22:24:28,9.27,1,1,
7183,TCK-17183,20260520,49,2,2,2026-05-20 03:34:08,2026-05-20 18:11:20,14.62,1,1,4
7184,TCK-17184,20250924,34,1,2,2025-09-24 13:27:53,,,0,0,5
7185,TCK-17185,20250708,19,5,1,2025-07-08 20:45:53,,,0,0,
7186,TCK-17186,20251001,29,1,1,2025-10-01 18:28:12,2025-10-02 04:05:24,9.62,1,1,4
7187,TCK-17187,20251103,11,2,3,2025-11-03 19:35:46,,,0,0,4
7188,TCK-17188,20251227,21,5,1,2025-12-27 15:53:55,,,0,0,5
7189,TCK-17189,20250327,40,2,3,2025-03-27 07:37:24,2025-03-28 15:46:24,32.15,1,1,3
7190,TCK-17190,20250613,33,1,1,2025-06-13 18:28:27,2025-06-14 02:53:39,8.42,1,1,4
7191,TCK-17191,20250809,5,2,3,2025-08-09 11:01:52,2025-08-09 15:39:40,4.63,1,1,3
7192,TCK-17192,20250525,19,5,3,2025-05-25 15:35:13,2025-05-26 18:07:01,26.53,1,0,4
7193,TCK-17193,20250428,29,5,2,2025-04-28 18:58:21,,,0,0,5
7194,TCK-17194,20260503,17,7,3,2026-05-03 05:29:43,2026-05-03 22:12:55,16.72,1,0,5
7195,TCK-17195,20250424,32,2,2,2025-04-24 15:05:24,,,0,0,4
7196,TCK-17196,20260729,42,5,1,2026-07-29 06:37:24,2026-07-29 16:52:24,10.25,1,1,4
7197,TCK-17197,20260116,11,1,2,2026-01-16 10:46:45,2026-01-17 08:40:45,21.9,1,1,5
7198,TCK-17198,20250401,15,1,2,2025-04-01 12:35:02,2025-04-02 04:51:14,16.27,1,1,3
7199,TCK-17199,20260501,41,4,3,2026-05-01 20:28:25,2026-05-02 11:26:01,14.96,1,1,5
7200,TCK-17200,20260719,7,4,3,2026-07-19 15:44:21,2026-07-21 13:13:09,45.48,1,0,
7201,TCK-17201,20251114,38,5,1,2025-11-14 16:11:17,2025-11-15 03:10:41,10.99,1,1,5
7202,TCK-17202,20250105,34,2,3,2025-01-05 07:46:17,2025-01-06 04:27:41,20.69,1,1,
7203,TCK-17203,20260707,14,7,3,2026-07-07 08:31:15,2026-07-08 03:40:15,19.15,1,0,
7204,TCK-17204,20250105,32,7,1,2025-01-05 21:28:10,2025-01-06 05:16:46,7.81,1,1,
7205,TCK-17205,20251111,16,2,2,2025-11-11 01:21:18,2025-11-12 06:56:06,29.58,1,1,5
7206,TCK-17206,20251222,31,1,1,2025-12-22 05:52:19,2025-12-22 18:14:31,12.37,1,1,5
7207,TCK-17207,20250901,38,1,2,2025-09-01 10:28:35,2025-09-02 09:59:47,23.52,1,1,
7208,TCK-17208,20250319,2,8,2,2025-03-19 23:23:15,2025-03-21 04:01:03,28.63,1,1,3
7209,TCK-17209,20250508,11,4,3,2025-05-08 04:52:15,2025-05-09 17:45:39,36.89,1,0,5
7210,TCK-17210,20250216,42,8,2,2025-02-16 01:50:31,2025-02-16 20:37:19,18.78,1,1,3
7211,TCK-17211,20250818,11,5,1,2025-08-18 21:31:24,2025-08-19 12:37:24,15.1,1,1,2
7212,TCK-17212,20251013,38,8,1,2025-10-13 08:57:09,2025-10-13 14:59:33,6.04,1,1,4
7213,TCK-17213,20250602,31,7,2,2025-06-02 16:55:15,2025-06-03 15:13:51,22.31,1,0,5
7214,TCK-17214,20250811,50,7,1,2025-08-11 05:08:09,2025-08-11 20:57:57,15.83,1,0,4
7215,TCK-17215,20251109,14,6,3,2025-11-09 21:17:42,,,0,0,4
7216,TCK-17216,20250327,33,2,3,2025-03-27 22:47:36,2025-03-29 09:44:36,34.95,1,1,4
7217,TCK-17217,20250624,8,3,2,2025-06-24 19:27:14,2025-06-26 15:30:14,44.05,1,0,4
7218,TCK-17218,20250814,2,4,1,2025-08-14 18:31:49,2025-08-15 17:46:13,23.24,1,1,5
7219,TCK-17219,20260222,15,3,3,2026-02-22 14:28:34,2026-02-22 17:15:58,2.79,1,1,
7220,TCK-17220,20251116,18,6,2,2025-11-16 09:17:46,2025-11-17 07:20:46,22.05,1,1,3
7221,TCK-17221,20260315,10,4,2,2026-03-15 17:12:10,2026-03-16 17:49:22,24.62,1,1,5
7222,TCK-17222,20251228,44,4,2,2025-12-28 11:44:28,2025-12-29 20:19:52,32.59,1,1,3
7223,TCK-17223,20250720,15,6,1,2025-07-20 02:06:55,,,0,0,4
7224,TCK-17224,20260126,23,7,2,2026-01-26 22:47:39,2026-01-27 23:51:15,25.06,1,0,4
7225,TCK-17225,20250406,31,8,1,2025-04-06 11:39:41,2025-04-07 03:27:05,15.79,1,1,5
7226,TCK-17226,20260209,24,4,1,2026-02-09 05:49:40,2026-02-09 12:47:16,6.96,1,1,5
7227,TCK-17227,20250226,49,5,1,2025-02-26 22:46:15,2025-02-27 18:08:27,19.37,1,1,
7228,TCK-17228,20250523,13,4,2,2025-05-23 00:59:42,2025-05-23 21:36:54,20.62,1,1,4
7229,TCK-17229,20250629,35,8,1,2025-06-29 04:40:27,2025-06-30 20:01:27,39.35,1,1,4
7230,TCK-17230,20250101,15,7,2,2025-01-01 15:01:39,2025-01-02 01:08:51,10.12,1,0,4
7231,TCK-17231,20260606,39,7,1,2026-06-06 14:20:27,2026-06-07 14:47:27,24.45,1,0,4
7232,TCK-17232,20250330,6,6,3,2025-03-30 00:08:39,,,0,0,3
7233,TCK-17233,20260806,1,4,2,2026-08-06 07:09:59,2026-08-06 13:48:59,6.65,1,1,3
7234,TCK-17234,20260210,48,5,3,2026-02-10 06:55:43,2026-02-10 17:24:31,10.48,1,1,
7235,TCK-17235,20250114,47,2,1,2025-01-14 12:53:20,2025-01-15 10:02:20,21.15,1,1,5
7236,TCK-17236,20250411,5,7,3,2025-04-11 21:35:24,2025-04-13 07:19:12,33.73,1,0,3
7237,TCK-17237,20260130,48,6,1,2026-01-30 09:53:44,2026-01-31 16:20:08,30.44,1,1,2
7238,TCK-17238,20260302,40,3,1,2026-03-02 11:59:59,2026-03-02 18:40:11,6.67,1,1,
7239,TCK-17239,20260412,19,1,1,2026-04-12 00:12:11,2026-04-12 13:53:35,13.69,1,1,
7240,TCK-17240,20260629,33,1,3,2026-06-29 09:54:59,2026-06-30 08:36:59,22.7,1,1,4
7241,TCK-17241,20250909,30,5,3,2025-09-09 03:56:56,,,0,0,4
7242,TCK-17242,20250614,49,4,1,2025-06-14 19:45:00,2025-06-16 04:21:00,32.6,1,1,4
7243,TCK-17243,20260308,48,3,1,2026-03-08 03:27:02,2026-03-09 12:00:02,32.55,1,0,
7244,TCK-17244,20260727,48,8,1,2026-07-27 19:40:13,2026-07-28 17:07:49,21.46,1,1,4
7245,TCK-17245,20260106,7,2,1,2026-01-06 03:00:58,2026-01-07 16:30:22,37.49,1,1,4
7246,TCK-17246,20250127,31,5,3,2025-01-27 09:43:40,2025-01-28 16:49:04,31.09,1,0,4
7247,TCK-17247,20260313,26,8,3,2026-03-13 21:52:15,2026-03-15 08:20:27,34.47,1,1,4
7248,TCK-17248,20251013,39,4,1,2025-10-13 04:08:58,2025-10-13 12:29:58,8.35,1,1,5
7249,TCK-17249,20250702,31,2,2,2025-07-02 20:43:22,2025-07-04 11:46:58,39.06,1,1,3
7250,TCK-17250,20250210,24,3,2,2025-02-10 18:42:17,,,0,0,5
7251,TCK-17251,20251021,50,2,2,2025-10-21 23:37:56,,,0,0,3
7252,TCK-17252,20250325,26,1,1,2025-03-25 13:45:32,2025-03-26 07:37:44,17.87,1,1,2
7253,TCK-17253,20260422,13,1,2,2026-04-22 05:09:53,,,0,0,4
7254,TCK-17254,20250502,14,4,2,2025-05-02 14:52:02,2025-05-03 16:05:14,25.22,1,1,3
7255,TCK-17255,20260806,10,2,1,2026-08-06 10:52:28,2026-08-07 04:05:40,17.22,1,1,
7256,TCK-17256,20251211,44,4,1,2025-12-11 16:27:08,2025-12-12 17:32:32,25.09,1,1,
7257,TCK-17257,20260304,10,5,1,2026-03-04 09:04:01,2026-03-05 02:48:25,17.74,1,1,4
7258,TCK-17258,20260204,25,1,2,2026-02-04 10:48:28,2026-02-05 03:22:40,16.57,1,1,
7259,TCK-17259,20250604,41,7,1,2025-06-04 11:07:31,2025-06-05 03:38:43,16.52,1,0,4
7260,TCK-17260,20260609,35,4,3,2026-06-09 18:56:12,2026-06-10 05:09:24,10.22,1,1,
7261,TCK-17261,20260319,25,7,2,2026-03-19 16:00:49,,,0,0,4
7262,TCK-17262,20260723,47,7,3,2026-07-23 15:18:47,2026-07-24 22:43:23,31.41,1,0,5
7263,TCK-17263,20260314,46,7,3,2026-03-14 03:09:17,2026-03-15 03:26:41,24.29,1,0,3
7264,TCK-17264,20260413,38,6,3,2026-04-13 12:27:19,2026-04-13 19:46:31,7.32,1,1,3
7265,TCK-17265,20250613,36,1,1,2025-06-13 15:53:29,2025-06-14 02:00:41,10.12,1,1,5
7266,TCK-17266,20251025,46,3,2,2025-10-25 10:29:24,2025-10-26 01:19:12,14.83,1,0,5
7267,TCK-17267,20250422,4,3,1,2025-04-22 06:31:42,2025-04-23 01:31:06,18.99,1,0,5
7268,TCK-17268,20250513,32,2,1,2025-05-13 21:16:11,,,0,0,
7269,TCK-17269,20260111,48,5,2,2026-01-11 07:56:20,2026-01-11 16:52:44,8.94,1,1,3
7270,TCK-17270,20260522,25,8,1,2026-05-22 14:36:35,2026-05-24 07:37:47,41.02,1,1,
7271,TCK-17271,20251002,3,1,1,2025-10-02 06:12:03,,,0,0,4
7272,TCK-17272,20250405,2,1,3,2025-04-05 04:58:05,,,0,0,4
7273,TCK-17273,20251213,37,5,1,2025-12-13 11:21:00,,,0,0,5
7274,TCK-17274,20260725,8,3,2,2026-07-25 03:03:24,2026-07-25 12:06:24,9.05,1,1,4
7275,TCK-17275,20260406,25,1,2,2026-04-06 23:24:17,2026-04-07 02:19:29,2.92,1,1,5
7276,TCK-17276,20260308,50,1,3,2026-03-08 10:04:25,2026-03-09 12:45:49,26.69,1,0,5
7277,TCK-17277,20260510,13,5,2,2026-05-10 01:17:10,2026-05-11 05:09:22,27.87,1,0,4
7278,TCK-17278,20260326,29,4,3,2026-03-26 16:31:51,2026-03-28 02:21:03,33.82,1,1,4
7279,TCK-17279,20250730,27,6,1,2025-07-30 10:40:30,2025-07-30 22:05:06,11.41,1,1,3
7280,TCK-17280,20251101,21,3,1,2025-11-01 20:12:41,2025-11-03 02:11:29,29.98,1,0,
7281,TCK-17281,20250513,4,8,2,2025-05-13 20:51:02,2025-05-14 18:49:14,21.97,1,1,
7282,TCK-17282,20260210,16,4,2,2026-02-10 13:52:34,2026-02-12 03:32:46,37.67,1,0,5
7283,TCK-17283,20250115,29,7,1,2025-01-15 08:57:24,2025-01-16 14:13:36,29.27,1,0,4
7284,TCK-17284,20251013,5,4,3,2025-10-13 18:12:17,2025-10-14 11:34:29,17.37,1,1,4
7285,TCK-17285,20250214,40,2,2,2025-02-14 05:50:35,2025-02-14 16:30:11,10.66,1,1,2
7286,TCK-17286,20251211,21,3,1,2025-12-11 10:28:56,2025-12-12 07:56:32,21.46,1,0,3
7287,TCK-17287,20260618,3,6,3,2026-06-18 20:39:02,2026-06-20 03:25:50,30.78,1,1,4
7288,TCK-17288,20260125,49,2,3,2026-01-25 02:58:26,2026-01-26 17:11:38,38.22,1,1,5
7289,TCK-17289,20251026,13,4,2,2025-10-26 10:50:50,2025-10-27 22:46:38,35.93,1,1,4
7290,TCK-17290,20251001,18,7,2,2025-10-01 11:50:32,2025-10-01 19:57:44,8.12,1,0,5
7291,TCK-17291,20260601,11,2,2,2026-06-01 13:35:07,2026-06-02 13:21:55,23.78,1,1,4
7292,TCK-17292,20250119,49,5,3,2025-01-19 20:31:44,,,0,0,5
7293,TCK-17293,20260710,2,1,2,2026-07-10 03:08:22,2026-07-11 07:30:34,28.37,1,0,
7294,TCK-17294,20260628,45,1,1,2026-06-28 23:10:09,2026-06-29 05:45:33,6.59,1,1,3
7295,TCK-17295,20260224,4,5,2,2026-02-24 15:22:38,2026-02-24 17:51:26,2.48,1,1,5
7296,TCK-17296,20260806,8,1,1,2026-08-06 23:28:39,2026-08-07 20:29:51,21.02,1,1,3
7297,TCK-17297,20251114,42,8,1,2025-11-14 22:35:26,2025-11-16 02:37:50,28.04,1,1,
7298,TCK-17298,20250518,27,5,2,2025-05-18 10:26:37,2025-05-19 10:21:13,23.91,1,1,
7299,TCK-17299,20250519,28,6,1,2025-05-19 16:46:40,2025-05-20 07:01:04,14.24,1,1,4
7300,TCK-17300,20260623,10,5,1,2026-06-23 21:18:31,2026-06-24 03:19:07,6.01,1,1,3
7301,TCK-17301,20250317,34,4,2,2025-03-17 19:17:57,2025-03-18 23:19:45,28.03,1,1,4
7302,TCK-17302,20260718,44,4,2,2026-07-18 01:52:02,2026-07-18 03:50:50,1.98,1,1,2
7303,TCK-17303,20260403,6,3,3,2026-04-03 03:17:07,2026-04-04 03:38:43,24.36,1,0,
7304,TCK-17304,20260531,33,6,3,2026-05-31 09:04:37,,,0,0,4
7305,TCK-17305,20250804,41,3,2,2025-08-04 02:49:14,,,0,0,4
7306,TCK-17306,20250613,33,2,3,2025-06-13 19:21:57,,,0,0,
7307,TCK-17307,20250617,22,4,3,2025-06-17 04:10:59,2025-06-18 01:30:47,21.33,1,1,
7308,TCK-17308,20250819,12,2,2,2025-08-19 02:05:23,,,0,0,4
7309,TCK-17309,20250109,47,8,3,2025-01-09 08:55:39,2025-01-09 12:59:15,4.06,1,1,4
7310,TCK-17310,20250628,46,4,1,2025-06-28 00:24:42,2025-06-28 01:20:30,0.93,1,1,2
7311,TCK-17311,20250620,49,5,1,2025-06-20 16:17:22,,,0,0,
7312,TCK-17312,20260801,43,3,3,2026-08-01 06:34:29,2026-08-01 13:00:53,6.44,1,1,4
7313,TCK-17313,20250324,37,8,2,2025-03-24 08:33:28,2025-03-25 07:48:28,23.25,1,1,4
7314,TCK-17314,20250223,11,1,3,2025-02-23 03:34:35,,,0,0,
7315,TCK-17315,20260712,39,7,3,2026-07-12 06:09:48,2026-07-13 01:04:24,18.91,1,0,4
7316,TCK-17316,20250331,2,3,3,2025-03-31 13:34:50,2025-04-01 10:07:14,20.54,1,0,4
7317,TCK-17317,20260111,30,2,3,2026-01-11 20:41:41,2026-01-12 22:33:17,25.86,1,1,5
7318,TCK-17318,20251225,27,1,2,2025-12-25 20:03:42,2025-12-27 02:04:18,30.01,1,0,3
7319,TCK-17319,20260322,10,1,1,2026-03-22 21:56:31,2026-03-23 23:30:43,25.57,1,0,
7320,TCK-17320,20251122,29,3,2,2025-11-22 07:43:39,,,0,0,4
7321,TCK-17321,20260315,41,2,3,2026-03-15 03:53:04,2026-03-16 06:36:52,26.73,1,1,5
7322,TCK-17322,20260604,8,3,3,2026-06-04 11:36:11,2026-06-05 12:19:59,24.73,1,0,5
7323,TCK-17323,20250610,10,5,3,2025-06-10 18:17:26,2025-06-11 02:58:50,8.69,1,1,3
7324,TCK-17324,20250508,50,7,2,2025-05-08 03:34:23,2025-05-09 01:25:59,21.86,1,0,4
7325,TCK-17325,20250825,31,3,1,2025-08-25 14:35:58,2025-08-26 10:26:58,19.85,1,0,3
7326,TCK-17326,20251211,39,8,1,2025-12-11 10:30:10,2025-12-13 00:55:22,38.42,1,1,5
7327,TCK-17327,20260421,5,7,2,2026-04-21 12:31:43,,,0,0,4
7328,TCK-17328,20250602,31,4,3,2025-06-02 15:10:22,,,0,0,5
7329,TCK-17329,20250813,45,6,3,2025-08-13 03:10:49,2025-08-14 02:46:13,23.59,1,1,4
7330,TCK-17330,20260624,40,2,1,2026-06-24 05:46:52,2026-06-24 21:07:16,15.34,1,1,3
7331,TCK-17331,20250714,1,2,1,2025-07-14 10:58:33,2025-07-15 08:56:09,21.96,1,1,4
7332,TCK-17332,20250917,4,2,1,2025-09-17 22:21:53,2025-09-18 13:04:29,14.71,1,1,3
7333,TCK-17333,20251106,34,7,1,2025-11-06 10:15:20,2025-11-07 06:28:32,20.22,1,0,4
7334,TCK-17334,20250716,12,7,2,2025-07-16 23:43:03,2025-07-17 16:30:27,16.79,1,0,4
7335,TCK-17335,20250206,49,6,2,2025-02-06 16:04:21,2025-02-07 18:28:21,26.4,1,1,4
7336,TCK-17336,20250820,35,8,2,2025-08-20 06:49:27,2025-08-21 01:02:03,18.21,1,1,4
7337,TCK-17337,20251230,17,5,2,2025-12-30 11:28:22,,,0,0,
7338,TCK-17338,20260315,27,1,1,2026-03-15 17:38:45,2026-03-17 10:17:45,40.65,1,0,4
7339,TCK-17339,20250306,34,2,2,2025-03-06 05:23:22,2025-03-07 09:28:46,28.09,1,1,
7340,TCK-17340,20260523,13,7,2,2026-05-23 18:16:17,2026-05-25 06:31:53,36.26,1,0,4
7341,TCK-17341,20260227,42,6,3,2026-02-27 13:33:55,,,0,0,4
7342,TCK-17342,20251205,17,3,2,2025-12-05 05:55:33,2025-12-05 12:31:33,6.6,1,1,4
7343,TCK-17343,20250203,13,1,1,2025-02-03 16:47:37,,,0,0,4
7344,TCK-17344,20251016,48,3,1,2025-10-16 06:39:28,2025-10-17 00:58:04,18.31,1,0,
7345,TCK-17345,20250910,43,1,1,2025-09-10 18:19:07,2025-09-11 02:25:07,8.1,1,1,
7346,TCK-17346,20251106,37,1,1,2025-11-06 01:07:28,,,0,0,4
7347,TCK-17347,20260606,12,2,3,2026-06-06 06:08:18,2026-06-07 17:37:06,35.48,1,1,5
7348,TCK-17348,20260408,46,7,3,2026-04-08 00:43:51,2026-04-09 05:35:27,28.86,1,0,5
7349,TCK-17349,20260414,47,4,2,2026-04-14 20:35:49,2026-04-15 22:56:13,26.34,1,1,3
7350,TCK-17350,20250802,39,7,2,2025-08-02 00:44:57,2025-08-02 10:43:45,9.98,1,0,
7351,TCK-17351,20250317,12,8,3,2025-03-17 20:37:44,2025-03-19 01:49:44,29.2,1,1,
7352,TCK-17352,20260610,48,1,2,2026-06-10 20:16:54,2026-06-12 03:07:18,30.84,1,0,3
7353,TCK-17353,20260201,29,6,3,2026-02-01 06:43:23,2026-02-02 01:14:35,18.52,1,1,4
7354,TCK-17354,20250704,19,4,2,2025-07-04 10:35:24,2025-07-05 09:53:24,23.3,1,1,5
7355,TCK-17355,20250730,8,5,1,2025-07-30 05:58:34,2025-07-30 14:15:22,8.28,1,1,4
7356,TCK-17356,20250813,12,7,3,2025-08-13 07:42:46,2025-08-14 00:12:46,16.5,1,0,3
7357,TCK-17357,20260131,19,1,3,2026-01-31 21:59:42,2026-02-01 13:05:42,15.1,1,1,3
7358,TCK-17358,20260611,7,1,3,2026-06-11 15:39:39,2026-06-12 12:00:03,20.34,1,1,
7359,TCK-17359,20260708,2,8,3,2026-07-08 08:35:05,2026-07-09 00:50:41,16.26,1,1,3
7360,TCK-17360,20250616,23,2,1,2025-06-16 15:20:44,2025-06-16 17:56:08,2.59,1,1,2
7361,TCK-17361,20250711,16,7,1,2025-07-11 01:19:03,2025-07-12 08:01:39,30.71,1,0,3
7362,TCK-17362,20250626,25,3,1,2025-06-26 20:32:06,2025-06-27 08:15:18,11.72,1,1,2
7363,TCK-17363,20250323,40,8,3,2025-03-23 03:50:05,2025-03-23 22:35:05,18.75,1,1,4
7364,TCK-17364,20260327,8,7,2,2026-03-27 18:27:50,,,0,0,5
7365,TCK-17365,20251005,7,7,2,2025-10-05 02:27:50,2025-10-05 23:59:38,21.53,1,0,4
7366,TCK-17366,20250809,29,1,1,2025-08-09 05:58:07,,,0,0,
7367,TCK-17367,20250524,47,2,3,2025-05-24 02:51:22,2025-05-24 06:39:58,3.81,1,1,3
7368,TCK-17368,20250607,26,1,3,2025-06-07 14:14:06,2025-06-08 14:42:54,24.48,1,0,5
7369,TCK-17369,20250528,17,3,3,2025-05-28 13:31:33,2025-05-28 22:57:21,9.43,1,1,
7370,TCK-17370,20250110,18,8,3,2025-01-10 10:19:34,2025-01-11 10:39:22,24.33,1,1,
7371,TCK-17371,20260122,48,2,1,2026-01-22 16:52:30,,,0,0,4
7372,TCK-17372,20260530,18,2,2,2026-05-30 14:30:06,,,0,0,2
7373,TCK-17373,20250411,36,3,2,2025-04-11 23:09:43,2025-04-12 13:45:07,14.59,1,0,5
7374,TCK-17374,20250808,32,2,3,2025-08-08 13:32:26,,,0,0,5
7375,TCK-17375,20250324,5,2,2,2025-03-24 23:08:45,2025-03-25 18:56:09,19.79,1,1,4
7376,TCK-17376,20250604,46,3,3,2025-06-04 15:31:20,2025-06-05 16:39:44,25.14,1,0,4
7377,TCK-17377,20260424,28,4,2,2026-04-24 07:51:10,2026-04-25 08:10:58,24.33,1,1,3
7378,TCK-17378,20260406,27,7,3,2026-04-06 14:13:01,2026-04-08 04:29:13,38.27,1,0,3
7379,TCK-17379,20251002,44,3,2,2025-10-02 07:18:02,,,0,0,3
7380,TCK-17380,20260512,50,7,1,2026-05-12 12:27:16,2026-05-12 19:26:04,6.98,1,1,4
7381,TCK-17381,20260129,21,1,3,2026-01-29 08:07:14,2026-01-29 12:50:26,4.72,1,1,
7382,TCK-17382,20250215,50,7,2,2025-02-15 23:09:39,2025-02-16 01:04:51,1.92,1,1,4
7383,TCK-17383,20260225,23,4,3,2026-02-25 00:38:37,2026-02-25 07:21:49,6.72,1,1,
7384,TCK-17384,20251213,28,2,1,2025-12-13 18:53:47,2025-12-13 19:32:11,0.64,1,1,
7385,TCK-17385,20250811,26,4,3,2025-08-11 21:50:09,2025-08-13 05:50:45,32.01,1,1,
7386,TCK-17386,20250709,10,5,1,2025-07-09 23:26:00,,,0,0,4
7387,TCK-17387,20250706,45,5,2,2025-07-06 09:54:03,2025-07-07 01:19:51,15.43,1,1,3
7388,TCK-17388,20250923,48,6,3,2025-09-23 22:22:33,2025-09-24 09:54:21,11.53,1,1,2
7389,TCK-17389,20250308,41,1,2,2025-03-08 01:47:21,2025-03-08 22:45:33,20.97,1,1,4
7390,TCK-17390,20260622,24,5,1,2026-06-22 12:31:39,2026-06-23 20:08:15,31.61,1,0,5
7391,TCK-17391,20250412,18,8,3,2025-04-12 10:48:54,2025-04-13 11:15:54,24.45,1,1,3
7392,TCK-17392,20260301,32,8,2,2026-03-01 08:19:36,2026-03-02 03:08:12,18.81,1,1,5
7393,TCK-17393,20260807,8,5,3,2026-08-07 12:19:10,,,0,0,5
7394,TCK-17394,20251025,24,4,2,2025-10-25 23:20:05,2025-10-26 21:32:05,22.2,1,1,
7395,TCK-17395,20250701,4,7,1,2025-07-01 22:08:09,2025-07-03 03:17:45,29.16,1,0,4
7396,TCK-17396,20250610,40,8,3,2025-06-10 13:24:08,2025-06-11 23:51:08,34.45,1,1,2
7397,TCK-17397,20250308,35,2,2,2025-03-08 09:33:43,2025-03-08 10:18:07,0.74,1,1,4
7398,TCK-17398,20260222,20,7,1,2026-02-22 19:09:42,,,0,0,4
7399,TCK-17399,20260706,25,4,3,2026-07-06 14:48:23,2026-07-07 12:30:59,21.71,1,1,4
7400,TCK-17400,20250113,32,8,2,2025-01-13 21:16:17,2025-01-14 22:16:53,25.01,1,1,5
7401,TCK-17401,20250821,5,5,3,2025-08-21 19:03:16,2025-08-22 18:40:28,23.62,1,1,
7402,TCK-17402,20260618,46,7,1,2026-06-18 22:14:20,2026-06-19 10:17:56,12.06,1,0,5
7403,TCK-17403,20250812,38,8,1,2025-08-12 02:38:05,2025-08-13 01:04:29,22.44,1,1,4
7404,TCK-17404,20250808,22,6,1,2025-08-08 20:08:46,,,0,0,
7405,TCK-17405,20250702,26,7,2,2025-07-02 21:02:27,2025-07-03 09:49:15,12.78,1,0,5
7406,TCK-17406,20250605,1,1,3,2025-06-05 16:35:21,2025-06-07 07:44:57,39.16,1,0,5
7407,TCK-17407,20260103,6,3,1,2026-01-03 01:09:50,2026-01-04 15:30:50,38.35,1,0,5
7408,TCK-17408,20260420,10,5,3,2026-04-20 22:28:42,,,0,0,4
7409,TCK-17409,20260703,34,6,1,2026-07-03 15:26:18,2026-07-04 11:29:18,20.05,1,1,2
7410,TCK-17410,20250916,44,1,3,2025-09-16 19:44:20,2025-09-17 12:44:56,17.01,1,1,
7411,TCK-17411,20260529,48,2,3,2026-05-29 11:53:18,2026-05-29 22:41:18,10.8,1,1,5
7412,TCK-17412,20260727,50,8,1,2026-07-27 03:06:08,2026-07-28 05:51:44,26.76,1,1,4
7413,TCK-17413,20260601,28,4,2,2026-06-01 01:11:38,2026-06-01 18:00:14,16.81,1,1,5
7414,TCK-17414,20260226,12,8,2,2026-02-26 11:55:51,2026-02-27 10:25:15,22.49,1,1,4
7415,TCK-17415,20250530,13,5,2,2025-05-30 19:41:02,2025-05-31 18:20:02,22.65,1,1,
7416,TCK-17416,20260225,39,1,3,2026-02-25 05:39:43,2026-02-25 21:06:43,15.45,1,1,4
7417,TCK-17417,20260127,13,7,1,2026-01-27 02:20:50,2026-01-27 09:32:14,7.19,1,1,5
7418,TCK-17418,20250110,10,3,1,2025-01-10 19:26:59,2025-01-11 14:35:23,19.14,1,0,4
7419,TCK-17419,20251202,44,8,2,2025-12-02 14:59:05,2025-12-03 11:59:05,21.0,1,1,4
7420,TCK-17420,20251018,44,4,3,2025-10-18 15:26:19,,,0,0,4
7421,TCK-17421,20251212,19,2,3,2025-12-12 14:32:50,2025-12-13 20:40:38,30.13,1,1,2
7422,TCK-17422,20250503,22,1,3,2025-05-03 19:46:35,,,0,0,
7423,TCK-17423,20250304,40,6,3,2025-03-04 11:24:01,,,0,0,3
7424,TCK-17424,20251215,47,7,1,2025-12-15 23:06:03,2025-12-17 08:57:39,33.86,1,0,4
7425,TCK-17425,20250101,15,1,1,2025-01-01 05:17:26,2025-01-02 14:06:38,32.82,1,0,3
7426,TCK-17426,20260312,1,8,3,2026-03-12 09:05:03,2026-03-12 10:31:27,1.44,1,1,2
7427,TCK-17427,20250609,42,1,2,2025-06-09 18:39:46,2025-06-09 21:29:34,2.83,1,1,3
7428,TCK-17428,20251216,8,6,2,2025-12-16 20:28:02,,,0,0,5
7429,TCK-17429,20260326,6,5,3,2026-03-26 02:42:03,2026-03-26 04:18:39,1.61,1,1,2
7430,TCK-17430,20250821,35,1,2,2025-08-21 20:14:59,2025-08-22 09:00:35,12.76,1,1,5
7431,TCK-17431,20260119,32,8,2,2026-01-19 01:27:13,2026-01-19 09:47:37,8.34,1,1,4
7432,TCK-17432,20250729,26,3,3,2025-07-29 12:59:37,2025-07-30 15:01:25,26.03,1,0,4
7433,TCK-17433,20250521,24,2,1,2025-05-21 11:26:17,2025-05-21 23:20:17,11.9,1,1,
7434,TCK-17434,20250821,46,5,1,2025-08-21 00:22:18,2025-08-21 09:48:06,9.43,1,1,3
7435,TCK-17435,20260130,10,5,3,2026-01-30 17:11:29,2026-01-31 06:46:53,13.59,1,1,5
7436,TCK-17436,20250601,4,4,1,2025-06-01 21:09:17,,,0,0,
7437,TCK-17437,20260112,8,8,2,2026-01-12 11:45:12,2026-01-13 03:36:12,15.85,1,1,5
7438,TCK-17438,20250417,5,5,1,2025-04-17 10:08:06,2025-04-18 13:36:18,27.47,1,0,3
7439,TCK-17439,20250901,39,7,3,2025-09-01 13:00:36,2025-09-01 23:22:48,10.37,1,0,
7440,TCK-17440,20260115,40,4,3,2026-01-15 11:06:14,2026-01-16 10:35:38,23.49,1,1,3
7441,TCK-17441,20260316,34,7,3,2026-03-16 06:21:38,2026-03-17 01:54:38,19.55,1,0,4
7442,TCK-17442,20260406,49,6,2,2026-04-06 09:20:15,2026-04-07 03:15:27,17.92,1,1,4
7443,TCK-17443,20260228,24,3,1,2026-02-28 06:32:49,2026-02-28 16:18:25,9.76,1,1,
7444,TCK-17444,20251104,6,2,3,2025-11-04 08:08:47,2025-11-05 14:30:23,30.36,1,1,3
7445,TCK-17445,20260504,9,1,1,2026-05-04 22:17:06,2026-05-06 14:05:42,39.81,1,0,4
7446,TCK-17446,20250317,32,3,1,2025-03-17 19:11:40,2025-03-19 00:06:52,28.92,1,0,4
7447,TCK-17447,20260514,39,7,1,2026-05-14 16:53:12,,,0,0,4
7448,TCK-17448,20260618,13,5,2,2026-06-18 03:48:10,2026-06-18 20:33:46,16.76,1,1,2
7449,TCK-17449,20250113,45,1,2,2025-01-13 22:55:49,2025-01-15 08:59:25,34.06,1,0,4
7450,TCK-17450,20260710,28,4,3,2026-07-10 23:28:02,2026-07-12 12:02:50,36.58,1,0,5
7451,TCK-17451,20251017,30,5,3,2025-10-17 08:50:02,2025-10-17 19:47:02,10.95,1,1,5
7452,TCK-17452,20250511,11,2,3,2025-05-11 05:45:52,2025-05-11 17:35:40,11.83,1,1,4
7453,TCK-17453,20251112,41,3,2,2025-11-12 21:40:42,2025-11-14 21:35:18,47.91,1,0,4
7454,TCK-17454,20260311,31,4,2,2026-03-11 20:17:39,2026-03-13 01:14:39,28.95,1,1,5
7455,TCK-17455,20260430,47,6,1,2026-04-30 15:41:18,2026-05-01 16:57:30,25.27,1,1,5
7456,TCK-17456,20250919,36,7,2,2025-09-19 07:48:22,2025-09-19 20:02:46,12.24,1,0,5
7457,TCK-17457,20251127,3,3,2,2025-11-27 10:14:32,,,0,0,3
7458,TCK-17458,20260627,41,2,3,2026-06-27 18:48:58,2026-06-29 00:45:22,29.94,1,1,3
7459,TCK-17459,20251224,48,5,2,2025-12-24 17:21:13,2025-12-25 15:04:25,21.72,1,1,4
7460,TCK-17460,20260630,4,2,1,2026-06-30 06:09:47,,,0,0,
7461,TCK-17461,20260314,50,3,1,2026-03-14 03:57:58,,,0,0,4
7462,TCK-17462,20260101,9,8,2,2026-01-01 02:48:50,2026-01-02 02:09:14,23.34,1,1,5
7463,TCK-17463,20260614,43,3,3,2026-06-14 20:52:15,2026-06-16 02:02:27,29.17,1,0,5
7464,TCK-17464,20250408,33,3,3,2025-04-08 00:03:57,2025-04-09 01:00:21,24.94,1,0,3
7465,TCK-17465,20251231,1,8,1,2025-12-31 08:33:18,2026-01-01 08:06:54,23.56,1,1,2
7466,TCK-17466,20260125,35,1,1,2026-01-25 13:26:21,2026-01-26 02:06:33,12.67,1,1,3
7467,TCK-17467,20250530,10,4,2,2025-05-30 07:49:15,,,0,0,3
7468,TCK-17468,20251115,37,6,2,2025-11-15 13:59:23,2025-11-16 22:10:11,32.18,1,1,4
7469,TCK-17469,20260725,34,6,2,2026-07-25 16:23:03,2026-07-26 07:07:27,14.74,1,1,3
7470,TCK-17470,20250228,43,7,1,2025-02-28 15:57:30,2025-03-01 22:26:54,30.49,1,0,4
7471,TCK-17471,20260219,39,3,1,2026-02-19 13:09:28,,,0,0,4
7472,TCK-17472,20250112,32,6,1,2025-01-12 02:08:49,2025-01-13 02:34:37,24.43,1,1,3
7473,TCK-17473,20260506,10,3,1,2026-05-06 04:43:19,2026-05-06 16:05:31,11.37,1,1,
7474,TCK-17474,20260602,31,6,3,2026-06-02 21:59:30,2026-06-03 11:47:30,13.8,1,1,
7475,TCK-17475,20260210,35,6,1,2026-02-10 15:44:25,2026-02-12 01:21:01,33.61,1,1,3
7476,TCK-17476,20260219,37,4,2,2026-02-19 15:52:09,2026-02-20 22:17:57,30.43,1,1,4
7477,TCK-17477,20260114,26,5,3,2026-01-14 01:05:11,2026-01-14 11:59:47,10.91,1,1,5
7478,TCK-17478,20251006,40,4,3,2025-10-06 19:47:29,,,0,0,4
7479,TCK-17479,20260113,10,3,2,2026-01-13 21:14:25,2026-01-14 19:28:13,22.23,1,0,
7480,TCK-17480,20251028,29,8,2,2025-10-28 10:36:46,2025-10-29 15:51:46,29.25,1,1,5
7481,TCK-17481,20260623,38,1,3,2026-06-23 16:58:45,2026-06-24 04:44:21,11.76,1,1,
7482,TCK-17482,20260624,19,7,2,2026-06-24 02:30:53,2026-06-24 16:57:53,14.45,1,0,5
7483,TCK-17483,20250706,5,4,3,2025-07-06 11:20:08,,,0,0,
7484,TCK-17484,20260712,4,1,1,2026-07-12 18:44:50,2026-07-13 07:50:50,13.1,1,1,4
7485,TCK-17485,20260427,12,1,3,2026-04-27 16:30:03,,,0,0,2
7486,TCK-17486,20251213,8,4,1,2025-12-13 16:49:13,2025-12-14 13:22:49,20.56,1,1,5
7487,TCK-17487,20260622,23,3,3,2026-06-22 23:55:27,2026-06-23 14:21:15,14.43,1,0,5
7488,TCK-17488,20260628,44,5,3,2026-06-28 16:15:15,2026-06-29 09:07:27,16.87,1,1,
7489,TCK-17489,20250107,21,8,3,2025-01-07 13:59:54,2025-01-07 14:41:18,0.69,1,1,4
7490,TCK-17490,20260614,33,2,3,2026-06-14 00:43:42,2026-06-14 06:08:54,5.42,1,1,4
7491,TCK-17491,20250505,38,4,1,2025-05-05 08:10:36,2025-05-05 22:22:00,14.19,1,1,4
7492,TCK-17492,20260203,47,7,3,2026-02-03 23:13:34,,,0,0,3
7493,TCK-17493,20260412,48,2,1,2026-04-12 17:44:48,2026-04-12 22:32:12,4.79,1,1,5
7494,TCK-17494,20251130,28,2,2,2025-11-30 10:32:57,2025-11-30 20:35:57,10.05,1,1,4
7495,TCK-17495,20260510,10,7,3,2026-05-10 01:18:39,2026-05-11 01:36:39,24.3,1,0,4
7496,TCK-17496,20250901,9,6,2,2025-09-01 07:57:13,2025-09-02 09:33:49,25.61,1,1,4
7497,TCK-17497,20250205,4,3,3,2025-02-05 07:28:08,,,0,0,3
7498,TCK-17498,20260102,47,5,1,2026-01-02 02:12:03,2026-01-02 03:28:51,1.28,1,1,5
7499,TCK-17499,20250623,23,1,1,2025-06-23 20:01:23,,,0,0,5
7500,TCK-17500,20250515,13,1,3,2025-05-15 21:09:26,2025-05-16 11:25:02,14.26,1,1,2
7501,TCK-17501,20250828,49,8,3,2025-08-28 20:31:04,,,0,0,4
7502,TCK-17502,20250414,26,5,3,2025-04-14 04:40:58,2025-04-15 18:29:34,37.81,1,0,3
7503,TCK-17503,20250713,11,2,3,2025-07-13 06:50:52,2025-07-13 15:52:40,9.03,1,1,5
7504,TCK-17504,20260116,49,3,3,2026-01-16 12:15:57,2026-01-17 08:12:57,19.95,1,0,4
7505,TCK-17505,20251225,7,3,3,2025-12-25 06:03:32,2025-12-26 02:58:44,20.92,1,0,5
7506,TCK-17506,20260516,30,7,1,2026-05-16 17:06:10,,,0,0,4
7507,TCK-17507,20250813,9,4,1,2025-08-13 08:59:23,2025-08-13 16:49:11,7.83,1,1,3
7508,TCK-17508,20260527,31,2,3,2026-05-27 16:07:59,2026-05-28 16:33:47,24.43,1,1,3
7509,TCK-17509,20260319,24,8,2,2026-03-19 10:28:53,2026-03-20 00:59:29,14.51,1,1,4
7510,TCK-17510,20251117,14,2,2,2025-11-17 01:43:08,2025-11-18 06:15:32,28.54,1,1,5
7511,TCK-17511,20250312,17,2,1,2025-03-12 01:47:24,,,0,0,5
7512,TCK-17512,20250918,37,1,3,2025-09-18 02:44:08,2025-09-18 18:51:20,16.12,1,1,4
7513,TCK-17513,20250911,22,5,2,2025-09-11 14:00:39,2025-09-12 12:19:51,22.32,1,1,3
7514,TCK-17514,20250817,41,4,1,2025-08-17 05:48:47,,,0,0,3
7515,TCK-17515,20260719,2,8,2,2026-07-19 18:52:23,2026-07-20 11:21:47,16.49,1,1,4
7516,TCK-17516,20250505,4,2,2,2025-05-05 06:51:45,2025-05-05 20:13:57,13.37,1,1,4
7517,TCK-17517,20251225,49,6,2,2025-12-25 04:16:35,2025-12-25 22:46:35,18.5,1,1,4
7518,TCK-17518,20250114,14,8,1,2025-01-14 03:25:05,,,0,0,5
7519,TCK-17519,20250705,45,2,1,2025-07-05 02:42:08,2025-07-06 00:38:32,21.94,1,1,
7520,TCK-17520,20250502,45,1,2,2025-05-02 01:45:50,2025-05-02 08:05:02,6.32,1,1,3
7521,TCK-17521,20260426,39,7,3,2026-04-26 14:32:01,2026-04-27 01:55:25,11.39,1,0,4
7522,TCK-17522,20250809,39,4,3,2025-08-09 22:53:19,2025-08-10 08:43:43,9.84,1,1,5
7523,TCK-17523,20260515,20,6,2,2026-05-15 02:31:28,2026-05-15 15:59:04,13.46,1,1,5
7524,TCK-17524,20250606,16,7,2,2025-06-06 04:45:16,2025-06-06 15:48:16,11.05,1,0,4
7525,TCK-17525,20260307,35,2,2,2026-03-07 00:37:39,2026-03-08 11:50:51,35.22,1,1,4
7526,TCK-17526,20250603,4,5,1,2025-06-03 13:10:01,2025-06-03 22:33:25,9.39,1,1,
7527,TCK-17527,20260407,5,6,1,2026-04-07 06:34:07,2026-04-08 00:21:31,17.79,1,1,5
7528,TCK-17528,20250707,14,4,3,2025-07-07 09:50:30,2025-07-07 21:53:30,12.05,1,1,3
7529,TCK-17529,20250303,15,7,2,2025-03-03 06:06:48,2025-03-05 01:08:00,43.02,1,0,4
7530,TCK-17530,20250914,35,6,3,2025-09-14 01:29:15,2025-09-15 08:59:51,31.51,1,1,4
7531,TCK-17531,20250806,29,6,3,2025-08-06 08:25:39,,,0,0,4
7532,TCK-17532,20251214,30,7,3,2025-12-14 21:35:52,2025-12-17 00:06:28,50.51,1,0,5
7533,TCK-17533,20250517,43,5,1,2025-05-17 21:40:31,2025-05-19 10:47:07,37.11,1,0,4
7534,TCK-17534,20250610,42,8,2,2025-06-10 01:56:54,,,0,0,4
7535,TCK-17535,20260319,37,1,3,2026-03-19 08:14:20,,,0,0,3
7536,TCK-17536,20250202,12,4,3,2025-02-02 03:34:30,2025-02-02 17:25:30,13.85,1,1,4
7537,TCK-17537,20250320,17,5,3,2025-03-20 02:23:14,2025-03-21 02:29:50,24.11,1,0,4
7538,TCK-17538,20260130,13,1,2,2026-01-30 12:11:03,,,0,0,5
7539,TCK-17539,20251013,17,8,1,2025-10-13 14:59:00,,,0,0,2
7540,TCK-17540,20260109,17,7,2,2026-01-09 00:29:04,2026-01-09 19:44:04,19.25,1,0,5
7541,TCK-17541,20251222,44,3,2,2025-12-22 21:51:23,2025-12-22 23:51:59,2.01,1,1,2
7542,TCK-17542,20250506,33,7,3,2025-05-06 03:10:53,,,0,0,
7543,TCK-17543,20251121,21,6,2,2025-11-21 11:59:15,2025-11-22 05:14:15,17.25,1,1,4
7544,TCK-17544,20250728,41,5,1,2025-07-28 16:29:10,,,0,0,5
7545,TCK-17545,20250808,46,6,3,2025-08-08 07:22:39,2025-08-09 02:56:15,19.56,1,1,5
7546,TCK-17546,20250910,9,5,3,2025-09-10 22:09:34,2025-09-12 05:58:46,31.82,1,0,
7547,TCK-17547,20260211,3,8,1,2026-02-11 06:31:33,,,0,0,5
7548,TCK-17548,20251218,14,4,3,2025-12-18 08:12:17,2025-12-18 22:21:17,14.15,1,1,3
7549,TCK-17549,20250226,19,3,3,2025-02-26 06:48:32,2025-02-27 01:24:32,18.6,1,0,
7550,TCK-17550,20260421,34,6,3,2026-04-21 00:16:55,2026-04-21 23:54:43,23.63,1,1,4
7551,TCK-17551,20260418,42,2,3,2026-04-18 07:08:14,2026-04-18 18:26:50,11.31,1,1,5
7552,TCK-17552,20250910,13,7,1,2025-09-10 09:17:01,2025-09-11 23:17:37,38.01,1,0,4
7553,TCK-17553,20260712,47,4,3,2026-07-12 07:15:12,2026-07-12 19:48:48,12.56,1,1,3
7554,TCK-17554,20260621,48,4,2,2026-06-21 01:20:53,,,0,0,3
7555,TCK-17555,20260531,48,6,3,2026-05-31 02:18:33,2026-05-31 04:59:21,2.68,1,1,4
7556,TCK-17556,20251008,32,6,2,2025-10-08 12:19:08,,,0,0,4
7557,TCK-17557,20250208,4,8,1,2025-02-08 13:15:25,2025-02-10 04:49:37,39.57,1,1,4
7558,TCK-17558,20250215,34,5,1,2025-02-15 08:59:42,2025-02-16 09:09:54,24.17,1,0,
7559,TCK-17559,20260330,18,5,3,2026-03-30 13:13:12,2026-03-31 06:42:00,17.48,1,1,4
7560,TCK-17560,20250918,2,4,3,2025-09-18 14:50:02,2025-09-18 17:50:38,3.01,1,1,4
7561,TCK-17561,20250422,38,1,2,2025-04-22 18:57:06,2025-04-24 01:58:54,31.03,1,0,2
7562,TCK-17562,20260404,44,8,3,2026-04-04 06:06:01,2026-04-05 04:49:13,22.72,1,1,4
7563,TCK-17563,20250706,11,4,2,2025-07-06 10:23:31,2025-07-07 05:13:55,18.84,1,1,
7564,TCK-17564,20250512,10,1,1,2025-05-12 04:04:07,2025-05-12 17:56:55,13.88,1,1,3
7565,TCK-17565,20260320,26,2,3,2026-03-20 00:56:30,2026-03-20 20:48:06,19.86,1,1,4
7566,TCK-17566,20250916,11,6,2,2025-09-16 02:59:26,2025-09-16 19:58:50,16.99,1,1,2
7567,TCK-17567,20260204,14,6,3,2026-02-04 18:32:42,2026-02-06 16:38:06,46.09,1,1,5
7568,TCK-17568,20250816,24,5,1,2025-08-16 09:31:53,2025-08-17 13:12:05,27.67,1,0,5
7569,TCK-17569,20260707,44,4,1,2026-07-07 02:49:03,2026-07-07 03:55:03,1.1,1,1,3
7570,TCK-17570,20260102,26,5,2,2026-01-02 02:55:14,2026-01-03 10:44:26,31.82,1,0,4
7571,TCK-17571,20251127,20,7,2,2025-11-27 07:46:14,2025-11-28 15:21:02,31.58,1,0,5
7572,TCK-17572,20250131,36,2,2,2025-01-31 20:45:57,2025-02-01 21:32:09,24.77,1,1,
7573,TCK-17573,20250615,45,4,2,2025-06-15 23:08:58,2025-06-16 22:06:34,22.96,1,1,5
7574,TCK-17574,20260125,8,2,2,2026-01-25 17:04:12,2026-01-26 01:12:36,8.14,1,1,4
7575,TCK-17575,20250130,7,8,3,2025-01-30 11:09:19,2025-01-31 19:15:55,32.11,1,1,4
7576,TCK-17576,20250702,20,4,2,2025-07-02 02:48:07,,,0,0,5
7577,TCK-17577,20260209,40,6,2,2026-02-09 02:19:16,2026-02-10 09:09:04,30.83,1,1,4
7578,TCK-17578,20251216,6,5,1,2025-12-16 05:10:31,2025-12-16 19:29:43,14.32,1,1,4
7579,TCK-17579,20251216,23,5,2,2025-12-16 01:25:23,2025-12-16 20:33:11,19.13,1,1,5
7580,TCK-17580,20260705,28,1,1,2026-07-05 23:25:50,2026-07-06 21:34:50,22.15,1,1,4
7581,TCK-17581,20250613,19,1,3,2025-06-13 04:56:17,2025-06-14 03:40:41,22.74,1,1,3
7582,TCK-17582,20250219,21,5,3,2025-02-19 02:12:25,2025-02-19 20:01:37,17.82,1,1,4
7583,TCK-17583,20250123,4,3,3,2025-01-23 16:20:57,2025-01-23 20:05:57,3.75,1,1,3
7584,TCK-17584,20250820,37,3,1,2025-08-20 05:24:38,2025-08-20 18:28:50,13.07,1,0,
7585,TCK-17585,20250518,8,3,3,2025-05-18 00:36:31,2025-05-18 10:23:55,9.79,1,1,3
7586,TCK-17586,20260427,42,8,1,2026-04-27 16:48:27,2026-04-28 09:13:39,16.42,1,1,3
7587,TCK-17587,20250914,13,8,3,2025-09-14 17:13:11,2025-09-15 04:16:47,11.06,1,1,4
7588,TCK-17588,20251227,29,1,1,2025-12-27 01:06:29,2025-12-27 19:55:41,18.82,1,1,4
7589,TCK-17589,20260612,41,2,2,2026-06-12 03:22:29,2026-06-12 19:20:41,15.97,1,1,4
7590,TCK-17590,20250429,1,7,3,2025-04-29 05:01:01,2025-04-29 05:51:25,0.84,1,1,
7591,TCK-17591,20260417,39,2,3,2026-04-17 23:03:42,2026-04-18 07:01:54,7.97,1,1,5
7592,TCK-17592,20260708,36,5,1,2026-07-08 17:32:21,,,0,0,4
7593,TCK-17593,20250405,20,4,1,2025-04-05 17:50:01,2025-04-06 12:36:13,18.77,1,1,5
7594,TCK-17594,20251019,46,1,3,2025-10-19 13:10:03,2025-10-20 22:53:15,33.72,1,0,4
7595,TCK-17595,20250413,11,4,1,2025-04-13 11:48:25,2025-04-14 21:23:13,33.58,1,1,5
7596,TCK-17596,20250527,33,8,2,2025-05-27 20:22:08,,,0,0,2
7597,TCK-17597,20251111,31,6,2,2025-11-11 06:45:10,2025-11-11 16:25:22,9.67,1,1,3
7598,TCK-17598,20250901,21,8,2,2025-09-01 16:14:23,2025-09-03 02:21:35,34.12,1,1,3
7599,TCK-17599,20260428,2,4,3,2026-04-28 20:53:17,,,0,0,3
7600,TCK-17600,20250521,49,1,1,2025-05-21 05:07:49,2025-05-21 16:54:37,11.78,1,1,3
7601,TCK-17601,20250522,41,4,1,2025-05-22 16:32:34,2025-05-23 16:10:22,23.63,1,1,5
7602,TCK-17602,20251227,4,7,1,2025-12-27 04:03:27,,,0,0,
7603,TCK-17603,20260131,2,5,1,2026-01-31 18:58:42,2026-02-01 16:14:18,21.26,1,1,3
7604,TCK-17604,20260207,36,3,1,2026-02-07 06:42:40,2026-02-07 16:42:04,9.99,1,1,3
7605,TCK-17605,20251209,35,2,2,2025-12-09 22:55:54,2025-12-10 23:10:18,24.24,1,1,5
7606,TCK-17606,20250817,18,1,3,2025-08-17 12:38:05,2025-08-18 23:51:53,35.23,1,0,5
7607,TCK-17607,20260703,4,4,3,2026-07-03 13:38:56,2026-07-04 05:59:56,16.35,1,1,3
7608,TCK-17608,20251123,20,2,2,2025-11-23 10:44:08,2025-11-24 03:01:32,16.29,1,1,3
7609,TCK-17609,20250424,17,1,1,2025-04-24 01:11:47,2025-04-24 08:59:11,7.79,1,1,4
7610,TCK-17610,20260206,5,5,1,2026-02-06 19:08:31,2026-02-06 22:23:31,3.25,1,1,
7611,TCK-17611,20250314,47,4,3,2025-03-14 21:14:44,2025-03-16 08:55:32,35.68,1,1,4
7612,TCK-17612,20251202,46,4,2,2025-12-02 14:04:27,2025-12-03 03:00:51,12.94,1,1,4
7613,TCK-17613,20250319,2,2,3,2025-03-19 01:58:05,2025-03-20 05:43:05,27.75,1,1,4
7614,TCK-17614,20260613,19,8,2,2026-06-13 15:55:01,,,0,0,5
7615,TCK-17615,20260511,18,2,2,2026-05-11 09:38:56,,,0,0,5
7616,TCK-17616,20250907,12,8,3,2025-09-07 04:33:23,2025-09-08 06:03:23,25.5,1,1,
7617,TCK-17617,20260401,22,1,3,2026-04-01 12:09:59,,,0,0,4
7618,TCK-17618,20260221,25,8,1,2026-02-21 19:15:07,,,0,0,4
7619,TCK-17619,20250414,42,3,3,2025-04-14 16:27:09,2025-04-14 18:39:09,2.2,1,1,5
7620,TCK-17620,20260519,35,5,3,2026-05-19 09:11:08,2026-05-20 00:03:20,14.87,1,1,3
7621,TCK-17621,20260131,10,4,2,2026-01-31 18:49:10,2026-02-01 05:07:10,10.3,1,1,4
7622,TCK-17622,20250425,17,4,1,2025-04-25 00:54:23,,,0,0,5
7623,TCK-17623,20250819,5,7,1,2025-08-19 20:29:31,2025-08-20 20:47:31,24.3,1,0,5
7624,TCK-17624,20260705,48,7,2,2026-07-05 00:50:31,2026-07-05 09:40:19,8.83,1,0,5
7625,TCK-17625,20250418,30,2,1,2025-04-18 14:32:01,2025-04-18 19:11:01,4.65,1,1,5
7626,TCK-17626,20250517,9,5,2,2025-05-17 06:04:16,,,0,0,4
7627,TCK-17627,20260102,26,1,2,2026-01-02 15:36:27,,,0,0,4
7628,TCK-17628,20250731,6,6,3,2025-07-31 09:14:49,2025-08-01 00:01:37,14.78,1,1,5
7629,TCK-17629,20250826,11,7,3,2025-08-26 12:45:44,2025-08-26 23:40:56,10.92,1,0,4
7630,TCK-17630,20250106,12,7,1,2025-01-06 08:22:39,2025-01-07 04:55:03,20.54,1,0,3
7631,TCK-17631,20251223,17,5,1,2025-12-23 00:25:50,,,0,0,5
7632,TCK-17632,20260118,23,2,1,2026-01-18 13:21:50,2026-01-20 03:25:26,38.06,1,1,5
7633,TCK-17633,20260219,13,2,3,2026-02-19 04:16:43,2026-02-19 12:35:19,8.31,1,1,4
7634,TCK-17634,20250831,36,4,1,2025-08-31 18:21:50,2025-09-02 02:32:38,32.18,1,1,5
7635,TCK-17635,20250726,25,3,3,2025-07-26 21:55:06,2025-07-27 11:34:42,13.66,1,0,
7636,TCK-17636,20250717,3,6,3,2025-07-17 22:53:38,2025-07-19 03:39:14,28.76,1,1,4
7637,TCK-17637,20250310,2,2,1,2025-03-10 02:49:37,2025-03-10 07:29:13,4.66,1,1,4
7638,TCK-17638,20250830,44,6,1,2025-08-30 14:59:49,2025-08-30 21:25:01,6.42,1,1,5
7639,TCK-17639,20260629,22,2,2,2026-06-29 23:18:37,,,0,0,4
7640,TCK-17640,20260616,1,5,1,2026-06-16 03:04:53,2026-06-16 07:24:05,4.32,1,1,5
7641,TCK-17641,20260227,47,8,2,2026-02-27 15:33:24,2026-02-28 15:08:48,23.59,1,1,
7642,TCK-17642,20251228,19,7,2,2025-12-28 06:15:33,2025-12-29 01:38:21,19.38,1,0,4
7643,TCK-17643,20250126,26,5,2,2025-01-26 06:05:02,2025-01-26 07:54:50,1.83,1,1,4
7644,TCK-17644,20251004,6,7,2,2025-10-04 09:05:10,2025-10-05 04:38:46,19.56,1,0,3
7645,TCK-17645,20250524,30,1,1,2025-05-24 01:39:38,,,0,0,4
7646,TCK-17646,20260628,40,3,1,2026-06-28 14:53:22,2026-06-29 19:10:46,28.29,1,0,3
7647,TCK-17647,20260502,19,1,1,2026-05-02 11:43:35,2026-05-03 20:27:23,32.73,1,0,4
7648,TCK-17648,20250203,30,1,3,2025-02-03 06:17:06,,,0,0,4
7649,TCK-17649,20260305,35,7,1,2026-03-05 02:02:05,2026-03-05 22:15:53,20.23,1,0,4
7650,TCK-17650,20250123,36,3,2,2025-01-23 01:51:46,2025-01-24 07:33:46,29.7,1,0,3
7651,TCK-17651,20260129,39,5,1,2026-01-29 04:55:34,2026-01-30 12:11:10,31.26,1,0,5
7652,TCK-17652,20250130,40,5,2,2025-01-30 23:23:31,2025-01-31 18:02:31,18.65,1,1,
7653,TCK-17653,20260508,21,4,3,2026-05-08 13:45:34,,,0,0,5
7654,TCK-17654,20260120,21,4,1,2026-01-20 04:44:17,2026-01-20 15:33:29,10.82,1,1,5
7655,TCK-17655,20260711,7,7,1,2026-07-11 20:37:59,2026-07-11 22:34:59,1.95,1,1,4
7656,TCK-17656,20260426,33,6,2,2026-04-26 23:54:36,2026-04-27 11:57:00,12.04,1,1,3
7657,TCK-17657,20260618,35,6,2,2026-06-18 01:46:33,2026-06-18 13:35:45,11.82,1,1,3
7658,TCK-17658,20260126,8,6,1,2026-01-26 06:44:40,2026-01-26 10:13:28,3.48,1,1,4
7659,TCK-17659,20250508,2,5,3,2025-05-08 01:21:59,2025-05-09 04:03:59,26.7,1,0,4
7660,TCK-17660,20250105,8,7,2,2025-01-05 05:09:51,,,0,0,4
7661,TCK-17661,20260721,31,6,3,2026-07-21 16:01:44,2026-07-23 02:15:32,34.23,1,1,4
7662,TCK-17662,20260706,43,8,1,2026-07-06 05:28:25,,,0,0,
7663,TCK-17663,20250529,26,8,1,2025-05-29 11:00:59,2025-05-30 10:41:47,23.68,1,1,3
7664,TCK-17664,20250407,7,3,2,2025-04-07 19:45:34,2025-04-08 17:23:22,21.63,1,0,
7665,TCK-17665,20250303,45,6,2,2025-03-03 12:41:36,2025-03-04 05:46:24,17.08,1,1,3
7666,TCK-17666,20250903,45,7,2,2025-09-03 12:44:21,2025-09-04 01:43:45,12.99,1,0,
7667,TCK-17667,20250313,8,8,1,2025-03-13 02:49:10,2025-03-13 15:38:58,12.83,1,1,4
7668,TCK-17668,20250310,16,2,2,2025-03-10 15:18:42,2025-03-11 04:31:54,13.22,1,1,
7669,TCK-17669,20250512,37,4,3,2025-05-12 21:28:15,2025-05-13 11:54:39,14.44,1,1,5
7670,TCK-17670,20250908,26,6,3,2025-09-08 10:18:27,2025-09-09 04:49:39,18.52,1,1,4
7671,TCK-17671,20250605,17,7,1,2025-06-05 18:46:37,,,0,0,5
7672,TCK-17672,20260405,2,4,3,2026-04-05 08:08:42,2026-04-05 22:11:06,14.04,1,1,3
7673,TCK-17673,20260625,10,2,1,2026-06-25 00:00:11,,,0,0,4
7674,TCK-17674,20260224,50,1,3,2026-02-24 00:39:51,,,0,0,4
7675,TCK-17675,20250909,43,2,2,2025-09-09 22:55:15,2025-09-10 13:10:51,14.26,1,1,3
7676,TCK-17676,20250921,38,2,3,2025-09-21 10:40:17,2025-09-22 00:54:41,14.24,1,1,5
7677,TCK-17677,20251211,44,2,3,2025-12-11 05:15:49,2025-12-11 19:00:13,13.74,1,1,4
7678,TCK-17678,20250319,30,1,2,2025-03-19 07:09:08,,,0,0,4
7679,TCK-17679,20250117,48,8,3,2025-01-17 18:01:56,2025-01-18 14:17:32,20.26,1,1,5
7680,TCK-17680,20250327,1,4,3,2025-03-27 10:43:54,2025-03-27 19:39:42,8.93,1,1,4
7681,TCK-17681,20260310,9,4,3,2026-03-10 11:02:52,2026-03-12 16:49:40,53.78,1,0,
7682,TCK-17682,20250816,35,5,3,2025-08-16 20:24:19,2025-08-18 23:15:55,50.86,1,0,5
7683,TCK-17683,20260422,25,1,1,2026-04-22 18:37:04,2026-04-23 22:26:16,27.82,1,0,4
7684,TCK-17684,20250129,41,1,2,2025-01-29 12:22:25,2025-01-30 21:52:25,33.5,1,0,
7685,TCK-17685,20250523,31,8,2,2025-05-23 13:31:11,2025-05-25 03:46:47,38.26,1,1,2
7686,TCK-17686,20260508,10,8,2,2026-05-08 10:58:40,2026-05-08 16:18:28,5.33,1,1,5
7687,TCK-17687,20251103,14,1,2,2025-11-03 20:08:06,2025-11-05 09:58:30,37.84,1,0,4
7688,TCK-17688,20260602,26,4,1,2026-06-02 04:56:56,,,0,0,2
7689,TCK-17689,20251105,46,6,1,2025-11-05 04:43:40,,,0,0,4
7690,TCK-17690,20260413,2,7,3,2026-04-13 07:58:22,2026-04-14 08:39:46,24.69,1,0,5
7691,TCK-17691,20260707,40,6,1,2026-07-07 00:23:15,2026-07-08 14:14:15,37.85,1,1,3
7692,TCK-17692,20260322,18,1,1,2026-03-22 20:59:01,,,0,0,4
7693,TCK-17693,20260726,3,6,1,2026-07-26 23:30:10,2026-07-27 18:02:34,18.54,1,1,4
7694,TCK-17694,20250110,9,8,2,2025-01-10 11:36:15,,,0,0,4
7695,TCK-17695,20260114,6,6,2,2026-01-14 15:46:10,2026-01-15 02:35:58,10.83,1,1,4
7696,TCK-17696,20251130,42,5,1,2025-11-30 17:37:06,2025-12-01 02:59:18,9.37,1,1,4
7697,TCK-17697,20251130,28,8,2,2025-11-30 02:36:34,2025-11-30 16:14:58,13.64,1,1,3
7698,TCK-17698,20250728,2,2,2,2025-07-28 05:41:35,2025-07-28 13:56:35,8.25,1,1,4
7699,TCK-17699,20251107,40,8,3,2025-11-07 03:44:55,,,0,0,
7700,TCK-17700,20251231,46,4,3,2025-12-31 04:33:35,2026-01-01 00:31:11,19.96,1,1,4
7701,TCK-17701,20251116,7,3,1,2025-11-16 06:42:55,2025-11-16 21:37:31,14.91,1,0,
7702,TCK-17702,20260812,9,1,3,2026-08-12 22:54:33,2026-08-13 11:31:09,12.61,1,1,3
7703,TCK-17703,20260711,31,1,3,2026-07-11 05:56:20,2026-07-11 10:41:20,4.75,1,1,3
7704,TCK-17704,20251204,33,8,3,2025-12-04 20:02:48,2025-12-05 01:14:48,5.2,1,1,4
7705,TCK-17705,20260701,34,2,2,2026-07-01 21:46:52,2026-07-03 09:40:52,35.9,1,1,4
7706,TCK-17706,20260217,28,3,2,2026-02-17 19:32:30,2026-02-18 09:02:30,13.5,1,0,4
7707,TCK-17707,20251108,19,4,3,2025-11-08 09:25:04,2025-11-09 11:22:04,25.95,1,1,4
7708,TCK-17708,20250310,30,6,3,2025-03-10 21:52:05,2025-03-11 05:54:29,8.04,1,1,
7709,TCK-17709,20251113,45,5,3,2025-11-13 20:40:04,2025-11-15 06:05:16,33.42,1,0,5
7710,TCK-17710,20260709,43,2,3,2026-07-09 06:04:58,,,0,0,5
7711,TCK-17711,20251105,3,7,2,2025-11-05 18:06:58,2025-11-06 00:07:34,6.01,1,1,4
7712,TCK-17712,20250305,28,8,1,2025-03-05 14:24:32,2025-03-06 09:11:56,18.79,1,1,2
7713,TCK-17713,20251022,28,1,3,2025-10-22 01:56:03,2025-10-23 10:08:03,32.2,1,0,4
7714,TCK-17714,20250518,7,5,2,2025-05-18 16:56:10,,,0,0,3
7715,TCK-17715,20250613,17,3,3,2025-06-13 17:39:34,2025-06-15 04:07:46,34.47,1,0,2
7716,TCK-17716,20250616,31,5,3,2025-06-16 21:17:33,2025-06-17 18:43:21,21.43,1,1,3
7717,TCK-17717,20260719,45,8,2,2026-07-19 11:39:06,2026-07-20 14:12:06,26.55,1,1,4
7718,TCK-17718,20260111,17,4,1,2026-01-11 17:11:49,,,0,0,5
7719,TCK-17719,20260128,17,7,3,2026-01-28 23:28:49,2026-01-30 01:18:37,25.83,1,0,4
7720,TCK-17720,20250706,41,3,3,2025-07-06 09:41:51,2025-07-06 10:41:51,1.0,1,1,3
7721,TCK-17721,20250316,41,8,2,2025-03-16 06:05:20,2025-03-17 02:26:20,20.35,1,1,3
7722,TCK-17722,20260321,14,3,1,2026-03-21 00:27:09,2026-03-22 03:04:57,26.63,1,0,2
7723,TCK-17723,20260526,12,8,3,2026-05-26 04:19:22,2026-05-26 07:46:22,3.45,1,1,3
7724,TCK-17724,20250418,5,8,2,2025-04-18 19:18:33,2025-04-19 04:29:57,9.19,1,1,4
7725,TCK-17725,20260318,37,4,3,2026-03-18 00:04:19,,,0,0,5
7726,TCK-17726,20260811,48,6,3,2026-08-11 21:29:31,2026-08-13 00:15:07,26.76,1,1,4
7727,TCK-17727,20260207,24,6,3,2026-02-07 02:16:02,,,0,0,2
7728,TCK-17728,20250416,19,2,3,2025-04-16 04:58:24,2025-04-17 05:44:36,24.77,1,1,
7729,TCK-17729,20250815,9,4,2,2025-08-15 05:08:29,2025-08-15 21:13:53,16.09,1,1,3
7730,TCK-17730,20250503,12,6,2,2025-05-03 16:27:17,2025-05-05 04:15:17,35.8,1,1,
7731,TCK-17731,20250320,26,7,1,2025-03-20 14:51:16,2025-03-21 04:04:28,13.22,1,0,4
7732,TCK-17732,20250413,29,3,1,2025-04-13 16:51:00,2025-04-14 01:59:24,9.14,1,1,4
7733,TCK-17733,20260512,34,7,3,2026-05-12 07:51:45,2026-05-12 23:21:09,15.49,1,0,
7734,TCK-17734,20250126,9,7,3,2025-01-26 11:47:26,2025-01-27 07:36:02,19.81,1,0,5
7735,TCK-17735,20260711,10,8,2,2026-07-11 05:28:05,,,0,0,4
7736,TCK-17736,20250121,8,7,1,2025-01-21 23:36:25,2025-01-22 03:29:49,3.89,1,1,5
7737,TCK-17737,20260520,29,5,1,2026-05-20 23:16:34,,,0,0,5
7738,TCK-17738,20250605,33,2,2,2025-06-05 00:17:13,2025-06-05 12:22:01,12.08,1,1,4
7739,TCK-17739,20260412,49,4,1,2026-04-12 14:18:43,,,0,0,5
7740,TCK-17740,20260712,31,5,1,2026-07-12 21:35:30,2026-07-14 04:04:18,30.48,1,0,
7741,TCK-17741,20251007,6,6,3,2025-10-07 00:44:24,2025-10-08 05:19:12,28.58,1,1,
7742,TCK-17742,20260314,7,6,1,2026-03-14 09:28:03,2026-03-15 07:46:03,22.3,1,1,4
7743,TCK-17743,20251004,13,8,2,2025-10-04 01:30:41,2025-10-05 17:11:29,39.68,1,1,5
7744,TCK-17744,20260608,35,6,2,2026-06-08 21:36:15,2026-06-10 07:32:03,33.93,1,1,3
7745,TCK-17745,20260716,3,8,1,2026-07-16 05:09:59,,,0,0,4
7746,TCK-17746,20250727,14,5,1,2025-07-27 08:36:44,2025-07-27 16:19:20,7.71,1,1,5
7747,TCK-17747,20260330,25,4,1,2026-03-30 17:14:22,2026-03-31 18:11:22,24.95,1,1,3
7748,TCK-17748,20260622,41,7,2,2026-06-22 03:13:32,2026-06-23 13:17:08,34.06,1,0,3
7749,TCK-17749,20250412,47,2,3,2025-04-12 19:26:51,2025-04-13 15:58:39,20.53,1,1,3
7750,TCK-17750,20250913,34,6,3,2025-09-13 07:22:24,2025-09-13 08:05:36,0.72,1,1,4
7751,TCK-17751,20250705,11,3,3,2025-07-05 14:00:25,,,0,0,3
7752,TCK-17752,20250203,16,8,2,2025-02-03 17:52:19,,,0,0,4
7753,TCK-17753,20260325,29,6,1,2026-03-25 01:40:08,2026-03-25 02:47:20,1.12,1,1,4
7754,TCK-17754,20260201,15,5,2,2026-02-01 21:15:09,2026-02-03 15:40:57,42.43,1,0,5
7755,TCK-17755,20250316,9,7,1,2025-03-16 08:46:37,,,0,0,4
7756,TCK-17756,20250713,29,7,3,2025-07-13 03:42:37,2025-07-13 05:09:01,1.44,1,1,
7757,TCK-17757,20260302,10,5,3,2026-03-02 23:43:20,2026-03-04 02:09:08,26.43,1,0,5
7758,TCK-17758,20250705,1,1,1,2025-07-05 20:13:05,2025-07-06 16:05:17,19.87,1,1,3
7759,TCK-17759,20250313,27,1,3,2025-03-13 04:19:59,2025-03-14 04:15:11,23.92,1,1,4
7760,TCK-17760,20251129,15,5,3,2025-11-29 23:46:38,2025-11-30 21:33:26,21.78,1,1,5
7761,TCK-17761,20250530,31,7,2,2025-05-30 15:56:12,2025-06-01 01:13:00,33.28,1,0,5
7762,TCK-17762,20250706,13,6,2,2025-07-06 21:16:53,2025-07-07 14:56:29,17.66,1,1,3
7763,TCK-17763,20260309,21,1,2,2026-03-09 16:06:48,2026-03-09 18:42:12,2.59,1,1,3
7764,TCK-17764,20250409,11,6,3,2025-04-09 14:45:30,2025-04-10 16:36:30,25.85,1,1,3
7765,TCK-17765,20251017,47,3,1,2025-10-17 23:50:26,2025-10-18 09:04:14,9.23,1,1,
7766,TCK-17766,20260409,9,8,1,2026-04-09 09:15:01,2026-04-10 01:24:37,16.16,1,1,3
7767,TCK-17767,20250916,42,7,2,2025-09-16 20:00:00,2025-09-16 22:58:48,2.98,1,1,5
7768,TCK-17768,20260110,38,7,2,2026-01-10 06:22:36,2026-01-10 20:55:00,14.54,1,0,5
7769,TCK-17769,20260502,17,1,3,2026-05-02 12:22:44,2026-05-03 11:53:20,23.51,1,1,
7770,TCK-17770,20250708,12,6,2,2025-07-08 21:19:48,2025-07-09 08:15:36,10.93,1,1,4
7771,TCK-17771,20250903,19,2,3,2025-09-03 14:06:03,,,0,0,4
7772,TCK-17772,20260216,38,7,1,2026-02-16 23:02:56,,,0,0,5
7773,TCK-17773,20260410,30,6,1,2026-04-10 10:49:55,,,0,0,5
7774,TCK-17774,20260331,32,7,2,2026-03-31 09:54:32,2026-04-01 10:48:32,24.9,1,0,4
7775,TCK-17775,20260318,13,2,2,2026-03-18 16:17:08,,,0,0,5
7776,TCK-17776,20250325,28,4,1,2025-03-25 17:54:37,2025-03-26 13:13:49,19.32,1,1,5
7777,TCK-17777,20250616,30,7,2,2025-06-16 14:09:35,2025-06-16 16:02:23,1.88,1,1,4
7778,TCK-17778,20251108,8,5,3,2025-11-08 14:24:11,2025-11-09 02:21:47,11.96,1,1,3
7779,TCK-17779,20251024,39,8,1,2025-10-24 13:04:35,2025-10-25 05:20:11,16.26,1,1,4
7780,TCK-17780,20250507,34,5,1,2025-05-07 08:58:26,2025-05-08 16:51:14,31.88,1,0,3
7781,TCK-17781,20250816,43,3,3,2025-08-16 13:57:12,2025-08-17 10:13:24,20.27,1,0,4
7782,TCK-17782,20260607,29,3,3,2026-06-07 00:50:53,2026-06-07 20:25:41,19.58,1,0,3
7783,TCK-17783,20260517,28,1,3,2026-05-17 07:34:46,,,0,0,3
7784,TCK-17784,20260202,29,6,1,2026-02-02 14:01:15,,,0,0,5
7785,TCK-17785,20250329,20,3,2,2025-03-29 09:14:34,2025-03-30 20:58:22,35.73,1,0,4
7786,TCK-17786,20260718,1,6,1,2026-07-18 20:12:13,,,0,0,4
7787,TCK-17787,20260517,28,2,2,2026-05-17 03:22:04,2026-05-17 19:31:40,16.16,1,1,4
7788,TCK-17788,20250904,4,3,2,2025-09-04 05:47:53,2025-09-04 11:20:53,5.55,1,1,3
7789,TCK-17789,20260405,13,1,2,2026-04-05 08:22:23,2026-04-05 21:09:47,12.79,1,1,4
7790,TCK-17790,20250119,20,4,3,2025-01-19 17:05:36,,,0,0,2
7791,TCK-17791,20250610,34,5,3,2025-06-10 15:28:23,2025-06-11 20:47:35,29.32,1,0,3
7792,TCK-17792,20250223,43,3,2,2025-02-23 02:37:09,2025-02-23 13:08:57,10.53,1,1,5
7793,TCK-17793,20260501,16,7,1,2026-05-01 03:59:44,2026-05-02 00:19:32,20.33,1,0,4
7794,TCK-17794,20251117,27,8,1,2025-11-17 01:33:51,,,0,0,4
7795,TCK-17795,20250811,5,8,2,2025-08-11 10:10:18,2025-08-12 22:02:30,35.87,1,1,2
7796,TCK-17796,20260711,45,6,1,2026-07-11 08:20:21,2026-07-12 13:44:21,29.4,1,1,4
7797,TCK-17797,20260325,41,5,2,2026-03-25 11:48:12,2026-03-25 17:53:00,6.08,1,1,3
7798,TCK-17798,20250402,3,3,3,2025-04-02 09:56:33,2025-04-02 22:44:33,12.8,1,0,5
7799,TCK-17799,20260810,44,3,2,2026-08-10 23:56:43,2026-08-12 21:28:31,45.53,1,0,5
7800,TCK-17800,20250504,2,7,2,2025-05-04 02:25:22,2025-05-04 19:01:58,16.61,1,0,4
7801,TCK-17801,20251128,16,6,1,2025-11-28 11:23:35,2025-11-29 09:04:23,21.68,1,1,3
7802,TCK-17802,20250131,26,1,2,2025-01-31 11:27:54,2025-01-31 13:50:06,2.37,1,1,2
7803,TCK-17803,20250119,28,2,1,2025-01-19 01:34:50,2025-01-19 22:45:38,21.18,1,1,4
7804,TCK-17804,20250909,28,1,3,2025-09-09 23:38:38,,,0,0,4
7805,TCK-17805,20250427,28,3,1,2025-04-27 00:38:43,2025-04-28 08:51:55,32.22,1,0,3
7806,TCK-17806,20260128,7,2,3,2026-01-28 06:42:00,2026-01-29 02:43:48,20.03,1,1,2
7807,TCK-17807,20250212,35,2,2,2025-02-12 00:17:52,2025-02-13 01:13:04,24.92,1,1,4
7808,TCK-17808,20250801,40,1,1,2025-08-01 10:32:28,,,0,0,5
7809,TCK-17809,20251226,47,1,3,2025-12-26 10:42:23,2025-12-27 07:58:35,21.27,1,1,4
7810,TCK-17810,20251129,42,1,1,2025-11-29 05:37:38,2025-11-29 10:59:14,5.36,1,1,
7811,TCK-17811,20250929,23,3,2,2025-09-29 06:41:12,2025-09-30 11:01:36,28.34,1,0,5
7812,TCK-17812,20251106,44,2,1,2025-11-06 06:50:00,2025-11-06 08:20:36,1.51,1,1,4
7813,TCK-17813,20250316,26,1,1,2025-03-16 07:08:08,,,0,0,4
7814,TCK-17814,20260511,44,5,3,2026-05-11 20:16:19,2026-05-12 12:43:19,16.45,1,1,4
7815,TCK-17815,20260401,2,2,1,2026-04-01 20:46:35,2026-04-03 07:30:23,34.73,1,1,3
7816,TCK-17816,20251109,34,7,2,2025-11-09 10:13:59,2025-11-10 00:14:35,14.01,1,0,4
7817,TCK-17817,20250813,20,8,3,2025-08-13 14:02:49,2025-08-14 16:53:13,26.84,1,1,
7818,TCK-17818,20260213,13,1,1,2026-02-13 02:13:25,2026-02-13 17:47:01,15.56,1,1,3
7819,TCK-17819,20250907,15,6,1,2025-09-07 23:59:23,2025-09-09 14:30:35,38.52,1,1,3
7820,TCK-17820,20251022,49,8,3,2025-10-22 11:43:58,2025-10-23 18:07:22,30.39,1,1,4
7821,TCK-17821,20250908,1,6,1,2025-09-08 08:42:41,2025-09-08 13:12:05,4.49,1,1,5
7822,TCK-17822,20260216,9,4,1,2026-02-16 19:38:08,,,0,0,3
7823,TCK-17823,20251106,39,3,1,2025-11-06 23:00:01,2025-11-07 07:21:37,8.36,1,1,5
7824,TCK-17824,20250831,37,1,1,2025-08-31 19:40:54,2025-09-02 02:39:06,30.97,1,0,3
7825,TCK-17825,20260425,27,7,2,2026-04-25 17:36:58,2026-04-26 02:30:58,8.9,1,0,5
7826,TCK-17826,20250804,5,2,2,2025-08-04 01:14:10,,,0,0,
7827,TCK-17827,20250620,12,5,2,2025-06-20 03:13:34,2025-06-20 14:58:34,11.75,1,1,5
7828,TCK-17828,20250221,4,4,1,2025-02-21 09:46:58,2025-02-22 19:05:34,33.31,1,1,4
7829,TCK-17829,20250102,13,3,3,2025-01-02 18:21:55,2025-01-03 12:53:43,18.53,1,0,4
7830,TCK-17830,20250221,10,8,2,2025-02-21 00:53:44,2025-02-21 19:50:08,18.94,1,1,4
7831,TCK-17831,20250615,28,7,1,2025-06-15 07:52:40,2025-06-15 23:34:40,15.7,1,0,3
7832,TCK-17832,20250108,16,4,2,2025-01-08 11:14:22,2025-01-09 04:06:34,16.87,1,1,
7833,TCK-17833,20250115,16,8,2,2025-01-15 01:47:37,,,0,0,4
7834,TCK-17834,20260414,9,3,2,2026-04-14 21:15:38,2026-04-15 07:20:26,10.08,1,1,5
7835,TCK-17835,20250407,38,2,1,2025-04-07 08:09:55,2025-04-08 01:12:55,17.05,1,1,3
7836,TCK-17836,20250912,20,5,1,2025-09-12 02:53:19,2025-09-13 06:30:31,27.62,1,0,3
7837,TCK-17837,20260112,40,5,1,2026-01-12 07:45:49,2026-01-12 23:53:01,16.12,1,1,5
7838,TCK-17838,20251016,35,5,1,2025-10-16 00:50:34,2025-10-17 11:57:10,35.11,1,0,4
7839,TCK-17839,20250816,44,6,2,2025-08-16 16:00:11,2025-08-16 23:00:11,7.0,1,1,4
7840,TCK-17840,20250403,19,1,1,2025-04-03 12:17:59,2025-04-04 12:20:23,24.04,1,0,4
7841,TCK-17841,20260220,37,6,2,2026-02-20 08:34:58,2026-02-21 07:10:22,22.59,1,1,
7842,TCK-17842,20260420,34,3,1,2026-04-20 00:15:39,2026-04-21 11:58:15,35.71,1,0,4
7843,TCK-17843,20260107,15,5,1,2026-01-07 19:16:00,2026-01-08 17:38:12,22.37,1,1,3
7844,TCK-17844,20250313,36,1,2,2025-03-13 07:21:40,2025-03-13 13:07:16,5.76,1,1,2
7845,TCK-17845,20251022,44,3,2,2025-10-22 13:49:11,,,0,0,3
7846,TCK-17846,20250512,29,8,3,2025-05-12 07:21:42,2025-05-13 07:53:30,24.53,1,1,
7847,TCK-17847,20251015,30,8,1,2025-10-15 22:35:18,2025-10-16 10:43:42,12.14,1,1,
7848,TCK-17848,20250929,39,6,3,2025-09-29 08:24:06,2025-09-29 22:34:18,14.17,1,1,3
7849,TCK-17849,20250103,32,5,2,2025-01-03 13:46:44,2025-01-04 15:32:20,25.76,1,0,
7850,TCK-17850,20260130,11,2,3,2026-01-30 00:09:40,2026-01-30 22:08:28,21.98,1,1,4
7851,TCK-17851,20250127,7,8,1,2025-01-27 13:18:32,2025-01-28 09:37:08,20.31,1,1,
7852,TCK-17852,20260605,49,6,3,2026-06-05 12:36:39,2026-06-05 15:48:03,3.19,1,1,4
7853,TCK-17853,20251104,34,2,2,2025-11-04 17:40:38,2025-11-05 10:31:38,16.85,1,1,4
7854,TCK-17854,20250628,18,2,1,2025-06-28 04:38:26,,,0,0,
7855,TCK-17855,20250705,36,2,1,2025-07-05 23:07:30,2025-07-06 09:26:42,10.32,1,1,3
7856,TCK-17856,20260317,27,2,3,2026-03-17 14:33:54,2026-03-17 17:20:42,2.78,1,1,4
7857,TCK-17857,20260411,47,6,2,2026-04-11 13:45:23,2026-04-11 21:54:59,8.16,1,1,3
7858,TCK-17858,20260627,43,8,3,2026-06-27 11:21:37,2026-06-28 02:52:49,15.52,1,1,5
7859,TCK-17859,20251017,9,8,3,2025-10-17 22:33:57,2025-10-18 00:38:45,2.08,1,1,5
7860,TCK-17860,20260705,41,4,2,2026-07-05 14:16:28,2026-07-06 10:13:28,19.95,1,1,4
7861,TCK-17861,20260616,48,3,2,2026-06-16 03:14:26,2026-06-16 04:41:26,1.45,1,1,4
7862,TCK-17862,20260206,31,5,1,2026-02-06 04:02:44,,,0,0,3
7863,TCK-17863,20260509,2,3,3,2026-05-09 09:40:37,,,0,0,4
7864,TCK-17864,20250909,42,5,1,2025-09-09 04:17:21,2025-09-09 17:41:21,13.4,1,1,4
7865,TCK-17865,20250327,43,2,2,2025-03-27 08:10:05,2025-03-27 17:52:41,9.71,1,1,3
7866,TCK-17866,20250501,50,6,3,2025-05-01 08:14:19,2025-05-02 22:25:43,38.19,1,1,4
7867,TCK-17867,20250510,39,7,3,2025-05-10 01:22:04,2025-05-10 23:14:52,21.88,1,0,4
7868,TCK-17868,20250521,50,5,3,2025-05-21 22:34:12,2025-05-22 05:53:24,7.32,1,1,3
7869,TCK-17869,20260306,4,3,2,2026-03-06 00:28:30,2026-03-06 17:46:30,17.3,1,0,4
7870,TCK-17870,20250826,10,7,2,2025-08-26 12:39:06,2025-08-28 05:33:06,40.9,1,0,5
7871,TCK-17871,20250706,12,3,2,2025-07-06 07:18:04,,,0,0,4
7872,TCK-17872,20250605,46,8,3,2025-06-05 22:47:05,,,0,0,
7873,TCK-17873,20250616,24,1,1,2025-06-16 09:20:55,2025-06-17 06:29:19,21.14,1,1,4
7874,TCK-17874,20250624,31,8,1,2025-06-24 01:36:43,2025-06-25 01:56:31,24.33,1,1,4
7875,TCK-17875,20251226,6,5,1,2025-12-26 05:07:05,2025-12-26 07:56:53,2.83,1,1,3
7876,TCK-17876,20260303,34,2,2,2026-03-03 23:11:22,,,0,0,4
7877,TCK-17877,20260723,28,7,1,2026-07-23 17:25:17,,,0,0,4
7878,TCK-17878,20251019,2,6,3,2025-10-19 10:24:36,2025-10-20 06:07:48,19.72,1,1,3
7879,TCK-17879,20260515,25,6,1,2026-05-15 09:38:10,2026-05-16 08:59:10,23.35,1,1,3
7880,TCK-17880,20250317,49,8,1,2025-03-17 22:12:58,2025-03-18 18:51:22,20.64,1,1,5
7881,TCK-17881,20250501,16,2,1,2025-05-01 02:44:09,2025-05-01 17:19:33,14.59,1,1,4
7882,TCK-17882,20260507,20,5,2,2026-05-07 16:50:59,2026-05-08 17:38:23,24.79,1,0,3
7883,TCK-17883,20260501,38,1,2,2026-05-01 19:45:05,2026-05-02 22:13:53,26.48,1,0,4
7884,TCK-17884,20260610,5,2,2,2026-06-10 10:45:00,2026-06-10 16:42:00,5.95,1,1,4
7885,TCK-17885,20250803,1,5,2,2025-08-03 00:44:48,2025-08-03 04:44:12,3.99,1,1,5
7886,TCK-17886,20250607,25,5,1,2025-06-07 12:01:02,2025-06-08 13:31:02,25.5,1,0,5
7887,TCK-17887,20260725,3,8,2,2026-07-25 16:55:42,2026-07-26 02:35:54,9.67,1,1,4
7888,TCK-17888,20260624,49,2,1,2026-06-24 17:53:08,2026-06-25 01:02:08,7.15,1,1,3
7889,TCK-17889,20260206,10,6,2,2026-02-06 07:29:13,2026-02-07 05:36:25,22.12,1,1,1
7890,TCK-17890,20260609,31,2,2,2026-06-09 18:02:18,,,0,0,3
7891,TCK-17891,20250421,14,1,2,2025-04-21 00:20:38,2025-04-21 07:44:02,7.39,1,1,3
7892,TCK-17892,20250105,17,7,1,2025-01-05 21:16:32,2025-01-07 02:29:08,29.21,1,0,5
7893,TCK-17893,20250819,16,1,2,2025-08-19 17:09:51,2025-08-20 01:53:39,8.73,1,1,5
7894,TCK-17894,20260623,39,2,2,2026-06-23 19:08:07,2026-06-24 19:08:07,24.0,1,1,5
7895,TCK-17895,20250717,40,5,2,2025-07-17 19:33:53,2025-07-18 03:21:17,7.79,1,1,5
7896,TCK-17896,20260308,1,7,3,2026-03-08 20:07:00,2026-03-09 10:00:24,13.89,1,0,
7897,TCK-17897,20250608,47,4,3,2025-06-08 04:43:54,2025-06-08 18:18:42,13.58,1,1,4
7898,TCK-17898,20251130,21,4,2,2025-11-30 21:31:08,2025-12-02 08:05:20,34.57,1,1,4
7899,TCK-17899,20250308,42,6,1,2025-03-08 17:54:58,2025-03-09 05:42:22,11.79,1,1,4
7900,TCK-17900,20260328,50,7,2,2026-03-28 15:25:31,,,0,0,2
7901,TCK-17901,20250111,13,8,1,2025-01-11 16:40:16,2025-01-12 16:55:52,24.26,1,1,4
7902,TCK-17902,20260312,46,1,2,2026-03-12 06:08:39,2026-03-12 20:48:51,14.67,1,1,3
7903,TCK-17903,20250906,33,8,2,2025-09-06 12:29:54,2025-09-07 04:02:18,15.54,1,1,
7904,TCK-17904,20260522,45,2,3,2026-05-22 11:00:00,2026-05-23 22:27:36,35.46,1,1,5
7905,TCK-17905,20260726,14,1,2,2026-07-26 17:00:05,2026-07-27 14:39:41,21.66,1,1,5
7906,TCK-17906,20260630,45,1,2,2026-06-30 06:23:42,2026-06-30 20:51:18,14.46,1,1,3
7907,TCK-17907,20251203,22,5,1,2025-12-03 12:04:17,,,0,0,5
7908,TCK-17908,20260204,29,5,1,2026-02-04 00:06:49,2026-02-04 18:26:37,18.33,1,1,4
7909,TCK-17909,20251230,25,2,3,2025-12-30 22:42:48,2026-01-01 03:39:12,28.94,1,1,5
7910,TCK-17910,20260314,13,7,3,2026-03-14 01:16:48,2026-03-15 10:16:48,33.0,1,0,4
7911,TCK-17911,20250905,40,1,1,2025-09-05 18:50:20,2025-09-06 12:19:08,17.48,1,1,3
7912,TCK-17912,20250710,46,5,1,2025-07-10 08:52:19,,,0,0,4
7913,TCK-17913,20250707,20,5,1,2025-07-07 10:37:22,2025-07-08 08:57:10,22.33,1,1,4
7914,TCK-17914,20250816,38,6,1,2025-08-16 23:46:57,,,0,0,4
7915,TCK-17915,20260720,25,3,3,2026-07-20 11:08:06,2026-07-21 07:56:06,20.8,1,0,
7916,TCK-17916,20250203,22,8,1,2025-02-03 02:12:11,2025-02-03 05:46:23,3.57,1,1,3
7917,TCK-17917,20250923,6,5,2,2025-09-23 16:09:09,2025-09-24 19:13:21,27.07,1,0,5
7918,TCK-17918,20260601,21,6,3,2026-06-01 16:35:23,,,0,0,5
7919,TCK-17919,20251001,32,4,3,2025-10-01 05:40:25,2025-10-01 19:23:01,13.71,1,1,5
7920,TCK-17920,20260119,49,7,1,2026-01-19 18:39:07,2026-01-20 22:36:07,27.95,1,0,4
7921,TCK-17921,20260105,37,6,1,2026-01-05 19:51:20,2026-01-06 05:33:20,9.7,1,1,3
7922,TCK-17922,20250911,4,1,2,2025-09-11 13:44:31,2025-09-12 09:48:07,20.06,1,1,2
7923,TCK-17923,20250814,25,8,1,2025-08-14 01:06:22,,,0,0,4
7924,TCK-17924,20251017,30,8,1,2025-10-17 22:34:50,,,0,0,
7925,TCK-17925,20260522,35,5,2,2026-05-22 17:37:54,2026-05-23 15:22:54,21.75,1,1,4
7926,TCK-17926,20250124,37,5,1,2025-01-24 01:54:10,2025-01-24 14:07:22,12.22,1,1,5
7927,TCK-17927,20250423,13,6,2,2025-04-23 06:01:11,2025-04-24 11:36:35,29.59,1,1,2
7928,TCK-17928,20251105,23,4,3,2025-11-05 01:54:50,2025-11-05 22:23:02,20.47,1,1,5
7929,TCK-17929,20251012,27,1,1,2025-10-12 21:29:34,2025-10-13 04:35:34,7.1,1,1,3
7930,TCK-17930,20250823,47,1,3,2025-08-23 06:31:04,2025-08-23 14:35:52,8.08,1,1,5
7931,TCK-17931,20250313,46,1,1,2025-03-13 23:18:25,2025-03-14 12:17:49,12.99,1,1,4
7932,TCK-17932,20250123,11,4,1,2025-01-23 12:59:04,2025-01-23 21:57:16,8.97,1,1,
7933,TCK-17933,20260607,31,2,2,2026-06-07 22:28:36,2026-06-08 02:46:36,4.3,1,1,4
7934,TCK-17934,20250707,26,1,1,2025-07-07 04:20:52,,,0,0,
7935,TCK-17935,20250321,22,8,2,2025-03-21 14:43:18,2025-03-23 01:33:42,34.84,1,1,5
7936,TCK-17936,20250815,37,3,1,2025-08-15 13:56:01,2025-08-16 12:12:13,22.27,1,0,3
7937,TCK-17937,20250222,28,1,2,2025-02-22 23:22:31,2025-02-23 19:09:19,19.78,1,1,4
7938,TCK-17938,20250408,47,4,1,2025-04-08 05:46:54,2025-04-09 06:09:06,24.37,1,1,5
7939,TCK-17939,20260703,46,2,3,2026-07-03 14:50:00,2026-07-05 07:45:12,40.92,1,1,3
7940,TCK-17940,20260210,5,5,2,2026-02-10 19:26:05,2026-02-10 21:16:29,1.84,1,1,
7941,TCK-17941,20251016,35,5,1,2025-10-16 19:30:33,2025-10-18 03:41:21,32.18,1,0,5
7942,TCK-17942,20251026,30,3,3,2025-10-26 07:36:15,,,0,0,5
7943,TCK-17943,20251119,18,7,2,2025-11-19 18:17:58,2025-11-20 23:04:10,28.77,1,0,5
7944,TCK-17944,20260522,49,3,3,2026-05-22 19:21:32,,,0,0,4
7945,TCK-17945,20251229,11,1,2,2025-12-29 01:53:55,,,0,0,3
7946,TCK-17946,20250221,10,4,1,2025-02-21 13:49:35,2025-02-21 18:53:47,5.07,1,1,
7947,TCK-17947,20251017,33,6,1,2025-10-17 10:50:10,2025-10-18 09:33:22,22.72,1,1,5
7948,TCK-17948,20250817,10,8,2,2025-08-17 04:24:24,2025-08-18 13:45:24,33.35,1,1,
7949,TCK-17949,20251124,1,7,1,2025-11-24 01:43:08,2025-11-24 23:16:44,21.56,1,0,4
7950,TCK-17950,20251101,39,7,1,2025-11-01 05:50:50,2025-11-02 01:50:14,19.99,1,0,3
7951,TCK-17951,20250121,31,8,1,2025-01-21 06:18:21,2025-01-21 13:47:09,7.48,1,1,
7952,TCK-17952,20260512,9,6,2,2026-05-12 08:09:54,2026-05-12 21:35:42,13.43,1,1,4
7953,TCK-17953,20251108,37,8,2,2025-11-08 03:42:36,2025-11-08 22:09:36,18.45,1,1,5
7954,TCK-17954,20260524,20,7,2,2026-05-24 16:47:53,2026-05-25 13:45:29,20.96,1,0,4
7955,TCK-17955,20250317,26,7,2,2025-03-17 21:06:55,2025-03-19 06:12:55,33.1,1,0,3
7956,TCK-17956,20260722,40,8,2,2026-07-22 19:51:00,2026-07-23 17:12:36,21.36,1,1,4
7957,TCK-17957,20260114,24,4,1,2026-01-14 13:57:29,2026-01-15 10:49:41,20.87,1,1,3
7958,TCK-17958,20250611,24,7,1,2025-06-11 20:16:46,2025-06-13 01:49:10,29.54,1,0,4
7959,TCK-17959,20251110,21,8,2,2025-11-10 14:33:57,2025-11-11 17:38:09,27.07,1,1,4
7960,TCK-17960,20260423,35,4,3,2026-04-23 15:23:43,,,0,0,
7961,TCK-17961,20260528,21,5,1,2026-05-28 00:31:47,2026-05-28 22:53:59,22.37,1,1,4
7962,TCK-17962,20260228,14,8,3,2026-02-28 00:00:06,2026-02-28 21:57:42,21.96,1,1,5
7963,TCK-17963,20250204,9,2,2,2025-02-04 08:48:06,2025-02-05 06:58:54,22.18,1,1,5
7964,TCK-17964,20260511,1,5,1,2026-05-11 02:44:32,2026-05-11 06:21:44,3.62,1,1,5
7965,TCK-17965,20251003,42,6,1,2025-10-03 19:03:41,2025-10-05 19:21:05,48.29,1,1,3
7966,TCK-17966,20250206,48,4,2,2025-02-06 11:44:30,2025-02-07 07:24:42,19.67,1,1,3
7967,TCK-17967,20260227,44,2,2,2026-02-27 15:55:26,2026-02-28 23:23:02,31.46,1,1,4
7968,TCK-17968,20250127,15,3,2,2025-01-27 03:45:24,,,0,0,5
7969,TCK-17969,20251009,29,4,3,2025-10-09 05:25:13,2025-10-11 06:37:13,49.2,1,0,4
7970,TCK-17970,20250316,24,8,2,2025-03-16 10:53:48,2025-03-16 19:25:36,8.53,1,1,4
7971,TCK-17971,20250315,38,3,3,2025-03-15 22:51:35,,,0,0,5
7972,TCK-17972,20260801,5,1,3,2026-08-01 02:29:30,2026-08-02 17:13:54,38.74,1,0,5
7973,TCK-17973,20250429,42,8,2,2025-04-29 14:37:21,2025-04-30 02:45:09,12.13,1,1,4
7974,TCK-17974,20250608,8,7,2,2025-06-08 02:45:28,2025-06-08 20:24:28,17.65,1,0,3
7975,TCK-17975,20260122,23,5,1,2026-01-22 11:28:18,2026-01-23 22:22:18,34.9,1,0,3
7976,TCK-17976,20250708,34,6,3,2025-07-08 09:34:04,2025-07-09 22:56:16,37.37,1,1,
7977,TCK-17977,20260110,12,1,1,2026-01-10 11:32:17,2026-01-10 20:28:41,8.94,1,1,5
7978,TCK-17978,20260403,3,7,2,2026-04-03 03:44:46,,,0,0,4
7979,TCK-17979,20250212,7,2,1,2025-02-12 08:27:59,2025-02-13 09:24:59,24.95,1,1,5
7980,TCK-17980,20250915,28,5,2,2025-09-15 10:17:50,2025-09-15 18:18:26,8.01,1,1,3
7981,TCK-17981,20250412,21,3,2,2025-04-12 04:48:37,2025-04-13 05:33:37,24.75,1,0,5
7982,TCK-17982,20250203,29,4,1,2025-02-03 20:59:02,2025-02-04 21:34:26,24.59,1,1,4
7983,TCK-17983,20250530,12,2,3,2025-05-30 04:28:46,,,0,0,4
7984,TCK-17984,20250328,45,3,2,2025-03-28 02:58:59,2025-03-29 04:52:59,25.9,1,0,3
7985,TCK-17985,20260728,8,3,1,2026-07-28 10:32:13,,,0,0,2
7986,TCK-17986,20260510,40,4,1,2026-05-10 11:31:01,2026-05-11 08:34:01,21.05,1,1,4
7987,TCK-17987,20250406,35,2,3,2025-04-06 08:52:34,2025-04-07 04:59:10,20.11,1,1,5
7988,TCK-17988,20260618,18,8,3,2026-06-18 23:06:35,2026-06-20 07:59:23,32.88,1,1,5
7989,TCK-17989,20260506,38,6,1,2026-05-06 13:18:10,2026-05-06 14:18:46,1.01,1,1,4
7990,TCK-17990,20250606,38,6,1,2025-06-06 12:04:31,2025-06-07 00:54:19,12.83,1,1,3
7991,TCK-17991,20260407,10,7,3,2026-04-07 22:45:18,2026-04-08 00:03:18,1.3,1,1,
7992,TCK-17992,20250212,8,2,2,2025-02-12 04:32:05,2025-02-12 08:25:29,3.89,1,1,
7993,TCK-17993,20251104,3,2,2,2025-11-04 00:18:45,,,0,0,3
7994,TCK-17994,20260607,20,4,2,2026-06-07 01:23:08,2026-06-07 01:57:20,0.57,1,1,4
7995,TCK-17995,20260510,37,8,1,2026-05-10 01:40:05,2026-05-10 13:56:17,12.27,1,1,4
7996,TCK-17996,20250223,5,6,3,2025-02-23 14:30:07,2025-02-24 13:27:43,22.96,1,1,3
7997,TCK-17997,20260217,44,5,1,2026-02-17 12:53:03,2026-02-18 07:45:15,18.87,1,1,5
7998,TCK-17998,20250930,20,5,3,2025-09-30 21:08:18,2025-10-01 03:28:42,6.34,1,1,4
7999,TCK-17999,20250816,23,7,2,2025-08-16 16:27:35,,,0,0,3
8000,TCK-18000,20260303,12,6,1,2026-03-03 10:56:11,2026-03-03 18:35:47,7.66,1,1,5
8001,TCK-18001,20260113,22,4,1,2026-01-13 05:20:53,2026-01-13 16:13:41,10.88,1,1,2
8002,TCK-18002,20250604,6,3,1,2025-06-04 12:34:06,2025-06-05 04:26:54,15.88,1,0,4
8003,TCK-18003,20260624,21,4,2,2026-06-24 21:21:26,2026-06-25 02:34:02,5.21,1,1,
8004,TCK-18004,20260121,42,5,2,2026-01-21 16:53:47,,,0,0,3
8005,TCK-18005,20251108,12,4,2,2025-11-08 05:13:23,2025-11-08 09:27:11,4.23,1,1,4
8006,TCK-18006,20251224,9,1,2,2025-12-24 02:50:13,2025-12-24 15:46:01,12.93,1,1,4
8007,TCK-18007,20250708,33,7,1,2025-07-08 03:04:40,2025-07-08 19:08:52,16.07,1,0,3
8008,TCK-18008,20260227,10,8,2,2026-02-27 03:22:40,2026-02-27 07:01:40,3.65,1,1,
8009,TCK-18009,20260119,31,7,1,2026-01-19 14:40:12,2026-01-20 13:31:48,22.86,1,0,4
8010,TCK-18010,20250817,42,2,1,2025-08-17 13:35:39,2025-08-18 07:42:15,18.11,1,1,3
8011,TCK-18011,20250622,1,5,3,2025-06-22 22:12:14,2025-06-23 00:53:02,2.68,1,1,4
8012,TCK-18012,20260320,24,5,3,2026-03-20 07:51:35,2026-03-22 02:17:23,42.43,1,0,3
8013,TCK-18013,20250314,38,8,2,2025-03-14 12:47:39,2025-03-15 06:05:03,17.29,1,1,
8014,TCK-18014,20250415,28,6,2,2025-04-15 06:50:38,2025-04-15 18:30:14,11.66,1,1,2
8015,TCK-18015,20250107,41,6,1,2025-01-07 09:11:17,2025-01-07 21:08:17,11.95,1,1,5
8016,TCK-18016,20251213,16,4,1,2025-12-13 15:05:28,,,0,0,4
8017,TCK-18017,20251004,40,5,3,2025-10-04 00:33:47,,,0,0,3
8018,TCK-18018,20260409,31,8,1,2026-04-09 04:32:01,2026-04-10 20:09:49,39.63,1,1,5
8019,TCK-18019,20250125,1,2,2,2025-01-25 21:18:50,2025-01-26 15:12:14,17.89,1,1,5
8020,TCK-18020,20260319,16,2,2,2026-03-19 03:32:33,2026-03-19 21:57:09,18.41,1,1,3
8021,TCK-18021,20251027,25,3,1,2025-10-27 05:41:02,2025-10-28 05:53:02,24.2,1,0,4
8022,TCK-18022,20251130,42,3,3,2025-11-30 08:40:35,,,0,0,5
8023,TCK-18023,20250426,9,2,3,2025-04-26 22:23:36,,,0,0,5
8024,TCK-18024,20260730,16,4,1,2026-07-30 03:48:58,2026-07-31 15:50:10,36.02,1,0,4
8025,TCK-18025,20250216,38,8,2,2025-02-16 03:29:29,2025-02-16 09:46:17,6.28,1,1,5
8026,TCK-18026,20260424,13,6,1,2026-04-24 01:43:07,2026-04-24 20:58:07,19.25,1,1,5
8027,TCK-18027,20250306,22,7,3,2025-03-06 08:40:57,,,0,0,4
8028,TCK-18028,20260809,45,7,3,2026-08-09 01:22:19,2026-08-10 03:31:19,26.15,1,0,3
8029,TCK-18029,20250508,31,3,2,2025-05-08 05:20:34,2025-05-08 12:43:22,7.38,1,1,5
8030,TCK-18030,20250911,33,7,1,2025-09-11 23:01:28,2025-09-12 19:02:40,20.02,1,0,4
8031,TCK-18031,20250918,30,8,3,2025-09-18 01:40:55,,,0,0,4
8032,TCK-18032,20260127,23,7,3,2026-01-27 08:16:53,2026-01-27 23:00:05,14.72,1,0,3
8033,TCK-18033,20260630,17,4,1,2026-06-30 16:24:36,2026-07-01 07:23:24,14.98,1,1,
8034,TCK-18034,20260330,40,1,3,2026-03-30 13:17:24,2026-03-31 10:08:24,20.85,1,1,
8035,TCK-18035,20251213,24,8,3,2025-12-13 18:26:08,2025-12-14 06:29:44,12.06,1,1,3
8036,TCK-18036,20250506,43,4,2,2025-05-06 04:34:44,2025-05-07 02:55:08,22.34,1,1,3
8037,TCK-18037,20251215,30,1,1,2025-12-15 05:25:55,2025-12-15 13:51:43,8.43,1,1,4
8038,TCK-18038,20250417,42,2,2,2025-04-17 06:39:16,2025-04-18 02:53:40,20.24,1,1,
8039,TCK-18039,20260121,6,7,2,2026-01-21 06:39:32,2026-01-21 16:38:56,9.99,1,0,
8040,TCK-18040,20250602,10,2,2,2025-06-02 10:07:11,2025-06-02 14:13:11,4.1,1,1,4
8041,TCK-18041,20260320,20,4,1,2026-03-20 20:03:40,2026-03-21 16:39:04,20.59,1,1,5
8042,TCK-18042,20251226,22,1,3,2025-12-26 08:11:02,2025-12-27 19:32:02,35.35,1,0,4
8043,TCK-18043,20260513,4,7,1,2026-05-13 17:36:47,2026-05-14 13:01:59,19.42,1,0,3
8044,TCK-18044,20260514,7,1,2,2026-05-14 14:11:13,,,0,0,
8045,TCK-18045,20250426,5,8,2,2025-04-26 07:19:35,2025-04-26 18:49:35,11.5,1,1,5
8046,TCK-18046,20250710,16,2,1,2025-07-10 01:08:10,2025-07-11 02:32:46,25.41,1,1,4
8047,TCK-18047,20251126,40,2,2,2025-11-26 22:19:13,,,0,0,
8048,TCK-18048,20250110,17,7,2,2025-01-10 22:00:55,2025-01-12 02:39:19,28.64,1,0,4
8049,TCK-18049,20250430,5,2,2,2025-04-30 18:23:33,2025-05-01 20:33:45,26.17,1,1,4
8050,TCK-18050,20250928,15,7,3,2025-09-28 01:23:51,,,0,0,
8051,TCK-18051,20251224,3,4,1,2025-12-24 14:11:14,2025-12-25 12:16:38,22.09,1,1,5
8052,TCK-18052,20250507,15,3,1,2025-05-07 13:31:07,2025-05-09 00:05:19,34.57,1,0,5
8053,TCK-18053,20251208,30,2,3,2025-12-08 09:35:05,2025-12-09 11:12:17,25.62,1,1,3
8054,TCK-18054,20250411,43,6,1,2025-04-11 10:25:03,2025-04-11 11:23:51,0.98,1,1,2
8055,TCK-18055,20260624,26,8,2,2026-06-24 15:36:08,,,0,0,
8056,TCK-18056,20250315,48,6,2,2025-03-15 07:29:03,2025-03-15 13:01:27,5.54,1,1,5
8057,TCK-18057,20250117,47,8,3,2025-01-17 17:31:32,2025-01-18 08:44:08,15.21,1,1,5
8058,TCK-18058,20250818,42,8,3,2025-08-18 19:49:57,2025-08-19 01:28:57,5.65,1,1,3
8059,TCK-18059,20250131,12,6,2,2025-01-31 04:03:13,,,0,0,5
8060,TCK-18060,20260304,17,2,1,2026-03-04 16:40:05,2026-03-05 16:50:17,24.17,1,1,5
8061,TCK-18061,20250805,5,4,1,2025-08-05 16:27:12,2025-08-05 22:37:24,6.17,1,1,4
8062,TCK-18062,20250518,44,6,3,2025-05-18 23:17:38,2025-05-20 00:05:02,24.79,1,1,5
8063,TCK-18063,20250710,26,2,2,2025-07-10 17:58:21,,,0,0,5
8064,TCK-18064,20250107,16,2,1,2025-01-07 02:26:17,,,0,0,5
8065,TCK-18065,20250513,26,8,3,2025-05-13 03:07:33,,,0,0,
8066,TCK-18066,20260531,16,1,2,2026-05-31 18:05:06,2026-06-01 18:08:06,24.05,1,0,5
8067,TCK-18067,20260120,1,2,1,2026-01-20 04:52:16,,,0,0,
8068,TCK-18068,20260303,5,6,1,2026-03-03 13:46:18,,,0,0,
8069,TCK-18069,20260112,40,1,3,2026-01-12 15:47:52,,,0,0,5
8070,TCK-18070,20250823,42,2,1,2025-08-23 08:14:04,2025-08-24 10:52:28,26.64,1,1,3
8071,TCK-18071,20250518,15,5,3,2025-05-18 23:33:41,2025-05-20 00:25:53,24.87,1,0,5
8072,TCK-18072,20260505,18,7,1,2026-05-05 05:49:53,2026-05-05 21:30:41,15.68,1,0,
8073,TCK-18073,20260307,7,4,3,2026-03-07 10:57:10,2026-03-07 16:08:34,5.19,1,1,5
8074,TCK-18074,20260502,35,4,1,2026-05-02 22:08:43,2026-05-03 13:13:31,15.08,1,1,
8075,TCK-18075,20250211,34,7,2,2025-02-11 00:56:44,2025-02-12 16:54:56,39.97,1,0,4
8076,TCK-18076,20251003,46,1,2,2025-10-03 23:40:42,2025-10-05 05:21:30,29.68,1,0,4
8077,TCK-18077,20260527,31,8,1,2026-05-27 22:20:48,2026-05-28 11:49:36,13.48,1,1,3
8078,TCK-18078,20251207,48,7,2,2025-12-07 13:18:16,2025-12-08 06:50:04,17.53,1,0,
8079,TCK-18079,20250812,1,6,3,2025-08-12 17:11:16,,,0,0,4
8080,TCK-18080,20260604,44,3,1,2026-06-04 07:50:19,2026-06-05 00:56:55,17.11,1,0,5
8081,TCK-18081,20250215,38,4,1,2025-02-15 12:27:36,2025-02-17 01:49:48,37.37,1,0,4
8082,TCK-18082,20260221,26,5,1,2026-02-21 09:19:26,,,0,0,
8083,TCK-18083,20250605,32,8,1,2025-06-05 22:14:03,2025-06-07 01:59:03,27.75,1,1,5
8084,TCK-18084,20250510,43,5,3,2025-05-10 17:17:51,2025-05-10 18:18:27,1.01,1,1,
8085,TCK-18085,20260612,11,5,3,2026-06-12 04:55:34,2026-06-14 10:08:10,53.21,1,0,5
8086,TCK-18086,20250111,4,5,1,2025-01-11 02:00:56,,,0,0,4
8087,TCK-18087,20250221,39,8,2,2025-02-21 07:46:27,,,0,0,3
8088,TCK-18088,20250428,10,3,3,2025-04-28 12:37:26,,,0,0,4
8089,TCK-18089,20260319,33,3,3,2026-03-19 18:31:37,2026-03-21 04:21:25,33.83,1,0,4
8090,TCK-18090,20250712,28,6,3,2025-07-12 11:30:08,2025-07-13 12:12:08,24.7,1,1,
8091,TCK-18091,20250204,26,3,3,2025-02-04 11:44:29,2025-02-05 01:10:17,13.43,1,0,4
8092,TCK-18092,20250321,3,2,1,2025-03-21 23:23:19,2025-03-23 03:35:55,28.21,1,1,5
8093,TCK-18093,20260807,31,8,1,2026-08-07 22:34:17,2026-08-10 00:30:05,49.93,1,0,
8094,TCK-18094,20250817,1,1,1,2025-08-17 05:54:33,2025-08-17 21:59:21,16.08,1,1,4
8095,TCK-18095,20260506,5,7,3,2026-05-06 16:46:55,2026-05-07 16:27:43,23.68,1,0,3
8096,TCK-18096,20250417,4,6,3,2025-04-17 11:46:52,2025-04-18 07:15:04,19.47,1,1,
8097,TCK-18097,20260216,9,4,3,2026-02-16 01:05:29,,,0,0,5
8098,TCK-18098,20260628,47,7,3,2026-06-28 16:49:13,2026-06-30 01:30:37,32.69,1,0,3
8099,TCK-18099,20250602,18,2,1,2025-06-02 06:19:35,2025-06-02 10:10:35,3.85,1,1,
8100,TCK-18100,20260614,46,7,1,2026-06-14 08:49:21,2026-06-14 13:24:09,4.58,1,1,5
8101,TCK-18101,20250518,2,8,1,2025-05-18 22:59:45,2025-05-20 04:45:57,29.77,1,1,5
8102,TCK-18102,20250323,29,8,3,2025-03-23 08:25:30,2025-03-23 13:21:54,4.94,1,1,4
8103,TCK-18103,20260330,16,3,1,2026-03-30 01:07:33,2026-03-30 15:53:09,14.76,1,0,4
8104,TCK-18104,20251023,28,4,1,2025-10-23 20:55:47,2025-10-25 17:40:11,44.74,1,0,4
8105,TCK-18105,20260403,41,2,2,2026-04-03 20:27:53,2026-04-05 05:51:17,33.39,1,1,5
8106,TCK-18106,20250410,10,6,1,2025-04-10 16:25:16,,,0,0,2
8107,TCK-18107,20251107,37,3,1,2025-11-07 03:23:05,2025-11-07 22:24:53,19.03,1,0,3
8108,TCK-18108,20251105,23,1,3,2025-11-05 00:40:50,2025-11-06 01:21:38,24.68,1,0,4
8109,TCK-18109,20260105,22,6,2,2026-01-05 06:38:28,2026-01-06 05:16:16,22.63,1,1,1
8110,TCK-18110,20250104,2,6,2,2025-01-04 20:26:45,2025-01-05 13:09:21,16.71,1,1,4
8111,TCK-18111,20260519,37,3,2,2026-05-19 07:39:52,2026-05-20 06:22:28,22.71,1,0,3
8112,TCK-18112,20250123,25,2,1,2025-01-23 03:47:48,2025-01-24 00:41:12,20.89,1,1,5
8113,TCK-18113,20250613,43,3,1,2025-06-13 07:22:45,2025-06-14 06:18:33,22.93,1,0,5
8114,TCK-18114,20251210,28,6,1,2025-12-10 12:02:50,2025-12-10 20:17:50,8.25,1,1,
8115,TCK-18115,20250814,26,3,1,2025-08-14 16:10:16,2025-08-15 12:15:40,20.09,1,0,4
8116,TCK-18116,20260515,41,4,3,2026-05-15 04:17:44,,,0,0,4
8117,TCK-18117,20250220,28,4,3,2025-02-20 19:57:37,2025-02-22 02:59:25,31.03,1,1,4
8118,TCK-18118,20250408,23,2,1,2025-04-08 11:40:01,2025-04-10 03:50:13,40.17,1,1,5
8119,TCK-18119,20260115,49,2,2,2026-01-15 06:44:55,2026-01-15 21:10:43,14.43,1,1,3
8120,TCK-18120,20250725,42,2,2,2025-07-25 20:54:09,2025-07-26 04:01:21,7.12,1,1,3
8121,TCK-18121,20251009,10,4,2,2025-10-09 20:38:21,2025-10-11 17:14:21,44.6,1,0,5
8122,TCK-18122,20260303,47,1,1,2026-03-03 08:53:33,,,0,0,
8123,TCK-18123,20260413,43,6,2,2026-04-13 18:37:13,,,0,0,4
8124,TCK-18124,20250624,18,7,3,2025-06-24 16:58:37,2025-06-26 06:12:25,37.23,1,0,3
8125,TCK-18125,20250416,1,7,3,2025-04-16 05:45:26,2025-04-16 13:50:14,8.08,1,0,4
8126,TCK-18126,20260217,29,6,2,2026-02-17 08:57:50,2026-02-18 07:12:50,22.25,1,1,4
8127,TCK-18127,20260611,6,3,3,2026-06-11 06:09:21,2026-06-12 07:14:09,25.08,1,0,3
8128,TCK-18128,20260704,42,2,2,2026-07-04 05:53:28,2026-07-05 15:21:40,33.47,1,1,4
8129,TCK-18129,20260315,26,1,3,2026-03-15 00:10:08,2026-03-16 02:49:08,26.65,1,0,3
8130,TCK-18130,20251009,12,2,3,2025-10-09 01:18:42,2025-10-10 08:10:18,30.86,1,1,3
8131,TCK-18131,20260515,1,8,2,2026-05-15 03:12:58,2026-05-16 21:28:34,42.26,1,1,3
8132,TCK-18132,20260422,17,5,1,2026-04-22 00:17:52,,,0,0,
8133,TCK-18133,20251101,47,7,2,2025-11-01 15:47:33,2025-11-02 00:06:45,8.32,1,0,3
8134,TCK-18134,20250319,45,1,3,2025-03-19 04:08:24,2025-03-19 17:22:48,13.24,1,1,
8135,TCK-18135,20250915,21,4,3,2025-09-15 06:07:32,2025-09-16 16:06:20,33.98,1,1,3
8136,TCK-18136,20250616,36,1,3,2025-06-16 04:04:48,2025-06-17 06:03:36,25.98,1,0,5
8137,TCK-18137,20251009,12,4,1,2025-10-09 00:45:49,,,0,0,4
8138,TCK-18138,20251029,32,1,3,2025-10-29 18:12:33,2025-10-30 04:13:09,10.01,1,1,2
8139,TCK-18139,20250517,42,3,2,2025-05-17 16:31:17,2025-05-19 00:39:05,32.13,1,0,4
8140,TCK-18140,20250605,9,4,1,2025-06-05 15:27:54,2025-06-06 14:29:06,23.02,1,1,5
8141,TCK-18141,20260528,21,2,2,2026-05-28 01:24:16,,,0,0,4
8142,TCK-18142,20250306,48,6,2,2025-03-06 04:39:37,2025-03-06 15:55:13,11.26,1,1,
8143,TCK-18143,20250908,33,1,2,2025-09-08 00:39:28,2025-09-09 00:10:40,23.52,1,1,
8144,TCK-18144,20251120,13,5,2,2025-11-20 00:31:30,2025-11-20 18:58:30,18.45,1,1,3
8145,TCK-18145,20260106,30,4,2,2026-01-06 07:13:22,2026-01-06 19:49:58,12.61,1,1,3
8146,TCK-18146,20250907,42,6,3,2025-09-07 06:58:10,2025-09-07 17:01:10,10.05,1,1,3
8147,TCK-18147,20250120,21,4,3,2025-01-20 12:36:48,2025-01-21 04:33:48,15.95,1,1,5
8148,TCK-18148,20250930,21,1,1,2025-09-30 15:47:05,2025-10-02 00:53:41,33.11,1,0,
8149,TCK-18149,20251113,17,7,2,2025-11-13 17:23:41,,,0,0,5
8150,TCK-18150,20250624,39,7,3,2025-06-24 12:47:32,2025-06-25 04:33:44,15.77,1,0,4
8151,TCK-18151,20250416,7,1,3,2025-04-16 16:45:13,2025-04-16 22:32:01,5.78,1,1,5
8152,TCK-18152,20251125,45,8,1,2025-11-25 10:19:22,2025-11-25 23:12:10,12.88,1,1,5
8153,TCK-18153,20260706,15,5,1,2026-07-06 13:04:19,2026-07-07 02:44:31,13.67,1,1,4
8154,TCK-18154,20260612,23,3,1,2026-06-12 02:17:45,2026-06-12 06:11:09,3.89,1,1,2
8155,TCK-18155,20251106,3,1,2,2025-11-06 23:19:46,2025-11-07 05:45:34,6.43,1,1,4
8156,TCK-18156,20260625,48,1,3,2026-06-25 03:02:40,2026-06-25 13:27:52,10.42,1,1,2
8157,TCK-18157,20250714,26,8,1,2025-07-14 09:45:17,2025-07-14 12:05:41,2.34,1,1,5
8158,TCK-18158,20250520,36,8,2,2025-05-20 22:46:53,2025-05-21 08:19:17,9.54,1,1,4
8159,TCK-18159,20260115,4,3,1,2026-01-15 01:07:43,2026-01-17 12:41:19,59.56,1,0,4
8160,TCK-18160,20260323,38,5,3,2026-03-23 15:29:56,2026-03-24 09:06:32,17.61,1,1,
8161,TCK-18161,20260327,16,8,2,2026-03-27 14:21:22,,,0,0,3
8162,TCK-18162,20250826,20,8,3,2025-08-26 03:43:43,2025-08-27 18:11:55,38.47,1,1,2
8163,TCK-18163,20250618,26,2,1,2025-06-18 11:12:21,2025-06-20 03:50:09,40.63,1,1,4
8164,TCK-18164,20250325,37,7,1,2025-03-25 17:30:40,2025-03-27 02:41:28,33.18,1,0,3
8165,TCK-18165,20250913,39,8,2,2025-09-13 20:29:40,2025-09-14 11:39:16,15.16,1,1,
8166,TCK-18166,20260124,48,6,3,2026-01-24 04:55:01,2026-01-25 03:45:25,22.84,1,1,5
8167,TCK-18167,20260423,43,5,2,2026-04-23 21:35:21,2026-04-24 03:40:09,6.08,1,1,3
8168,TCK-18168,20250806,40,6,1,2025-08-06 08:05:06,2025-08-07 05:47:42,21.71,1,1,3
8169,TCK-18169,20251128,35,3,3,2025-11-28 01:24:36,2025-11-29 08:06:36,30.7,1,0,4
8170,TCK-18170,20250106,20,5,2,2025-01-06 22:21:23,2025-01-07 15:32:47,17.19,1,1,4
8171,TCK-18171,20260109,21,7,1,2026-01-09 15:47:02,2026-01-10 15:56:38,24.16,1,0,5
8172,TCK-18172,20250630,31,3,1,2025-06-30 17:30:45,2025-06-30 22:01:21,4.51,1,1,5
8173,TCK-18173,20260228,10,7,2,2026-02-28 11:13:48,2026-02-28 17:07:48,5.9,1,1,4
8174,TCK-18174,20250325,31,6,2,2025-03-25 15:44:28,2025-03-26 06:42:40,14.97,1,1,5
8175,TCK-18175,20251012,45,8,2,2025-10-12 16:36:39,2025-10-13 19:27:03,26.84,1,1,5
8176,TCK-18176,20260724,2,7,1,2026-07-24 00:16:18,,,0,0,3
8177,TCK-18177,20250419,47,4,2,2025-04-19 00:03:26,2025-04-19 03:25:02,3.36,1,1,4
8178,TCK-18178,20250929,16,7,1,2025-09-29 11:14:01,2025-09-30 10:32:37,23.31,1,0,3
8179,TCK-18179,20260507,10,2,2,2026-05-07 08:48:42,2026-05-08 09:00:42,24.2,1,1,
8180,TCK-18180,20251031,39,4,1,2025-10-31 07:50:33,2025-11-01 05:42:45,21.87,1,1,5
8181,TCK-18181,20250713,23,8,3,2025-07-13 14:19:06,,,0,0,3
8182,TCK-18182,20250615,2,7,1,2025-06-15 13:40:55,2025-06-16 06:18:07,16.62,1,0,5
8183,TCK-18183,20250921,37,2,3,2025-09-21 04:48:01,2025-09-22 05:52:13,25.07,1,1,3
8184,TCK-18184,20250614,2,3,3,2025-06-14 17:09:22,,,0,0,3
8185,TCK-18185,20251118,2,3,1,2025-11-18 06:51:34,2025-11-19 10:31:10,27.66,1,0,4
8186,TCK-18186,20260423,23,6,1,2026-04-23 03:25:53,,,0,0,
8187,TCK-18187,20260224,20,6,3,2026-02-24 14:09:12,2026-02-25 16:02:00,25.88,1,1,5
8188,TCK-18188,20250208,24,2,3,2025-02-08 14:04:53,2025-02-08 17:04:53,3.0,1,1,5
8189,TCK-18189,20260323,17,6,1,2026-03-23 07:23:18,,,0,0,4
8190,TCK-18190,20260722,45,5,3,2026-07-22 10:56:19,2026-07-23 03:40:43,16.74,1,1,
8191,TCK-18191,20251018,42,4,3,2025-10-18 16:56:24,,,0,0,3
8192,TCK-18192,20250422,12,1,3,2025-04-22 22:38:30,2025-04-24 09:27:42,34.82,1,0,5
8193,TCK-18193,20250327,47,7,2,2025-03-27 15:10:51,2025-03-28 05:48:39,14.63,1,0,4
8194,TCK-18194,20260710,8,6,1,2026-07-10 05:37:37,2026-07-11 05:23:49,23.77,1,1,4
8195,TCK-18195,20250909,25,1,1,2025-09-09 18:43:02,2025-09-10 18:08:50,23.43,1,1,4
8196,TCK-18196,20260805,15,8,3,2026-08-05 08:35:48,2026-08-05 18:58:00,10.37,1,1,5
8197,TCK-18197,20260409,1,7,3,2026-04-09 21:30:53,,,0,0,
8198,TCK-18198,20260513,39,8,1,2026-05-13 01:12:16,2026-05-13 12:57:52,11.76,1,1,3
8199,TCK-18199,20250625,3,3,3,2025-06-25 08:16:58,2025-06-26 03:45:10,19.47,1,0,3
8200,TCK-18200,20260428,41,4,3,2026-04-28 09:11:09,2026-04-29 04:42:21,19.52,1,1,4
8201,TCK-18201,20250515,42,1,2,2025-05-15 03:17:20,2025-05-16 09:20:56,30.06,1,0,5
8202,TCK-18202,20250207,46,2,1,2025-02-07 02:54:37,2025-02-08 01:24:01,22.49,1,1,2
8203,TCK-18203,20260423,26,3,1,2026-04-23 05:15:21,2026-04-24 22:13:33,40.97,1,0,5
8204,TCK-18204,20251202,32,2,2,2025-12-02 12:08:37,2025-12-02 21:56:01,9.79,1,1,4
8205,TCK-18205,20250921,35,4,1,2025-09-21 09:55:19,2025-09-22 01:42:07,15.78,1,1,4
8206,TCK-18206,20250724,26,4,2,2025-07-24 09:31:06,2025-07-24 12:23:18,2.87,1,1,
8207,TCK-18207,20250301,6,8,2,2025-03-01 17:47:27,,,0,0,5
8208,TCK-18208,20260106,26,5,1,2026-01-06 00:03:09,2026-01-06 10:12:09,10.15,1,1,
8209,TCK-18209,20250423,30,1,2,2025-04-23 08:54:09,2025-04-24 09:15:09,24.35,1,0,4
8210,TCK-18210,20250413,29,2,1,2025-04-13 16:14:45,2025-04-14 18:56:09,26.69,1,1,3
8211,TCK-18211,20250415,40,3,1,2025-04-15 01:45:56,2025-04-15 12:42:56,10.95,1,1,
8212,TCK-18212,20260604,24,8,3,2026-06-04 10:39:51,,,0,0,4
8213,TCK-18213,20260419,50,3,1,2026-04-19 13:53:37,,,0,0,3
8214,TCK-18214,20250925,16,4,3,2025-09-25 15:53:33,2025-09-25 23:48:09,7.91,1,1,
8215,TCK-18215,20250223,22,7,1,2025-02-23 02:34:26,2025-02-24 03:50:38,25.27,1,0,
8216,TCK-18216,20250114,47,6,1,2025-01-14 20:31:34,2025-01-16 12:05:10,39.56,1,1,5
8217,TCK-18217,20260421,44,5,1,2026-04-21 13:28:01,2026-04-22 20:56:49,31.48,1,0,
8218,TCK-18218,20260510,13,3,2,2026-05-10 09:43:26,2026-05-11 00:50:02,15.11,1,0,5
8219,TCK-18219,20250924,29,1,3,2025-09-24 14:27:10,2025-09-26 08:56:34,42.49,1,0,3
8220,TCK-18220,20251123,44,4,3,2025-11-23 18:14:00,2025-11-24 08:42:48,14.48,1,1,4
8221,TCK-18221,20250512,38,8,1,2025-05-12 11:30:20,2025-05-13 18:59:08,31.48,1,1,4
8222,TCK-18222,20250702,19,1,1,2025-07-02 17:52:29,2025-07-04 12:02:05,42.16,1,0,2
8223,TCK-18223,20250218,7,2,3,2025-02-18 03:29:24,2025-02-19 07:15:36,27.77,1,1,5
8224,TCK-18224,20251219,5,3,2,2025-12-19 08:02:39,2025-12-20 17:35:03,33.54,1,0,3
8225,TCK-18225,20250726,15,2,1,2025-07-26 09:35:07,2025-07-27 16:12:55,30.63,1,1,4
8226,TCK-18226,20260503,41,4,1,2026-05-03 09:46:08,2026-05-04 14:23:20,28.62,1,1,5
8227,TCK-18227,20260504,48,2,2,2026-05-04 18:48:05,,,0,0,4
8228,TCK-18228,20251216,34,8,3,2025-12-16 07:52:54,,,0,0,4
8229,TCK-18229,20260713,25,4,3,2026-07-13 04:16:33,2026-07-13 22:21:21,18.08,1,1,3
8230,TCK-18230,20250311,14,8,1,2025-03-11 02:43:20,2025-03-11 07:33:08,4.83,1,1,3
8231,TCK-18231,20250708,43,4,2,2025-07-08 02:55:46,2025-07-09 10:36:34,31.68,1,1,3
8232,TCK-18232,20250622,34,3,3,2025-06-22 18:06:16,2025-06-22 22:55:28,4.82,1,1,3
8233,TCK-18233,20250803,16,6,2,2025-08-03 05:05:09,2025-08-04 03:00:57,21.93,1,1,3
8234,TCK-18234,20251010,45,4,1,2025-10-10 09:45:13,2025-10-10 12:56:01,3.18,1,1,5
8235,TCK-18235,20250131,22,2,1,2025-01-31 17:37:35,2025-02-01 17:02:47,23.42,1,1,4
8236,TCK-18236,20260418,41,2,2,2026-04-18 05:15:59,2026-04-19 19:11:47,37.93,1,1,3
8237,TCK-18237,20260610,14,1,2,2026-06-10 11:04:20,2026-06-10 23:40:56,12.61,1,1,3
8238,TCK-18238,20250315,19,8,3,2025-03-15 11:18:57,2025-03-15 21:36:21,10.29,1,1,4
8239,TCK-18239,20260224,21,5,2,2026-02-24 06:50:31,2026-02-25 06:26:31,23.6,1,1,
8240,TCK-18240,20251130,46,8,1,2025-11-30 02:14:51,,,0,0,
8241,TCK-18241,20260305,3,4,2,2026-03-05 03:11:56,2026-03-05 08:19:44,5.13,1,1,3
8242,TCK-18242,20260201,15,3,3,2026-02-01 03:34:49,2026-02-01 09:36:01,6.02,1,1,4
8243,TCK-18243,20260424,13,5,1,2026-04-24 16:45:32,2026-04-24 20:28:44,3.72,1,1,
8244,TCK-18244,20251223,24,5,2,2025-12-23 05:12:48,2025-12-24 04:13:24,23.01,1,1,5
8245,TCK-18245,20250418,2,6,3,2025-04-18 05:14:10,2025-04-18 07:53:46,2.66,1,1,4
8246,TCK-18246,20250830,40,3,2,2025-08-30 08:06:40,,,0,0,3
8247,TCK-18247,20250620,6,3,1,2025-06-20 02:48:23,2025-06-21 11:42:23,32.9,1,0,4
8248,TCK-18248,20260221,25,6,1,2026-02-21 11:38:50,2026-02-22 07:55:02,20.27,1,1,
8249,TCK-18249,20260716,2,5,1,2026-07-16 23:06:19,2026-07-18 05:30:55,30.41,1,0,
8250,TCK-18250,20260703,26,7,1,2026-07-03 18:09:51,2026-07-04 12:00:15,17.84,1,0,3
8251,TCK-18251,20251207,39,8,2,2025-12-07 05:08:18,2025-12-07 10:41:18,5.55,1,1,3
8252,TCK-18252,20260806,15,8,2,2026-08-06 03:24:01,2026-08-06 14:04:13,10.67,1,1,4
8253,TCK-18253,20260421,36,6,3,2026-04-21 00:47:57,2026-04-22 07:02:21,30.24,1,1,
8254,TCK-18254,20251211,49,7,1,2025-12-11 09:07:40,,,0,0,5
8255,TCK-18255,20251207,34,7,2,2025-12-07 07:01:17,2025-12-07 09:40:53,2.66,1,1,5
8256,TCK-18256,20260610,38,6,3,2026-06-10 21:59:04,2026-06-11 08:01:28,10.04,1,1,3
8257,TCK-18257,20250723,14,5,3,2025-07-23 10:00:34,,,0,0,4
8258,TCK-18258,20250413,33,8,2,2025-04-13 12:09:26,2025-04-14 09:49:38,21.67,1,1,3
8259,TCK-18259,20260228,28,1,2,2026-02-28 00:21:44,2026-03-01 14:24:08,38.04,1,0,4
8260,TCK-18260,20251006,30,2,3,2025-10-06 12:23:25,2025-10-07 00:09:37,11.77,1,1,5
8261,TCK-18261,20260623,50,1,1,2026-06-23 14:40:25,2026-06-24 19:02:01,28.36,1,0,3
8262,TCK-18262,20260801,33,2,1,2026-08-01 03:01:08,2026-08-02 04:37:44,25.61,1,1,4
8263,TCK-18263,20250119,22,4,2,2025-01-19 01:47:42,,,0,0,4
8264,TCK-18264,20260629,2,2,3,2026-06-29 10:29:35,,,0,0,4
8265,TCK-18265,20260609,2,3,1,2026-06-09 20:24:22,2026-06-10 23:36:58,27.21,1,0,
8266,TCK-18266,20260203,34,8,2,2026-02-03 01:11:22,2026-02-04 06:23:58,29.21,1,1,3
8267,TCK-18267,20260202,45,2,1,2026-02-02 18:03:43,2026-02-03 20:15:07,26.19,1,1,5
8268,TCK-18268,20260520,50,6,2,2026-05-20 14:37:56,2026-05-21 00:30:08,9.87,1,1,4
8269,TCK-18269,20250704,49,6,1,2025-07-04 16:26:05,,,0,0,3
8270,TCK-18270,20260505,22,1,2,2026-05-05 13:32:10,2026-05-06 12:37:34,23.09,1,1,3
8271,TCK-18271,20251111,12,3,3,2025-11-11 03:52:46,2025-11-11 14:43:46,10.85,1,1,3
8272,TCK-18272,20250927,3,7,3,2025-09-27 05:33:34,2025-09-28 04:45:34,23.2,1,0,5
8273,TCK-18273,20250608,45,7,2,2025-06-08 22:18:07,,,0,0,5
8274,TCK-18274,20260430,24,2,3,2026-04-30 02:30:27,2026-04-30 08:53:15,6.38,1,1,4
8275,TCK-18275,20260315,32,3,2,2026-03-15 11:21:54,2026-03-16 17:31:30,30.16,1,0,4
8276,TCK-18276,20250724,18,4,1,2025-07-24 01:38:59,2025-07-24 16:10:47,14.53,1,1,4
8277,TCK-18277,20260107,42,4,1,2026-01-07 21:15:02,2026-01-08 07:06:38,9.86,1,1,4
8278,TCK-18278,20250802,35,6,2,2025-08-02 07:42:32,2025-08-02 21:04:08,13.36,1,1,
8279,TCK-18279,20250326,24,5,1,2025-03-26 16:54:42,2025-03-27 14:01:18,21.11,1,1,4
8280,TCK-18280,20260408,50,8,1,2026-04-08 20:23:55,2026-04-10 01:47:19,29.39,1,1,4
8281,TCK-18281,20260614,23,8,3,2026-06-14 12:06:50,2026-06-15 03:15:14,15.14,1,1,5
8282,TCK-18282,20260108,17,5,2,2026-01-08 01:03:19,2026-01-08 09:08:07,8.08,1,1,
8283,TCK-18283,20250110,4,6,3,2025-01-10 23:48:27,2025-01-12 08:23:15,32.58,1,1,4
8284,TCK-18284,20260121,49,5,1,2026-01-21 07:53:17,2026-01-22 19:01:41,35.14,1,0,5
8285,TCK-18285,20251027,13,8,3,2025-10-27 00:57:40,2025-10-27 04:53:28,3.93,1,1,5
8286,TCK-18286,20260502,13,5,1,2026-05-02 00:28:33,2026-05-02 21:17:45,20.82,1,1,5
8287,TCK-18287,20250425,5,2,2,2025-04-25 16:09:58,2025-04-27 03:57:58,35.8,1,1,4
8288,TCK-18288,20250324,47,3,3,2025-03-24 15:39:28,,,0,0,5
8289,TCK-18289,20251102,32,1,2,2025-11-02 05:00:22,2025-11-02 18:48:22,13.8,1,1,
8290,TCK-18290,20250306,3,1,1,2025-03-06 16:41:09,2025-03-07 23:17:45,30.61,1,0,
8291,TCK-18291,20250109,40,2,1,2025-01-09 12:53:34,2025-01-10 07:41:34,18.8,1,1,4
8292,TCK-18292,20250909,11,1,2,2025-09-09 04:26:47,2025-09-09 06:33:23,2.11,1,1,4
8293,TCK-18293,20250929,3,5,2,2025-09-29 01:45:30,2025-09-29 09:35:54,7.84,1,1,5
8294,TCK-18294,20250620,1,3,1,2025-06-20 02:14:39,2025-06-21 05:39:51,27.42,1,0,5
8295,TCK-18295,20250912,44,7,2,2025-09-12 10:36:13,2025-09-13 15:00:49,28.41,1,0,5
8296,TCK-18296,20250210,31,4,3,2025-02-10 03:50:21,2025-02-11 10:19:45,30.49,1,1,4
8297,TCK-18297,20250430,10,7,2,2025-04-30 09:44:20,2025-05-01 08:59:56,23.26,1,0,4
8298,TCK-18298,20250323,42,5,2,2025-03-23 13:40:48,2025-03-23 19:06:36,5.43,1,1,3
8299,TCK-18299,20260120,21,8,3,2026-01-20 17:10:43,,,0,0,5
8300,TCK-18300,20250430,43,2,2,2025-04-30 11:21:42,2025-05-01 14:28:18,27.11,1,1,4
8301,TCK-18301,20250117,19,1,1,2025-01-17 03:31:12,2025-01-17 06:38:24,3.12,1,1,
8302,TCK-18302,20260307,41,3,3,2026-03-07 22:04:14,2026-03-08 20:44:26,22.67,1,0,3
8303,TCK-18303,20250403,3,6,2,2025-04-03 13:01:06,2025-04-04 05:52:42,16.86,1,1,3
8304,TCK-18304,20250623,20,6,3,2025-06-23 11:44:15,2025-06-23 17:11:51,5.46,1,1,
8305,TCK-18305,20250115,29,6,1,2025-01-15 19:19:09,2025-01-16 10:52:45,15.56,1,1,3
8306,TCK-18306,20251015,43,6,3,2025-10-15 08:00:35,,,0,0,3
8307,TCK-18307,20260615,43,3,3,2026-06-15 04:52:07,2026-06-15 15:47:55,10.93,1,1,5
8308,TCK-18308,20260601,1,7,1,2026-06-01 07:38:44,2026-06-01 13:48:56,6.17,1,1,5
8309,TCK-18309,20250823,33,2,3,2025-08-23 06:35:40,2025-08-24 17:59:04,35.39,1,1,5
8310,TCK-18310,20250819,25,1,1,2025-08-19 19:34:47,2025-08-20 09:37:47,14.05,1,1,4
8311,TCK-18311,20251214,29,8,1,2025-12-14 10:18:23,2025-12-15 11:38:11,25.33,1,1,4
8312,TCK-18312,20250504,37,5,1,2025-05-04 14:02:49,2025-05-05 16:22:01,26.32,1,0,3
8313,TCK-18313,20250528,34,5,1,2025-05-28 13:31:33,2025-05-30 07:57:21,42.43,1,0,2
8314,TCK-18314,20250215,34,8,2,2025-02-15 14:36:35,2025-02-17 15:17:59,48.69,1,0,
8315,TCK-18315,20250825,45,6,1,2025-08-25 03:19:27,2025-08-26 10:11:03,30.86,1,1,5
8316,TCK-18316,20250810,44,7,3,2025-08-10 08:22:32,2025-08-11 06:17:08,21.91,1,0,5
8317,TCK-18317,20260530,22,3,3,2026-05-30 09:57:41,2026-05-30 23:00:41,13.05,1,0,4
8318,TCK-18318,20260625,24,6,2,2026-06-25 23:29:14,,,0,0,5
8319,TCK-18319,20260415,45,6,1,2026-04-15 09:20:06,2026-04-15 22:21:18,13.02,1,1,4
8320,TCK-18320,20250120,6,8,3,2025-01-20 20:02:01,2025-01-21 15:38:01,19.6,1,1,
8321,TCK-18321,20250517,22,1,1,2025-05-17 21:30:20,,,0,0,4
8322,TCK-18322,20251110,40,3,2,2025-11-10 17:31:56,2025-11-11 22:37:56,29.1,1,0,5
8323,TCK-18323,20250212,44,1,3,2025-02-12 04:38:32,2025-02-12 21:55:20,17.28,1,1,3
8324,TCK-18324,20251030,5,3,3,2025-10-30 12:40:06,2025-10-31 15:28:06,26.8,1,0,5
8325,TCK-18325,20260807,36,1,1,2026-08-07 03:13:32,2026-08-08 18:14:44,39.02,1,0,5
8326,TCK-18326,20250909,35,3,3,2025-09-09 12:00:27,2025-09-10 16:17:15,28.28,1,0,3
8327,TCK-18327,20260520,35,5,2,2026-05-20 18:18:39,2026-05-21 09:22:15,15.06,1,1,4
8328,TCK-18328,20251013,12,1,2,2025-10-13 22:35:01,2025-10-14 23:10:25,24.59,1,0,3
8329,TCK-18329,20250805,37,6,2,2025-08-05 04:32:31,2025-08-06 01:18:43,20.77,1,1,5
8330,TCK-18330,20251205,4,5,1,2025-12-05 00:10:18,2025-12-05 16:11:30,16.02,1,1,4
8331,TCK-18331,20251019,45,4,3,2025-10-19 11:03:12,,,0,0,4
8332,TCK-18332,20250703,1,4,2,2025-07-03 20:24:58,2025-07-04 23:35:46,27.18,1,1,5
8333,TCK-18333,20260429,5,3,2,2026-04-29 11:05:23,,,0,0,
8334,TCK-18334,20260604,12,3,3,2026-06-04 14:02:03,2026-06-05 16:49:27,26.79,1,0,3
8335,TCK-18335,20260805,38,4,3,2026-08-05 05:13:09,,,0,0,3
8336,TCK-18336,20251024,42,5,3,2025-10-24 10:06:59,,,0,0,4
8337,TCK-18337,20250103,42,8,2,2025-01-03 14:52:34,2025-01-04 22:25:34,31.55,1,1,4
8338,TCK-18338,20250511,42,5,2,2025-05-11 00:58:29,2025-05-11 10:47:41,9.82,1,1,4
8339,TCK-18339,20250910,16,3,3,2025-09-10 02:11:35,2025-09-10 14:42:47,12.52,1,0,4
8340,TCK-18340,20250103,44,7,3,2025-01-03 11:17:08,2025-01-04 10:42:56,23.43,1,0,4
8341,TCK-18341,20260406,50,3,2,2026-04-06 08:32:38,,,0,0,3
8342,TCK-18342,20251217,21,7,3,2025-12-17 00:23:28,2025-12-18 03:00:40,26.62,1,0,
8343,TCK-18343,20250511,17,5,1,2025-05-11 10:17:32,2025-05-12 04:07:20,17.83,1,1,4
8344,TCK-18344,20251110,24,2,1,2025-11-10 18:58:16,2025-11-11 19:04:16,24.1,1,1,3
8345,TCK-18345,20260310,19,1,3,2026-03-10 11:13:16,,,0,0,3
8346,TCK-18346,20250606,15,1,3,2025-06-06 13:00:10,2025-06-06 23:43:58,10.73,1,1,3
8347,TCK-18347,20251127,2,5,3,2025-11-27 14:38:27,2025-11-28 01:48:39,11.17,1,1,3
8348,TCK-18348,20251219,49,4,1,2025-12-19 05:02:06,2025-12-19 17:32:06,12.5,1,1,4
8349,TCK-18349,20260403,39,1,3,2026-04-03 13:12:02,2026-04-04 10:54:02,21.7,1,1,5
8350,TCK-18350,20260724,24,6,1,2026-07-24 02:35:53,,,0,0,4
8351,TCK-18351,20250420,40,6,2,2025-04-20 21:28:10,2025-04-21 00:47:22,3.32,1,1,4
8352,TCK-18352,20260101,46,4,3,2026-01-01 11:07:42,2026-01-02 23:10:42,36.05,1,0,4
8353,TCK-18353,20260325,28,5,2,2026-03-25 07:03:32,2026-03-26 10:14:20,27.18,1,0,4
8354,TCK-18354,20260512,47,2,1,2026-05-12 04:54:31,2026-05-12 20:15:31,15.35,1,1,4
8355,TCK-18355,20260302,28,2,2,2026-03-02 07:40:07,,,0,0,5
8356,TCK-18356,20251216,24,5,3,2025-12-16 14:44:38,2025-12-17 13:33:14,22.81,1,1,3
8357,TCK-18357,20250601,7,4,3,2025-06-01 08:01:06,2025-06-01 13:50:18,5.82,1,1,2
8358,TCK-18358,20260318,17,5,3,2026-03-18 02:53:21,2026-03-19 19:28:45,40.59,1,0,
8359,TCK-18359,20260811,11,5,2,2026-08-11 14:41:51,2026-08-11 23:01:39,8.33,1,1,3
8360,TCK-18360,20260601,13,2,1,2026-06-01 14:56:20,2026-06-02 05:08:56,14.21,1,1,
8361,TCK-18361,20260509,7,7,3,2026-05-09 07:21:44,2026-05-10 00:01:56,16.67,1,0,4
8362,TCK-18362,20250610,29,8,2,2025-06-10 03:27:24,,,0,0,
8363,TCK-18363,20251125,12,2,2,2025-11-25 18:21:12,,,0,0,4
8364,TCK-18364,20260430,49,8,3,2026-04-30 04:34:57,2026-05-01 21:31:57,40.95,1,1,4
8365,TCK-18365,20251125,10,4,2,2025-11-25 18:22:52,2025-11-26 01:20:28,6.96,1,1,5
8366,TCK-18366,20251120,43,4,2,2025-11-20 00:06:19,2025-11-21 07:18:19,31.2,1,1,5
8367,TCK-18367,20250902,2,3,2,2025-09-02 12:55:17,2025-09-02 20:13:17,7.3,1,1,5
8368,TCK-18368,20260526,9,1,2,2026-05-26 05:12:43,,,0,0,4
8369,TCK-18369,20260509,31,6,2,2026-05-09 17:43:03,2026-05-10 19:35:15,25.87,1,1,4
8370,TCK-18370,20260803,25,5,3,2026-08-03 22:39:13,2026-08-04 15:32:01,16.88,1,1,4
8371,TCK-18371,20250425,39,5,2,2025-04-25 22:43:25,,,0,0,5
8372,TCK-18372,20250923,20,2,2,2025-09-23 11:01:54,2025-09-24 08:57:42,21.93,1,1,
8373,TCK-18373,20260516,11,2,2,2026-05-16 08:08:57,2026-05-17 09:47:57,25.65,1,1,5
8374,TCK-18374,20251205,20,7,2,2025-12-05 21:34:09,2025-12-07 04:44:57,31.18,1,0,3
8375,TCK-18375,20260604,28,5,1,2026-06-04 18:12:38,2026-06-05 14:40:14,20.46,1,1,5
8376,TCK-18376,20250302,34,1,2,2025-03-02 00:24:01,2025-03-03 11:31:49,35.13,1,0,
8377,TCK-18377,20251002,9,8,2,2025-10-02 00:32:08,2025-10-03 02:53:08,26.35,1,1,4
8378,TCK-18378,20250707,37,1,3,2025-07-07 15:13:14,2025-07-09 00:13:14,33.0,1,0,5
8379,TCK-18379,20250526,2,6,2,2025-05-26 22:25:43,2025-05-27 23:34:07,25.14,1,1,4
8380,TCK-18380,20260518,29,2,2,2026-05-18 07:46:07,,,0,0,4
8381,TCK-18381,20260127,50,8,3,2026-01-27 20:38:02,2026-01-28 06:50:38,10.21,1,1,
8382,TCK-18382,20260223,40,5,1,2026-02-23 17:10:10,2026-02-24 03:57:34,10.79,1,1,4
8383,TCK-18383,20260328,22,2,3,2026-03-28 03:30:35,,,0,0,5
8384,TCK-18384,20250915,20,6,2,2025-09-15 02:20:35,2025-09-15 23:19:59,20.99,1,1,5
8385,TCK-18385,20260714,10,5,3,2026-07-14 14:20:57,2026-07-15 03:50:57,13.5,1,1,5
8386,TCK-18386,20250907,42,2,3,2025-09-07 21:39:01,2025-09-08 06:55:49,9.28,1,1,
8387,TCK-18387,20260519,46,2,2,2026-05-19 07:52:40,,,0,0,5
8388,TCK-18388,20260122,47,7,1,2026-01-22 22:11:09,2026-01-23 17:53:09,19.7,1,0,2
8389,TCK-18389,20260602,38,2,1,2026-06-02 04:03:55,2026-06-03 04:14:43,24.18,1,1,4
8390,TCK-18390,20260725,12,4,2,2026-07-25 17:43:52,2026-07-26 14:38:28,20.91,1,1,4
8391,TCK-18391,20260222,48,6,3,2026-02-22 15:06:36,2026-02-23 05:25:12,14.31,1,1,3
8392,TCK-18392,20260221,43,1,1,2026-02-21 13:39:33,2026-02-22 11:47:57,22.14,1,1,3
8393,TCK-18393,20260802,48,4,3,2026-08-02 13:27:24,2026-08-02 21:49:36,8.37,1,1,
8394,TCK-18394,20251016,30,2,1,2025-10-16 02:53:10,2025-10-17 01:26:46,22.56,1,1,5
8395,TCK-18395,20260123,43,8,2,2026-01-23 15:13:48,,,0,0,
8396,TCK-18396,20250111,45,3,1,2025-01-11 22:17:31,2025-01-12 13:33:43,15.27,1,0,
8397,TCK-18397,20250129,37,3,2,2025-01-29 14:17:32,,,0,0,3
8398,TCK-18398,20250810,14,2,3,2025-08-10 11:26:29,2025-08-10 17:33:41,6.12,1,1,
8399,TCK-18399,20260511,18,1,1,2026-05-11 07:46:17,2026-05-12 06:10:53,22.41,1,1,
8400,TCK-18400,20260613,4,3,1,2026-06-13 18:51:23,2026-06-14 16:05:47,21.24,1,0,
8401,TCK-18401,20260707,19,2,2,2026-07-07 18:32:26,2026-07-08 13:13:14,18.68,1,1,
8402,TCK-18402,20260508,27,7,3,2026-05-08 07:26:17,2026-05-08 16:43:05,9.28,1,0,4
8403,TCK-18403,20260618,23,3,1,2026-06-18 05:41:59,2026-06-19 15:37:47,33.93,1,0,5
8404,TCK-18404,20260215,46,2,2,2026-02-15 11:56:06,2026-02-15 16:50:42,4.91,1,1,4
8405,TCK-18405,20251016,43,3,1,2025-10-16 06:43:27,2025-10-16 13:59:03,7.26,1,1,4
8406,TCK-18406,20251210,28,5,3,2025-12-10 20:00:13,2025-12-12 02:12:49,30.21,1,0,4
8407,TCK-18407,20251125,7,1,3,2025-11-25 22:08:28,2025-11-26 13:52:52,15.74,1,1,4
8408,TCK-18408,20260411,3,1,1,2026-04-11 11:56:44,2026-04-11 15:32:44,3.6,1,1,5
8409,TCK-18409,20250627,9,7,1,2025-06-27 18:39:07,2025-06-29 06:07:55,35.48,1,0,4
8410,TCK-18410,20250919,42,7,1,2025-09-19 06:55:15,2025-09-20 02:05:27,19.17,1,0,4
8411,TCK-18411,20250501,28,4,1,2025-05-01 19:14:59,2025-05-02 09:53:23,14.64,1,1,3
8412,TCK-18412,20260602,8,1,2,2026-06-02 15:55:34,2026-06-04 02:15:22,34.33,1,0,4
8413,TCK-18413,20260807,25,2,2,2026-08-07 06:17:41,2026-08-07 11:56:05,5.64,1,1,5
8414,TCK-18414,20260407,9,3,2,2026-04-07 08:08:02,,,0,0,5
8415,TCK-18415,20260419,41,5,1,2026-04-19 03:48:29,,,0,0,
8416,TCK-18416,20251109,26,8,2,2025-11-09 17:26:52,2025-11-09 18:52:04,1.42,1,1,4
8417,TCK-18417,20250825,37,5,3,2025-08-25 12:05:29,2025-08-26 15:03:05,26.96,1,0,5
8418,TCK-18418,20250302,1,8,3,2025-03-02 04:23:06,,,0,0,3
8419,TCK-18419,20260208,8,3,3,2026-02-08 01:10:48,2026-02-08 19:41:24,18.51,1,0,
8420,TCK-18420,20250628,11,2,1,2025-06-28 01:04:14,2025-06-29 04:55:50,27.86,1,1,
8421,TCK-18421,20250523,37,1,3,2025-05-23 04:58:33,,,0,0,4
8422,TCK-18422,20250908,27,8,1,2025-09-08 07:09:36,2025-09-09 02:19:12,19.16,1,1,4
8423,TCK-18423,20250624,14,1,1,2025-06-24 17:44:20,2025-06-25 08:51:32,15.12,1,1,
8424,TCK-18424,20250522,25,1,1,2025-05-22 04:17:06,2025-05-22 17:56:42,13.66,1,1,
8425,TCK-18425,20260609,38,7,2,2026-06-09 16:47:10,2026-06-11 01:10:34,32.39,1,0,3
8426,TCK-18426,20250629,1,3,3,2025-06-29 14:25:37,2025-06-29 22:07:37,7.7,1,1,5
8427,TCK-18427,20260726,44,6,1,2026-07-26 05:01:53,2026-07-26 07:12:05,2.17,1,1,5
8428,TCK-18428,20250619,36,3,2,2025-06-19 21:39:31,2025-06-20 13:17:55,15.64,1,0,3
8429,TCK-18429,20251024,32,4,3,2025-10-24 10:14:28,2025-10-25 18:27:40,32.22,1,1,
8430,TCK-18430,20251001,35,3,2,2025-10-01 19:02:58,,,0,0,4
8431,TCK-18431,20260226,1,3,3,2026-02-26 10:39:14,2026-02-27 13:26:38,26.79,1,0,2
8432,TCK-18432,20250220,39,3,2,2025-02-20 12:40:20,,,0,0,4
8433,TCK-18433,20250901,29,5,2,2025-09-01 08:42:35,2025-09-02 02:01:47,17.32,1,1,5
8434,TCK-18434,20250315,25,4,2,2025-03-15 13:11:53,2025-03-16 12:27:29,23.26,1,1,5
8435,TCK-18435,20260418,43,2,3,2026-04-18 06:43:47,2026-04-18 22:35:23,15.86,1,1,3
8436,TCK-18436,20251231,17,3,1,2025-12-31 04:17:09,2026-01-01 05:31:33,25.24,1,0,4
8437,TCK-18437,20260607,42,4,3,2026-06-07 19:00:41,2026-06-08 09:15:05,14.24,1,1,
8438,TCK-18438,20250822,25,8,3,2025-08-22 21:50:42,2025-08-23 20:24:54,22.57,1,1,4
8439,TCK-18439,20250612,1,3,1,2025-06-12 22:55:27,2025-06-13 14:49:27,15.9,1,0,3
8440,TCK-18440,20260504,11,6,1,2026-05-04 23:55:00,,,0,0,4
8441,TCK-18441,20250122,13,3,2,2025-01-22 21:14:33,,,0,0,4
8442,TCK-18442,20250113,38,1,1,2025-01-13 02:07:03,2025-01-13 21:10:39,19.06,1,1,
8443,TCK-18443,20250426,11,3,3,2025-04-26 00:12:54,,,0,0,3
8444,TCK-18444,20250418,19,6,1,2025-04-18 14:32:37,,,0,0,4
8445,TCK-18445,20260208,6,5,1,2026-02-08 05:47:18,,,0,0,5
8446,TCK-18446,20260509,33,6,1,2026-05-09 01:36:30,,,0,0,
8447,TCK-18447,20250222,12,5,1,2025-02-22 11:35:42,2025-02-22 18:06:54,6.52,1,1,
8448,TCK-18448,20260119,5,4,2,2026-01-19 16:58:30,2026-01-20 11:00:54,18.04,1,1,5
8449,TCK-18449,20260206,19,5,1,2026-02-06 12:03:19,2026-02-06 18:53:43,6.84,1,1,3
8450,TCK-18450,20250115,2,1,3,2025-01-15 03:47:18,2025-01-17 03:58:06,48.18,1,0,4
8451,TCK-18451,20260329,4,7,3,2026-03-29 23:01:47,2026-03-30 12:05:59,13.07,1,0,3
8452,TCK-18452,20250809,7,3,2,2025-08-09 11:02:32,2025-08-10 14:57:44,27.92,1,0,4
8453,TCK-18453,20251018,32,4,2,2025-10-18 02:22:07,,,0,0,4
8454,TCK-18454,20260710,12,4,2,2026-07-10 20:32:07,2026-07-11 14:04:31,17.54,1,1,2
8455,TCK-18455,20260421,15,1,2,2026-04-21 18:58:41,2026-04-22 22:11:53,27.22,1,0,5
8456,TCK-18456,20260720,10,6,2,2026-07-20 22:30:24,2026-07-21 23:49:00,25.31,1,1,5
8457,TCK-18457,20260723,47,7,1,2026-07-23 05:24:07,2026-07-24 11:42:07,30.3,1,0,3
8458,TCK-18458,20260813,8,5,3,2026-08-13 02:29:42,2026-08-14 02:45:18,24.26,1,0,3
8459,TCK-18459,20251109,24,3,3,2025-11-09 08:46:59,2025-11-09 20:20:35,11.56,1,1,3
8460,TCK-18460,20250524,44,7,1,2025-05-24 02:35:11,2025-05-25 15:57:59,37.38,1,0,
8461,TCK-18461,20260316,9,7,3,2026-03-16 17:53:26,2026-03-18 14:57:02,45.06,1,0,5
8462,TCK-18462,20250208,27,5,2,2025-02-08 20:31:31,2025-02-10 07:46:31,35.25,1,0,2
8463,TCK-18463,20260526,27,3,3,2026-05-26 09:13:14,2026-05-26 23:52:50,14.66,1,0,3
8464,TCK-18464,20260724,21,6,1,2026-07-24 16:03:19,2026-07-25 04:50:07,12.78,1,1,4
8465,TCK-18465,20250911,2,6,3,2025-09-11 22:07:50,2025-09-12 08:01:50,9.9,1,1,4
8466,TCK-18466,20251231,14,4,1,2025-12-31 04:04:19,2025-12-31 15:37:19,11.55,1,1,5
8467,TCK-18467,20250307,16,8,2,2025-03-07 19:52:11,,,0,0,5
8468,TCK-18468,20250418,16,8,3,2025-04-18 09:23:28,2025-04-19 22:42:40,37.32,1,1,4
8469,TCK-18469,20250104,26,7,3,2025-01-04 03:36:43,,,0,0,5
8470,TCK-18470,20250416,45,5,2,2025-04-16 03:27:00,2025-04-17 03:28:12,24.02,1,0,3
8471,TCK-18471,20260713,20,3,2,2026-07-13 12:07:41,,,0,0,5
8472,TCK-18472,20251201,24,1,3,2025-12-01 03:05:03,,,0,0,3
8473,TCK-18473,20260215,1,1,1,2026-02-15 21:07:22,2026-02-17 19:05:34,45.97,1,0,5
8474,TCK-18474,20260418,16,8,1,2026-04-18 03:13:48,2026-04-19 11:08:24,31.91,1,1,3
8475,TCK-18475,20250304,3,8,1,2025-03-04 06:26:52,2025-03-04 15:25:40,8.98,1,1,5
8476,TCK-18476,20260429,45,3,3,2026-04-29 19:33:35,2026-04-30 08:21:35,12.8,1,0,5
8477,TCK-18477,20250304,48,6,2,2025-03-04 12:36:40,,,0,0,3
8478,TCK-18478,20250930,12,2,2,2025-09-30 05:30:44,2025-09-30 08:36:08,3.09,1,1,
8479,TCK-18479,20250417,25,1,1,2025-04-17 10:12:57,2025-04-18 13:35:09,27.37,1,0,3
8480,TCK-18480,20250618,25,4,1,2025-06-18 07:00:01,,,0,0,
8481,TCK-18481,20250624,23,5,3,2025-06-24 01:33:48,2025-06-24 10:52:24,9.31,1,1,5
8482,TCK-18482,20251024,6,4,1,2025-10-24 18:25:12,2025-10-25 02:28:48,8.06,1,1,4
8483,TCK-18483,20250603,5,5,2,2025-06-03 03:55:38,2025-06-03 18:33:26,14.63,1,1,
8484,TCK-18484,20260527,8,3,3,2026-05-27 17:37:19,2026-05-28 12:32:31,18.92,1,0,4
8485,TCK-18485,20250805,49,1,1,2025-08-05 21:36:01,2025-08-06 08:12:01,10.6,1,1,4
8486,TCK-18486,20260604,10,5,3,2026-06-04 07:49:37,2026-06-05 07:56:13,24.11,1,0,
8487,TCK-18487,20251210,3,3,1,2025-12-10 18:31:55,2025-12-11 20:41:31,26.16,1,0,4
8488,TCK-18488,20250722,45,5,1,2025-07-22 12:00:44,2025-07-22 22:56:32,10.93,1,1,4
8489,TCK-18489,20260408,8,3,3,2026-04-08 03:10:15,2026-04-09 21:47:27,42.62,1,0,5
8490,TCK-18490,20250102,20,6,2,2025-01-02 19:12:17,2025-01-03 03:26:41,8.24,1,1,5
8491,TCK-18491,20251014,7,7,3,2025-10-14 17:03:13,2025-10-15 14:43:25,21.67,1,0,3
8492,TCK-18492,20250128,47,4,1,2025-01-28 23:40:38,2025-01-29 04:27:26,4.78,1,1,4
8493,TCK-18493,20250324,25,7,2,2025-03-24 07:17:11,2025-03-25 05:31:35,22.24,1,0,5
8494,TCK-18494,20250915,2,5,1,2025-09-15 15:05:19,2025-09-17 00:07:07,33.03,1,0,5
8495,TCK-18495,20251019,23,4,3,2025-10-19 03:18:36,,,0,0,5
8496,TCK-18496,20260625,10,2,1,2026-06-25 08:09:20,,,0,0,4
8497,TCK-18497,20250627,26,2,3,2025-06-27 07:49:08,2025-06-28 01:52:44,18.06,1,1,3
8498,TCK-18498,20250527,31,4,2,2025-05-27 15:25:42,2025-05-28 02:59:54,11.57,1,1,
8499,TCK-18499,20250731,34,5,3,2025-07-31 03:00:13,,,0,0,5
8500,TCK-18500,20260407,4,5,1,2026-04-07 09:59:38,,,0,0,4
8501,TCK-18501,20260530,26,8,3,2026-05-30 02:09:29,2026-05-30 14:35:17,12.43,1,1,2
8502,TCK-18502,20250531,12,2,3,2025-05-31 12:56:39,2025-05-31 18:39:15,5.71,1,1,
8503,TCK-18503,20251108,11,1,2,2025-11-08 09:09:01,2025-11-09 21:21:37,36.21,1,0,
8504,TCK-18504,20250529,7,6,2,2025-05-29 17:31:22,2025-05-29 22:37:22,5.1,1,1,4
8505,TCK-18505,20260728,50,1,3,2026-07-28 00:04:12,,,0,0,3
8506,TCK-18506,20260523,19,5,3,2026-05-23 08:45:50,,,0,0,4
8507,TCK-18507,20260704,45,5,3,2026-07-04 05:29:06,2026-07-05 05:06:18,23.62,1,1,5
8508,TCK-18508,20250623,12,7,3,2025-06-23 18:27:10,2025-06-24 14:57:10,20.5,1,0,5
8509,TCK-18509,20250609,44,1,2,2025-06-09 03:30:55,2025-06-09 07:02:43,3.53,1,1,3
8510,TCK-18510,20251227,4,6,3,2025-12-27 07:02:16,2025-12-27 11:13:40,4.19,1,1,5
8511,TCK-18511,20260207,4,8,2,2026-02-07 07:56:50,2026-02-07 11:46:02,3.82,1,1,4
8512,TCK-18512,20260401,40,1,1,2026-04-01 09:03:29,,,0,0,4
8513,TCK-18513,20250428,21,8,1,2025-04-28 00:49:37,2025-04-28 23:43:01,22.89,1,1,3
8514,TCK-18514,20260610,27,2,3,2026-06-10 07:42:37,2026-06-11 00:15:01,16.54,1,1,4
8515,TCK-18515,20260207,16,7,3,2026-02-07 12:46:45,2026-02-07 15:38:57,2.87,1,1,3
8516,TCK-18516,20260528,8,1,3,2026-05-28 22:00:56,2026-05-29 02:17:44,4.28,1,1,3
8517,TCK-18517,20250307,18,6,1,2025-03-07 19:31:44,2025-03-09 01:48:32,30.28,1,1,
8518,TCK-18518,20260514,49,2,2,2026-05-14 10:18:23,2026-05-14 20:05:11,9.78,1,1,
8519,TCK-18519,20260531,26,6,3,2026-05-31 21:27:35,2026-06-01 18:26:23,20.98,1,1,3
8520,TCK-18520,20250330,4,1,3,2025-03-30 20:12:35,2025-03-30 23:19:11,3.11,1,1,4
8521,TCK-18521,20250403,38,8,1,2025-04-03 07:39:11,2025-04-04 06:07:59,22.48,1,1,4
8522,TCK-18522,20260204,25,5,2,2026-02-04 03:52:16,,,0,0,5
8523,TCK-18523,20250522,38,4,3,2025-05-22 12:38:17,2025-05-22 15:04:41,2.44,1,1,4
8524,TCK-18524,20251230,43,3,3,2025-12-30 23:54:52,2026-01-01 06:01:28,30.11,1,0,
8525,TCK-18525,20251025,48,1,2,2025-10-25 10:14:01,2025-10-26 12:00:13,25.77,1,0,4
8526,TCK-18526,20260305,45,4,1,2026-03-05 23:26:22,2026-03-07 12:57:34,37.52,1,0,3
8527,TCK-18527,20260212,13,5,1,2026-02-12 21:56:52,,,0,0,5
8528,TCK-18528,20260515,33,2,2,2026-05-15 17:40:13,2026-05-16 23:40:49,30.01,1,1,4
8529,TCK-18529,20250930,40,6,3,2025-09-30 15:08:36,2025-10-01 11:27:12,20.31,1,1,5
8530,TCK-18530,20250719,34,2,3,2025-07-19 13:44:09,2025-07-20 18:42:57,28.98,1,1,3
8531,TCK-18531,20260212,46,8,1,2026-02-12 00:30:27,2026-02-12 14:26:51,13.94,1,1,5
8532,TCK-18532,20260710,26,2,2,2026-07-10 21:08:54,2026-07-11 14:50:18,17.69,1,1,4
8533,TCK-18533,20251012,45,5,3,2025-10-12 20:03:50,,,0,0,
8534,TCK-18534,20250705,28,3,2,2025-07-05 18:14:48,2025-07-06 06:06:24,11.86,1,1,3
8535,TCK-18535,20250209,27,7,2,2025-02-09 00:50:10,,,0,0,4
8536,TCK-18536,20250126,32,6,3,2025-01-26 07:19:37,,,0,0,4
8537,TCK-18537,20250302,25,2,2,2025-03-02 15:38:56,2025-03-03 01:52:08,10.22,1,1,3
8538,TCK-18538,20250507,36,7,3,2025-05-07 19:22:11,2025-05-08 16:23:23,21.02,1,0,4
8539,TCK-18539,20260401,32,4,2,2026-04-01 14:16:06,2026-04-03 02:07:42,35.86,1,1,5
8540,TCK-18540,20251101,44,4,2,2025-11-01 22:07:39,2025-11-02 04:07:03,5.99,1,1,5
8541,TCK-18541,20260813,13,2,2,2026-08-13 08:09:49,2026-08-14 03:59:37,19.83,1,1,4
8542,TCK-18542,20250619,30,6,3,2025-06-19 01:22:24,2025-06-19 19:50:36,18.47,1,1,5
8543,TCK-18543,20250119,36,7,3,2025-01-19 14:23:02,2025-01-19 21:47:38,7.41,1,1,4
8544,TCK-18544,20260625,34,4,1,2026-06-25 22:33:00,2026-06-26 17:46:12,19.22,1,1,5
8545,TCK-18545,20260604,9,4,3,2026-06-04 15:32:43,2026-06-05 01:02:07,9.49,1,1,3
8546,TCK-18546,20251213,13,8,1,2025-12-13 05:35:47,2025-12-13 07:45:23,2.16,1,1,4
8547,TCK-18547,20250411,32,3,3,2025-04-11 22:01:01,2025-04-12 10:23:13,12.37,1,0,3
8548,TCK-18548,20250815,18,8,1,2025-08-15 02:13:18,2025-08-15 14:19:54,12.11,1,1,3
8549,TCK-18549,20260329,33,4,1,2026-03-29 21:50:46,2026-03-31 01:14:46,27.4,1,1,3
8550,TCK-18550,20260702,5,2,1,2026-07-02 00:39:35,2026-07-03 11:42:35,35.05,1,1,4
8551,TCK-18551,20250609,8,2,3,2025-06-09 16:07:19,,,0,0,
8552,TCK-18552,20251031,44,4,3,2025-10-31 01:06:50,,,0,0,4
8553,TCK-18553,20250726,44,5,1,2025-07-26 06:59:21,2025-07-26 11:20:57,4.36,1,1,
8554,TCK-18554,20251118,22,8,1,2025-11-18 06:01:39,2025-11-19 07:45:27,25.73,1,1,
8555,TCK-18555,20260720,6,8,2,2026-07-20 13:37:33,2026-07-21 11:09:57,21.54,1,1,4
8556,TCK-18556,20250224,26,7,1,2025-02-24 19:43:16,2025-02-26 01:49:52,30.11,1,0,5
8557,TCK-18557,20260427,16,5,2,2026-04-27 19:23:48,2026-04-28 04:42:24,9.31,1,1,3
8558,TCK-18558,20250528,26,1,3,2025-05-28 17:52:49,2025-05-30 00:36:01,30.72,1,0,5
8559,TCK-18559,20250818,16,4,1,2025-08-18 10:03:01,,,0,0,4
8560,TCK-18560,20250802,4,6,2,2025-08-02 17:55:17,2025-08-03 14:22:17,20.45,1,1,5
8561,TCK-18561,20250318,50,8,1,2025-03-18 14:15:27,2025-03-20 00:38:15,34.38,1,1,5
8562,TCK-18562,20250504,44,2,1,2025-05-04 22:01:39,2025-05-05 12:07:03,14.09,1,1,5
8563,TCK-18563,20250422,2,2,1,2025-04-22 05:00:53,2025-04-22 18:37:29,13.61,1,1,
8564,TCK-18564,20251023,13,2,2,2025-10-23 16:07:05,2025-10-24 07:11:53,15.08,1,1,4
8565,TCK-18565,20260325,42,3,2,2026-03-25 14:49:11,2026-03-26 15:49:47,25.01,1,0,3
8566,TCK-18566,20250616,8,4,2,2025-06-16 15:12:57,2025-06-17 00:15:21,9.04,1,1,
8567,TCK-18567,20250606,34,4,2,2025-06-06 04:33:58,,,0,0,5
8568,TCK-18568,20250622,25,6,2,2025-06-22 21:55:13,2025-06-23 16:49:13,18.9,1,1,4
8569,TCK-18569,20250103,22,4,3,2025-01-03 04:19:34,,,0,0,5
8570,TCK-18570,20260205,22,6,1,2026-02-05 16:28:44,2026-02-06 05:23:20,12.91,1,1,
8571,TCK-18571,20250731,45,1,2,2025-07-31 11:54:53,,,0,0,4
8572,TCK-18572,20251109,23,3,1,2025-11-09 02:15:29,,,0,0,3
8573,TCK-18573,20250409,12,3,3,2025-04-09 05:28:05,2025-04-09 22:44:53,17.28,1,0,4
8574,TCK-18574,20250302,36,6,3,2025-03-02 01:50:26,2025-03-03 12:36:38,34.77,1,1,5
8575,TCK-18575,20250225,11,7,1,2025-02-25 23:58:04,2025-02-27 08:11:16,32.22,1,0,3
8576,TCK-18576,20250606,50,5,2,2025-06-06 07:33:29,2025-06-06 15:02:53,7.49,1,1,4
8577,TCK-18577,20260808,27,4,3,2026-08-08 16:00:44,2026-08-09 08:36:44,16.6,1,1,
8578,TCK-18578,20260424,47,6,3,2026-04-24 22:42:35,2026-04-25 20:22:11,21.66,1,1,4
8579,TCK-18579,20251121,6,2,2,2025-11-21 15:01:36,2025-11-22 02:20:48,11.32,1,1,
8580,TCK-18580,20250930,49,2,1,2025-09-30 12:51:00,2025-09-30 16:15:00,3.4,1,1,4
8581,TCK-18581,20251102,44,2,1,2025-11-02 09:46:58,2025-11-02 19:44:34,9.96,1,1,3
8582,TCK-18582,20260810,19,2,3,2026-08-10 08:12:18,2026-08-11 10:44:42,26.54,1,1,4
8583,TCK-18583,20251110,7,7,3,2025-11-10 21:49:58,2025-11-11 06:19:22,8.49,1,0,4
8584,TCK-18584,20251120,15,6,1,2025-11-20 11:48:32,2025-11-21 21:40:44,33.87,1,1,5
8585,TCK-18585,20251015,10,6,2,2025-10-15 02:06:00,2025-10-15 17:23:24,15.29,1,1,4
8586,TCK-18586,20250719,40,3,1,2025-07-19 09:26:25,2025-07-19 17:01:13,7.58,1,1,4
8587,TCK-18587,20260115,18,4,2,2026-01-15 22:38:37,2026-01-16 20:17:37,21.65,1,1,5
8588,TCK-18588,20250109,43,6,2,2025-01-09 01:09:15,2025-01-10 14:36:15,37.45,1,1,4
8589,TCK-18589,20260413,25,3,3,2026-04-13 17:56:10,2026-04-14 01:06:58,7.18,1,1,
8590,TCK-18590,20251003,2,6,3,2025-10-03 01:26:08,2025-10-04 06:44:44,29.31,1,1,5
8591,TCK-18591,20250605,1,5,1,2025-06-05 07:45:59,2025-06-06 02:04:35,18.31,1,1,
8592,TCK-18592,20250423,48,4,1,2025-04-23 02:15:08,2025-04-23 21:34:20,19.32,1,1,5
8593,TCK-18593,20260313,27,5,3,2026-03-13 13:33:25,2026-03-14 17:29:13,27.93,1,0,4
8594,TCK-18594,20260809,16,6,3,2026-08-09 02:11:10,,,0,0,
8595,TCK-18595,20260215,13,1,2,2026-02-15 01:58:20,2026-02-16 15:30:08,37.53,1,0,5
8596,TCK-18596,20250918,47,5,3,2025-09-18 08:46:48,,,0,0,4
8597,TCK-18597,20250319,5,3,3,2025-03-19 00:26:28,2025-03-19 09:37:16,9.18,1,1,5
8598,TCK-18598,20260224,11,1,1,2026-02-24 20:05:55,2026-02-25 17:44:55,21.65,1,1,4
8599,TCK-18599,20251109,44,5,1,2025-11-09 08:59:27,2025-11-10 01:35:27,16.6,1,1,5
8600,TCK-18600,20251113,34,3,1,2025-11-13 01:04:19,2025-11-13 12:30:43,11.44,1,1,2
8601,TCK-18601,20251213,42,1,3,2025-12-13 20:31:41,2025-12-14 03:01:05,6.49,1,1,3
8602,TCK-18602,20250907,28,5,1,2025-09-07 03:32:38,2025-09-09 01:11:02,45.64,1,0,3
8603,TCK-18603,20260803,43,1,2,2026-08-03 05:06:21,2026-08-04 03:31:33,22.42,1,1,4
8604,TCK-18604,20260303,46,6,1,2026-03-03 22:30:45,2026-03-04 15:07:21,16.61,1,1,2
8605,TCK-18605,20260705,40,2,2,2026-07-05 22:36:03,2026-07-06 16:28:15,17.87,1,1,5
8606,TCK-18606,20260608,23,4,2,2026-06-08 03:49:13,2026-06-08 12:10:13,8.35,1,1,4
8607,TCK-18607,20251019,38,1,3,2025-10-19 09:37:20,,,0,0,
8608,TCK-18608,20250427,17,2,1,2025-04-27 01:11:55,2025-04-27 15:17:55,14.1,1,1,5
8609,TCK-18609,20250320,27,6,1,2025-03-20 01:26:31,2025-03-20 10:43:19,9.28,1,1,5
8610,TCK-18610,20260626,21,1,1,2026-06-26 19:07:54,2026-06-27 05:10:54,10.05,1,1,3
8611,TCK-18611,20251201,35,3,2,2025-12-01 22:56:41,2025-12-02 19:06:53,20.17,1,0,5
8612,TCK-18612,20251025,38,3,3,2025-10-25 02:26:52,2025-10-26 06:01:04,27.57,1,0,3
8613,TCK-18613,20251121,9,6,2,2025-11-21 13:29:24,2025-11-22 12:00:36,22.52,1,1,2
8614,TCK-18614,20250506,20,6,3,2025-05-06 02:27:42,2025-05-06 03:16:54,0.82,1,1,4
8615,TCK-18615,20250122,19,6,1,2025-01-22 20:58:20,2025-01-23 12:22:20,15.4,1,1,2
8616,TCK-18616,20260318,38,7,3,2026-03-18 18:57:28,2026-03-20 00:00:28,29.05,1,0,4
8617,TCK-18617,20250628,36,1,2,2025-06-28 16:51:59,2025-06-28 20:52:35,4.01,1,1,4
8618,TCK-18618,20260311,38,4,2,2026-03-11 08:42:02,2026-03-12 03:38:26,18.94,1,1,5
8619,TCK-18619,20251109,16,4,3,2025-11-09 03:00:15,2025-11-09 11:48:15,8.8,1,1,
8620,TCK-18620,20260508,32,6,2,2026-05-08 01:04:34,2026-05-09 11:32:10,34.46,1,1,3
8621,TCK-18621,20250914,12,1,3,2025-09-14 11:24:00,2025-09-15 03:09:00,15.75,1,1,3
8622,TCK-18622,20250721,8,3,1,2025-07-21 01:09:50,,,0,0,5
8623,TCK-18623,20251005,23,4,3,2025-10-05 01:15:23,2025-10-06 15:08:47,37.89,1,0,4
8624,TCK-18624,20260424,11,5,2,2026-04-24 17:04:08,2026-04-26 02:08:20,33.07,1,0,5
8625,TCK-18625,20260507,45,6,3,2026-05-07 07:52:23,,,0,0,3
8626,TCK-18626,20250219,25,5,3,2025-02-19 21:24:27,2025-02-20 12:16:39,14.87,1,1,3
8627,TCK-18627,20250803,18,2,1,2025-08-03 09:46:47,2025-08-04 10:45:35,24.98,1,1,3
8628,TCK-18628,20260412,38,6,2,2026-04-12 10:06:43,2026-04-12 14:01:55,3.92,1,1,
8629,TCK-18629,20250601,15,6,3,2025-06-01 13:41:37,2025-06-02 09:10:25,19.48,1,1,5
8630,TCK-18630,20250314,4,4,3,2025-03-14 14:53:57,2025-03-15 19:08:57,28.25,1,1,4
8631,TCK-18631,20250701,22,1,3,2025-07-01 15:35:15,,,0,0,4
8632,TCK-18632,20251207,35,4,1,2025-12-07 19:46:44,2025-12-08 01:50:20,6.06,1,1,3
8633,TCK-18633,20250321,45,2,2,2025-03-21 22:03:52,2025-03-23 07:14:04,33.17,1,1,5
8634,TCK-18634,20260302,11,3,1,2026-03-02 04:39:49,2026-03-03 00:21:49,19.7,1,0,3
8635,TCK-18635,20260131,40,5,3,2026-01-31 01:21:09,,,0,0,4
8636,TCK-18636,20260423,25,6,1,2026-04-23 21:38:04,2026-04-25 06:22:28,32.74,1,1,4
8637,TCK-18637,20250208,19,7,3,2025-02-08 19:19:53,2025-02-09 13:48:05,18.47,1,0,5
8638,TCK-18638,20250324,40,3,3,2025-03-24 20:29:34,2025-03-25 05:10:58,8.69,1,1,5
8639,TCK-18639,20260616,23,6,2,2026-06-16 23:00:42,,,0,0,3
8640,TCK-18640,20250324,2,8,1,2025-03-24 06:26:20,2025-03-25 02:40:08,20.23,1,1,4
8641,TCK-18641,20250418,39,8,2,2025-04-18 07:25:19,2025-04-19 09:25:19,26.0,1,1,5
8642,TCK-18642,20251004,35,6,2,2025-10-04 05:51:06,2025-10-05 18:01:18,36.17,1,1,5
8643,TCK-18643,20251126,50,6,1,2025-11-26 08:52:06,2025-11-27 20:01:42,35.16,1,1,4
8644,TCK-18644,20260418,26,5,1,2026-04-18 07:25:12,,,0,0,4
8645,TCK-18645,20250927,3,4,1,2025-09-27 20:14:01,2025-09-28 09:21:49,13.13,1,1,4
8646,TCK-18646,20250216,21,1,1,2025-02-16 09:28:23,2025-02-17 07:03:11,21.58,1,1,4
8647,TCK-18647,20260802,23,2,1,2026-08-02 10:04:41,,,0,0,4
8648,TCK-18648,20250416,45,7,3,2025-04-16 15:09:32,2025-04-17 12:37:44,21.47,1,0,
8649,TCK-18649,20251108,11,3,2,2025-11-08 02:38:52,2025-11-08 15:09:28,12.51,1,0,5
8650,TCK-18650,20260310,4,4,1,2026-03-10 11:22:42,2026-03-10 12:11:18,0.81,1,1,3
8651,TCK-18651,20250515,22,4,2,2025-05-15 22:08:00,2025-05-16 20:20:00,22.2,1,1,5
8652,TCK-18652,20260517,43,7,1,2026-05-17 14:42:01,2026-05-19 01:51:01,35.15,1,0,3
8653,TCK-18653,20260409,5,6,3,2026-04-09 05:41:37,2026-04-09 20:59:01,15.29,1,1,3
8654,TCK-18654,20260607,37,2,1,2026-06-07 18:27:35,2026-06-08 07:48:35,13.35,1,1,3
8655,TCK-18655,20260131,2,7,2,2026-01-31 00:40:21,2026-02-01 08:27:45,31.79,1,0,5
8656,TCK-18656,20260717,33,1,1,2026-07-17 19:21:00,2026-07-18 00:49:48,5.48,1,1,
8657,TCK-18657,20260526,12,8,3,2026-05-26 10:00:48,2026-05-26 20:55:24,10.91,1,1,2
8658,TCK-18658,20250630,35,3,3,2025-06-30 05:21:00,2025-06-30 13:19:48,7.98,1,1,4
8659,TCK-18659,20260727,21,3,1,2026-07-27 08:33:44,2026-07-28 18:39:44,34.1,1,0,
8660,TCK-18660,20260318,18,5,2,2026-03-18 22:48:10,,,0,0,
8661,TCK-18661,20260527,22,3,2,2026-05-27 20:56:37,2026-05-28 14:33:13,17.61,1,0,4
8662,TCK-18662,20250421,6,3,3,2025-04-21 20:32:02,2025-04-22 00:22:26,3.84,1,1,5
8663,TCK-18663,20250816,38,3,3,2025-08-16 17:02:29,2025-08-17 04:30:05,11.46,1,1,3
8664,TCK-18664,20250216,39,8,1,2025-02-16 07:59:08,,,0,0,5
8665,TCK-18665,20260110,21,6,1,2026-01-10 13:40:54,,,0,0,4
8666,TCK-18666,20260326,9,1,2,2026-03-26 14:42:46,2026-03-27 20:02:34,29.33,1,0,3
8667,TCK-18667,20260516,48,6,3,2026-05-16 07:09:18,2026-05-17 02:51:18,19.7,1,1,2
8668,TCK-18668,20250520,2,1,2,2025-05-20 22:05:06,2025-05-21 20:30:54,22.43,1,1,4
8669,TCK-18669,20260618,46,4,2,2026-06-18 05:21:49,2026-06-18 12:32:01,7.17,1,1,4
8670,TCK-18670,20260115,47,6,3,2026-01-15 20:53:50,2026-01-16 07:59:14,11.09,1,1,5
8671,TCK-18671,20250714,20,4,2,2025-07-14 05:48:08,,,0,0,4
8672,TCK-18672,20250721,5,8,1,2025-07-21 00:11:43,2025-07-22 02:50:07,26.64,1,1,5
8673,TCK-18673,20250126,42,5,1,2025-01-26 00:17:22,2025-01-26 15:53:22,15.6,1,1,5
8674,TCK-18674,20250517,47,3,2,2025-05-17 16:04:31,2025-05-18 19:49:31,27.75,1,0,5
8675,TCK-18675,20250122,11,8,2,2025-01-22 08:55:58,2025-01-23 00:40:22,15.74,1,1,3
8676,TCK-18676,20260720,10,8,2,2026-07-20 04:21:43,2026-07-20 05:49:55,1.47,1,1,3
8677,TCK-18677,20251224,32,3,3,2025-12-24 18:24:23,2025-12-25 00:45:59,6.36,1,1,4
8678,TCK-18678,20250126,16,5,1,2025-01-26 00:32:51,2025-01-26 22:35:15,22.04,1,1,
8679,TCK-18679,20250423,22,3,1,2025-04-23 12:36:13,2025-04-23 18:42:13,6.1,1,1,4
8680,TCK-18680,20251022,44,5,2,2025-10-22 18:20:54,,,0,0,3
8681,TCK-18681,20251208,43,7,3,2025-12-08 12:44:26,2025-12-09 00:03:02,11.31,1,0,3
8682,TCK-18682,20250323,21,5,3,2025-03-23 07:46:03,2025-03-24 17:35:15,33.82,1,0,5
8683,TCK-18683,20260619,46,4,2,2026-06-19 10:52:30,2026-06-20 06:32:06,19.66,1,1,3
8684,TCK-18684,20251102,19,2,3,2025-11-02 05:27:20,2025-11-02 14:45:56,9.31,1,1,4
8685,TCK-18685,20251226,31,1,2,2025-12-26 08:39:18,2025-12-26 16:54:18,8.25,1,1,4
8686,TCK-18686,20250627,1,6,3,2025-06-27 04:10:46,2025-06-28 12:24:34,32.23,1,1,4
8687,TCK-18687,20250329,33,8,2,2025-03-29 02:24:44,2025-03-30 22:36:08,44.19,1,1,4
8688,TCK-18688,20250305,39,2,2,2025-03-05 16:28:27,2025-03-06 19:31:27,27.05,1,1,5
8689,TCK-18689,20260601,20,1,1,2026-06-01 21:27:59,2026-06-02 02:59:47,5.53,1,1,
8690,TCK-18690,20260611,32,3,2,2026-06-11 04:10:16,2026-06-11 15:52:16,11.7,1,1,2
8691,TCK-18691,20260527,50,5,1,2026-05-27 08:57:38,2026-05-27 12:54:02,3.94,1,1,3
8692,TCK-18692,20250321,22,2,2,2025-03-21 10:25:11,,,0,0,4
8693,TCK-18693,20250524,32,4,3,2025-05-24 18:38:20,2025-05-25 09:00:32,14.37,1,1,2
8694,TCK-18694,20250731,18,3,1,2025-07-31 01:06:25,2025-08-01 03:34:01,26.46,1,0,5
8695,TCK-18695,20260507,40,8,2,2026-05-07 22:47:11,,,0,0,4
8696,TCK-18696,20260414,22,6,3,2026-04-14 13:01:23,2026-04-15 23:21:47,34.34,1,1,4
8697,TCK-18697,20250721,46,8,2,2025-07-21 23:39:10,2025-07-22 05:03:10,5.4,1,1,5
8698,TCK-18698,20250211,17,2,3,2025-02-11 11:17:32,,,0,0,5
8699,TCK-18699,20250325,38,6,1,2025-03-25 22:53:34,2025-03-26 22:19:22,23.43,1,1,5
8700,TCK-18700,20260130,29,4,1,2026-01-30 17:08:43,,,0,0,4
8701,TCK-18701,20251013,49,1,1,2025-10-13 08:08:45,2025-10-14 09:07:33,24.98,1,0,4
8702,TCK-18702,20250607,25,5,3,2025-06-07 23:28:16,2025-06-09 18:33:04,43.08,1,0,2
8703,TCK-18703,20250204,24,5,3,2025-02-04 14:01:04,2025-02-05 23:49:40,33.81,1,0,4
8704,TCK-18704,20250125,21,6,3,2025-01-25 08:19:44,2025-01-26 08:31:44,24.2,1,1,4
8705,TCK-18705,20250513,28,1,3,2025-05-13 01:32:56,2025-05-13 14:19:44,12.78,1,1,4
8706,TCK-18706,20250528,6,1,2,2025-05-28 11:32:59,2025-05-29 09:41:59,22.15,1,1,5
8707,TCK-18707,20250615,9,7,1,2025-06-15 10:02:39,2025-06-16 08:57:51,22.92,1,0,5
8708,TCK-18708,20260209,11,6,2,2026-02-09 02:31:08,2026-02-10 08:41:56,30.18,1,1,4
8709,TCK-18709,20260118,9,7,1,2026-01-18 18:08:49,2026-01-19 13:03:25,18.91,1,0,4
8710,TCK-18710,20250423,29,1,1,2025-04-23 17:55:44,,,0,0,4
8711,TCK-18711,20260612,4,2,1,2026-06-12 21:17:37,,,0,0,
8712,TCK-18712,20250805,1,5,1,2025-08-05 11:42:57,,,0,0,4
8713,TCK-18713,20251120,48,4,2,2025-11-20 15:24:53,2025-11-20 17:10:29,1.76,1,1,3
8714,TCK-18714,20260131,10,8,3,2026-01-31 22:48:42,2026-02-01 16:44:30,17.93,1,1,5
8715,TCK-18715,20250922,45,2,2,2025-09-22 12:24:25,2025-09-23 15:37:01,27.21,1,1,3
8716,TCK-18716,20250519,35,2,3,2025-05-19 19:28:32,,,0,0,4
8717,TCK-18717,20250603,35,8,2,2025-06-03 09:23:33,2025-06-03 17:23:33,8.0,1,1,4
8718,TCK-18718,20251218,15,3,2,2025-12-18 14:50:20,2025-12-18 23:21:32,8.52,1,1,4
8719,TCK-18719,20250426,18,1,2,2025-04-26 13:34:12,2025-04-27 14:55:48,25.36,1,0,
8720,TCK-18720,20250901,12,5,2,2025-09-01 16:02:55,2025-09-02 17:00:31,24.96,1,0,5
8721,TCK-18721,20260512,11,5,1,2026-05-12 09:58:59,2026-05-12 23:42:11,13.72,1,1,4
8722,TCK-18722,20260626,22,1,3,2026-06-26 18:40:10,2026-06-27 20:44:22,26.07,1,0,4
8723,TCK-18723,20260130,10,5,3,2026-01-30 21:27:06,2026-01-31 14:36:42,17.16,1,1,3
8724,TCK-18724,20260619,41,4,2,2026-06-19 11:08:56,2026-06-19 19:36:32,8.46,1,1,5
8725,TCK-18725,20250408,45,1,1,2025-04-08 04:01:07,2025-04-10 03:07:07,47.1,1,0,4
8726,TCK-18726,20260113,22,7,3,2026-01-13 18:51:25,2026-01-13 20:55:37,2.07,1,1,4
8727,TCK-18727,20250118,36,8,3,2025-01-18 00:10:32,2025-01-18 05:03:20,4.88,1,1,
8728,TCK-18728,20250909,2,4,3,2025-09-09 01:24:19,2025-09-10 06:01:31,28.62,1,1,5
8729,TCK-18729,20251105,6,3,3,2025-11-05 18:11:51,,,0,0,5
8730,TCK-18730,20250413,1,4,2,2025-04-13 00:29:29,2025-04-13 23:31:53,23.04,1,1,4
8731,TCK-18731,20251213,35,1,3,2025-12-13 18:13:03,2025-12-14 13:13:39,19.01,1,1,4
8732,TCK-18732,20250907,6,3,3,2025-09-07 11:57:12,2025-09-07 23:12:12,11.25,1,1,4
8733,TCK-18733,20260511,50,2,3,2026-05-11 04:29:17,2026-05-12 22:28:05,41.98,1,1,5
8734,TCK-18734,20250313,28,8,2,2025-03-13 06:27:12,,,0,0,
8735,TCK-18735,20251224,39,7,3,2025-12-24 20:23:57,2025-12-26 11:00:33,38.61,1,0,5
8736,TCK-18736,20251217,36,1,3,2025-12-17 10:31:25,2025-12-18 17:39:13,31.13,1,0,
8737,TCK-18737,20250817,24,7,1,2025-08-17 03:57:27,2025-08-17 11:19:03,7.36,1,1,3
8738,TCK-18738,20251001,47,4,1,2025-10-01 11:45:58,2025-10-02 15:46:34,28.01,1,1,4
8739,TCK-18739,20250912,47,7,1,2025-09-12 15:30:56,2025-09-13 20:41:44,29.18,1,0,4
8740,TCK-18740,20250125,31,4,1,2025-01-25 04:31:29,,,0,0,5
8741,TCK-18741,20260730,33,8,3,2026-07-30 20:57:52,2026-08-01 04:29:40,31.53,1,1,4
8742,TCK-18742,20250110,22,3,2,2025-01-10 01:54:40,2025-01-10 06:20:28,4.43,1,1,5
8743,TCK-18743,20250825,48,5,3,2025-08-25 13:26:10,2025-08-26 03:10:34,13.74,1,1,3
8744,TCK-18744,20250809,50,4,1,2025-08-09 18:21:12,2025-08-10 13:46:24,19.42,1,1,
8745,TCK-18745,20250710,23,6,3,2025-07-10 04:13:57,,,0,0,4
8746,TCK-18746,20250323,39,2,2,2025-03-23 01:22:44,2025-03-23 13:35:56,12.22,1,1,3
8747,TCK-18747,20260605,11,8,1,2026-06-05 03:03:46,2026-06-06 12:37:22,33.56,1,1,
8748,TCK-18748,20260727,34,8,1,2026-07-27 10:03:02,,,0,0,3
8749,TCK-18749,20250815,48,2,1,2025-08-15 04:57:02,2025-08-15 18:30:38,13.56,1,1,
8750,TCK-18750,20250821,13,7,1,2025-08-21 15:17:36,,,0,0,5
8751,TCK-18751,20260530,9,1,2,2026-05-30 01:59:30,2026-05-30 19:45:42,17.77,1,1,5
8752,TCK-18752,20250103,25,7,3,2025-01-03 20:37:07,2025-01-03 21:14:19,0.62,1,1,3
8753,TCK-18753,20260217,18,1,2,2026-02-17 00:00:31,,,0,0,4
8754,TCK-18754,20250809,11,5,3,2025-08-09 10:39:44,2025-08-10 09:12:08,22.54,1,1,4
8755,TCK-18755,20260804,37,1,2,2026-08-04 15:33:54,2026-08-05 08:25:30,16.86,1,1,4
8756,TCK-18756,20250411,1,5,1,2025-04-11 03:57:04,2025-04-11 19:52:52,15.93,1,1,4
8757,TCK-18757,20250317,44,2,1,2025-03-17 01:30:20,2025-03-17 15:07:32,13.62,1,1,5
8758,TCK-18758,20250910,11,5,3,2025-09-10 13:23:42,2025-09-11 09:05:42,19.7,1,1,3
8759,TCK-18759,20260717,41,2,1,2026-07-17 05:24:50,,,0,0,3
8760,TCK-18760,20250428,26,6,3,2025-04-28 16:39:18,,,0,0,4
8761,TCK-18761,20260327,47,6,2,2026-03-27 07:52:39,,,0,0,4
8762,TCK-18762,20260426,12,7,1,2026-04-26 19:09:19,2026-04-27 15:45:19,20.6,1,0,
8763,TCK-18763,20250121,21,2,1,2025-01-21 14:07:26,2025-01-22 22:13:26,32.1,1,1,
8764,TCK-18764,20250328,8,2,2,2025-03-28 08:24:59,2025-03-28 18:06:23,9.69,1,1,4
8765,TCK-18765,20251205,4,6,2,2025-12-05 11:28:47,2025-12-06 04:57:35,17.48,1,1,
8766,TCK-18766,20250530,2,4,3,2025-05-30 14:53:45,2025-05-30 23:25:33,8.53,1,1,3
8767,TCK-18767,20251009,50,3,2,2025-10-09 00:17:58,2025-10-09 12:37:46,12.33,1,0,4
8768,TCK-18768,20251205,39,1,1,2025-12-05 08:05:02,,,0,0,4
8769,TCK-18769,20260221,45,8,3,2026-02-21 15:25:18,2026-02-23 06:09:06,38.73,1,1,4
8770,TCK-18770,20260101,11,2,1,2026-01-01 13:52:11,2026-01-02 16:31:11,26.65,1,1,4
8771,TCK-18771,20251207,46,5,1,2025-12-07 11:06:27,,,0,0,4
8772,TCK-18772,20250312,10,8,2,2025-03-12 12:07:43,2025-03-13 07:50:55,19.72,1,1,3
8773,TCK-18773,20250331,27,5,3,2025-03-31 14:56:19,2025-03-31 17:21:31,2.42,1,1,4
8774,TCK-18774,20251205,31,3,1,2025-12-05 23:45:54,2025-12-07 04:24:54,28.65,1,0,
8775,TCK-18775,20250726,35,7,2,2025-07-26 21:54:29,2025-07-27 20:23:53,22.49,1,0,4
8776,TCK-18776,20250425,44,7,1,2025-04-25 15:17:51,2025-04-26 01:57:27,10.66,1,0,5
8777,TCK-18777,20250505,10,4,1,2025-05-05 23:34:11,2025-05-06 14:53:59,15.33,1,1,5
8778,TCK-18778,20251121,32,5,3,2025-11-21 06:41:06,2025-11-21 14:29:42,7.81,1,1,5
8779,TCK-18779,20260418,17,7,3,2026-04-18 23:21:47,2026-04-19 17:32:35,18.18,1,0,4
8780,TCK-18780,20260112,45,8,3,2026-01-12 08:06:23,2026-01-12 23:02:11,14.93,1,1,3
8781,TCK-18781,20250521,18,3,1,2025-05-21 22:35:10,2025-05-21 23:54:58,1.33,1,1,1
8782,TCK-18782,20251130,44,3,1,2025-11-30 07:54:17,2025-12-01 01:44:41,17.84,1,0,
8783,TCK-18783,20260725,10,4,3,2026-07-25 13:59:34,2026-07-25 18:39:46,4.67,1,1,3
8784,TCK-18784,20260202,36,6,3,2026-02-02 01:39:36,2026-02-03 20:20:24,42.68,1,1,4
8785,TCK-18785,20260118,35,8,2,2026-01-18 19:32:38,2026-01-19 13:36:14,18.06,1,1,5
8786,TCK-18786,20250115,17,2,3,2025-01-15 19:18:23,2025-01-16 11:19:35,16.02,1,1,
8787,TCK-18787,20251017,49,2,2,2025-10-17 16:37:16,2025-10-18 11:51:40,19.24,1,1,5
8788,TCK-18788,20260318,16,7,1,2026-03-18 21:00:28,2026-03-19 18:32:16,21.53,1,0,4
8789,TCK-18789,20260126,2,5,3,2026-01-26 16:53:45,,,0,0,4
8790,TCK-18790,20250522,24,5,2,2025-05-22 02:21:55,2025-05-23 05:53:43,27.53,1,0,5
8791,TCK-18791,20260309,18,7,2,2026-03-09 09:13:38,,,0,0,3
8792,TCK-18792,20260328,48,4,1,2026-03-28 00:55:00,2026-03-28 14:05:12,13.17,1,1,5
8793,TCK-18793,20250517,11,6,3,2025-05-17 22:59:26,2025-05-19 02:08:26,27.15,1,1,4
8794,TCK-18794,20250123,13,8,1,2025-01-23 10:10:00,2025-01-23 13:54:24,3.74,1,1,5
8795,TCK-18795,20250323,42,2,3,2025-03-23 23:48:52,2025-03-24 08:56:04,9.12,1,1,5
8796,TCK-18796,20260607,19,4,2,2026-06-07 19:06:45,2026-06-08 14:43:21,19.61,1,1,4
8797,TCK-18797,20250130,47,2,2,2025-01-30 18:05:20,2025-01-31 07:35:56,13.51,1,1,2
8798,TCK-18798,20260412,39,4,1,2026-04-12 00:53:18,2026-04-13 10:27:30,33.57,1,1,3
8799,TCK-18799,20260427,31,4,1,2026-04-27 01:13:25,2026-04-28 16:55:25,39.7,1,0,4
8800,TCK-18800,20251121,9,8,2,2025-11-21 14:27:55,2025-11-22 22:56:07,32.47,1,1,3
8801,TCK-18801,20260325,16,7,2,2026-03-25 19:43:31,,,0,0,5
8802,TCK-18802,20250521,22,8,3,2025-05-21 10:19:08,2025-05-21 12:35:56,2.28,1,1,4
8803,TCK-18803,20251001,34,2,2,2025-10-01 22:38:55,2025-10-02 05:46:43,7.13,1,1,3
8804,TCK-18804,20251114,50,7,1,2025-11-14 22:37:18,2025-11-15 10:43:54,12.11,1,0,5
8805,TCK-18805,20260421,14,6,3,2026-04-21 11:50:49,2026-04-21 22:20:13,10.49,1,1,3
8806,TCK-18806,20251211,39,1,2,2025-12-11 22:07:48,2025-12-12 15:47:24,17.66,1,1,
8807,TCK-18807,20260120,11,8,3,2026-01-20 18:43:01,2026-01-22 14:40:01,43.95,1,1,4
8808,TCK-18808,20250510,38,8,1,2025-05-10 12:52:44,2025-05-11 12:27:32,23.58,1,1,2
8809,TCK-18809,20250725,34,2,3,2025-07-25 15:45:00,2025-07-27 07:47:24,40.04,1,1,4
8810,TCK-18810,20251014,22,3,3,2025-10-14 19:31:02,2025-10-14 20:44:14,1.22,1,1,
8811,TCK-18811,20251114,32,8,2,2025-11-14 01:03:09,2025-11-14 02:55:21,1.87,1,1,4
8812,TCK-18812,20250403,16,1,2,2025-04-03 18:59:55,2025-04-04 22:37:43,27.63,1,0,4
8813,TCK-18813,20260130,24,3,2,2026-01-30 21:26:06,2026-01-31 07:05:42,9.66,1,1,3
8814,TCK-18814,20250602,34,5,1,2025-06-02 17:50:42,2025-06-03 18:23:06,24.54,1,0,4
8815,TCK-18815,20251115,25,5,1,2025-11-15 15:51:52,2025-11-16 07:15:52,15.4,1,1,4
8816,TCK-18816,20250124,27,2,3,2025-01-24 15:44:12,,,0,0,2
8817,TCK-18817,20250715,17,8,3,2025-07-15 04:47:00,2025-07-16 02:44:36,21.96,1,1,
8818,TCK-18818,20251001,43,1,3,2025-10-01 21:13:24,2025-10-02 15:03:12,17.83,1,1,4
8819,TCK-18819,20251220,50,6,2,2025-12-20 08:45:43,2025-12-21 08:58:19,24.21,1,1,
8820,TCK-18820,20251101,50,5,1,2025-11-01 14:08:37,2025-11-03 07:44:37,41.6,1,0,4
8821,TCK-18821,20260811,9,2,2,2026-08-11 22:37:23,2026-08-12 11:08:35,12.52,1,1,4
8822,TCK-18822,20260103,34,1,3,2026-01-03 08:34:47,2026-01-03 13:56:23,5.36,1,1,4
8823,TCK-18823,20250914,38,1,3,2025-09-14 02:44:11,2025-09-15 04:27:23,25.72,1,0,5
8824,TCK-18824,20250721,49,4,1,2025-07-21 09:21:34,2025-07-22 13:32:22,28.18,1,1,5
8825,TCK-18825,20260603,3,5,1,2026-06-03 18:59:18,2026-06-04 13:57:30,18.97,1,1,5
8826,TCK-18826,20250209,44,5,2,2025-02-09 10:19:43,2025-02-09 19:20:55,9.02,1,1,3
8827,TCK-18827,20250217,44,4,3,2025-02-17 13:38:23,2025-02-18 02:19:11,12.68,1,1,
8828,TCK-18828,20260530,2,2,1,2026-05-30 00:56:09,2026-05-30 04:41:09,3.75,1,1,4
8829,TCK-18829,20251115,18,3,3,2025-11-15 00:53:26,2025-11-15 23:31:50,22.64,1,0,5
8830,TCK-18830,20250508,30,8,1,2025-05-08 03:35:32,2025-05-09 06:05:32,26.5,1,1,4
8831,TCK-18831,20260120,15,8,1,2026-01-20 23:04:13,2026-01-22 03:16:13,28.2,1,1,3
8832,TCK-18832,20250418,3,1,1,2025-04-18 19:21:38,,,0,0,5
8833,TCK-18833,20251230,40,8,2,2025-12-30 00:13:13,2025-12-30 19:10:49,18.96,1,1,3
8834,TCK-18834,20251001,43,4,2,2025-10-01 03:18:03,,,0,0,5
8835,TCK-18835,20250105,12,6,2,2025-01-05 19:17:32,,,0,0,3
8836,TCK-18836,20260607,34,1,1,2026-06-07 04:51:13,2026-06-08 12:12:13,31.35,1,0,4
8837,TCK-18837,20260608,5,3,1,2026-06-08 06:40:58,2026-06-09 14:19:58,31.65,1,0,3
8838,TCK-18838,20250904,42,8,2,2025-09-04 01:39:41,2025-09-04 07:48:41,6.15,1,1,4
8839,TCK-18839,20260716,7,7,3,2026-07-16 04:03:49,2026-07-16 14:02:01,9.97,1,0,
8840,TCK-18840,20260302,3,3,2,2026-03-02 18:35:41,,,0,0,5
8841,TCK-18841,20260306,43,5,2,2026-03-06 20:35:41,2026-03-07 04:57:17,8.36,1,1,5
8842,TCK-18842,20250322,18,8,1,2025-03-22 03:23:07,2025-03-23 03:59:07,24.6,1,1,4
8843,TCK-18843,20250412,35,3,1,2025-04-12 22:06:43,2025-04-13 23:24:43,25.3,1,0,3
8844,TCK-18844,20260705,35,1,2,2026-07-05 19:39:03,2026-07-07 01:04:51,29.43,1,0,4
8845,TCK-18845,20250701,11,4,3,2025-07-01 05:33:09,2025-07-02 00:10:21,18.62,1,1,4
8846,TCK-18846,20251003,13,6,1,2025-10-03 21:52:33,2025-10-04 16:36:57,18.74,1,1,
8847,TCK-18847,20250509,16,2,3,2025-05-09 05:21:28,,,0,0,3
8848,TCK-18848,20250422,20,1,2,2025-04-22 19:29:44,2025-04-23 05:30:56,10.02,1,1,
8849,TCK-18849,20260507,1,4,2,2026-05-07 03:53:18,2026-05-08 11:13:06,31.33,1,1,4
8850,TCK-18850,20250928,46,8,3,2025-09-28 08:23:30,2025-09-30 01:11:30,40.8,1,1,3
8851,TCK-18851,20250502,14,7,3,2025-05-02 23:18:07,2025-05-03 09:07:55,9.83,1,0,3
8852,TCK-18852,20250821,12,4,1,2025-08-21 18:19:47,2025-08-22 11:11:23,16.86,1,1,4
8853,TCK-18853,20260315,2,1,2,2026-03-15 14:07:23,,,0,0,4
8854,TCK-18854,20260623,34,6,2,2026-06-23 21:03:50,2026-06-25 05:54:14,32.84,1,1,5
8855,TCK-18855,20260702,17,8,1,2026-07-02 21:11:39,2026-07-03 02:37:27,5.43,1,1,5
8856,TCK-18856,20260223,48,4,1,2026-02-23 20:25:12,2026-02-24 15:40:48,19.26,1,1,3
8857,TCK-18857,20250728,9,8,1,2025-07-28 15:01:37,2025-07-28 15:50:49,0.82,1,1,4
8858,TCK-18858,20250805,35,5,2,2025-08-05 02:43:48,2025-08-06 13:40:12,34.94,1,0,3
8859,TCK-18859,20250712,7,1,3,2025-07-12 06:00:56,,,0,0,5
8860,TCK-18860,20250531,9,7,3,2025-05-31 16:29:22,2025-06-01 08:30:34,16.02,1,0,5
8861,TCK-18861,20250524,34,3,3,2025-05-24 09:57:34,2025-05-24 22:01:46,12.07,1,0,
8862,TCK-18862,20260722,26,6,2,2026-07-22 11:32:37,2026-07-22 17:11:37,5.65,1,1,4
8863,TCK-18863,20260308,39,1,3,2026-03-08 13:19:05,2026-03-09 12:25:41,23.11,1,1,5
8864,TCK-18864,20260802,35,6,1,2026-08-02 11:41:20,2026-08-03 04:07:08,16.43,1,1,4
8865,TCK-18865,20260622,14,6,1,2026-06-22 23:23:10,2026-06-24 01:49:34,26.44,1,1,5
8866,TCK-18866,20260113,47,2,1,2026-01-13 11:38:45,2026-01-15 01:02:09,37.39,1,1,4
8867,TCK-18867,20250909,7,4,2,2025-09-09 04:19:10,2025-09-09 15:20:58,11.03,1,1,3
8868,TCK-18868,20250428,21,4,2,2025-04-28 19:22:26,2025-04-29 12:51:50,17.49,1,1,4
8869,TCK-18869,20260218,23,1,1,2026-02-18 12:07:39,2026-02-18 19:10:03,7.04,1,1,3
8870,TCK-18870,20260209,31,5,1,2026-02-09 21:40:46,2026-02-10 00:59:58,3.32,1,1,5
8871,TCK-18871,20250626,7,5,3,2025-06-26 00:03:12,2025-06-26 18:52:24,18.82,1,1,4
8872,TCK-18872,20250323,12,8,1,2025-03-23 13:49:36,2025-03-23 22:44:48,8.92,1,1,2
8873,TCK-18873,20260304,28,3,3,2026-03-04 22:29:07,,,0,0,3
8874,TCK-18874,20260428,14,3,1,2026-04-28 19:31:06,2026-04-30 10:40:06,39.15,1,0,4
8875,TCK-18875,20251229,43,8,1,2025-12-29 02:13:55,,,0,0,4
8876,TCK-18876,20260307,13,8,3,2026-03-07 07:31:24,,,0,0,4
8877,TCK-18877,20260707,4,5,1,2026-07-07 23:25:03,2026-07-08 22:35:15,23.17,1,1,4
8878,TCK-18878,20251019,26,5,1,2025-10-19 08:41:29,2025-10-19 14:58:53,6.29,1,1,5
8879,TCK-18879,20250325,13,4,1,2025-03-25 14:40:16,,,0,0,4
8880,TCK-18880,20250527,24,5,1,2025-05-27 00:49:13,2025-05-27 06:58:49,6.16,1,1,3
8881,TCK-18881,20260428,6,1,2,2026-04-28 09:31:15,2026-04-29 11:21:39,25.84,1,0,4
8882,TCK-18882,20250803,33,8,1,2025-08-03 09:17:39,2025-08-03 11:22:27,2.08,1,1,5
8883,TCK-18883,20260311,16,6,2,2026-03-11 10:43:45,2026-03-11 19:51:33,9.13,1,1,4
8884,TCK-18884,20250701,49,6,3,2025-07-01 06:12:33,,,0,0,4
8885,TCK-18885,20250506,27,6,1,2025-05-06 07:45:40,2025-05-07 17:04:52,33.32,1,1,4
8886,TCK-18886,20250706,41,2,3,2025-07-06 19:08:58,2025-07-07 22:38:58,27.5,1,1,
8887,TCK-18887,20260527,3,6,3,2026-05-27 23:02:55,2026-05-28 19:32:19,20.49,1,1,
8888,TCK-18888,20260109,11,2,2,2026-01-09 22:45:49,2026-01-10 12:51:49,14.1,1,1,4
8889,TCK-18889,20260426,33,1,1,2026-04-26 16:04:12,2026-04-26 18:10:48,2.11,1,1,
8890,TCK-18890,20260702,50,2,1,2026-07-02 22:11:41,2026-07-03 00:02:05,1.84,1,1,4
8891,TCK-18891,20251014,15,3,2,2025-10-14 11:38:39,,,0,0,4
8892,TCK-18892,20260716,40,6,3,2026-07-16 18:34:47,2026-07-17 10:04:47,15.5,1,1,2
8893,TCK-18893,20260621,23,1,3,2026-06-21 05:17:48,,,0,0,4
8894,TCK-18894,20260318,7,4,3,2026-03-18 07:52:02,2026-03-19 01:14:50,17.38,1,1,4
8895,TCK-18895,20251221,41,6,2,2025-12-21 02:08:55,,,0,0,5
8896,TCK-18896,20260306,32,6,1,2026-03-06 20:37:56,2026-03-07 04:10:20,7.54,1,1,4
8897,TCK-18897,20251007,4,5,1,2025-10-07 04:01:42,2025-10-08 00:11:54,20.17,1,1,4
8898,TCK-18898,20250816,15,6,2,2025-08-16 18:06:33,2025-08-17 03:24:33,9.3,1,1,3
8899,TCK-18899,20251012,42,8,2,2025-10-12 09:39:13,2025-10-13 13:42:13,28.05,1,1,5
8900,TCK-18900,20251113,32,1,3,2025-11-13 05:57:12,2025-11-13 20:21:12,14.4,1,1,4
8901,TCK-18901,20260729,49,5,3,2026-07-29 17:03:26,2026-07-30 09:58:38,16.92,1,1,5
8902,TCK-18902,20250805,5,8,1,2025-08-05 13:27:48,2025-08-06 06:51:12,17.39,1,1,4
8903,TCK-18903,20250616,36,3,3,2025-06-16 05:17:37,2025-06-16 12:26:01,7.14,1,1,4
8904,TCK-18904,20250322,27,8,1,2025-03-22 14:56:20,2025-03-23 08:05:56,17.16,1,1,4
8905,TCK-18905,20250311,44,2,2,2025-03-11 02:41:14,2025-03-12 21:07:38,42.44,1,1,5
8906,TCK-18906,20250919,17,2,1,2025-09-19 07:19:48,2025-09-20 00:39:36,17.33,1,1,4
8907,TCK-18907,20260201,22,5,1,2026-02-01 03:12:57,2026-02-01 17:28:33,14.26,1,1,5
8908,TCK-18908,20260605,13,1,2,2026-06-05 14:21:27,2026-06-05 16:41:51,2.34,1,1,5
8909,TCK-18909,20251029,12,2,1,2025-10-29 20:40:45,2025-10-30 14:10:09,17.49,1,1,
8910,TCK-18910,20250425,44,3,2,2025-04-25 19:59:55,2025-04-26 17:52:07,21.87,1,0,5
8911,TCK-18911,20260721,16,8,1,2026-07-21 02:28:16,2026-07-21 23:37:16,21.15,1,1,5
8912,TCK-18912,20260328,23,3,2,2026-03-28 15:28:42,2026-03-29 09:28:42,18.0,1,0,4
8913,TCK-18913,20250729,14,7,2,2025-07-29 22:28:09,2025-07-30 21:21:33,22.89,1,0,4
8914,TCK-18914,20251023,4,3,1,2025-10-23 10:04:51,2025-10-23 21:14:27,11.16,1,1,5
8915,TCK-18915,20260709,31,6,1,2026-07-09 23:09:28,2026-07-10 02:50:52,3.69,1,1,5
8916,TCK-18916,20251110,8,1,1,2025-11-10 05:06:31,2025-11-10 12:59:55,7.89,1,1,3
8917,TCK-18917,20260330,45,3,1,2026-03-30 04:09:16,2026-03-30 20:24:52,16.26,1,0,
8918,TCK-18918,20250526,48,5,2,2025-05-26 19:43:03,,,0,0,
8919,TCK-18919,20250201,16,3,3,2025-02-01 05:49:21,2025-02-02 01:21:45,19.54,1,0,4
8920,TCK-18920,20251019,10,3,1,2025-10-19 17:40:17,2025-10-20 11:57:41,18.29,1,0,4
8921,TCK-18921,20251016,29,4,3,2025-10-16 20:34:34,2025-10-17 09:18:58,12.74,1,1,5
8922,TCK-18922,20260425,23,1,1,2026-04-25 23:11:55,2026-04-27 02:38:19,27.44,1,0,5
8923,TCK-18923,20250223,15,5,3,2025-02-23 18:44:36,2025-02-24 17:27:12,22.71,1,1,5
8924,TCK-18924,20250731,23,3,1,2025-07-31 21:10:33,,,0,0,4
8925,TCK-18925,20260302,33,1,1,2026-03-02 22:06:48,2026-03-03 07:51:12,9.74,1,1,3
8926,TCK-18926,20260611,38,7,1,2026-06-11 01:29:33,2026-06-11 11:27:09,9.96,1,0,5
8927,TCK-18927,20250304,41,5,2,2025-03-04 09:03:11,,,0,0,4
8928,TCK-18928,20250110,13,5,3,2025-01-10 21:54:03,,,0,0,3
8929,TCK-18929,20260126,15,6,2,2026-01-26 20:14:05,2026-01-27 14:08:05,17.9,1,1,4
8930,TCK-18930,20250816,3,4,2,2025-08-16 17:45:34,2025-08-16 19:28:46,1.72,1,1,3
8931,TCK-18931,20260121,13,4,1,2026-01-21 00:27:12,2026-01-21 08:38:36,8.19,1,1,4
8932,TCK-18932,20250115,41,7,2,2025-01-15 04:14:47,2025-01-15 21:11:11,16.94,1,0,3
8933,TCK-18933,20250908,21,2,1,2025-09-08 10:08:55,2025-09-10 02:13:43,40.08,1,1,4
8934,TCK-18934,20250611,9,7,2,2025-06-11 03:50:07,,,0,0,4
8935,TCK-18935,20251005,48,7,2,2025-10-05 15:05:12,,,0,0,3
8936,TCK-18936,20260121,46,2,3,2026-01-21 17:25:57,2026-01-22 11:04:21,17.64,1,1,4
8937,TCK-18937,20250731,5,7,3,2025-07-31 21:33:06,,,0,0,5
8938,TCK-18938,20260527,25,8,3,2026-05-27 15:29:04,2026-05-29 02:22:28,34.89,1,1,3
8939,TCK-18939,20250615,42,4,1,2025-06-15 00:59:28,2025-06-16 06:54:04,29.91,1,1,4
8940,TCK-18940,20260115,39,2,2,2026-01-15 13:59:56,2026-01-16 00:49:44,10.83,1,1,
8941,TCK-18941,20260103,5,7,3,2026-01-03 17:41:09,2026-01-05 04:03:57,34.38,1,0,4
8942,TCK-18942,20251202,30,7,2,2025-12-02 17:02:40,2025-12-03 11:44:04,18.69,1,0,4
8943,TCK-18943,20250729,41,8,3,2025-07-29 02:45:22,,,0,0,5
8944,TCK-18944,20260429,21,4,2,2026-04-29 09:41:33,2026-04-29 19:10:21,9.48,1,1,4
8945,TCK-18945,20260110,12,4,3,2026-01-10 15:18:56,2026-01-11 13:31:32,22.21,1,1,5
8946,TCK-18946,20250416,17,3,1,2025-04-16 08:09:37,2025-04-17 19:04:49,34.92,1,0,4
8947,TCK-18947,20260308,37,2,1,2026-03-08 23:49:55,,,0,0,4
8948,TCK-18948,20260517,16,2,1,2026-05-17 11:38:27,2026-05-17 22:37:15,10.98,1,1,4
8949,TCK-18949,20250621,30,8,3,2025-06-21 06:35:18,2025-06-21 21:56:54,15.36,1,1,3
8950,TCK-18950,20250120,19,6,3,2025-01-20 01:04:47,2025-01-20 18:33:35,17.48,1,1,5
8951,TCK-18951,20260731,7,2,1,2026-07-31 04:57:16,2026-07-31 09:20:04,4.38,1,1,4
8952,TCK-18952,20250822,29,3,3,2025-08-22 18:50:37,2025-08-23 05:20:37,10.5,1,1,4
8953,TCK-18953,20250821,13,5,1,2025-08-21 19:10:49,2025-08-21 22:04:49,2.9,1,1,4
8954,TCK-18954,20260629,45,1,2,2026-06-29 08:52:02,,,0,0,5
8955,TCK-18955,20250729,25,2,2,2025-07-29 18:14:23,2025-07-30 12:47:23,18.55,1,1,4
8956,TCK-18956,20250213,9,5,3,2025-02-13 22:04:12,,,0,0,5
8957,TCK-18957,20260710,11,5,1,2026-07-10 18:36:21,2026-07-11 19:43:33,25.12,1,0,
8958,TCK-18958,20250509,15,3,2,2025-05-09 11:59:55,,,0,0,4
8959,TCK-18959,20251028,45,5,2,2025-10-28 11:23:26,2025-10-28 20:22:14,8.98,1,1,4
8960,TCK-18960,20250909,21,6,2,2025-09-09 03:40:21,2025-09-10 05:52:21,26.2,1,1,3
8961,TCK-18961,20250909,41,7,2,2025-09-09 04:30:13,2025-09-10 01:42:13,21.2,1,0,2
8962,TCK-18962,20250626,16,1,2,2025-06-26 01:41:27,2025-06-26 04:34:51,2.89,1,1,
8963,TCK-18963,20250110,47,2,2,2025-01-10 08:48:13,2025-01-10 17:30:49,8.71,1,1,4
8964,TCK-18964,20260419,13,5,1,2026-04-19 04:16:06,2026-04-19 07:31:42,3.26,1,1,4
8965,TCK-18965,20260511,11,8,3,2026-05-11 13:38:34,2026-05-12 04:03:10,14.41,1,1,4
8966,TCK-18966,20260513,4,5,1,2026-05-13 08:14:29,2026-05-14 14:42:05,30.46,1,0,4
8967,TCK-18967,20250516,20,8,3,2025-05-16 11:07:02,2025-05-17 14:53:14,27.77,1,1,4
8968,TCK-18968,20250320,29,8,3,2025-03-20 02:36:25,,,0,0,4
8969,TCK-18969,20250322,14,8,2,2025-03-22 12:09:42,,,0,0,5
8970,TCK-18970,20260124,28,8,1,2026-01-24 18:39:38,2026-01-25 06:42:38,12.05,1,1,5
8971,TCK-18971,20250602,36,4,1,2025-06-02 13:09:18,2025-06-03 08:21:18,19.2,1,1,5
8972,TCK-18972,20250109,44,7,3,2025-01-09 05:35:39,2025-01-10 08:03:51,26.47,1,0,4
8973,TCK-18973,20250425,5,5,2,2025-04-25 23:31:49,2025-04-26 20:09:01,20.62,1,1,3
8974,TCK-18974,20260327,23,3,1,2026-03-27 00:37:57,2026-03-27 08:46:21,8.14,1,1,
8975,TCK-18975,20250708,29,6,2,2025-07-08 06:00:32,2025-07-09 06:06:32,24.1,1,1,5
8976,TCK-18976,20250820,18,7,2,2025-08-20 15:19:48,2025-08-21 08:03:36,16.73,1,0,5
8977,TCK-18977,20260316,46,8,3,2026-03-16 17:35:49,2026-03-17 13:16:37,19.68,1,1,3
8978,TCK-18978,20260316,7,5,3,2026-03-16 18:31:07,2026-03-16 20:07:07,1.6,1,1,5
8979,TCK-18979,20251106,38,3,3,2025-11-06 17:01:25,2025-11-06 19:23:37,2.37,1,1,3
8980,TCK-18980,20250525,27,2,3,2025-05-25 22:25:50,2025-05-27 23:34:50,49.15,1,0,5
8981,TCK-18981,20260322,14,1,3,2026-03-22 14:24:26,2026-03-22 23:05:14,8.68,1,1,5
8982,TCK-18982,20250425,45,3,1,2025-04-25 19:15:38,2025-04-26 20:07:14,24.86,1,0,
8983,TCK-18983,20250202,21,2,2,2025-02-02 02:52:48,2025-02-02 19:21:00,16.47,1,1,5
8984,TCK-18984,20250202,40,1,1,2025-02-02 07:29:08,,,0,0,4
8985,TCK-18985,20251227,4,5,1,2025-12-27 12:57:37,2025-12-28 13:16:13,24.31,1,0,4
8986,TCK-18986,20250726,10,1,3,2025-07-26 01:01:25,2025-07-26 09:55:25,8.9,1,1,4
8987,TCK-18987,20251211,22,4,3,2025-12-11 10:24:16,,,0,0,
8988,TCK-18988,20250428,35,1,3,2025-04-28 14:51:23,,,0,0,3
8989,TCK-18989,20250405,43,1,1,2025-04-05 18:00:32,2025-04-06 18:50:56,24.84,1,0,3
8990,TCK-18990,20250214,50,5,3,2025-02-14 11:05:23,2025-02-14 15:04:47,3.99,1,1,
8991,TCK-18991,20250312,45,6,3,2025-03-12 05:49:47,2025-03-12 22:46:11,16.94,1,1,3
8992,TCK-18992,20260604,49,3,2,2026-06-04 03:41:04,2026-06-04 10:35:04,6.9,1,1,4
8993,TCK-18993,20250714,29,7,2,2025-07-14 03:14:11,2025-07-14 20:23:47,17.16,1,0,
8994,TCK-18994,20260422,37,6,1,2026-04-22 08:40:08,2026-04-22 15:43:44,7.06,1,1,5
8995,TCK-18995,20250712,13,1,1,2025-07-12 22:24:35,2025-07-13 19:29:23,21.08,1,1,3
8996,TCK-18996,20260805,46,1,3,2026-08-05 14:01:31,2026-08-06 05:58:31,15.95,1,1,
8997,TCK-18997,20260522,6,3,3,2026-05-22 14:22:41,2026-05-23 15:25:05,25.04,1,0,4
8998,TCK-18998,20260730,26,8,3,2026-07-30 08:50:46,2026-07-30 21:26:10,12.59,1,1,
8999,TCK-18999,20260710,3,5,3,2026-07-10 23:54:24,2026-07-11 10:07:00,10.21,1,1,3
9000,TCK-19000,20260801,39,7,3,2026-08-01 10:31:01,2026-08-02 14:04:37,27.56,1,0,5
9001,TCK-19001,20250316,15,5,1,2025-03-16 12:55:16,2025-03-17 09:39:40,20.74,1,1,3
9002,TCK-19002,20250322,44,5,2,2025-03-22 00:43:42,2025-03-22 01:58:42,1.25,1,1,4
9003,TCK-19003,20260303,35,1,2,2026-03-03 07:34:51,2026-03-03 23:53:27,16.31,1,1,5
9004,TCK-19004,20250523,36,3,2,2025-05-23 22:58:48,2025-05-24 14:10:12,15.19,1,0,3
9005,TCK-19005,20250223,26,6,1,2025-02-23 12:45:04,,,0,0,5
9006,TCK-19006,20251225,6,4,2,2025-12-25 14:14:02,2025-12-26 17:56:02,27.7,1,1,2
9007,TCK-19007,20250826,34,3,2,2025-08-26 09:34:12,,,0,0,
9008,TCK-19008,20260215,2,5,2,2026-02-15 09:20:14,2026-02-16 23:16:02,37.93,1,0,5
9009,TCK-19009,20250605,38,6,2,2025-06-05 08:00:06,2025-06-05 14:12:06,6.2,1,1,5
9010,TCK-19010,20260625,27,7,2,2026-06-25 09:33:56,2026-06-25 20:09:56,10.6,1,0,4
9011,TCK-19011,20250619,35,3,1,2025-06-19 09:32:30,2025-06-19 16:46:18,7.23,1,1,4
9012,TCK-19012,20260604,40,3,3,2026-06-04 20:10:20,2026-06-05 22:36:44,26.44,1,0,4
9013,TCK-19013,20260121,3,5,3,2026-01-21 16:46:56,,,0,0,4
9014,TCK-19014,20250105,49,1,1,2025-01-05 12:30:38,2025-01-05 23:40:50,11.17,1,1,2
9015,TCK-19015,20250421,3,2,1,2025-04-21 02:48:06,,,0,0,4
9016,TCK-19016,20251223,4,3,3,2025-12-23 11:47:25,2025-12-23 23:32:25,11.75,1,1,4
9017,TCK-19017,20260412,42,4,3,2026-04-12 00:47:47,,,0,0,3
9018,TCK-19018,20250525,40,1,2,2025-05-25 05:06:00,,,0,0,4
9019,TCK-19019,20260731,39,3,1,2026-07-31 18:30:44,2026-08-01 16:55:56,22.42,1,0,5
9020,TCK-19020,20260708,35,1,2,2026-07-08 06:23:39,,,0,0,3
9021,TCK-19021,20250511,30,5,2,2025-05-11 21:23:06,,,0,0,4
9022,TCK-19022,20251125,24,7,3,2025-11-25 00:37:36,2025-11-25 23:32:12,22.91,1,0,
9023,TCK-19023,20260112,1,5,1,2026-01-12 20:34:19,2026-01-12 23:18:43,2.74,1,1,5
9024,TCK-19024,20260202,15,6,1,2026-02-02 03:51:44,2026-02-03 20:35:32,40.73,1,1,4
9025,TCK-19025,20260427,12,1,1,2026-04-27 20:54:33,2026-04-29 19:13:45,46.32,1,0,4
9026,TCK-19026,20250914,44,1,1,2025-09-14 00:08:44,2025-09-15 12:36:56,36.47,1,0,4
9027,TCK-19027,20251216,24,8,3,2025-12-16 05:36:37,2025-12-17 11:30:01,29.89,1,1,4
9028,TCK-19028,20260317,39,2,2,2026-03-17 15:57:02,2026-03-18 15:54:02,23.95,1,1,5
9029,TCK-19029,20260715,1,3,2,2026-07-15 06:43:18,2026-07-16 02:45:06,20.03,1,0,4
9030,TCK-19030,20251021,26,5,2,2025-10-21 01:00:15,,,0,0,3
9031,TCK-19031,20250404,27,4,1,2025-04-04 05:16:16,2025-04-05 07:58:52,26.71,1,1,5
9032,TCK-19032,20260612,33,6,2,2026-06-12 18:27:59,2026-06-13 08:08:11,13.67,1,1,4
9033,TCK-19033,20250523,29,8,1,2025-05-23 09:27:11,,,0,0,5
9034,TCK-19034,20260802,34,8,3,2026-08-02 13:33:50,2026-08-03 14:44:02,25.17,1,1,3
9035,TCK-19035,20250524,31,1,2,2025-05-24 16:08:14,2025-05-25 14:43:38,22.59,1,1,4
9036,TCK-19036,20250325,38,4,1,2025-03-25 19:38:52,,,0,0,4
9037,TCK-19037,20250201,31,8,3,2025-02-01 04:35:31,2025-02-01 18:33:07,13.96,1,1,2
9038,TCK-19038,20250710,46,3,3,2025-07-10 07:49:06,2025-07-10 19:04:06,11.25,1,1,
9039,TCK-19039,20250408,40,8,3,2025-04-08 04:15:03,2025-04-08 16:13:15,11.97,1,1,5
9040,TCK-19040,20251103,29,6,1,2025-11-03 18:24:44,2025-11-04 04:58:20,10.56,1,1,4
9041,TCK-19041,20251019,39,2,3,2025-10-19 14:56:06,2025-10-21 03:02:42,36.11,1,1,4
9042,TCK-19042,20260304,43,6,1,2026-03-04 03:41:59,2026-03-04 22:04:47,18.38,1,1,4
9043,TCK-19043,20250530,29,5,2,2025-05-30 20:12:53,2025-05-31 17:27:53,21.25,1,1,5
9044,TCK-19044,20251024,14,2,2,2025-10-24 20:20:27,,,0,0,5
9045,TCK-19045,20260117,13,2,2,2026-01-17 22:30:14,2026-01-18 09:14:38,10.74,1,1,4
9046,TCK-19046,20251107,1,2,2,2025-11-07 12:10:37,2025-11-09 07:20:13,43.16,1,1,3
9047,TCK-19047,20260504,9,2,2,2026-05-04 10:23:41,,,0,0,3
9048,TCK-19048,20250925,24,7,1,2025-09-25 01:49:53,2025-09-25 21:46:53,19.95,1,0,4
9049,TCK-19049,20250624,16,4,2,2025-06-24 08:38:14,,,0,0,4
9050,TCK-19050,20260116,6,6,2,2026-01-16 18:27:48,2026-01-16 19:35:36,1.13,1,1,5
9051,TCK-19051,20250925,4,3,2,2025-09-25 13:05:25,2025-09-26 12:22:13,23.28,1,0,
9052,TCK-19052,20251011,8,3,2,2025-10-11 15:06:05,2025-10-11 21:18:05,6.2,1,1,
9053,TCK-19053,20260322,44,1,2,2026-03-22 20:05:12,2026-03-24 10:23:12,38.3,1,0,
9054,TCK-19054,20260615,36,3,3,2026-06-15 14:16:26,2026-06-16 13:52:26,23.6,1,0,
9055,TCK-19055,20250714,9,7,1,2025-07-14 09:52:57,2025-07-14 21:10:57,11.3,1,0,
9056,TCK-19056,20250730,14,3,2,2025-07-30 19:48:12,2025-08-01 02:42:12,30.9,1,0,4
9057,TCK-19057,20250823,36,3,1,2025-08-23 00:00:36,2025-08-23 10:49:12,10.81,1,1,5
9058,TCK-19058,20251122,23,7,3,2025-11-22 18:41:42,2025-11-24 06:45:54,36.07,1,0,3
9059,TCK-19059,20260807,47,2,2,2026-08-07 01:44:35,2026-08-07 04:36:11,2.86,1,1,
9060,TCK-19060,20250113,13,3,1,2025-01-13 17:45:11,2025-01-13 20:09:11,2.4,1,1,5
9061,TCK-19061,20251213,25,4,3,2025-12-13 13:30:40,2025-12-14 03:54:04,14.39,1,1,4
9062,TCK-19062,20260722,21,1,3,2026-07-22 04:10:28,2026-07-23 06:03:52,25.89,1,0,5
9063,TCK-19063,20260126,48,7,2,2026-01-26 14:02:07,2026-01-27 02:32:43,12.51,1,0,3
9064,TCK-19064,20250315,20,6,3,2025-03-15 12:50:22,2025-03-15 15:41:22,2.85,1,1,4
9065,TCK-19065,20260126,8,5,2,2026-01-26 16:53:57,2026-01-27 15:32:21,22.64,1,1,3
9066,TCK-19066,20260607,37,5,3,2026-06-07 10:00:13,2026-06-08 14:44:37,28.74,1,0,4
9067,TCK-19067,20250309,39,1,1,2025-03-09 10:55:46,2025-03-09 22:53:58,11.97,1,1,5
9068,TCK-19068,20250804,11,4,3,2025-08-04 21:00:30,2025-08-05 10:52:06,13.86,1,1,2
9069,TCK-19069,20250108,18,6,1,2025-01-08 03:03:53,2025-01-09 02:55:29,23.86,1,1,4
9070,TCK-19070,20260117,48,1,1,2026-01-17 15:12:44,2026-01-19 02:05:32,34.88,1,0,3
9071,TCK-19071,20260224,26,1,2,2026-02-24 14:18:26,2026-02-24 22:05:14,7.78,1,1,4
9072,TCK-19072,20260608,38,7,2,2026-06-08 15:16:11,2026-06-09 21:02:23,29.77,1,0,5
9073,TCK-19073,20250818,11,8,3,2025-08-18 19:52:32,,,0,0,3
9074,TCK-19074,20250220,33,8,3,2025-02-20 12:27:26,2025-02-21 15:40:02,27.21,1,1,5
9075,TCK-19075,20251018,16,4,1,2025-10-18 13:35:54,2025-10-19 05:01:06,15.42,1,1,3
9076,TCK-19076,20250223,1,1,3,2025-02-23 19:23:13,2025-02-24 19:34:01,24.18,1,0,3
9077,TCK-19077,20260228,12,3,3,2026-02-28 16:49:54,2026-03-02 04:31:54,35.7,1,0,
9078,TCK-19078,20251115,8,5,2,2025-11-15 04:23:14,2025-11-16 07:13:02,26.83,1,0,5
9079,TCK-19079,20260724,2,7,3,2026-07-24 16:31:30,2026-07-24 21:04:30,4.55,1,1,4
9080,TCK-19080,20251004,24,8,1,2025-10-04 09:26:52,2025-10-04 14:35:16,5.14,1,1,3
9081,TCK-19081,20251113,31,4,2,2025-11-13 13:09:03,,,0,0,4
9082,TCK-19082,20250820,32,6,1,2025-08-20 10:45:38,2025-08-21 02:09:38,15.4,1,1,4
9083,TCK-19083,20260526,6,1,1,2026-05-26 22:25:37,2026-05-27 00:14:13,1.81,1,1,5
9084,TCK-19084,20251125,8,8,3,2025-11-25 13:42:40,2025-11-27 04:00:40,38.3,1,1,4
9085,TCK-19085,20251216,9,6,3,2025-12-16 14:59:39,2025-12-17 02:27:15,11.46,1,1,3
9086,TCK-19086,20250120,49,1,1,2025-01-20 05:28:13,2025-01-21 06:29:25,25.02,1,0,
9087,TCK-19087,20250518,5,7,2,2025-05-18 10:20:35,2025-05-18 22:49:59,12.49,1,0,5
9088,TCK-19088,20250218,17,3,1,2025-02-18 05:52:44,2025-02-19 09:16:44,27.4,1,0,4
9089,TCK-19089,20260326,28,5,1,2026-03-26 14:47:36,2026-03-27 07:27:12,16.66,1,1,3
9090,TCK-19090,20251224,3,3,3,2025-12-24 01:13:06,2025-12-24 08:22:42,7.16,1,1,5
9091,TCK-19091,20250414,39,3,1,2025-04-14 22:27:46,2025-04-15 08:15:46,9.8,1,1,4
9092,TCK-19092,20260208,26,1,3,2026-02-08 18:48:55,2026-02-09 12:31:31,17.71,1,1,5
9093,TCK-19093,20250721,36,1,1,2025-07-21 18:08:57,2025-07-22 03:35:21,9.44,1,1,5
9094,TCK-19094,20260429,12,6,3,2026-04-29 16:27:57,,,0,0,
9095,TCK-19095,20250126,41,4,1,2025-01-26 09:22:06,2025-01-27 11:59:54,26.63,1,1,3
9096,TCK-19096,20260415,27,2,3,2026-04-15 02:24:04,2026-04-16 02:49:52,24.43,1,1,5
9097,TCK-19097,20260331,2,2,1,2026-03-31 06:54:22,2026-04-01 04:48:22,21.9,1,1,3
9098,TCK-19098,20250306,29,2,1,2025-03-06 00:23:57,2025-03-06 19:17:21,18.89,1,1,3
9099,TCK-19099,20260711,44,5,3,2026-07-11 14:43:29,2026-07-12 09:09:53,18.44,1,1,4
9100,TCK-19100,20260331,38,7,2,2026-03-31 21:46:43,2026-04-01 10:31:43,12.75,1,0,3
9101,TCK-19101,20260811,45,3,2,2026-08-11 12:28:10,2026-08-12 02:56:58,14.48,1,0,4
9102,TCK-19102,20260608,30,2,3,2026-06-08 18:06:56,2026-06-09 23:44:44,29.63,1,1,
9103,TCK-19103,20260513,14,3,1,2026-05-13 17:27:16,2026-05-14 23:44:40,30.29,1,0,5
9104,TCK-19104,20260414,5,5,2,2026-04-14 18:36:12,2026-04-15 05:37:24,11.02,1,1,4
9105,TCK-19105,20250615,36,7,1,2025-06-15 08:24:38,2025-06-16 13:19:14,28.91,1,0,4
9106,TCK-19106,20250329,15,6,1,2025-03-29 05:31:40,2025-03-30 02:28:04,20.94,1,1,5
9107,TCK-19107,20250101,39,2,2,2025-01-01 08:53:12,,,0,0,4
9108,TCK-19108,20250501,21,2,3,2025-05-01 21:24:13,2025-05-02 09:18:49,11.91,1,1,4
9109,TCK-19109,20260615,22,3,3,2026-06-15 18:04:12,2026-06-16 17:31:12,23.45,1,0,5
9110,TCK-19110,20250414,32,2,3,2025-04-14 03:54:58,2025-04-14 12:26:10,8.52,1,1,4
9111,TCK-19111,20250804,48,5,3,2025-08-04 09:15:03,,,0,0,4
9112,TCK-19112,20260209,5,8,2,2026-02-09 15:07:08,2026-02-09 17:18:32,2.19,1,1,4
9113,TCK-19113,20260628,25,8,3,2026-06-28 17:30:32,2026-06-29 04:31:08,11.01,1,1,4
9114,TCK-19114,20250805,20,8,1,2025-08-05 13:47:29,,,0,0,
9115,TCK-19115,20260424,16,6,2,2026-04-24 03:01:42,2026-04-25 14:08:18,35.11,1,1,3
9116,TCK-19116,20251217,13,8,1,2025-12-17 23:26:04,2025-12-18 06:14:40,6.81,1,1,3
9117,TCK-19117,20250320,32,3,2,2025-03-20 18:23:53,2025-03-21 16:27:29,22.06,1,0,4
9118,TCK-19118,20250514,50,8,2,2025-05-14 03:32:29,2025-05-14 16:50:29,13.3,1,1,3
9119,TCK-19119,20260610,17,8,3,2026-06-10 07:36:36,2026-06-11 02:09:00,18.54,1,1,3
9120,TCK-19120,20250514,46,4,1,2025-05-14 06:43:58,2025-05-14 20:21:10,13.62,1,1,4
9121,TCK-19121,20260330,15,8,3,2026-03-30 01:57:04,2026-04-01 16:33:04,62.6,1,0,3
9122,TCK-19122,20260606,15,2,1,2026-06-06 07:41:52,2026-06-07 08:16:04,24.57,1,1,4
9123,TCK-19123,20250919,17,8,3,2025-09-19 10:11:31,,,0,0,3
9124,TCK-19124,20251108,12,7,3,2025-11-08 04:32:11,2025-11-09 06:09:23,25.62,1,0,4
9125,TCK-19125,20250207,15,4,1,2025-02-07 13:26:30,2025-02-08 22:01:54,32.59,1,1,4
9126,TCK-19126,20260730,13,5,1,2026-07-30 06:48:45,2026-07-30 11:27:45,4.65,1,1,5
9127,TCK-19127,20260711,20,6,3,2026-07-11 04:28:15,2026-07-11 06:47:27,2.32,1,1,3
9128,TCK-19128,20250407,26,2,2,2025-04-07 08:36:33,,,0,0,4
9129,TCK-19129,20250616,33,2,1,2025-06-16 23:39:27,2025-06-17 07:29:15,7.83,1,1,3
9130,TCK-19130,20251002,4,6,3,2025-10-02 15:09:06,,,0,0,4
9131,TCK-19131,20250601,22,3,3,2025-06-01 11:55:32,2025-06-01 19:00:20,7.08,1,1,3
9132,TCK-19132,20251023,10,3,1,2025-10-23 01:09:53,2025-10-24 17:55:29,40.76,1,0,
9133,TCK-19133,20250218,17,1,3,2025-02-18 19:34:29,2025-02-19 14:53:05,19.31,1,1,4
9134,TCK-19134,20260721,50,6,2,2026-07-21 00:37:24,2026-07-21 22:15:48,21.64,1,1,3
9135,TCK-19135,20260117,19,6,3,2026-01-17 20:44:42,2026-01-18 10:25:30,13.68,1,1,4
9136,TCK-19136,20260606,31,8,1,2026-06-06 11:13:51,2026-06-07 17:00:03,29.77,1,1,3
9137,TCK-19137,20260525,22,5,3,2026-05-25 06:53:27,2026-05-26 01:20:27,18.45,1,1,4
9138,TCK-19138,20250324,36,1,1,2025-03-24 00:05:42,2025-03-24 22:18:54,22.22,1,1,4
9139,TCK-19139,20260805,29,2,1,2026-08-05 13:41:58,2026-08-05 20:28:46,6.78,1,1,5
9140,TCK-19140,20250114,7,1,2,2025-01-14 19:50:40,2025-01-15 12:09:52,16.32,1,1,
9141,TCK-19141,20251223,36,6,1,2025-12-23 11:11:47,,,0,0,2
9142,TCK-19142,20250317,33,3,3,2025-03-17 06:21:08,2025-03-18 00:54:08,18.55,1,0,
9143,TCK-19143,20260513,44,6,2,2026-05-13 17:52:26,2026-05-15 02:53:38,33.02,1,1,4
9144,TCK-19144,20260616,37,4,2,2026-06-16 16:43:25,2026-06-17 15:02:37,22.32,1,1,
9145,TCK-19145,20260208,43,1,2,2026-02-08 16:12:22,,,0,0,4
9146,TCK-19146,20260306,30,6,1,2026-03-06 11:10:44,,,0,0,4
9147,TCK-19147,20251121,13,4,3,2025-11-21 15:02:46,2025-11-22 17:59:10,26.94,1,1,4
9148,TCK-19148,20251223,45,1,2,2025-12-23 03:22:08,2025-12-24 02:39:32,23.29,1,1,4
9149,TCK-19149,20250428,1,8,2,2025-04-28 04:59:38,,,0,0,4
9150,TCK-19150,20250930,9,7,2,2025-09-30 19:45:47,2025-10-01 16:07:23,20.36,1,0,4
9151,TCK-19151,20260410,20,3,1,2026-04-10 17:49:57,2026-04-11 14:57:45,21.13,1,0,
9152,TCK-19152,20251221,9,4,3,2025-12-21 17:33:49,2025-12-22 06:39:49,13.1,1,1,
9153,TCK-19153,20260316,1,3,2,2026-03-16 21:23:49,,,0,0,4
9154,TCK-19154,20250531,7,7,2,2025-05-31 22:05:07,2025-06-01 19:24:19,21.32,1,0,5
9155,TCK-19155,20250929,6,3,3,2025-09-29 22:53:33,2025-10-01 09:16:21,34.38,1,0,5
9156,TCK-19156,20260421,33,6,3,2026-04-21 08:29:19,2026-04-22 07:28:07,22.98,1,1,4
9157,TCK-19157,20250923,35,5,1,2025-09-23 05:45:33,,,0,0,3
9158,TCK-19158,20250321,47,6,3,2025-03-21 02:22:34,2025-03-21 20:00:58,17.64,1,1,4
9159,TCK-19159,20260113,34,6,1,2026-01-13 18:52:11,2026-01-14 06:21:35,11.49,1,1,4
9160,TCK-19160,20250318,6,4,1,2025-03-18 02:39:48,2025-03-18 03:19:24,0.66,1,1,
9161,TCK-19161,20250901,10,2,2,2025-09-01 18:24:14,2025-09-03 07:50:02,37.43,1,1,4
9162,TCK-19162,20250419,43,1,3,2025-04-19 22:54:44,2025-04-20 05:02:32,6.13,1,1,4
9163,TCK-19163,20260418,28,6,2,2026-04-18 03:10:13,2026-04-18 18:30:01,15.33,1,1,4
9164,TCK-19164,20250606,3,5,1,2025-06-06 03:48:08,,,0,0,4
9165,TCK-19165,20260116,15,7,2,2026-01-16 16:39:18,2026-01-17 15:19:30,22.67,1,0,3
9166,TCK-19166,20250509,8,7,2,2025-05-09 12:26:15,2025-05-10 05:28:03,17.03,1,0,3
9167,TCK-19167,20250828,10,3,3,2025-08-28 07:04:30,2025-08-29 01:15:54,18.19,1,0,3
9168,TCK-19168,20250924,21,4,1,2025-09-24 12:35:05,2025-09-25 11:14:05,22.65,1,1,5
9169,TCK-19169,20260723,21,8,3,2026-07-23 15:41:35,2026-07-23 18:46:59,3.09,1,1,4
9170,TCK-19170,20260722,25,1,3,2026-07-22 23:22:56,,,0,0,3
9171,TCK-19171,20260703,14,7,2,2026-07-03 12:46:11,2026-07-03 21:59:23,9.22,1,0,4
9172,TCK-19172,20260424,5,1,3,2026-04-24 18:59:22,2026-04-26 07:57:34,36.97,1,0,4
9173,TCK-19173,20260305,43,6,2,2026-03-05 01:13:20,2026-03-05 23:01:56,21.81,1,1,5
9174,TCK-19174,20251127,50,3,2,2025-11-27 11:30:35,2025-11-27 15:13:11,3.71,1,1,3
9175,TCK-19175,20260224,18,6,1,2026-02-24 14:19:29,,,0,0,5
9176,TCK-19176,20250211,7,7,3,2025-02-11 08:11:17,2025-02-12 00:49:41,16.64,1,0,3
9177,TCK-19177,20260313,6,5,3,2026-03-13 22:41:31,2026-03-15 04:15:43,29.57,1,0,3
9178,TCK-19178,20260802,15,6,3,2026-08-02 12:02:50,2026-08-03 03:26:50,15.4,1,1,4
9179,TCK-19179,20250309,9,2,3,2025-03-09 03:34:53,2025-03-09 04:41:29,1.11,1,1,2
9180,TCK-19180,20260313,29,2,3,2026-03-13 07:16:42,,,0,0,5
9181,TCK-19181,20250208,46,1,2,2025-02-08 23:54:52,,,0,0,4
9182,TCK-19182,20250618,10,3,3,2025-06-18 19:56:31,2025-06-20 06:57:43,35.02,1,0,5
9183,TCK-19183,20250629,37,2,2,2025-06-29 21:11:45,2025-06-30 18:24:57,21.22,1,1,4
9184,TCK-19184,20251227,33,1,3,2025-12-27 11:54:14,2025-12-29 01:41:38,37.79,1,0,4
9185,TCK-19185,20250804,4,6,3,2025-08-04 14:05:58,2025-08-05 09:14:58,19.15,1,1,3
9186,TCK-19186,20260430,45,3,2,2026-04-30 13:26:43,2026-04-30 20:11:07,6.74,1,1,3
9187,TCK-19187,20260508,49,4,2,2026-05-08 11:59:28,2026-05-10 04:39:40,40.67,1,0,5
9188,TCK-19188,20250915,36,6,3,2025-09-15 10:23:22,2025-09-16 10:37:10,24.23,1,1,3
9189,TCK-19189,20250411,37,2,2,2025-04-11 08:44:43,,,0,0,
9190,TCK-19190,20251220,13,7,2,2025-12-20 23:30:04,2025-12-21 22:15:04,22.75,1,0,5
9191,TCK-19191,20250523,32,8,1,2025-05-23 01:53:08,2025-05-23 14:12:56,12.33,1,1,4
9192,TCK-19192,20250331,28,8,1,2025-03-31 08:09:17,2025-04-01 11:00:17,26.85,1,1,4
9193,TCK-19193,20250614,32,8,2,2025-06-14 06:03:35,2025-06-14 20:50:59,14.79,1,1,
9194,TCK-19194,20251017,27,3,3,2025-10-17 08:24:22,,,0,0,3
9195,TCK-19195,20250518,19,3,1,2025-05-18 21:14:32,2025-05-19 17:34:20,20.33,1,0,5
9196,TCK-19196,20250722,25,5,2,2025-07-22 15:45:26,2025-07-23 20:25:02,28.66,1,0,3
9197,TCK-19197,20251014,21,3,3,2025-10-14 06:30:58,2025-10-14 23:22:34,16.86,1,0,3
9198,TCK-19198,20250102,33,2,2,2025-01-02 16:49:16,2025-01-02 21:51:40,5.04,1,1,3
9199,TCK-19199,20260128,41,8,2,2026-01-28 20:10:30,2026-01-28 20:50:06,0.66,1,1,4
9200,TCK-19200,20250601,43,4,2,2025-06-01 05:07:53,,,0,0,5
9201,TCK-19201,20260104,32,4,1,2026-01-04 21:40:51,,,0,0,5
9202,TCK-19202,20260115,48,7,3,2026-01-15 06:30:54,2026-01-16 05:00:54,22.5,1,0,4
9203,TCK-19203,20250401,48,1,3,2025-04-01 19:53:17,2025-04-02 11:42:29,15.82,1,1,
9204,TCK-19204,20251127,38,3,1,2025-11-27 23:18:29,2025-11-28 17:09:29,17.85,1,0,5
9205,TCK-19205,20250709,38,4,1,2025-07-09 12:44:19,2025-07-09 15:56:19,3.2,1,1,3
9206,TCK-19206,20250915,30,3,1,2025-09-15 09:39:16,2025-09-15 11:35:40,1.94,1,1,2
9207,TCK-19207,20250410,9,4,3,2025-04-10 03:08:07,2025-04-11 09:54:19,30.77,1,1,4
9208,TCK-19208,20250114,5,1,1,2025-01-14 04:38:11,2025-01-14 16:54:23,12.27,1,1,4
9209,TCK-19209,20250928,20,1,3,2025-09-28 12:47:31,2025-09-29 18:25:55,29.64,1,0,4
9210,TCK-19210,20250518,5,5,2,2025-05-18 21:08:16,2025-05-19 14:43:40,17.59,1,1,4
9211,TCK-19211,20251215,20,7,3,2025-12-15 01:25:31,,,0,0,
9212,TCK-19212,20250423,49,5,2,2025-04-23 03:29:49,2025-04-24 11:37:01,32.12,1,0,3
9213,TCK-19213,20260723,2,2,1,2026-07-23 20:44:38,2026-07-24 23:09:50,26.42,1,1,4
9214,TCK-19214,20260805,13,8,3,2026-08-05 10:09:29,2026-08-05 20:06:29,9.95,1,1,4
9215,TCK-19215,20250925,1,5,2,2025-09-25 14:16:47,2025-09-26 18:57:35,28.68,1,0,3
9216,TCK-19216,20250103,16,4,2,2025-01-03 23:45:00,,,0,0,
9217,TCK-19217,20251121,45,4,2,2025-11-21 21:37:07,2025-11-22 20:04:43,22.46,1,1,4
9218,TCK-19218,20250923,23,4,2,2025-09-23 19:27:55,2025-09-24 13:06:55,17.65,1,1,
9219,TCK-19219,20250610,39,8,3,2025-06-10 07:56:48,2025-06-11 15:54:24,31.96,1,1,5
9220,TCK-19220,20260116,17,6,3,2026-01-16 14:54:00,2026-01-17 18:22:12,27.47,1,1,3
9221,TCK-19221,20260412,20,3,1,2026-04-12 12:08:10,2026-04-12 19:36:22,7.47,1,1,3
9222,TCK-19222,20250116,36,5,1,2025-01-16 06:57:06,2025-01-16 18:37:18,11.67,1,1,
9223,TCK-19223,20260331,8,5,2,2026-03-31 11:36:59,2026-04-01 16:20:11,28.72,1,0,4
9224,TCK-19224,20260702,33,8,3,2026-07-02 16:57:20,2026-07-04 01:30:56,32.56,1,1,
9225,TCK-19225,20260208,36,2,3,2026-02-08 12:29:57,2026-02-08 19:01:09,6.52,1,1,5
9226,TCK-19226,20260531,43,6,1,2026-05-31 22:05:19,2026-06-02 11:04:07,36.98,1,1,4
9227,TCK-19227,20260505,41,1,2,2026-05-05 18:04:27,2026-05-05 21:38:03,3.56,1,1,5
9228,TCK-19228,20250405,34,3,3,2025-04-05 02:33:24,2025-04-05 15:19:00,12.76,1,0,3
9229,TCK-19229,20260602,46,2,1,2026-06-02 01:45:43,2026-06-02 16:35:31,14.83,1,1,4
9230,TCK-19230,20260124,25,4,1,2026-01-24 12:41:21,2026-01-24 21:55:45,9.24,1,1,3
9231,TCK-19231,20250725,9,5,3,2025-07-25 16:49:40,,,0,0,5
9232,TCK-19232,20260219,26,1,1,2026-02-19 13:15:48,2026-02-20 18:02:00,28.77,1,0,5
9233,TCK-19233,20250801,10,1,1,2025-08-01 15:45:31,2025-08-02 00:30:31,8.75,1,1,
9234,TCK-19234,20251228,45,6,2,2025-12-28 05:45:09,2025-12-28 18:44:33,12.99,1,1,4
9235,TCK-19235,20251115,40,7,2,2025-11-15 05:09:00,2025-11-15 08:00:00,2.85,1,1,5
9236,TCK-19236,20251224,50,8,2,2025-12-24 03:14:00,2025-12-24 20:59:00,17.75,1,1,3
9237,TCK-19237,20250620,31,3,3,2025-06-20 18:51:05,2025-06-21 04:07:17,9.27,1,1,4
9238,TCK-19238,20260707,3,7,3,2026-07-07 03:18:51,2026-07-07 04:15:51,0.95,1,1,4
9239,TCK-19239,20260316,26,6,1,2026-03-16 13:40:54,2026-03-18 11:40:54,46.0,1,1,4
9240,TCK-19240,20260418,50,2,1,2026-04-18 00:21:30,2026-04-18 06:05:54,5.74,1,1,
9241,TCK-19241,20250620,29,4,1,2025-06-20 07:20:58,2025-06-20 11:26:58,4.1,1,1,5
9242,TCK-19242,20250311,48,4,1,2025-03-11 23:24:33,2025-03-12 00:53:57,1.49,1,1,5
9243,TCK-19243,20250411,50,3,1,2025-04-11 06:12:10,2025-04-11 10:16:22,4.07,1,1,4
9244,TCK-19244,20251014,45,8,1,2025-10-14 01:11:47,2025-10-14 12:11:11,10.99,1,1,4
9245,TCK-19245,20250401,8,8,2,2025-04-01 01:06:27,2025-04-01 08:15:27,7.15,1,1,5
9246,TCK-19246,20250622,44,3,1,2025-06-22 14:08:57,2025-06-23 01:31:45,11.38,1,1,3
9247,TCK-19247,20250913,40,6,1,2025-09-13 20:47:53,2025-09-14 07:16:05,10.47,1,1,4
9248,TCK-19248,20260805,12,1,1,2026-08-05 06:52:00,2026-08-06 21:23:48,38.53,1,0,3
9249,TCK-19249,20250130,26,2,1,2025-01-30 16:47:33,2025-02-01 01:38:33,32.85,1,1,
9250,TCK-19250,20250630,18,5,3,2025-06-30 00:55:09,2025-06-30 04:38:21,3.72,1,1,3
9251,TCK-19251,20251108,20,6,1,2025-11-08 17:56:56,2025-11-09 11:53:56,17.95,1,1,5
9252,TCK-19252,20250516,36,3,2,2025-05-16 02:22:41,2025-05-16 18:16:05,15.89,1,0,3
9253,TCK-19253,20250111,9,2,3,2025-01-11 02:11:16,2025-01-12 08:44:52,30.56,1,1,4
9254,TCK-19254,20250712,20,6,2,2025-07-12 18:24:04,2025-07-14 01:04:52,30.68,1,1,
9255,TCK-19255,20250608,21,4,1,2025-06-08 07:16:36,2025-06-09 09:23:12,26.11,1,1,4
9256,TCK-19256,20260227,9,8,3,2026-02-27 18:38:23,2026-02-28 23:04:11,28.43,1,1,3
9257,TCK-19257,20251208,1,4,1,2025-12-08 16:20:13,2025-12-08 20:02:49,3.71,1,1,4
9258,TCK-19258,20250926,4,6,3,2025-09-26 16:11:48,2025-09-27 02:49:00,10.62,1,1,4
9259,TCK-19259,20250730,38,4,2,2025-07-30 18:00:53,2025-07-31 08:26:41,14.43,1,1,
9260,TCK-19260,20250521,6,1,3,2025-05-21 11:29:14,2025-05-22 18:46:38,31.29,1,0,5
9261,TCK-19261,20250826,45,8,3,2025-08-26 06:32:57,2025-08-27 08:21:33,25.81,1,1,5
9262,TCK-19262,20260117,22,8,1,2026-01-17 06:18:12,2026-01-18 09:33:12,27.25,1,1,4
9263,TCK-19263,20251122,6,7,2,2025-11-22 07:47:17,2025-11-23 07:50:53,24.06,1,0,4
9264,TCK-19264,20250918,19,5,1,2025-09-18 18:39:10,2025-09-19 04:24:46,9.76,1,1,
9265,TCK-19265,20250305,37,4,2,2025-03-05 16:28:36,2025-03-06 23:53:48,31.42,1,1,3
9266,TCK-19266,20260616,49,2,3,2026-06-16 13:23:27,2026-06-16 20:59:27,7.6,1,1,4
9267,TCK-19267,20260715,34,5,3,2026-07-15 01:46:01,,,0,0,4
9268,TCK-19268,20250711,14,1,2,2025-07-11 03:56:22,2025-07-12 06:23:58,26.46,1,0,3
9269,TCK-19269,20250513,1,1,2,2025-05-13 09:22:45,,,0,0,5
9270,TCK-19270,20251101,38,8,1,2025-11-01 18:17:51,2025-11-02 03:59:15,9.69,1,1,4
9271,TCK-19271,20260530,16,6,1,2026-05-30 19:26:00,2026-05-31 08:18:48,12.88,1,1,3
9272,TCK-19272,20251127,43,3,2,2025-11-27 06:17:51,2025-11-28 02:43:03,20.42,1,0,2
9273,TCK-19273,20251113,30,6,2,2025-11-13 22:54:54,2025-11-14 09:33:54,10.65,1,1,3
9274,TCK-19274,20250123,46,3,2,2025-01-23 07:09:44,,,0,0,3
9275,TCK-19275,20250819,41,2,2,2025-08-19 22:08:08,2025-08-20 20:51:56,22.73,1,1,4
9276,TCK-19276,20250802,31,2,3,2025-08-02 09:47:54,2025-08-03 06:40:42,20.88,1,1,3
9277,TCK-19277,20260418,38,7,2,2026-04-18 19:33:55,2026-04-19 16:15:19,20.69,1,0,4
9278,TCK-19278,20250426,44,8,1,2025-04-26 02:56:16,2025-04-26 18:17:52,15.36,1,1,
9279,TCK-19279,20260407,15,2,3,2026-04-07 04:54:56,,,0,0,5
9280,TCK-19280,20260214,20,4,3,2026-02-14 06:59:50,,,0,0,4
9281,TCK-19281,20250103,40,8,3,2025-01-03 05:15:25,,,0,0,2
9282,TCK-19282,20260314,38,4,2,2026-03-14 19:07:46,2026-03-14 23:04:10,3.94,1,1,4
9283,TCK-19283,20251207,18,8,3,2025-12-07 06:34:45,2025-12-08 02:19:45,19.75,1,1,
9284,TCK-19284,20251113,31,2,3,2025-11-13 00:09:32,,,0,0,3
9285,TCK-19285,20260810,23,1,1,2026-08-10 01:04:35,2026-08-11 01:00:23,23.93,1,1,
9286,TCK-19286,20250221,8,1,1,2025-02-21 11:03:11,2025-02-22 05:36:47,18.56,1,1,4
9287,TCK-19287,20260303,19,1,2,2026-03-03 20:36:28,2026-03-03 21:21:28,0.75,1,1,3
9288,TCK-19288,20260210,26,4,3,2026-02-10 10:16:56,2026-02-11 10:30:44,24.23,1,1,
9289,TCK-19289,20251118,46,1,3,2025-11-18 18:21:18,,,0,0,4
9290,TCK-19290,20260511,35,4,2,2026-05-11 02:32:14,2026-05-11 10:20:14,7.8,1,1,5
9291,TCK-19291,20250420,45,1,3,2025-04-20 01:39:37,2025-04-21 06:09:01,28.49,1,0,2
9292,TCK-19292,20260709,6,8,2,2026-07-09 22:53:34,2026-07-10 15:39:10,16.76,1,1,5
9293,TCK-19293,20250322,18,5,1,2025-03-22 23:33:55,2025-03-24 00:34:31,25.01,1,0,4
9294,TCK-19294,20250424,33,1,2,2025-04-24 09:34:22,2025-04-24 18:01:22,8.45,1,1,2
9295,TCK-19295,20251014,11,6,3,2025-10-14 19:40:15,2025-10-15 18:37:51,22.96,1,1,
9296,TCK-19296,20250119,13,8,2,2025-01-19 13:14:35,2025-01-21 09:28:23,44.23,1,1,3
9297,TCK-19297,20260201,4,1,3,2026-02-01 07:40:19,2026-02-02 14:18:43,30.64,1,0,3
9298,TCK-19298,20250703,25,8,1,2025-07-03 10:41:49,2025-07-04 07:52:37,21.18,1,1,2
9299,TCK-19299,20250404,33,3,2,2025-04-04 17:08:57,2025-04-05 00:26:21,7.29,1,1,5
9300,TCK-19300,20250607,18,8,1,2025-06-07 01:03:38,2025-06-07 17:20:26,16.28,1,1,2
9301,TCK-19301,20250107,35,6,1,2025-01-07 15:02:30,2025-01-07 18:17:30,3.25,1,1,5
9302,TCK-19302,20260711,21,6,3,2026-07-11 22:44:45,2026-07-12 23:23:09,24.64,1,1,3
9303,TCK-19303,20260102,22,7,1,2026-01-02 18:05:26,2026-01-03 08:19:50,14.24,1,0,4
9304,TCK-19304,20260518,4,7,2,2026-05-18 07:32:38,2026-05-19 21:26:02,37.89,1,0,3
9305,TCK-19305,20250417,6,3,3,2025-04-17 00:07:35,2025-04-17 00:51:59,0.74,1,1,4
9306,TCK-19306,20250526,42,1,2,2025-05-26 00:26:12,2025-05-27 22:11:12,45.75,1,0,
9307,TCK-19307,20251003,19,5,1,2025-10-03 01:16:54,2025-10-03 16:54:06,15.62,1,1,4
9308,TCK-19308,20250303,12,8,2,2025-03-03 14:18:54,2025-03-04 20:46:30,30.46,1,1,5
9309,TCK-19309,20250922,42,8,2,2025-09-22 07:36:04,2025-09-23 08:37:16,25.02,1,1,5
9310,TCK-19310,20260702,8,8,2,2026-07-02 22:45:44,2026-07-03 00:28:20,1.71,1,1,3
9311,TCK-19311,20250918,50,8,1,2025-09-18 16:20:38,2025-09-19 15:42:50,23.37,1,1,5
9312,TCK-19312,20250418,25,8,1,2025-04-18 19:54:50,2025-04-19 02:19:26,6.41,1,1,4
9313,TCK-19313,20260524,29,7,3,2026-05-24 11:16:50,,,0,0,5
9314,TCK-19314,20260330,11,8,2,2026-03-30 20:16:36,,,0,0,4
9315,TCK-19315,20250430,47,2,2,2025-04-30 15:51:05,2025-05-02 04:58:17,37.12,1,1,4
9316,TCK-19316,20250221,38,4,1,2025-02-21 03:48:49,,,0,0,3
9317,TCK-19317,20250712,10,5,2,2025-07-12 02:37:06,2025-07-12 22:37:42,20.01,1,1,4
9318,TCK-19318,20260517,27,8,2,2026-05-17 12:24:20,,,0,0,3
9319,TCK-19319,20260213,35,1,3,2026-02-13 12:25:51,2026-02-14 11:01:51,22.6,1,1,
9320,TCK-19320,20250306,33,4,1,2025-03-06 09:17:46,,,0,0,
9321,TCK-19321,20250208,1,3,3,2025-02-08 20:05:25,2025-02-09 13:30:37,17.42,1,0,4
9322,TCK-19322,20251129,15,2,3,2025-11-29 06:33:20,2025-11-30 12:04:32,29.52,1,1,
9323,TCK-19323,20251216,34,1,2,2025-12-16 17:35:37,2025-12-17 00:52:25,7.28,1,1,2
9324,TCK-19324,20250524,50,4,2,2025-05-24 08:25:11,2025-05-24 14:47:23,6.37,1,1,5
9325,TCK-19325,20250512,4,8,2,2025-05-12 10:56:56,2025-05-14 00:04:08,37.12,1,1,4
9326,TCK-19326,20250413,38,8,2,2025-04-13 00:38:38,,,0,0,4
9327,TCK-19327,20260208,39,1,3,2026-02-08 18:23:32,2026-02-09 11:16:56,16.89,1,1,4
9328,TCK-19328,20250930,7,5,3,2025-09-30 11:23:36,2025-10-01 02:45:48,15.37,1,1,4
9329,TCK-19329,20250412,35,1,2,2025-04-12 03:56:37,2025-04-13 07:51:49,27.92,1,0,3
9330,TCK-19330,20251102,16,8,2,2025-11-02 05:16:22,,,0,0,4
9331,TCK-19331,20260124,16,3,2,2026-01-24 17:22:35,,,0,0,4
9332,TCK-19332,20251002,8,4,1,2025-10-02 11:50:48,2025-10-04 13:01:36,49.18,1,0,4
9333,TCK-19333,20260505,32,1,3,2026-05-05 01:33:50,2026-05-05 02:26:38,0.88,1,1,4
9334,TCK-19334,20260120,7,4,2,2026-01-20 00:39:32,,,0,0,4
9335,TCK-19335,20250917,45,5,2,2025-09-17 17:12:03,2025-09-18 07:33:03,14.35,1,1,4
9336,TCK-19336,20260703,10,6,1,2026-07-03 03:08:04,,,0,0,5
9337,TCK-19337,20260807,45,8,1,2026-08-07 01:18:36,,,0,0,4
9338,TCK-19338,20250718,15,3,2,2025-07-18 12:52:07,,,0,0,
9339,TCK-19339,20250305,13,7,3,2025-03-05 05:23:35,2025-03-06 20:38:35,39.25,1,0,3
9340,TCK-19340,20251019,10,7,3,2025-10-19 01:24:48,,,0,0,3
9341,TCK-19341,20250421,5,7,2,2025-04-21 15:18:59,2025-04-21 17:22:35,2.06,1,1,3
9342,TCK-19342,20260407,34,8,3,2026-04-07 20:26:19,2026-04-08 12:53:19,16.45,1,1,4
9343,TCK-19343,20260125,24,8,3,2026-01-25 00:35:01,2026-01-25 09:07:25,8.54,1,1,4
9344,TCK-19344,20251111,8,3,2,2025-11-11 20:04:39,2025-11-12 03:40:03,7.59,1,1,
9345,TCK-19345,20250118,21,1,1,2025-01-18 15:50:34,2025-01-19 13:30:46,21.67,1,1,5
9346,TCK-19346,20250706,1,4,2,2025-07-06 00:27:30,2025-07-06 09:19:42,8.87,1,1,2
9347,TCK-19347,20250418,34,3,2,2025-04-18 08:26:38,2025-04-18 13:28:26,5.03,1,1,4
9348,TCK-19348,20251111,26,4,3,2025-11-11 17:34:54,2025-11-11 22:13:54,4.65,1,1,4
9349,TCK-19349,20250720,49,8,3,2025-07-20 16:04:54,2025-07-21 09:22:54,17.3,1,1,5
9350,TCK-19350,20250519,3,7,3,2025-05-19 08:37:06,,,0,0,2
9351,TCK-19351,20260126,39,3,2,2026-01-26 17:05:27,2026-01-28 04:26:27,35.35,1,0,5
9352,TCK-19352,20250212,45,1,3,2025-02-12 03:45:14,2025-02-13 02:51:14,23.1,1,1,3
9353,TCK-19353,20250304,11,4,1,2025-03-04 13:52:53,2025-03-05 01:41:29,11.81,1,1,4
9354,TCK-19354,20250305,31,7,3,2025-03-05 06:48:05,2025-03-05 20:24:05,13.6,1,0,4
9355,TCK-19355,20250506,10,4,3,2025-05-06 08:59:31,2025-05-07 00:36:43,15.62,1,1,5
9356,TCK-19356,20260705,46,5,1,2026-07-05 13:12:54,,,0,0,4
9357,TCK-19357,20260509,5,3,1,2026-05-09 01:42:22,,,0,0,
9358,TCK-19358,20260721,47,6,2,2026-07-21 00:17:30,,,0,0,4
9359,TCK-19359,20260725,9,7,2,2026-07-25 16:28:36,2026-07-26 08:35:48,16.12,1,0,4
9360,TCK-19360,20250304,30,7,2,2025-03-04 03:26:33,,,0,0,4
9361,TCK-19361,20251001,7,2,3,2025-10-01 14:57:24,,,0,0,
9362,TCK-19362,20260410,49,2,2,2026-04-10 21:05:06,2026-04-11 09:58:30,12.89,1,1,4
9363,TCK-19363,20250127,13,6,1,2025-01-27 12:52:28,,,0,0,3
9364,TCK-19364,20251207,31,5,2,2025-12-07 11:27:33,2025-12-07 16:41:57,5.24,1,1,4
9365,TCK-19365,20250508,32,8,3,2025-05-08 17:48:21,2025-05-09 04:50:09,11.03,1,1,
9366,TCK-19366,20250117,3,8,2,2025-01-17 02:51:35,2025-01-17 18:55:11,16.06,1,1,5
9367,TCK-19367,20260218,24,1,1,2026-02-18 14:47:27,2026-02-19 03:43:51,12.94,1,1,
9368,TCK-19368,20250703,20,8,1,2025-07-03 05:44:11,2025-07-04 08:20:11,26.6,1,1,2
9369,TCK-19369,20250507,34,2,3,2025-05-07 14:49:15,2025-05-08 03:19:51,12.51,1,1,5
9370,TCK-19370,20250221,12,1,3,2025-02-21 12:32:04,2025-02-22 14:07:28,25.59,1,0,4
9371,TCK-19371,20250908,43,8,1,2025-09-08 15:13:35,2025-09-09 15:56:11,24.71,1,1,5
9372,TCK-19372,20250905,20,1,1,2025-09-05 04:16:00,,,0,0,
9373,TCK-19373,20250412,6,5,3,2025-04-12 07:50:34,2025-04-13 16:11:34,32.35,1,0,5
9374,TCK-19374,20260809,31,2,1,2026-08-09 14:43:41,,,0,0,4
9375,TCK-19375,20250707,17,2,2,2025-07-07 04:42:55,2025-07-08 06:58:31,26.26,1,1,3
9376,TCK-19376,20250420,4,6,1,2025-04-20 00:56:08,2025-04-20 15:59:08,15.05,1,1,4
9377,TCK-19377,20260407,3,4,2,2026-04-07 16:04:16,,,0,0,4
9378,TCK-19378,20260804,21,3,2,2026-08-04 06:56:59,2026-08-04 13:25:47,6.48,1,1,4
9379,TCK-19379,20260523,22,6,3,2026-05-23 17:49:28,2026-05-24 18:59:40,25.17,1,1,3
9380,TCK-19380,20260313,28,4,3,2026-03-13 09:11:36,,,0,0,4
9381,TCK-19381,20250608,10,5,3,2025-06-08 08:19:05,,,0,0,5
9382,TCK-19382,20260106,30,7,2,2026-01-06 07:26:08,,,0,0,4
9383,TCK-19383,20251210,15,3,2,2025-12-10 17:47:04,2025-12-11 17:47:04,24.0,1,0,
9384,TCK-19384,20260504,27,8,2,2026-05-04 20:50:00,,,0,0,3
9385,TCK-19385,20250311,12,8,1,2025-03-11 08:30:58,2025-03-12 03:51:22,19.34,1,1,2
9386,TCK-19386,20260721,18,2,3,2026-07-21 20:49:08,2026-07-22 13:16:08,16.45,1,1,5
9387,TCK-19387,20251003,35,4,1,2025-10-03 10:42:44,2025-10-04 04:10:20,17.46,1,1,
9388,TCK-19388,20250721,36,7,2,2025-07-21 12:31:54,,,0,0,4
9389,TCK-19389,20260617,28,7,3,2026-06-17 23:47:29,2026-06-18 14:17:29,14.5,1,0,2
9390,TCK-19390,20250222,46,7,1,2025-02-22 17:10:20,2025-02-23 18:42:44,25.54,1,0,4
9391,TCK-19391,20250930,23,1,1,2025-09-30 07:04:24,2025-09-30 14:47:36,7.72,1,1,
9392,TCK-19392,20250527,37,1,2,2025-05-27 05:55:10,2025-05-27 09:30:34,3.59,1,1,3
9393,TCK-19393,20260307,46,7,2,2026-03-07 00:49:56,,,0,0,3
9394,TCK-19394,20250928,25,5,1,2025-09-28 12:10:29,2025-09-29 17:15:53,29.09,1,0,3
9395,TCK-19395,20250720,14,1,1,2025-07-20 03:12:54,2025-07-20 07:11:06,3.97,1,1,4
9396,TCK-19396,20260201,29,1,2,2026-02-01 14:28:42,2026-02-02 09:18:30,18.83,1,1,4
9397,TCK-19397,20260516,38,2,1,2026-05-16 16:23:21,2026-05-17 02:26:21,10.05,1,1,4
9398,TCK-19398,20260602,36,4,3,2026-06-02 22:44:40,,,0,0,4
9399,TCK-19399,20251127,23,4,3,2025-11-27 08:14:18,2025-11-27 22:33:30,14.32,1,1,4
9400,TCK-19400,20260721,24,3,2,2026-07-21 01:50:52,2026-07-21 16:16:40,14.43,1,0,5
9401,TCK-19401,20260504,32,7,3,2026-05-04 21:09:48,2026-05-05 14:30:48,17.35,1,0,3
9402,TCK-19402,20250320,7,1,2,2025-03-20 00:43:12,2025-03-20 21:33:00,20.83,1,1,3
9403,TCK-19403,20260529,21,6,1,2026-05-29 01:03:01,,,0,0,4
9404,TCK-19404,20260623,6,7,1,2026-06-23 01:49:48,2026-06-23 03:37:48,1.8,1,1,4
9405,TCK-19405,20251222,25,2,2,2025-12-22 19:14:28,2025-12-23 16:44:28,21.5,1,1,
9406,TCK-19406,20250112,3,4,3,2025-01-12 12:06:44,2025-01-13 04:10:56,16.07,1,1,4
9407,TCK-19407,20251103,12,2,3,2025-11-03 21:17:55,2025-11-04 08:32:19,11.24,1,1,4
9408,TCK-19408,20251031,12,3,1,2025-10-31 14:05:22,2025-11-01 02:37:10,12.53,1,0,4
9409,TCK-19409,20251018,24,3,3,2025-10-18 17:48:37,,,0,0,4
9410,TCK-19410,20250402,6,8,3,2025-04-02 19:58:26,2025-04-02 21:45:14,1.78,1,1,
9411,TCK-19411,20260710,28,4,3,2026-07-10 12:51:58,2026-07-10 17:45:58,4.9,1,1,5
9412,TCK-19412,20260527,20,4,3,2026-05-27 10:09:47,2026-05-28 20:56:35,34.78,1,1,5
9413,TCK-19413,20251021,11,1,2,2025-10-21 00:33:53,2025-10-22 09:14:05,32.67,1,0,5
9414,TCK-19414,20250828,20,7,2,2025-08-28 06:40:30,2025-08-29 10:12:54,27.54,1,0,4
9415,TCK-19415,20250327,39,3,3,2025-03-27 23:14:38,2025-03-28 18:23:02,19.14,1,0,
9416,TCK-19416,20250826,25,5,1,2025-08-26 06:07:17,2025-08-26 18:15:41,12.14,1,1,
9417,TCK-19417,20260127,19,2,2,2026-01-27 02:55:39,2026-01-28 02:23:51,23.47,1,1,3
9418,TCK-19418,20260305,34,4,1,2026-03-05 14:16:25,2026-03-07 01:47:37,35.52,1,1,4
9419,TCK-19419,20250724,45,3,3,2025-07-24 23:27:08,,,0,0,3
9420,TCK-19420,20260202,5,4,2,2026-02-02 10:17:14,2026-02-03 04:07:38,17.84,1,1,
9421,TCK-19421,20260305,42,4,1,2026-03-05 05:14:30,2026-03-07 05:59:30,48.75,1,0,3
9422,TCK-19422,20250617,25,6,3,2025-06-17 13:13:57,2025-06-18 11:46:57,22.55,1,1,5
9423,TCK-19423,20250621,45,6,1,2025-06-21 14:44:29,2025-06-22 06:03:41,15.32,1,1,5
9424,TCK-19424,20260803,50,7,1,2026-08-03 13:20:56,2026-08-04 10:47:20,21.44,1,0,4
9425,TCK-19425,20251122,41,3,3,2025-11-22 08:18:36,2025-11-22 09:56:24,1.63,1,1,3
9426,TCK-19426,20250904,49,3,2,2025-09-04 05:30:15,2025-09-05 03:42:51,22.21,1,0,5
9427,TCK-19427,20250227,1,7,1,2025-02-27 21:58:20,2025-02-28 07:41:32,9.72,1,0,5
9428,TCK-19428,20260305,49,8,1,2026-03-05 19:02:56,2026-03-06 03:01:08,7.97,1,1,4
9429,TCK-19429,20251220,33,8,1,2025-12-20 16:59:03,2025-12-21 10:09:15,17.17,1,1,4
9430,TCK-19430,20250124,25,7,2,2025-01-24 04:33:57,2025-01-24 22:36:21,18.04,1,0,3
9431,TCK-19431,20250402,47,7,1,2025-04-02 11:52:48,2025-04-03 12:31:12,24.64,1,0,3
9432,TCK-19432,20260317,33,2,3,2026-03-17 18:26:30,2026-03-17 23:09:06,4.71,1,1,
9433,TCK-19433,20250803,18,5,2,2025-08-03 22:03:31,2025-08-05 19:43:07,45.66,1,0,3
9434,TCK-19434,20250610,35,1,1,2025-06-10 22:29:47,2025-06-11 01:32:47,3.05,1,1,4
9435,TCK-19435,20260414,31,6,1,2026-04-14 09:28:45,,,0,0,5
9436,TCK-19436,20260107,3,6,1,2026-01-07 17:56:45,2026-01-08 16:27:57,22.52,1,1,3
9437,TCK-19437,20260119,4,7,1,2026-01-19 09:08:23,2026-01-21 06:49:11,45.68,1,0,3
9438,TCK-19438,20260519,2,6,2,2026-05-19 15:32:34,2026-05-19 20:46:22,5.23,1,1,5
9439,TCK-19439,20250414,49,1,3,2025-04-14 17:05:18,2025-04-15 10:58:06,17.88,1,1,5
9440,TCK-19440,20250623,3,4,2,2025-06-23 13:49:22,2025-06-23 18:05:34,4.27,1,1,2
9441,TCK-19441,20260405,40,1,2,2026-04-05 07:00:47,2026-04-06 05:00:47,22.0,1,1,4
9442,TCK-19442,20260718,35,2,1,2026-07-18 03:15:02,2026-07-18 07:52:14,4.62,1,1,4
9443,TCK-19443,20260227,7,1,1,2026-02-27 18:38:24,,,0,0,
9444,TCK-19444,20250721,12,4,3,2025-07-21 17:57:07,2025-07-22 08:33:07,14.6,1,1,
9445,TCK-19445,20250806,17,3,3,2025-08-06 04:38:17,,,0,0,4
9446,TCK-19446,20251028,28,5,1,2025-10-28 10:13:14,2025-10-28 23:28:14,13.25,1,1,4
9447,TCK-19447,20260421,39,5,1,2026-04-21 06:21:59,2026-04-22 09:28:35,27.11,1,0,5
9448,TCK-19448,20250523,16,6,1,2025-05-23 06:48:50,,,0,0,
9449,TCK-19449,20250411,11,6,1,2025-04-11 22:21:17,2025-04-12 02:38:05,4.28,1,1,3
9450,TCK-19450,20260401,34,8,1,2026-04-01 09:49:53,2026-04-01 12:32:29,2.71,1,1,5
9451,TCK-19451,20250810,18,7,1,2025-08-10 10:53:49,2025-08-11 11:28:37,24.58,1,0,5
9452,TCK-19452,20250830,10,1,3,2025-08-30 05:40:55,2025-08-30 18:21:43,12.68,1,1,
9453,TCK-19453,20250711,34,6,1,2025-07-11 09:43:41,,,0,0,4
9454,TCK-19454,20260103,14,2,2,2026-01-03 10:51:52,,,0,0,4
9455,TCK-19455,20260622,33,6,2,2026-06-22 08:05:18,2026-06-23 09:11:54,25.11,1,1,2
9456,TCK-19456,20251219,16,5,2,2025-12-19 11:35:58,2025-12-19 23:37:10,12.02,1,1,3
9457,TCK-19457,20251107,15,2,2,2025-11-07 08:31:29,2025-11-07 19:27:17,10.93,1,1,4
9458,TCK-19458,20251220,29,2,3,2025-12-20 14:56:56,2025-12-22 01:30:32,34.56,1,1,4
9459,TCK-19459,20250223,30,6,1,2025-02-23 15:17:58,,,0,0,3
9460,TCK-19460,20250811,17,4,1,2025-08-11 18:26:36,2025-08-11 22:26:00,3.99,1,1,4
9461,TCK-19461,20260422,43,3,3,2026-04-22 20:38:56,2026-04-23 12:34:08,15.92,1,0,3
9462,TCK-19462,20260423,22,5,2,2026-04-23 23:03:49,2026-04-24 21:41:01,22.62,1,1,3
9463,TCK-19463,20251112,32,5,1,2025-11-12 10:01:06,2025-11-12 13:34:06,3.55,1,1,4
9464,TCK-19464,20250911,23,6,3,2025-09-11 02:55:35,2025-09-11 15:59:47,13.07,1,1,4
9465,TCK-19465,20260216,6,8,2,2026-02-16 08:16:50,,,0,0,3
9466,TCK-19466,20250721,17,5,3,2025-07-21 19:29:48,,,0,0,5
9467,TCK-19467,20260515,37,1,3,2026-05-15 08:35:49,2026-05-16 13:20:13,28.74,1,0,4
9468,TCK-19468,20251102,33,3,1,2025-11-02 23:52:46,,,0,0,2
9469,TCK-19469,20251208,45,4,3,2025-12-08 03:57:38,2025-12-08 16:19:14,12.36,1,1,4
9470,TCK-19470,20260619,1,8,1,2026-06-19 11:47:40,2026-06-20 00:05:40,12.3,1,1,4
9471,TCK-19471,20250401,23,5,1,2025-04-01 07:51:18,2025-04-02 10:40:30,26.82,1,0,4
9472,TCK-19472,20260320,14,8,1,2026-03-20 08:04:08,2026-03-21 01:29:20,17.42,1,1,2
9473,TCK-19473,20251216,34,5,1,2025-12-16 00:33:56,2025-12-16 16:56:44,16.38,1,1,3
9474,TCK-19474,20260503,39,8,1,2026-05-03 20:35:50,2026-05-05 03:41:14,31.09,1,1,5
9475,TCK-19475,20260107,9,6,3,2026-01-07 04:43:29,2026-01-07 22:32:05,17.81,1,1,4
9476,TCK-19476,20250403,29,7,2,2025-04-03 20:29:14,,,0,0,3
9477,TCK-19477,20260702,30,2,2,2026-07-02 20:28:11,2026-07-03 19:46:11,23.3,1,1,3
9478,TCK-19478,20250118,12,2,3,2025-01-18 19:56:12,2025-01-20 04:26:12,32.5,1,1,4
9479,TCK-19479,20260530,22,4,1,2026-05-30 15:58:35,,,0,0,5
9480,TCK-19480,20250517,9,1,3,2025-05-17 02:09:56,2025-05-17 19:47:44,17.63,1,1,5
9481,TCK-19481,20260311,48,5,1,2026-03-11 03:42:24,2026-03-11 16:55:00,13.21,1,1,3
9482,TCK-19482,20260504,2,4,3,2026-05-04 08:05:13,2026-05-05 11:59:49,27.91,1,1,3
9483,TCK-19483,20250513,49,5,3,2025-05-13 04:32:37,2025-05-14 01:17:37,20.75,1,1,5
9484,TCK-19484,20250410,28,3,3,2025-04-10 02:57:57,2025-04-10 05:53:09,2.92,1,1,5
9485,TCK-19485,20250718,36,7,1,2025-07-18 16:37:08,2025-07-19 04:52:08,12.25,1,0,4
9486,TCK-19486,20251012,49,3,3,2025-10-12 02:58:24,2025-10-13 04:07:24,25.15,1,0,4
9487,TCK-19487,20250113,46,7,3,2025-01-13 10:27:04,2025-01-14 00:24:40,13.96,1,0,4
9488,TCK-19488,20260314,12,6,2,2026-03-14 19:09:13,2026-03-14 19:48:13,0.65,1,1,3
9489,TCK-19489,20260510,27,3,2,2026-05-10 12:53:31,,,0,0,4
9490,TCK-19490,20260531,43,1,1,2026-05-31 09:45:41,2026-06-01 16:21:05,30.59,1,0,4
9491,TCK-19491,20250416,36,7,3,2025-04-16 06:54:08,2025-04-16 23:08:32,16.24,1,0,
9492,TCK-19492,20251008,24,5,3,2025-10-08 06:59:43,2025-10-08 18:26:43,11.45,1,1,4
9493,TCK-19493,20251013,20,7,1,2025-10-13 07:53:33,2025-10-13 11:52:21,3.98,1,1,5
9494,TCK-19494,20250706,48,6,3,2025-07-06 14:30:33,2025-07-08 00:01:09,33.51,1,1,
9495,TCK-19495,20260305,27,5,3,2026-03-05 11:03:18,,,0,0,3
9496,TCK-19496,20260627,12,4,3,2026-06-27 05:14:10,2026-06-27 08:59:46,3.76,1,1,4
9497,TCK-19497,20260513,11,2,2,2026-05-13 03:52:28,2026-05-13 10:07:28,6.25,1,1,4
9498,TCK-19498,20260225,22,1,1,2026-02-25 22:24:03,2026-02-26 15:12:03,16.8,1,1,5
9499,TCK-19499,20250221,4,6,2,2025-02-21 08:59:54,,,0,0,5
9500,TCK-19500,20260514,34,6,2,2026-05-14 13:07:40,2026-05-14 22:29:52,9.37,1,1,3
9501,TCK-19501,20260712,10,2,3,2026-07-12 02:00:32,2026-07-12 14:02:20,12.03,1,1,
9502,TCK-19502,20250607,35,7,3,2025-06-07 03:22:25,,,0,0,3
9503,TCK-19503,20250822,28,3,1,2025-08-22 08:30:55,2025-08-22 22:32:43,14.03,1,0,3
9504,TCK-19504,20250323,16,4,2,2025-03-23 21:31:28,2025-03-23 23:55:28,2.4,1,1,4
9505,TCK-19505,20260729,31,4,2,2026-07-29 08:07:49,,,0,0,
9506,TCK-19506,20250923,5,8,1,2025-09-23 11:00:55,2025-09-24 09:00:55,22.0,1,1,4
9507,TCK-19507,20260430,21,7,3,2026-04-30 10:23:20,,,0,0,4
9508,TCK-19508,20250918,26,7,2,2025-09-18 22:04:20,,,0,0,2
9509,TCK-19509,20260415,4,2,3,2026-04-15 19:35:48,2026-04-16 19:38:48,24.05,1,1,2
9510,TCK-19510,20250319,36,4,3,2025-03-19 16:44:01,2025-03-20 17:44:37,25.01,1,1,
9511,TCK-19511,20260214,22,1,3,2026-02-14 06:43:51,,,0,0,4
9512,TCK-19512,20250611,42,4,1,2025-06-11 02:31:53,2025-06-11 03:17:29,0.76,1,1,4
9513,TCK-19513,20260516,7,7,2,2026-05-16 11:36:27,,,0,0,4
9514,TCK-19514,20260224,14,2,3,2026-02-24 23:17:12,2026-02-25 07:13:00,7.93,1,1,4
9515,TCK-19515,20260520,39,2,3,2026-05-20 12:16:03,2026-05-22 05:35:51,41.33,1,1,4
9516,TCK-19516,20250509,45,3,2,2025-05-09 14:44:40,2025-05-11 02:45:52,36.02,1,0,
9517,TCK-19517,20260327,19,5,2,2026-03-27 16:04:27,,,0,0,5
9518,TCK-19518,20251225,23,7,3,2025-12-25 04:02:34,2025-12-26 09:57:46,29.92,1,0,4
9519,TCK-19519,20260402,5,5,1,2026-04-02 00:00:42,2026-04-02 23:51:06,23.84,1,1,2
9520,TCK-19520,20251220,46,5,2,2025-12-20 14:58:35,2025-12-22 07:35:47,40.62,1,0,5
9521,TCK-19521,20250902,27,2,3,2025-09-02 12:02:10,2025-09-03 05:20:46,17.31,1,1,4
9522,TCK-19522,20251008,17,7,1,2025-10-08 00:46:49,,,0,0,3
9523,TCK-19523,20260407,49,8,2,2026-04-07 01:27:07,,,0,0,3
9524,TCK-19524,20260529,33,2,2,2026-05-29 20:52:26,2026-05-30 02:53:38,6.02,1,1,5
9525,TCK-19525,20260628,21,2,3,2026-06-28 03:18:04,,,0,0,2
9526,TCK-19526,20260106,48,6,1,2026-01-06 14:22:42,,,0,0,3
9527,TCK-19527,20250624,36,1,2,2025-06-24 06:36:47,2025-06-24 20:40:59,14.07,1,1,2
9528,TCK-19528,20250805,31,5,3,2025-08-05 08:00:20,,,0,0,5
9529,TCK-19529,20250728,22,6,2,2025-07-28 18:56:16,2025-07-29 11:37:04,16.68,1,1,5
9530,TCK-19530,20250221,33,3,2,2025-02-21 20:08:56,2025-02-22 17:34:44,21.43,1,0,
9531,TCK-19531,20250621,48,2,2,2025-06-21 17:05:55,2025-06-22 08:53:19,15.79,1,1,2
9532,TCK-19532,20260213,25,8,3,2026-02-13 08:04:52,2026-02-14 05:40:16,21.59,1,1,4
9533,TCK-19533,20250619,40,5,2,2025-06-19 01:42:31,2025-06-20 13:34:43,35.87,1,0,2
9534,TCK-19534,20260630,48,8,1,2026-06-30 19:55:00,2026-07-01 18:06:24,22.19,1,1,5
9535,TCK-19535,20260209,40,6,1,2026-02-09 11:09:34,2026-02-09 16:26:58,5.29,1,1,5
9536,TCK-19536,20260709,28,8,2,2026-07-09 19:30:37,,,0,0,4
9537,TCK-19537,20251102,34,4,3,2025-11-02 17:07:37,2025-11-03 14:03:25,20.93,1,1,
9538,TCK-19538,20260111,50,1,1,2026-01-11 22:41:36,2026-01-12 00:38:00,1.94,1,1,5
9539,TCK-19539,20260603,38,5,1,2026-06-03 18:13:11,,,0,0,3
9540,TCK-19540,20251128,49,4,2,2025-11-28 18:20:20,2025-11-29 07:15:32,12.92,1,1,5
9541,TCK-19541,20260409,45,4,2,2026-04-09 02:20:29,2026-04-10 13:33:41,35.22,1,1,3
9542,TCK-19542,20260504,34,1,1,2026-05-04 04:55:25,2026-05-04 17:25:25,12.5,1,1,
9543,TCK-19543,20250318,14,3,3,2025-03-18 08:19:35,,,0,0,3
9544,TCK-19544,20250903,25,5,2,2025-09-03 04:21:47,2025-09-03 05:28:59,1.12,1,1,4
9545,TCK-19545,20251227,9,1,3,2025-12-27 21:09:49,2025-12-29 01:16:25,28.11,1,0,4
9546,TCK-19546,20260722,36,1,3,2026-07-22 00:09:21,2026-07-23 14:14:09,38.08,1,0,5
9547,TCK-19547,20250411,49,5,2,2025-04-11 04:16:19,2025-04-13 02:07:55,45.86,1,0,3
9548,TCK-19548,20260102,33,3,2,2026-01-02 13:20:54,2026-01-03 03:42:30,14.36,1,0,5
9549,TCK-19549,20250831,18,3,3,2025-08-31 00:19:57,2025-08-31 19:51:09,19.52,1,0,4
9550,TCK-19550,20250611,11,5,2,2025-06-11 01:14:39,2025-06-12 04:51:51,27.62,1,0,
9551,TCK-19551,20250910,47,6,1,2025-09-10 03:41:57,2025-09-10 10:15:33,6.56,1,1,5
9552,TCK-19552,20250625,28,3,3,2025-06-25 10:50:41,2025-06-26 08:35:05,21.74,1,0,3
9553,TCK-19553,20251208,50,4,3,2025-12-08 05:05:18,2025-12-08 06:19:06,1.23,1,1,4
9554,TCK-19554,20260213,32,8,2,2026-02-13 00:11:49,,,0,0,5
9555,TCK-19555,20250703,13,2,2,2025-07-03 01:20:46,,,0,0,5
9556,TCK-19556,20250618,31,1,1,2025-06-18 03:31:51,2025-06-19 06:42:39,27.18,1,0,3
9557,TCK-19557,20260110,4,6,3,2026-01-10 12:35:47,2026-01-10 20:18:23,7.71,1,1,3
9558,TCK-19558,20260701,17,1,2,2026-07-01 10:51:11,2026-07-01 14:46:23,3.92,1,1,5
9559,TCK-19559,20260709,45,3,1,2026-07-09 07:54:36,2026-07-09 18:45:36,10.85,1,1,4
9560,TCK-19560,20250404,35,1,3,2025-04-04 14:10:31,,,0,0,4
9561,TCK-19561,20250626,20,4,3,2025-06-26 10:36:24,2025-06-26 17:31:00,6.91,1,1,4
9562,TCK-19562,20250705,7,2,3,2025-07-05 03:15:36,2025-07-05 23:35:24,20.33,1,1,5
9563,TCK-19563,20260523,43,8,2,2026-05-23 13:55:11,,,0,0,5
9564,TCK-19564,20251207,7,1,1,2025-12-07 08:49:58,2025-12-08 04:07:58,19.3,1,1,5
9565,TCK-19565,20251206,29,5,3,2025-12-06 17:17:52,2025-12-07 10:39:28,17.36,1,1,4
9566,TCK-19566,20250510,41,1,2,2025-05-10 23:46:01,2025-05-12 02:26:13,26.67,1,0,
9567,TCK-19567,20260103,42,6,3,2026-01-03 04:55:54,2026-01-04 09:27:06,28.52,1,1,3
9568,TCK-19568,20250615,17,2,3,2025-06-15 09:25:36,2025-06-15 21:24:24,11.98,1,1,5
9569,TCK-19569,20250621,6,7,2,2025-06-21 08:37:23,2025-06-22 08:13:23,23.6,1,0,4
9570,TCK-19570,20250524,7,2,1,2025-05-24 18:04:37,2025-05-25 08:14:49,14.17,1,1,5
9571,TCK-19571,20250401,5,5,1,2025-04-01 14:43:08,2025-04-02 00:06:32,9.39,1,1,4
9572,TCK-19572,20250506,2,1,3,2025-05-06 07:54:06,2025-05-07 03:24:06,19.5,1,1,3
9573,TCK-19573,20250318,14,4,2,2025-03-18 07:45:16,2025-03-19 04:15:16,20.5,1,1,4
9574,TCK-19574,20260614,10,4,3,2026-06-14 21:31:49,2026-06-15 00:30:37,2.98,1,1,5
9575,TCK-19575,20260428,25,7,1,2026-04-28 03:17:34,,,0,0,4
9576,TCK-19576,20250827,46,2,2,2025-08-27 05:02:44,2025-08-27 17:56:08,12.89,1,1,3
9577,TCK-19577,20250720,33,6,2,2025-07-20 02:57:52,2025-07-21 00:26:04,21.47,1,1,4
9578,TCK-19578,20251103,49,2,2,2025-11-03 01:16:36,,,0,0,3
9579,TCK-19579,20260528,45,1,3,2026-05-28 05:39:00,2026-05-29 11:09:36,29.51,1,0,4
9580,TCK-19580,20250426,42,1,3,2025-04-26 12:24:58,2025-04-27 06:24:22,17.99,1,1,4
9581,TCK-19581,20250916,10,6,2,2025-09-16 10:21:21,2025-09-17 00:51:21,14.5,1,1,5
9582,TCK-19582,20260806,10,1,2,2026-08-06 16:23:25,2026-08-07 09:48:37,17.42,1,1,5
9583,TCK-19583,20251128,32,8,1,2025-11-28 08:51:22,2025-11-28 11:50:46,2.99,1,1,
9584,TCK-19584,20250717,10,4,1,2025-07-17 23:55:18,2025-07-19 02:34:18,26.65,1,1,3
9585,TCK-19585,20260216,50,8,2,2026-02-16 21:54:47,2026-02-17 10:19:59,12.42,1,1,3
9586,TCK-19586,20260403,22,6,2,2026-04-03 13:00:21,2026-04-03 15:50:45,2.84,1,1,4
9587,TCK-19587,20250606,1,4,3,2025-06-06 19:24:17,2025-06-07 08:34:29,13.17,1,1,4
9588,TCK-19588,20250208,35,6,3,2025-02-08 12:17:53,2025-02-10 04:20:53,40.05,1,1,4
9589,TCK-19589,20260701,6,7,1,2026-07-01 16:31:40,2026-07-01 21:41:52,5.17,1,1,4
9590,TCK-19590,20250426,23,3,1,2025-04-26 18:27:46,2025-04-27 00:02:34,5.58,1,1,4
9591,TCK-19591,20251208,2,6,3,2025-12-08 11:32:06,2025-12-08 13:20:06,1.8,1,1,
9592,TCK-19592,20251209,8,3,2,2025-12-09 15:21:13,2025-12-10 14:30:49,23.16,1,0,5
9593,TCK-19593,20250516,4,5,3,2025-05-16 16:37:58,2025-05-18 09:28:58,40.85,1,0,
9594,TCK-19594,20250422,50,2,3,2025-04-22 01:38:29,2025-04-23 05:17:29,27.65,1,1,1
9595,TCK-19595,20260728,21,7,1,2026-07-28 09:57:51,,,0,0,5
9596,TCK-19596,20250730,29,4,1,2025-07-30 05:24:02,2025-07-31 02:10:14,20.77,1,1,3
9597,TCK-19597,20260724,35,3,1,2026-07-24 11:25:49,2026-07-25 05:10:13,17.74,1,0,3
9598,TCK-19598,20250302,9,7,3,2025-03-02 04:44:42,2025-03-03 05:47:06,25.04,1,0,4
9599,TCK-19599,20250113,3,6,3,2025-01-13 00:41:55,2025-01-13 03:10:43,2.48,1,1,4
9600,TCK-19600,20251113,43,6,3,2025-11-13 02:26:22,,,0,0,3
9601,TCK-19601,20250720,28,2,1,2025-07-20 19:47:39,2025-07-21 06:00:15,10.21,1,1,4
9602,TCK-19602,20260603,46,1,3,2026-06-03 12:32:39,2026-06-03 18:09:15,5.61,1,1,
9603,TCK-19603,20250505,46,3,2,2025-05-05 18:37:21,2025-05-06 14:30:45,19.89,1,0,
9604,TCK-19604,20260109,39,1,2,2026-01-09 13:39:18,2026-01-09 23:52:30,10.22,1,1,4
9605,TCK-19605,20250419,21,2,2,2025-04-19 16:31:13,2025-04-20 20:05:25,27.57,1,1,5
9606,TCK-19606,20251026,16,6,2,2025-10-26 10:37:11,2025-10-28 00:47:59,38.18,1,1,3
9607,TCK-19607,20251015,12,3,1,2025-10-15 13:13:12,2025-10-16 08:48:36,19.59,1,0,5
9608,TCK-19608,20251128,14,8,3,2025-11-28 07:41:38,2025-11-29 09:06:50,25.42,1,1,4
9609,TCK-19609,20251109,35,2,2,2025-11-09 11:33:31,,,0,0,3
9610,TCK-19610,20250719,18,6,2,2025-07-19 06:06:50,2025-07-19 07:26:02,1.32,1,1,3
9611,TCK-19611,20250712,22,2,1,2025-07-12 23:27:55,2025-07-13 15:17:07,15.82,1,1,4
9612,TCK-19612,20260802,35,4,3,2026-08-02 17:47:02,2026-08-03 19:53:38,26.11,1,1,5
9613,TCK-19613,20260805,24,4,1,2026-08-05 18:39:35,,,0,0,4
9614,TCK-19614,20260220,18,8,1,2026-02-20 04:57:34,2026-02-20 11:30:34,6.55,1,1,3
9615,TCK-19615,20250813,33,7,3,2025-08-13 01:07:42,,,0,0,4
9616,TCK-19616,20250327,18,1,2,2025-03-27 12:55:24,2025-03-27 19:10:24,6.25,1,1,
9617,TCK-19617,20260516,47,4,2,2026-05-16 21:27:59,2026-05-17 21:16:35,23.81,1,1,4
9618,TCK-19618,20260531,8,3,3,2026-05-31 07:53:05,2026-06-01 16:51:17,32.97,1,0,4
9619,TCK-19619,20260620,6,4,2,2026-06-20 23:28:35,,,0,0,3
9620,TCK-19620,20250523,46,8,2,2025-05-23 21:25:28,2025-05-25 04:32:40,31.12,1,1,4
9621,TCK-19621,20250812,22,1,3,2025-08-12 06:10:20,2025-08-14 03:52:56,45.71,1,0,5
9622,TCK-19622,20260331,39,8,2,2026-03-31 01:19:11,2026-03-31 15:36:35,14.29,1,1,
9623,TCK-19623,20260620,22,5,2,2026-06-20 19:03:10,2026-06-21 10:29:34,15.44,1,1,
9624,TCK-19624,20250529,2,3,2,2025-05-29 08:41:07,,,0,0,3
9625,TCK-19625,20250605,21,8,3,2025-06-05 16:44:46,,,0,0,5
9626,TCK-19626,20250322,37,2,2,2025-03-22 13:37:25,2025-03-22 23:04:25,9.45,1,1,5
9627,TCK-19627,20250314,1,6,1,2025-03-14 20:06:34,,,0,0,4
9628,TCK-19628,20250709,41,3,2,2025-07-09 13:17:01,2025-07-10 22:38:37,33.36,1,0,5
9629,TCK-19629,20250414,40,3,1,2025-04-14 20:30:23,2025-04-15 18:25:35,21.92,1,0,4
9630,TCK-19630,20260525,39,3,1,2026-05-25 10:40:48,2026-05-27 04:33:00,41.87,1,0,3
9631,TCK-19631,20250208,20,7,2,2025-02-08 01:28:08,2025-02-09 14:06:32,36.64,1,0,4
9632,TCK-19632,20260629,10,6,2,2026-06-29 05:32:20,2026-06-29 17:26:56,11.91,1,1,4
9633,TCK-19633,20251109,4,6,2,2025-11-09 16:25:35,2025-11-10 11:56:47,19.52,1,1,3
9634,TCK-19634,20251025,39,6,1,2025-10-25 04:44:06,2025-10-25 16:43:30,11.99,1,1,4
9635,TCK-19635,20260327,39,7,2,2026-03-27 15:05:58,2026-03-27 16:41:22,1.59,1,1,3
9636,TCK-19636,20260412,8,1,2,2026-04-12 15:34:41,2026-04-13 08:18:29,16.73,1,1,5
9637,TCK-19637,20260509,42,2,3,2026-05-09 01:14:03,2026-05-09 17:42:15,16.47,1,1,3
9638,TCK-19638,20250420,5,4,3,2025-04-20 10:35:49,2025-04-21 07:25:01,20.82,1,1,4
9639,TCK-19639,20260721,18,2,1,2026-07-21 15:56:18,2026-07-22 19:58:42,28.04,1,1,5
9640,TCK-19640,20251105,10,4,2,2025-11-05 22:07:18,2025-11-06 07:11:30,9.07,1,1,
9641,TCK-19641,20260618,36,5,3,2026-06-18 00:28:19,2026-06-18 17:34:19,17.1,1,1,4
9642,TCK-19642,20260406,15,8,2,2026-04-06 22:40:32,2026-04-07 22:03:20,23.38,1,1,4
9643,TCK-19643,20251102,41,6,1,2025-11-02 04:17:46,2025-11-02 20:37:34,16.33,1,1,
9644,TCK-19644,20260807,38,6,1,2026-08-07 18:43:52,2026-08-08 05:16:16,10.54,1,1,4
9645,TCK-19645,20250201,18,1,1,2025-02-01 13:12:54,2025-02-01 21:21:18,8.14,1,1,3
9646,TCK-19646,20260813,21,5,2,2026-08-13 10:05:32,2026-08-14 08:18:08,22.21,1,1,3
9647,TCK-19647,20250927,18,4,2,2025-09-27 00:51:52,,,0,0,5
9648,TCK-19648,20260427,36,3,2,2026-04-27 09:34:50,2026-04-28 08:53:26,23.31,1,0,4
9649,TCK-19649,20260626,47,7,3,2026-06-26 06:23:29,2026-06-27 02:50:29,20.45,1,0,3
9650,TCK-19650,20250328,17,4,3,2025-03-28 05:54:40,2025-03-29 06:10:52,24.27,1,1,4
9651,TCK-19651,20250416,29,4,1,2025-04-16 03:03:10,2025-04-17 08:45:10,29.7,1,1,5
9652,TCK-19652,20250813,43,6,2,2025-08-13 17:28:14,,,0,0,5
9653,TCK-19653,20250609,29,5,1,2025-06-09 23:57:45,2025-06-11 13:04:57,37.12,1,0,4
9654,TCK-19654,20251007,35,6,2,2025-10-07 12:25:52,2025-10-07 15:51:40,3.43,1,1,
9655,TCK-19655,20251016,45,2,1,2025-10-16 01:06:14,2025-10-17 10:01:26,32.92,1,1,3
9656,TCK-19656,20260702,29,4,3,2026-07-02 11:03:15,,,0,0,5
9657,TCK-19657,20251224,16,3,1,2025-12-24 11:51:48,,,0,0,4
9658,TCK-19658,20251202,46,7,2,2025-12-02 01:07:38,2025-12-02 14:44:14,13.61,1,0,5
9659,TCK-19659,20260731,45,7,2,2026-07-31 03:48:20,2026-07-31 15:44:08,11.93,1,0,5
9660,TCK-19660,20260613,44,6,2,2026-06-13 11:58:04,2026-06-13 17:47:52,5.83,1,1,
9661,TCK-19661,20250224,50,4,2,2025-02-24 08:47:32,2025-02-25 07:48:44,23.02,1,1,4
9662,TCK-19662,20250815,17,4,3,2025-08-15 22:59:26,2025-08-16 20:36:38,21.62,1,1,4
9663,TCK-19663,20260423,32,5,2,2026-04-23 21:43:20,2026-04-25 00:23:32,26.67,1,0,5
9664,TCK-19664,20250427,5,1,1,2025-04-27 02:34:06,2025-04-28 03:28:06,24.9,1,0,3
9665,TCK-19665,20260702,3,4,3,2026-07-02 04:06:00,2026-07-03 01:42:36,21.61,1,1,4
9666,TCK-19666,20250213,36,8,3,2025-02-13 17:31:19,2025-02-14 12:34:55,19.06,1,1,5
9667,TCK-19667,20260719,11,4,2,2026-07-19 07:03:02,2026-07-20 01:52:50,18.83,1,1,3
9668,TCK-19668,20260316,7,7,3,2026-03-16 01:09:09,2026-03-16 23:00:45,21.86,1,0,3
9669,TCK-19669,20250707,36,2,2,2025-07-07 22:29:28,,,0,0,4
9670,TCK-19670,20260724,43,2,3,2026-07-24 07:10:22,2026-07-24 08:07:58,0.96,1,1,
9671,TCK-19671,20260713,46,2,1,2026-07-13 06:03:32,2026-07-13 18:52:08,12.81,1,1,4
9672,TCK-19672,20260223,12,7,1,2026-02-23 08:09:16,2026-02-24 20:46:28,36.62,1,0,4
9673,TCK-19673,20250413,24,5,1,2025-04-13 09:44:16,,,0,0,4
9674,TCK-19674,20250211,31,4,2,2025-02-11 14:27:10,2025-02-12 17:03:10,26.6,1,1,5
9675,TCK-19675,20251216,2,6,2,2025-12-16 04:54:52,2025-12-17 02:09:52,21.25,1,1,5
9676,TCK-19676,20250422,50,8,2,2025-04-22 00:02:09,2025-04-22 19:34:33,19.54,1,1,3
9677,TCK-19677,20260524,31,7,3,2026-05-24 17:07:07,2026-05-25 06:19:43,13.21,1,0,5
9678,TCK-19678,20260806,33,4,3,2026-08-06 13:55:24,2026-08-08 03:41:00,37.76,1,0,5
9679,TCK-19679,20260403,4,7,1,2026-04-03 05:45:34,2026-04-03 16:24:34,10.65,1,0,4
9680,TCK-19680,20250702,36,4,1,2025-07-02 21:47:39,2025-07-03 02:48:15,5.01,1,1,5
9681,TCK-19681,20260806,29,7,1,2026-08-06 05:52:56,2026-08-07 04:13:20,22.34,1,0,5
9682,TCK-19682,20250519,11,3,1,2025-05-19 10:17:19,2025-05-20 03:05:19,16.8,1,0,5
9683,TCK-19683,20250520,40,4,3,2025-05-20 12:26:36,2025-05-20 15:54:12,3.46,1,1,5
9684,TCK-19684,20251022,12,4,1,2025-10-22 02:20:48,2025-10-22 12:04:36,9.73,1,1,4
9685,TCK-19685,20250921,38,8,3,2025-09-21 17:42:52,2025-09-21 21:34:28,3.86,1,1,5
9686,TCK-19686,20260201,48,8,2,2026-02-01 18:42:18,2026-02-01 22:29:06,3.78,1,1,3
9687,TCK-19687,20260603,2,4,3,2026-06-03 16:38:48,2026-06-04 18:56:12,26.29,1,1,
9688,TCK-19688,20260124,43,6,1,2026-01-24 23:18:03,2026-01-25 21:57:39,22.66,1,1,5
9689,TCK-19689,20260314,11,7,3,2026-03-14 09:43:41,2026-03-14 12:44:53,3.02,1,1,5
9690,TCK-19690,20260111,20,6,1,2026-01-11 14:08:40,2026-01-11 21:47:40,7.65,1,1,
9691,TCK-19691,20250216,27,6,3,2025-02-16 10:08:24,2025-02-17 00:14:24,14.1,1,1,3
9692,TCK-19692,20260204,32,2,3,2026-02-04 14:46:56,2026-02-05 02:04:20,11.29,1,1,4
9693,TCK-19693,20260117,38,5,2,2026-01-17 13:02:20,2026-01-18 12:31:08,23.48,1,1,
9694,TCK-19694,20251211,26,3,1,2025-12-11 02:20:28,,,0,0,5
9695,TCK-19695,20250128,40,2,3,2025-01-28 11:13:24,2025-01-29 21:22:24,34.15,1,1,4
9696,TCK-19696,20250214,28,6,3,2025-02-14 11:41:13,2025-02-14 21:22:37,9.69,1,1,4
9697,TCK-19697,20250422,4,2,3,2025-04-22 20:06:30,2025-04-23 04:05:54,7.99,1,1,4
9698,TCK-19698,20260307,31,2,1,2026-03-07 08:15:42,2026-03-08 01:31:54,17.27,1,1,4
9699,TCK-19699,20250928,9,8,2,2025-09-28 14:44:44,2025-09-29 07:32:08,16.79,1,1,4
9700,TCK-19700,20251229,11,8,3,2025-12-29 17:47:34,2025-12-30 06:15:46,12.47,1,1,4
9701,TCK-19701,20250604,17,8,2,2025-06-04 20:33:56,2025-06-05 09:02:08,12.47,1,1,
9702,TCK-19702,20250312,20,7,2,2025-03-12 16:09:41,2025-03-13 08:55:17,16.76,1,0,
9703,TCK-19703,20260803,14,5,3,2026-08-03 02:30:56,2026-08-03 18:06:20,15.59,1,1,5
9704,TCK-19704,20260714,31,6,3,2026-07-14 14:36:31,2026-07-15 13:21:31,22.75,1,1,4
9705,TCK-19705,20250929,37,3,3,2025-09-29 06:09:04,2025-09-29 11:04:16,4.92,1,1,3
9706,TCK-19706,20260511,12,3,3,2026-05-11 06:03:40,,,0,0,3
9707,TCK-19707,20260511,3,4,2,2026-05-11 06:18:35,2026-05-12 01:50:23,19.53,1,1,3
9708,TCK-19708,20250104,37,5,3,2025-01-04 20:03:45,2025-01-04 22:40:21,2.61,1,1,4
9709,TCK-19709,20250609,37,6,2,2025-06-09 15:56:03,2025-06-10 04:57:15,13.02,1,1,
9710,TCK-19710,20251026,4,7,2,2025-10-26 07:19:53,2025-10-27 07:23:29,24.06,1,0,2
9711,TCK-19711,20260401,7,2,3,2026-04-01 14:05:26,2026-04-02 18:33:02,28.46,1,1,
9712,TCK-19712,20260810,10,5,3,2026-08-10 16:50:59,,,0,0,
9713,TCK-19713,20260521,9,3,1,2026-05-21 04:57:46,,,0,0,4
9714,TCK-19714,20251030,21,3,2,2025-10-30 16:14:07,2025-10-31 17:14:07,25.0,1,0,4
9715,TCK-19715,20250409,8,4,1,2025-04-09 15:38:24,2025-04-10 15:58:12,24.33,1,1,5
9716,TCK-19716,20260101,36,1,3,2026-01-01 08:39:41,2026-01-01 18:22:17,9.71,1,1,4
9717,TCK-19717,20250301,4,7,3,2025-03-01 03:21:58,2025-03-02 12:30:22,33.14,1,0,
9718,TCK-19718,20250119,30,4,2,2025-01-19 21:06:19,2025-01-20 22:37:31,25.52,1,1,
9719,TCK-19719,20250727,26,5,2,2025-07-27 10:34:21,2025-07-28 04:28:57,17.91,1,1,4
9720,TCK-19720,20250622,46,8,3,2025-06-22 01:29:30,2025-06-22 22:05:30,20.6,1,1,3
9721,TCK-19721,20260119,31,3,3,2026-01-19 06:14:13,2026-01-20 03:23:13,21.15,1,0,4
9722,TCK-19722,20260204,20,3,3,2026-02-04 00:07:09,2026-02-05 00:33:33,24.44,1,0,5
9723,TCK-19723,20260204,12,5,2,2026-02-04 22:37:55,,,0,0,3
9724,TCK-19724,20250704,47,5,2,2025-07-04 13:37:54,2025-07-06 17:06:06,51.47,1,0,5
9725,TCK-19725,20260714,1,8,3,2026-07-14 15:15:13,2026-07-15 06:23:01,15.13,1,1,
9726,TCK-19726,20260101,31,7,3,2026-01-01 01:28:35,2026-01-01 05:31:35,4.05,1,1,3
9727,TCK-19727,20250428,39,6,3,2025-04-28 20:13:53,2025-04-30 00:22:17,28.14,1,1,3
9728,TCK-19728,20260805,34,3,1,2026-08-05 14:59:21,,,0,0,4
9729,TCK-19729,20260311,36,7,3,2026-03-11 01:04:03,,,0,0,3
9730,TCK-19730,20260326,38,3,3,2026-03-26 22:27:47,,,0,0,5
9731,TCK-19731,20260321,19,8,1,2026-03-21 16:56:36,2026-03-21 18:24:12,1.46,1,1,5
9732,TCK-19732,20251212,30,3,2,2025-12-12 08:01:55,2025-12-13 00:22:19,16.34,1,0,4
9733,TCK-19733,20251010,36,4,2,2025-10-10 00:13:25,2025-10-10 02:59:37,2.77,1,1,4
9734,TCK-19734,20260803,31,5,2,2026-08-03 04:34:46,2026-08-04 06:20:58,25.77,1,0,4
9735,TCK-19735,20260626,37,7,3,2026-06-26 03:09:42,2026-06-26 19:17:30,16.13,1,0,3
9736,TCK-19736,20250617,14,6,1,2025-06-17 19:23:28,2025-06-19 01:06:04,29.71,1,1,4
9737,TCK-19737,20250515,23,1,3,2025-05-15 10:57:25,,,0,0,
9738,TCK-19738,20250207,3,1,1,2025-02-07 07:44:35,,,0,0,
9739,TCK-19739,20250628,8,8,2,2025-06-28 13:41:47,2025-06-29 10:20:47,20.65,1,1,4
9740,TCK-19740,20260402,3,3,3,2026-04-02 21:40:09,2026-04-03 22:02:21,24.37,1,0,3
9741,TCK-19741,20260127,17,5,2,2026-01-27 05:11:25,,,0,0,4
9742,TCK-19742,20250817,25,4,3,2025-08-17 20:05:32,2025-08-19 04:21:44,32.27,1,1,4
9743,TCK-19743,20260302,1,5,2,2026-03-02 01:40:31,2026-03-03 05:59:43,28.32,1,0,4
9744,TCK-19744,20260514,34,3,3,2026-05-14 18:00:06,2026-05-15 12:40:18,18.67,1,0,5
9745,TCK-19745,20251010,6,8,1,2025-10-10 10:43:02,2025-10-12 01:26:14,38.72,1,1,4
9746,TCK-19746,20251128,11,4,2,2025-11-28 06:48:11,2025-11-29 12:50:35,30.04,1,1,4
9747,TCK-19747,20250904,20,8,3,2025-09-04 19:05:50,2025-09-05 06:46:38,11.68,1,1,4
9748,TCK-19748,20260609,9,2,1,2026-06-09 08:48:03,2026-06-09 11:53:27,3.09,1,1,2
9749,TCK-19749,20260207,17,5,3,2026-02-07 23:31:31,2026-02-08 18:41:07,19.16,1,1,4
9750,TCK-19750,20250214,36,3,2,2025-02-14 17:57:53,2025-02-14 19:19:29,1.36,1,1,5
9751,TCK-19751,20250901,10,6,2,2025-09-01 17:11:37,2025-09-01 23:00:49,5.82,1,1,5
9752,TCK-19752,20250314,45,5,3,2025-03-14 19:35:41,,,0,0,3
9753,TCK-19753,20250430,2,1,3,2025-04-30 11:38:07,,,0,0,3
9754,TCK-19754,20250818,18,5,3,2025-08-18 20:42:16,,,0,0,5
9755,TCK-19755,20250810,30,3,1,2025-08-10 17:50:36,2025-08-11 11:15:12,17.41,1,0,4
9756,TCK-19756,20250613,44,5,3,2025-06-13 00:08:17,2025-06-13 11:46:05,11.63,1,1,5
9757,TCK-19757,20250528,24,6,3,2025-05-28 22:21:10,,,0,0,5
9758,TCK-19758,20260803,4,3,3,2026-08-03 00:18:09,2026-08-04 13:42:45,37.41,1,0,5
9759,TCK-19759,20260808,41,4,1,2026-08-08 02:12:46,,,0,0,4
9760,TCK-19760,20250518,32,1,2,2025-05-18 04:17:16,2025-05-19 18:49:40,38.54,1,0,4
9761,TCK-19761,20260616,30,4,1,2026-06-16 17:54:45,,,0,0,3
9762,TCK-19762,20260324,1,1,2,2026-03-24 19:42:37,2026-03-26 05:22:13,33.66,1,0,4
9763,TCK-19763,20251007,11,6,2,2025-10-07 19:09:49,2025-10-08 06:57:13,11.79,1,1,3
9764,TCK-19764,20260209,49,1,1,2026-02-09 18:27:16,2026-02-10 14:44:40,20.29,1,1,
9765,TCK-19765,20250521,18,7,2,2025-05-21 23:15:54,2025-05-23 14:17:42,39.03,1,0,4
9766,TCK-19766,20250309,24,2,2,2025-03-09 23:02:48,2025-03-12 03:32:48,52.5,1,0,3
9767,TCK-19767,20260122,33,6,2,2026-01-22 02:41:09,2026-01-22 03:27:57,0.78,1,1,5
9768,TCK-19768,20250612,25,8,2,2025-06-12 12:39:03,,,0,0,
9769,TCK-19769,20250618,50,7,1,2025-06-18 07:24:49,2025-06-18 16:52:25,9.46,1,0,5
9770,TCK-19770,20250503,4,1,2,2025-05-03 20:40:13,2025-05-04 19:37:49,22.96,1,1,4
9771,TCK-19771,20260721,36,7,3,2026-07-21 19:28:33,2026-07-22 14:32:09,19.06,1,0,5
9772,TCK-19772,20251110,28,4,1,2025-11-10 18:59:21,2025-11-11 12:47:21,17.8,1,1,
9773,TCK-19773,20260717,21,8,1,2026-07-17 00:13:56,,,0,0,5
9774,TCK-19774,20260305,19,2,3,2026-03-05 01:07:02,2026-03-05 11:47:50,10.68,1,1,5
9775,TCK-19775,20250323,41,2,1,2025-03-23 07:36:30,2025-03-25 02:51:30,43.25,1,1,4
9776,TCK-19776,20250410,24,2,1,2025-04-10 18:24:48,2025-04-11 16:32:00,22.12,1,1,3
9777,TCK-19777,20260128,29,2,1,2026-01-28 08:15:51,,,0,0,5
9778,TCK-19778,20250925,12,2,2,2025-09-25 07:57:34,2025-09-26 20:51:34,36.9,1,1,
9779,TCK-19779,20251210,37,5,1,2025-12-10 03:23:15,2025-12-11 15:07:03,35.73,1,0,5
9780,TCK-19780,20251117,31,1,3,2025-11-17 05:46:25,2025-11-17 13:33:13,7.78,1,1,5
9781,TCK-19781,20250817,7,4,1,2025-08-17 20:45:49,2025-08-18 07:46:25,11.01,1,1,4
9782,TCK-19782,20250326,41,1,3,2025-03-26 19:48:16,2025-03-27 20:18:52,24.51,1,0,5
9783,TCK-19783,20250109,15,5,1,2025-01-09 20:00:24,,,0,0,4
9784,TCK-19784,20250523,35,5,2,2025-05-23 15:31:12,2025-05-24 08:58:48,17.46,1,1,3
9785,TCK-19785,20251120,44,5,2,2025-11-20 04:46:27,2025-11-20 09:47:03,5.01,1,1,4
9786,TCK-19786,20250403,47,4,2,2025-04-03 19:38:07,2025-04-05 05:07:31,33.49,1,1,3
9787,TCK-19787,20260113,11,1,2,2026-01-13 19:13:49,2026-01-14 16:22:13,21.14,1,1,3
9788,TCK-19788,20250804,23,5,1,2025-08-04 19:24:58,2025-08-06 09:56:46,38.53,1,0,
9789,TCK-19789,20260607,20,7,1,2026-06-07 19:36:16,2026-06-09 00:17:04,28.68,1,0,4
9790,TCK-19790,20260714,28,5,3,2026-07-14 14:12:25,2026-07-16 03:02:13,36.83,1,0,4
9791,TCK-19791,20250307,34,7,1,2025-03-07 23:53:15,2025-03-08 15:50:51,15.96,1,0,3
9792,TCK-19792,20250201,21,8,2,2025-02-01 20:13:57,2025-02-03 17:55:21,45.69,1,1,4
9793,TCK-19793,20260123,24,3,3,2026-01-23 06:29:39,,,0,0,4
9794,TCK-19794,20260617,37,8,3,2026-06-17 17:49:01,,,0,0,2
9795,TCK-19795,20250728,12,7,1,2025-07-28 03:16:08,,,0,0,
9796,TCK-19796,20251005,16,3,2,2025-10-05 00:17:56,2025-10-05 18:33:32,18.26,1,0,4
9797,TCK-19797,20250507,5,3,1,2025-05-07 05:20:37,2025-05-08 05:21:13,24.01,1,0,2
9798,TCK-19798,20250507,7,6,2,2025-05-07 06:39:12,2025-05-08 01:26:36,18.79,1,1,4
9799,TCK-19799,20251208,14,7,1,2025-12-08 18:31:48,2025-12-08 20:58:48,2.45,1,1,4
9800,TCK-19800,20250415,25,8,3,2025-04-15 05:28:53,,,0,0,5
9801,TCK-19801,20250421,47,3,2,2025-04-21 00:03:51,2025-04-22 08:00:15,31.94,1,0,5
9802,TCK-19802,20260227,16,2,3,2026-02-27 13:55:09,2026-02-28 09:35:21,19.67,1,1,4
9803,TCK-19803,20250405,6,3,1,2025-04-05 22:28:17,2025-04-06 17:36:41,19.14,1,0,4
9804,TCK-19804,20260415,29,4,2,2026-04-15 07:04:03,2026-04-15 08:17:15,1.22,1,1,4
9805,TCK-19805,20251208,34,1,3,2025-12-08 18:30:14,2025-12-09 13:30:14,19.0,1,1,4
9806,TCK-19806,20260111,8,6,2,2026-01-11 02:14:50,,,0,0,
9807,TCK-19807,20251208,28,3,2,2025-12-08 01:38:57,2025-12-09 04:47:57,27.15,1,0,
9808,TCK-19808,20251230,45,1,3,2025-12-30 13:36:59,2025-12-30 16:17:47,2.68,1,1,3
9809,TCK-19809,20260719,50,8,3,2026-07-19 08:31:07,2026-07-20 04:10:43,19.66,1,1,
9810,TCK-19810,20250507,23,5,3,2025-05-07 10:32:11,2025-05-08 09:33:59,23.03,1,1,4
9811,TCK-19811,20260202,36,6,3,2026-02-02 19:30:52,2026-02-03 04:08:40,8.63,1,1,4
9812,TCK-19812,20251112,30,2,1,2025-11-12 10:55:27,2025-11-13 12:12:15,25.28,1,1,4
9813,TCK-19813,20260605,18,5,1,2026-06-05 06:49:19,2026-06-06 02:19:55,19.51,1,1,2
9814,TCK-19814,20250311,20,3,2,2025-03-11 07:49:56,,,0,0,5
9815,TCK-19815,20260315,19,3,1,2026-03-15 01:30:30,2026-03-16 19:25:06,41.91,1,0,3
9816,TCK-19816,20250820,39,5,1,2025-08-20 19:54:23,,,0,0,2
9817,TCK-19817,20250103,23,8,2,2025-01-03 10:19:31,2025-01-03 21:43:31,11.4,1,1,4
9818,TCK-19818,20260304,33,2,1,2026-03-04 15:33:08,2026-03-05 20:51:44,29.31,1,1,3
9819,TCK-19819,20250727,10,5,3,2025-07-27 15:42:18,2025-07-28 06:58:30,15.27,1,1,1
9820,TCK-19820,20250827,31,8,2,2025-08-27 05:09:35,2025-08-28 05:31:11,24.36,1,1,
9821,TCK-19821,20250117,12,2,2,2025-01-17 21:49:03,2025-01-18 09:39:27,11.84,1,1,4
9822,TCK-19822,20250704,27,1,1,2025-07-04 15:40:21,2025-07-05 04:07:57,12.46,1,1,4
9823,TCK-19823,20250816,39,5,1,2025-08-16 04:27:29,2025-08-16 19:36:29,15.15,1,1,4
9824,TCK-19824,20250127,44,3,2,2025-01-27 15:22:38,,,0,0,4
9825,TCK-19825,20250411,50,4,1,2025-04-11 13:01:56,2025-04-11 18:29:32,5.46,1,1,3
9826,TCK-19826,20250225,28,1,1,2025-02-25 06:26:00,2025-02-27 07:09:48,48.73,1,0,5
9827,TCK-19827,20260621,23,8,3,2026-06-21 08:37:35,2026-06-22 16:51:23,32.23,1,1,4
9828,TCK-19828,20250215,5,3,3,2025-02-15 21:56:45,2025-02-16 01:38:45,3.7,1,1,
9829,TCK-19829,20260216,37,4,3,2026-02-16 07:23:23,2026-02-17 09:18:35,25.92,1,1,4
9830,TCK-19830,20260604,26,7,1,2026-06-04 11:01:14,,,0,0,4
9831,TCK-19831,20250220,25,5,3,2025-02-20 03:03:05,2025-02-20 10:35:29,7.54,1,1,4
9832,TCK-19832,20250618,50,5,3,2025-06-18 03:39:37,2025-06-18 21:45:37,18.1,1,1,5
9833,TCK-19833,20250210,48,7,3,2025-02-10 15:12:12,2025-02-11 05:17:00,14.08,1,0,4
9834,TCK-19834,20260129,3,5,1,2026-01-29 04:07:16,2026-01-29 11:20:28,7.22,1,1,3
9835,TCK-19835,20250509,19,4,3,2025-05-09 03:58:31,,,0,0,
9836,TCK-19836,20250604,9,2,2,2025-06-04 06:07:11,2025-06-04 16:25:47,10.31,1,1,4
9837,TCK-19837,20260416,12,6,3,2026-04-16 15:24:22,2026-04-18 06:36:58,39.21,1,1,3
9838,TCK-19838,20250608,49,6,1,2025-06-08 08:10:20,,,0,0,4
9839,TCK-19839,20251128,37,8,2,2025-11-28 15:24:11,2025-11-28 19:43:23,4.32,1,1,3
9840,TCK-19840,20260619,7,7,3,2026-06-19 14:20:10,2026-06-19 22:57:22,8.62,1,0,3
9841,TCK-19841,20260314,11,8,1,2026-03-14 04:17:20,2026-03-15 23:19:08,43.03,1,1,5
9842,TCK-19842,20260404,28,4,1,2026-04-04 04:03:35,2026-04-04 10:46:11,6.71,1,1,3
9843,TCK-19843,20250121,43,7,1,2025-01-21 16:26:10,,,0,0,4
9844,TCK-19844,20250113,19,2,3,2025-01-13 23:26:57,2025-01-14 09:14:21,9.79,1,1,5
9845,TCK-19845,20250605,25,6,2,2025-06-05 18:28:21,2025-06-07 08:01:57,37.56,1,1,4
9846,TCK-19846,20260608,8,7,1,2026-06-08 11:47:43,2026-06-09 15:05:43,27.3,1,0,3
9847,TCK-19847,20251023,33,4,3,2025-10-23 13:36:41,2025-10-24 22:24:41,32.8,1,1,4
9848,TCK-19848,20260807,22,4,2,2026-08-07 05:31:47,2026-08-08 09:59:59,28.47,1,1,5
9849,TCK-19849,20260131,31,2,3,2026-01-31 03:53:21,2026-02-01 11:11:57,31.31,1,1,3
9850,TCK-19850,20260601,46,1,2,2026-06-01 15:03:58,,,0,0,4
9851,TCK-19851,20251020,34,8,1,2025-10-20 01:07:00,,,0,0,4
9852,TCK-19852,20250204,18,6,3,2025-02-04 11:27:02,,,0,0,3
9853,TCK-19853,20250306,43,1,3,2025-03-06 16:28:13,2025-03-07 00:28:49,8.01,1,1,4
9854,TCK-19854,20250226,47,1,3,2025-02-26 11:49:52,2025-02-26 19:16:16,7.44,1,1,4
9855,TCK-19855,20250727,2,7,2,2025-07-27 04:18:45,2025-07-28 03:46:21,23.46,1,0,4
9856,TCK-19856,20250214,15,1,3,2025-02-14 17:32:51,2025-02-14 23:40:39,6.13,1,1,3
9857,TCK-19857,20260623,39,5,3,2026-06-23 06:48:30,,,0,0,4
9858,TCK-19858,20250221,27,6,3,2025-02-21 16:39:48,,,0,0,3
9859,TCK-19859,20260211,43,4,3,2026-02-11 10:18:59,2026-02-12 04:44:47,18.43,1,1,
9860,TCK-19860,20260727,3,2,3,2026-07-27 08:56:12,2026-07-28 23:19:36,38.39,1,1,2
9861,TCK-19861,20250912,41,7,3,2025-09-12 11:33:31,2025-09-12 18:31:07,6.96,1,1,4
9862,TCK-19862,20250120,13,3,2,2025-01-20 00:39:48,,,0,0,4
9863,TCK-19863,20251001,16,5,1,2025-10-01 09:39:36,2025-10-02 02:26:24,16.78,1,1,3
9864,TCK-19864,20260408,8,5,1,2026-04-08 14:18:39,2026-04-09 12:34:15,22.26,1,1,5
9865,TCK-19865,20250224,15,3,2,2025-02-24 10:50:33,2025-02-25 17:20:33,30.5,1,0,3
9866,TCK-19866,20260301,12,6,1,2026-03-01 21:17:00,2026-03-02 09:10:24,11.89,1,1,4
9867,TCK-19867,20260715,21,8,2,2026-07-15 20:49:25,,,0,0,3
9868,TCK-19868,20260310,2,5,1,2026-03-10 14:12:33,2026-03-11 16:21:33,26.15,1,0,
9869,TCK-19869,20250717,29,8,3,2025-07-17 12:10:48,,,0,0,3
9870,TCK-19870,20260625,21,5,2,2026-06-25 09:57:35,2026-06-26 03:38:59,17.69,1,1,5
9871,TCK-19871,20251010,16,2,2,2025-10-10 22:48:31,2025-10-12 01:48:31,27.0,1,1,5
9872,TCK-19872,20260103,7,5,1,2026-01-03 00:43:36,2026-01-04 02:30:24,25.78,1,0,3
9873,TCK-19873,20250210,41,1,1,2025-02-10 04:41:49,2025-02-11 01:10:37,20.48,1,1,3
9874,TCK-19874,20250822,36,7,1,2025-08-22 00:14:54,2025-08-23 07:11:18,30.94,1,0,3
9875,TCK-19875,20250920,35,4,1,2025-09-20 01:52:03,2025-09-20 15:44:15,13.87,1,1,5
9876,TCK-19876,20250810,44,4,1,2025-08-10 05:50:54,,,0,0,5
9877,TCK-19877,20250222,41,2,1,2025-02-22 21:56:11,2025-02-23 06:05:11,8.15,1,1,5
9878,TCK-19878,20251211,17,4,3,2025-12-11 06:47:19,2025-12-12 10:13:43,27.44,1,1,5
9879,TCK-19879,20260629,40,2,1,2026-06-29 07:07:02,,,0,0,4
9880,TCK-19880,20260409,50,6,1,2026-04-09 00:12:16,2026-04-10 14:25:28,38.22,1,1,
9881,TCK-19881,20250228,50,5,2,2025-02-28 22:19:13,2025-03-02 18:21:37,44.04,1,0,4
9882,TCK-19882,20250206,48,6,2,2025-02-06 10:48:40,2025-02-07 16:10:52,29.37,1,1,4
9883,TCK-19883,20251120,17,7,2,2025-11-20 04:25:18,2025-11-21 06:01:54,25.61,1,0,4
9884,TCK-19884,20251007,16,2,3,2025-10-07 03:39:06,2025-10-08 07:03:06,27.4,1,1,5
9885,TCK-19885,20251211,32,4,2,2025-12-11 07:44:04,,,0,0,5
9886,TCK-19886,20260215,11,2,1,2026-02-15 04:14:40,2026-02-15 05:44:04,1.49,1,1,
9887,TCK-19887,20250907,38,7,1,2025-09-07 00:00:08,2025-09-07 09:28:56,9.48,1,0,3
9888,TCK-19888,20251123,47,4,3,2025-11-23 22:33:02,2025-11-24 04:51:02,6.3,1,1,
9889,TCK-19889,20250314,20,8,2,2025-03-14 23:05:29,2025-03-15 10:48:41,11.72,1,1,4
9890,TCK-19890,20260324,26,5,2,2026-03-24 05:39:32,2026-03-24 12:59:20,7.33,1,1,3
9891,TCK-19891,20251009,41,6,3,2025-10-09 06:17:40,2025-10-10 04:17:40,22.0,1,1,4
9892,TCK-19892,20250324,11,7,1,2025-03-24 19:13:01,2025-03-25 09:25:37,14.21,1,0,
9893,TCK-19893,20260627,39,8,1,2026-06-27 02:03:59,2026-06-28 15:57:59,37.9,1,1,4
9894,TCK-19894,20251121,27,5,2,2025-11-21 04:19:40,,,0,0,4
9895,TCK-19895,20251110,4,5,1,2025-11-10 01:24:55,2025-11-10 22:47:43,21.38,1,1,3
9896,TCK-19896,20250115,6,7,3,2025-01-15 06:23:10,2025-01-15 11:05:10,4.7,1,1,4
9897,TCK-19897,20260812,40,5,2,2026-08-12 10:52:33,2026-08-12 19:46:33,8.9,1,1,5
9898,TCK-19898,20260622,2,2,1,2026-06-22 06:32:36,,,0,0,
9899,TCK-19899,20251001,13,2,2,2025-10-01 15:00:56,2025-10-02 07:02:44,16.03,1,1,4
9900,TCK-19900,20260612,16,2,3,2026-06-12 08:08:39,2026-06-12 15:41:03,7.54,1,1,3
9901,TCK-19901,20260221,43,2,2,2026-02-21 20:46:05,2026-02-22 19:21:29,22.59,1,1,5
9902,TCK-19902,20251029,3,2,1,2025-10-29 21:57:38,2025-10-31 03:31:50,29.57,1,1,4
9903,TCK-19903,20250923,27,6,3,2025-09-23 21:38:03,2025-09-24 05:24:51,7.78,1,1,3
9904,TCK-19904,20250412,12,1,2,2025-04-12 02:26:45,2025-04-12 16:12:21,13.76,1,1,5
9905,TCK-19905,20250824,7,4,1,2025-08-24 19:13:14,2025-08-25 18:19:14,23.1,1,1,5
9906,TCK-19906,20260630,41,5,2,2026-06-30 18:38:59,2026-07-02 03:53:23,33.24,1,0,3
9907,TCK-19907,20250725,22,5,3,2025-07-25 03:54:08,2025-07-25 18:44:32,14.84,1,1,
9908,TCK-19908,20250420,49,6,3,2025-04-20 21:26:18,,,0,0,2
9909,TCK-19909,20251018,2,8,3,2025-10-18 13:44:49,2025-10-18 22:37:37,8.88,1,1,
9910,TCK-19910,20251010,50,1,1,2025-10-10 18:05:12,2025-10-12 04:48:24,34.72,1,0,4
9911,TCK-19911,20250423,9,3,2,2025-04-23 12:52:15,2025-04-23 15:45:03,2.88,1,1,
9912,TCK-19912,20251225,15,8,2,2025-12-25 10:41:06,,,0,0,4
9913,TCK-19913,20250414,2,4,3,2025-04-14 12:51:39,2025-04-15 07:18:39,18.45,1,1,2
9914,TCK-19914,20250616,42,7,2,2025-06-16 09:40:15,2025-06-16 16:13:51,6.56,1,1,
9915,TCK-19915,20250412,37,3,2,2025-04-12 01:50:56,2025-04-12 21:48:32,19.96,1,0,5
9916,TCK-19916,20260604,10,5,3,2026-06-04 19:53:01,2026-06-05 02:44:01,6.85,1,1,5
9917,TCK-19917,20250304,14,7,2,2025-03-04 08:17:46,2025-03-05 05:18:58,21.02,1,0,4
9918,TCK-19918,20250407,42,8,2,2025-04-07 10:28:24,2025-04-07 17:08:00,6.66,1,1,4
9919,TCK-19919,20260717,44,2,1,2026-07-17 00:01:09,2026-07-17 16:36:33,16.59,1,1,
9920,TCK-19920,20260603,1,2,1,2026-06-03 05:46:41,2026-06-04 06:42:29,24.93,1,1,4
9921,TCK-19921,20251021,40,7,2,2025-10-21 14:00:11,2025-10-22 03:43:59,13.73,1,0,4
9922,TCK-19922,20251208,47,6,3,2025-12-08 13:29:44,2025-12-09 10:30:20,21.01,1,1,4
9923,TCK-19923,20260116,49,7,3,2026-01-16 14:17:50,2026-01-17 06:32:50,16.25,1,0,5
9924,TCK-19924,20250218,49,3,2,2025-02-18 17:49:57,,,0,0,5
9925,TCK-19925,20250212,34,7,2,2025-02-12 21:36:09,2025-02-13 12:06:45,14.51,1,0,4
9926,TCK-19926,20260403,31,8,3,2026-04-03 04:59:39,2026-04-04 09:47:39,28.8,1,1,3
9927,TCK-19927,20260508,45,4,3,2026-05-08 09:26:34,2026-05-09 07:42:46,22.27,1,1,5
9928,TCK-19928,20260107,3,5,3,2026-01-07 10:13:31,2026-01-07 13:26:07,3.21,1,1,4
9929,TCK-19929,20250101,20,2,1,2025-01-01 07:44:59,2025-01-02 10:55:47,27.18,1,1,4
9930,TCK-19930,20260203,4,2,2,2026-02-03 02:15:41,2026-02-04 09:55:53,31.67,1,1,5
9931,TCK-19931,20250707,49,1,1,2025-07-07 16:33:40,2025-07-08 06:36:04,14.04,1,1,2
9932,TCK-19932,20251025,4,1,2,2025-10-25 15:38:19,2025-10-26 03:33:31,11.92,1,1,
9933,TCK-19933,20250821,10,7,1,2025-08-21 13:23:10,2025-08-22 13:11:46,23.81,1,0,5
9934,TCK-19934,20260405,21,6,2,2026-04-05 08:57:18,2026-04-05 16:36:54,7.66,1,1,4
9935,TCK-19935,20260523,15,5,1,2026-05-23 14:11:01,2026-05-24 09:29:37,19.31,1,1,5
9936,TCK-19936,20260114,15,4,1,2026-01-14 03:36:17,2026-01-14 07:53:05,4.28,1,1,4
9937,TCK-19937,20251225,40,2,1,2025-12-25 00:15:43,,,0,0,4
9938,TCK-19938,20260614,23,7,2,2026-06-14 20:46:04,2026-06-15 21:26:16,24.67,1,0,4
9939,TCK-19939,20250704,30,7,2,2025-07-04 03:27:10,2025-07-04 21:22:22,17.92,1,0,3
9940,TCK-19940,20260414,20,5,1,2026-04-14 10:35:22,2026-04-15 01:35:22,15.0,1,1,3
9941,TCK-19941,20260423,43,1,2,2026-04-23 04:26:41,2026-04-23 22:14:41,17.8,1,1,5
9942,TCK-19942,20250323,46,5,2,2025-03-23 10:37:25,2025-03-23 20:45:49,10.14,1,1,4
9943,TCK-19943,20260109,28,2,1,2026-01-09 13:55:41,2026-01-10 10:07:05,20.19,1,1,3
9944,TCK-19944,20250522,50,4,3,2025-05-22 05:24:21,2025-05-22 06:58:33,1.57,1,1,5
9945,TCK-19945,20250517,7,4,1,2025-05-17 19:41:39,,,0,0,
9946,TCK-19946,20250110,16,6,1,2025-01-10 21:01:21,,,0,0,4
9947,TCK-19947,20250528,23,7,3,2025-05-28 06:59:18,2025-05-29 10:15:30,27.27,1,0,4
9948,TCK-19948,20260614,40,8,2,2026-06-14 02:26:52,2026-06-14 07:23:16,4.94,1,1,4
9949,TCK-19949,20250813,48,3,2,2025-08-13 22:51:07,2025-08-14 21:20:31,22.49,1,0,5
9950,TCK-19950,20260316,18,2,1,2026-03-16 05:22:55,,,0,0,5
9951,TCK-19951,20250128,33,2,1,2025-01-28 21:38:17,2025-01-28 22:38:17,1.0,1,1,3
9952,TCK-19952,20250131,4,4,2,2025-01-31 18:19:26,2025-02-02 05:47:02,35.46,1,1,4
9953,TCK-19953,20260113,30,5,2,2026-01-13 06:14:37,2026-01-13 22:20:01,16.09,1,1,
9954,TCK-19954,20260315,50,8,2,2026-03-15 00:26:52,,,0,0,5
9955,TCK-19955,20260321,17,2,1,2026-03-21 20:22:12,2026-03-22 17:17:24,20.92,1,1,4
9956,TCK-19956,20260808,49,3,3,2026-08-08 11:21:09,2026-08-08 12:59:33,1.64,1,1,5
9957,TCK-19957,20260718,36,2,2,2026-07-18 18:28:40,2026-07-20 05:36:28,35.13,1,1,3
9958,TCK-19958,20260722,13,5,1,2026-07-22 18:45:08,,,0,0,5
9959,TCK-19959,20250116,25,8,2,2025-01-16 17:47:48,,,0,0,4
9960,TCK-19960,20260630,10,3,1,2026-06-30 20:48:12,2026-06-30 23:32:36,2.74,1,1,2
9961,TCK-19961,20260319,25,8,2,2026-03-19 15:13:41,2026-03-20 16:28:41,25.25,1,1,3
9962,TCK-19962,20260421,18,8,1,2026-04-21 19:51:24,,,0,0,4
9963,TCK-19963,20260105,26,1,2,2026-01-05 03:23:57,2026-01-06 03:02:57,23.65,1,1,
9964,TCK-19964,20260224,34,4,2,2026-02-24 00:27:30,,,0,0,4
9965,TCK-19965,20260303,49,5,3,2026-03-03 08:05:07,2026-03-03 10:08:43,2.06,1,1,5
9966,TCK-19966,20250107,31,3,3,2025-01-07 00:41:24,2025-01-07 20:11:24,19.5,1,0,4
9967,TCK-19967,20251121,19,1,1,2025-11-21 00:28:24,2025-11-21 09:37:24,9.15,1,1,4
9968,TCK-19968,20251216,38,2,2,2025-12-16 03:40:54,2025-12-16 20:58:18,17.29,1,1,
9969,TCK-19969,20250119,11,8,1,2025-01-19 13:58:14,,,0,0,5
9970,TCK-19970,20251110,15,4,1,2025-11-10 16:27:12,2025-11-12 04:43:24,36.27,1,0,5
9971,TCK-19971,20260308,36,2,1,2026-03-08 15:40:19,2026-03-09 04:40:55,13.01,1,1,4
9972,TCK-19972,20250109,40,6,3,2025-01-09 14:04:15,,,0,0,4
9973,TCK-19973,20250401,25,6,3,2025-04-01 13:52:55,2025-04-01 18:33:07,4.67,1,1,2
9974,TCK-19974,20250811,33,4,3,2025-08-11 23:14:44,2025-08-12 17:20:08,18.09,1,1,4
9975,TCK-19975,20251123,34,2,3,2025-11-23 16:07:54,,,0,0,3
9976,TCK-19976,20260419,15,7,2,2026-04-19 19:24:01,2026-04-20 13:38:25,18.24,1,0,4
9977,TCK-19977,20250206,37,1,2,2025-02-06 06:13:10,2025-02-06 12:13:46,6.01,1,1,2
9978,TCK-19978,20251207,43,2,1,2025-12-07 20:06:49,2025-12-08 02:14:37,6.13,1,1,4
9979,TCK-19979,20250504,43,7,2,2025-05-04 07:36:01,,,0,0,4
9980,TCK-19980,20251010,10,6,2,2025-10-10 01:07:55,2025-10-10 16:25:19,15.29,1,1,4
9981,TCK-19981,20250515,6,5,1,2025-05-15 11:32:34,2025-05-16 06:37:22,19.08,1,1,5
9982,TCK-19982,20251001,17,3,3,2025-10-01 23:23:09,2025-10-02 04:38:45,5.26,1,1,5
9983,TCK-19983,20250220,35,6,2,2025-02-20 20:23:43,2025-02-22 01:03:19,28.66,1,1,3
9984,TCK-19984,20260118,33,2,2,2026-01-18 00:20:08,2026-01-18 09:00:56,8.68,1,1,4
9985,TCK-19985,20260403,15,1,2,2026-04-03 04:03:33,,,0,0,
9986,TCK-19986,20260203,17,6,2,2026-02-03 10:41:52,2026-02-04 13:11:52,26.5,1,1,5
9987,TCK-19987,20260209,48,5,2,2026-02-09 16:02:10,2026-02-10 12:29:46,20.46,1,1,
9988,TCK-19988,20260325,27,1,1,2026-03-25 23:08:48,2026-03-27 07:21:24,32.21,1,0,4
9989,TCK-19989,20250430,34,1,1,2025-04-30 09:20:39,2025-04-30 16:41:03,7.34,1,1,3
9990,TCK-19990,20260719,48,3,2,2026-07-19 22:05:18,2026-07-20 15:38:54,17.56,1,0,4
9991,TCK-19991,20260228,50,5,3,2026-02-28 08:40:54,2026-03-01 00:18:06,15.62,1,1,5
9992,TCK-19992,20260303,3,8,3,2026-03-03 22:19:36,2026-03-04 15:49:36,17.5,1,1,
9993,TCK-19993,20260603,43,1,3,2026-06-03 00:31:15,2026-06-04 11:39:39,35.14,1,0,3
9994,TCK-19994,20250524,19,5,3,2025-05-24 18:50:43,,,0,0,5
9995,TCK-19995,20260524,38,5,3,2026-05-24 16:14:52,2026-05-24 22:46:40,6.53,1,1,3
9996,TCK-19996,20250126,9,8,1,2025-01-26 05:46:46,2025-01-27 02:55:46,21.15,1,1,4
9997,TCK-19997,20250116,34,3,2,2025-01-16 19:07:05,,,0,0,5
9998,TCK-19998,20250728,32,4,2,2025-07-28 11:54:54,2025-07-28 18:56:42,7.03,1,1,4
9999,TCK-19999,20251214,42,5,3,2025-12-14 10:26:35,2025-12-15 00:34:59,14.14,1,1,5
10000,TCK-20000,20260712,13,5,1,2026-07-12 15:20:13,2026-07-13 09:56:13,18.6,1,1,4
